id,price_doc
30474,5554543.3004223425
30475,8852262.054017523
30476,5234450.618312578
30477,6304053.759394463
30478,5298789.757517633
30479,8437588.683834128
30480,4523469.097122899
30481,4439501.415018647
30482,4670398.919798661
30483,4907125.860519724
30484,6948876.425171495
30485,5268214.547826419
30486,4268759.3420010405
30487,3947883.913895503
30488,6503812.536165813
30489,6409574.453324742
30490,22712520.050617456
30491,18658514.525996722
30492,5726792.947993582
30493,15041502.014288396
30494,7410486.453647844
30495,9283842.592859114
30496,7912470.931681329
30497,8232448.901378095
30498,4438011.463140061
30499,7117168.350334918
30500,12106416.085919077
30501,6589100.2341008065
30502,3180525.1548856064
30503,5903226.738417031
30504,5563150.728359861
30505,12087967.025622724
30506,3039787.321091124
30507,5264114.447909337
30508,5508909.6360194795
30509,7152220.640653283
30510,9760824.57078762
30511,6009261.085116211
30512,5958167.28974147
30513,4522876.692485789
30514,3786414.5575722493
30515,10106769.54839386
30516,6164780.8539196225
30517,11311959.899797147
30518,7242046.16049214
30519,4457608.654426195
30520,7124785.217501497
30521,5731571.955402622
30522,7448998.582862968
30523,6217272.633366552
30524,9266534.711692471
30525,9919141.806806814
30526,5174532.478734302
30527,5289544.550639198
30528,6244848.63673143
30529,6360626.456160947
30530,6051053.515173315
30531,15212370.339005288
30532,4863100.87949575
30533,9848034.433444498
30534,7522967.792624857
30535,9910168.586090613
30536,5836927.401911885
30537,10492252.386043236
30538,5505997.96359198
30539,9845543.120931229
30540,10311298.001269888
30541,6651737.403611721
30542,2229283.5386593053
30543,5635505.108813282
30544,6380972.466588673
30545,8179549.153438634
30546,4399690.48119175
30547,9902919.510313563
30548,4750016.257415355
30549,5317502.521946834
30550,11487243.67073933
30551,5394346.545779086
30552,2124455.8003801517
30553,7942517.205993529
30554,10523921.885196475
30555,6417695.931499909
30556,8396801.825187745
30557,7244082.4407016635
30558,9230805.945342112
30559,6072792.481884491
30560,5709387.692158259
30561,6715222.325973775
30562,12844359.38507836
30563,4363828.332664786
30564,7145953.136907969
30565,6822435.837768394
30566,7322231.961922995
30567,2235561.382968493
30568,8680706.620481955
30569,9490612.178773776
30570,6587195.048026938
30571,7656304.198626708
30572,5330983.545138275
30573,7099356.556348142
30574,5832574.737625316
30575,7294460.49807614
30576,4468836.700623276
30577,4227848.214587679
30578,3193815.3721618913
30579,6987462.443376446
30580,4441768.048552864
30581,5240089.729234446
30582,11281998.1299281
30583,7558798.15832974
30584,4505686.057713135
30585,3442135.4818346407
30586,9552499.039705858
30587,6141731.7967975745
30588,7352948.945143098
30589,7817384.549921348
30590,12326238.079414515
30591,5151890.460290694
30592,6397538.974203698
30593,4847507.724413431
30594,8008338.161890535
30595,5559544.435145316
30596,7667589.7685956815
30597,7101321.519939218
30598,10015562.928389713
30599,11154736.646588666
30600,5040993.693972863
30601,6191978.957332109
30602,2064789.4924124463
30603,13410227.745695043
30604,4613908.828133649
30605,7205861.332181434
30606,22513590.32588525
30607,6124603.976513123
30608,9370552.169971388
30609,6502860.227436996
30610,3045460.7716005873
30611,5591104.465047085
30612,6864209.848559425
30613,8488912.031415012
30614,18576356.66832924
30615,7481717.092297508
30616,5718527.197923106
30617,8476933.689731808
30618,4941412.698937241
30619,4208648.31243179
30620,2942413.953245533
30621,8938046.750992486
30622,8250446.593607081
30623,5506851.756119489
30624,6904536.651554734
30625,7763722.371391336
30626,6486204.965569347
30627,6324830.510760823
30628,6947202.597609976
30629,5120847.612533352
30630,4274924.5699050035
30631,6576930.470392297
30632,4304230.0043382775
30633,5905215.9301580265
30634,9992979.30778257
30635,10133713.320560636
30636,5123596.830691426
30637,10305113.275590207
30638,6061159.758955127
30639,7779762.18644825
30640,4877764.963147848
30641,7940677.209482292
30642,6621623.920049639
30643,7236564.356421241
30644,10000802.148052322
30645,5136270.929715698
30646,5301577.062194681
30647,5212914.836297848
30648,22842112.003400072
30649,2711656.0022081765
30650,4828009.519547597
30651,3136244.300765755
30652,4717043.600391033
30653,7621503.829513134
30654,4998566.645411719
30655,11934228.680818887
30656,4072494.2107700794
30657,5774796.288874179
30658,10300696.105406595
30659,5205967.167038922
30660,8094355.6300735595
30661,7017978.959567929
30662,9160696.816978812
30663,15347720.32041654
30664,13012527.220930444
30665,6574508.482001291
30666,2811398.8372667823
30667,4713279.597479077
30668,9299332.454375511
30669,5201493.894686226
30670,2564067.877636091
30671,7192579.873257669
30672,14339464.046830222
30673,9121359.735085538
30674,10940611.876629993
30675,2191972.421365538
30676,6609557.420640518
30677,4318790.881138509
30678,17420926.419936795
30679,5111118.749606026
30680,5208833.650745569
30681,2465521.262911983
30682,8485245.976605972
30683,10615586.05226575
30684,4634041.57091111
30685,5987669.360685121
30686,9824574.546488337
30687,5233010.234089811
30688,4981276.071926653
30689,13517427.024547582
30690,23003694.10223784
30691,4586465.110829954
30692,6256689.38769328
30693,10548761.464490814
30694,5129204.930560791
30695,6984522.369939867
30696,7111086.369419923
30697,12056061.71578681
30698,6454289.0426604785
30699,5400145.912601281
30700,5294500.570615645
30701,9999360.688936291
30702,5896688.231416801
30703,4068356.4306446
30704,11752253.22522242
30705,8296535.15781885
30706,24146072.03904769
30707,3698512.2859522225
30708,14421143.327158866
30709,6639639.245862343
30710,6820107.859473538
30711,5149831.648302793
30712,4255883.394936036
30713,5574150.426967769
30714,6876279.040235232
30715,4352154.672666317
30716,10453008.951690482
30717,6220290.087962242
30718,9049477.414442865
30719,15908332.917419331
30720,6235081.62906698
30721,4687313.598783014
30722,7876577.274424404
30723,7217689.851363325
30724,13347625.245994702
30725,6538594.882653404
30726,11492977.664844358
30727,10422360.258582715
30728,12416173.072198883
30729,3424572.2433330943
30730,5963403.750473162
30731,6478542.07193033
30732,4969220.073575967
30733,9146255.631771922
30734,7343177.2195365
30735,5972702.013577298
30736,6122584.459819585
30737,6637076.396760205
30738,5767333.580398474
30739,4342932.131147245
30740,7352031.408976638
30741,12152440.309172513
30742,4423632.665240778
30743,5310517.915812733
30744,10574663.46773045
30745,7038955.048920474
30746,5999376.601849188
30747,17195842.72544191
30748,16764013.070723187
30749,5355822.984327865
30750,6913995.341914722
30751,3481548.729856461
30752,8074829.465873785
30753,10450348.92869781
30754,5045753.87012096
30755,4186236.3832977526
30756,6876794.204768524
30757,5261889.647831745
30758,8881387.935878927
30759,6469094.907748726
30760,4127834.0094948774
30761,9447030.423278613
30762,7015284.545349037
30763,12386814.806829384
30764,6571804.811888184
30765,5915175.900379205
30766,4003894.7640865766
30767,9705567.702063737
30768,4760396.176473082
30769,6699731.10050061
30770,6581115.783921682
30771,2965053.1423934433
30772,8276184.961229092
30773,8063150.026513856
30774,5588549.285995027
30775,10658823.626675433
30776,5187990.6930575315
30777,6434920.667382565
30778,9018517.658706032
30779,6665348.3192331875
30780,7842077.738598982
30781,7155702.912429106
30782,4977797.185293067
30783,5666716.076552308
30784,3946688.6337788324
30785,4854165.188372783
30786,4549250.514847604
30787,6376586.989586712
30788,5740403.1117932135
30789,6970959.978364485
30790,6480944.274337862
30791,11076234.0779505
30792,7507424.128318422
30793,10820364.171769444
30794,13664723.926586566
30795,10998944.254846547
30796,10177168.13797284
30797,16225146.504398435
30798,3054594.78748746
30799,10077286.148111522
30800,12462294.828802524
30801,6457021.430549422
30802,18382578.40990636
30803,3321923.073964475
30804,3925050.646665678
30805,14518972.350686368
30806,7378124.303943349
30807,5845535.996291305
30808,10677154.338478984
30809,5322056.084156826
30810,10350156.632768946
30811,4380988.983435248
30812,5057355.0978155015
30813,4568062.468852884
30814,2905031.163245365
30815,4091349.412235186
30816,8056859.065907298
30817,2092972.711440461
30818,7399988.198757192
30819,7858839.950750245
30820,4833543.017313978
30821,20846567.34586191
30822,8792222.703914352
30823,6590022.689010688
30824,3726460.3181461943
30825,4985196.66055154
30826,9056297.873946315
30827,5323320.47547343
30828,5933585.847431015
30829,5711348.556394865
30830,10159398.444206648
30831,6528220.829793541
30832,5500288.777520699
30833,5130282.004980766
30834,4306188.803112356
30835,6804289.110734171
30836,6890387.233065416
30837,5277703.844186424
30838,4001250.3081357693
30839,5872920.23993132
30840,12215781.87548036
30841,10710211.37833658
30842,7382848.061352213
30843,5134606.042945086
30844,7691466.902692491
30845,9877292.897720162
30846,4668760.915978522
30847,5724448.572599874
30848,8999303.38298502
30849,4800005.180476416
30850,4229665.642782156
30851,5367132.122632046
30852,6975387.311220945
30853,3764956.076543623
30854,5493429.747043239
30855,7644531.98966956
30856,8315751.252285687
30857,2459204.956445292
30858,4643977.169412879
30859,6076441.068546322
30860,5845005.451691725
30861,8803721.351632508
30862,7014814.823992393
30863,5210454.496496832
30864,6028180.6412793705
30865,10676557.876343612
30866,6770789.622470935
30867,6062785.087641938
30868,8044605.927023922
30869,5285437.369075365
30870,4679026.160385436
30871,7843000.223036132
30872,5184305.477289742
30873,4261252.153234832
30874,4562100.9175023995
30875,6544987.361448258
30876,5340381.191718976
30877,9339474.302556036
30878,6082242.99149014
30879,10797333.913362116
30880,6559582.0892234165
30881,2105596.3275489775
30882,10471975.861160025
30883,3243907.435121907
30884,6125263.248401782
30885,5139285.8990092045
30886,7813037.691204417
30887,5583026.271253136
30888,4252331.734908126
30889,5091441.119859067
30890,6952284.381458029
30891,4033849.306795377
30892,4063548.7547787093
30893,4614969.336895899
30894,5378095.02016425
30895,4596653.016691204
30896,6454960.193268508
30897,7872739.761724307
30898,7439698.696867079
30899,7274954.411412451
30900,3409904.383566162
30901,6261804.491418289
30902,2206249.4792127577
30903,7084061.036359208
30904,7815835.2415401675
30905,6087876.437710432
30906,5422951.931165665
30907,12268567.962218009
30908,4451373.78943417
30909,13743283.566254875
30910,7953272.224590884
30911,4360502.16028756
30912,6792165.623037772
30913,15120798.175469419
30914,5772011.391868673
30915,7510431.385616268
30916,6211285.63249278
30917,8695012.558306005
30918,6780785.171321644
30919,4215229.351650402
30920,4943426.4540303955
30921,4152647.6987173636
30922,5688708.049298641
30923,3911558.0009873626
30924,5294708.053316213
30925,16221173.496000525
30926,6868803.792858786
30927,7500754.222621089
30928,5062126.172983499
30929,5305227.372851883
30930,9662707.290505888
30931,11817479.676030207
30932,4613916.587721743
30933,4778856.388065039
30934,14047840.984123902
30935,7370529.738557846
30936,7312820.246954126
30937,9218422.290106116
30938,3956872.8266906957
30939,9661837.78826753
30940,7339823.657213838
30941,6679975.248711113
30942,3827385.0389272
30943,7157355.4517604485
30944,5401188.457425193
30945,3568142.169239998
30946,14118697.96290644
30947,7114835.033975065
30948,8391071.068858722
30949,6635520.718519916
30950,5618620.713837932
30951,15030110.054470507
30952,7906432.381053329
30953,9919541.678539189
30954,5135505.828798578
30955,6373685.753722682
30956,7584899.29369048
30957,5843482.12089861
30958,26432427.625883933
30959,8457112.15115373
30960,7238693.707349229
30961,7299332.156406433
30962,10539495.02085318
30963,4249525.868686554
30964,4171013.062831331
30965,7387189.588426216
30966,12065944.167293593
30967,12101854.54451982
30968,3548576.8398993653
30969,3668613.601382257
30970,6526292.010315528
30971,11068668.81030285
30972,3672825.5143367667
30973,5142474.68314193
30974,5341560.593581848
30975,7742525.52555616
30976,5387335.449832921
30977,6995170.13824562
30978,7832630.803690845
30979,3689546.5487706624
30980,7935181.540948873
30981,6198395.594423093
30982,7193259.837515974
30983,4275427.490385705
30984,6123438.1025349945
30985,4065000.4657125953
30986,10626686.21496818
30987,8875631.53376931
30988,6540767.059337832
30989,7537486.899948771
30990,13067127.4958586
30991,8521333.539683074
30992,2904667.889420808
30993,7208503.847274186
30994,5103756.38569194
30995,6474253.877027146
30996,6123272.557254359
30997,7350874.597936156
30998,6177180.62876661
30999,6330436.188341302
31000,7560912.089605264
31001,6579683.986623617
31002,9938948.089376356
31003,8010993.174036107
31004,4587923.792356128
31005,3056134.9928648067
31006,7836807.071284337
31007,4924524.988108969
31008,5115492.609596185
31009,6618914.205197866
31010,6448430.3697954975
31011,4516083.29156201
31012,6377309.367745542
31013,7651765.288584559
31014,11491399.642570581
31015,7044852.629416064
31016,4491024.243360078
31017,9670045.782521544
31018,5423362.748065537
31019,4648954.788942687
31020,7480703.521465516
31021,13269396.348299017
31022,25380857.74608692
31023,10323446.541301282
31024,4573713.958752522
31025,6374508.079027347
31026,6318856.110469768
31027,4763461.389256954
31028,4202699.844830606
31029,8266864.088341655
31030,7174680.191845519
31031,10099638.317885822
31032,9828474.569350198
31033,8244938.966387054
31034,7393012.299745448
31035,10990485.27615902
31036,6184862.788987745
31037,24849838.546537254
31038,4529632.8076640405
31039,8440369.407688478
31040,5539030.508082195
31041,4463704.00398224
31042,3547713.200459678
31043,6162337.62078412
31044,8186023.730201852
31045,7173905.092096588
31046,15021959.236613149
31047,8071775.853173512
31048,6073716.776354995
31049,5692416.286988778
31050,7502896.059162154
31051,6620109.822773307
31052,4276132.429991528
31053,17676638.301402967
31054,6336481.378412903
31055,5447998.6781458305
31056,13534311.302424712
31057,5252021.996972386
31058,7714586.3496000385
31059,3128871.5009817844
31060,7553427.350597948
31061,6625950.320769297
31062,6635920.865875704
31063,3839862.931458048
31064,5433271.2098503
31065,10194615.541088175
31066,4692434.764767612
31067,8302761.5485587455
31068,4368024.06494943
31069,4977514.5218297895
31070,5075183.210324867
31071,3710405.2494417527
31072,7972128.879365324
31073,2111794.9321787525
31074,6992675.112526129
31075,4629257.171643488
31076,6616900.985418788
31077,6089405.423309071
31078,4623252.711414612
31079,5591777.806510807
31080,7145333.916594868
31081,2938953.0121437316
31082,10491075.617728632
31083,5378030.093764381
31084,9662513.421787955
31085,12960849.225274352
31086,4013698.465332369
31087,4932590.814415498
31088,6976950.9026387725
31089,6827670.76020102
31090,37287308.14040617
31091,3059349.994281385
31092,7449355.744276131
31093,6649314.862839349
31094,5875889.620807505
31095,5119916.666958943
31096,18269051.0909644
31097,10673471.053648837
31098,10566171.750118485
31099,17630541.40237331
31100,4891088.785387174
31101,4149015.544040369
31102,6453049.4396640705
31103,10372879.709486816
31104,4957381.499294425
31105,8329676.717871782
31106,4642963.645814716
31107,7431684.620617498
31108,6376040.41176269
31109,5829964.857379733
31110,9566812.867897367
31111,9825850.988055969
31112,5623410.528343909
31113,3691063.718762429
31114,4806649.962561926
31115,5821819.528451808
31116,6222204.502439658
31117,6236581.217031382
31118,4258616.997811589
31119,3438070.507386154
31120,5207670.2858036505
31121,5723954.089586112
31122,5887785.376327711
31123,5254531.987204772
31124,5464940.402597761
31125,13484611.818123681
31126,19209208.22328007
31127,5724835.753871996
31128,5967744.909790891
31129,5868820.291006082
31130,13215231.712831846
31131,7700559.723961236
31132,8663284.763090374
31133,10327701.996386679
31134,6598287.752243509
31135,9068654.761648012
31136,10405322.19513279
31137,4961189.762064891
31138,7180064.943950751
31139,4291511.155188919
31140,7425092.968063528
31141,5606750.025012925
31142,9890776.893565837
31143,5391581.351761595
31144,4164824.933961865
31145,6032034.448543296
31146,5301045.099430845
31147,11223811.140507247
31148,6580594.767820295
31149,2273787.761052436
31150,9069941.712925447
31151,4464393.686954898
31152,8365186.5734161055
31153,5544168.347959733
31154,15519987.5586578
31155,5730432.998109212
31156,7806610.074150681
31157,4381056.802759181
31158,8565004.109401992
31159,6235843.585558874
31160,5639481.550953492
31161,3621398.105469203
31162,4965855.647365624
31163,5915609.9665949335
31164,6293890.482541025
31165,6556454.108518591
31166,5888628.718507747
31167,6947814.662046025
31168,10741362.799400084
31169,7628369.744026444
31170,5594989.307387966
31171,11343669.871043008
31172,5658605.980464149
31173,10119084.593333913
31174,7719223.297545308
31175,18102656.683761835
31176,5230986.923489589
31177,9100668.624545876
31178,4438139.084224503
31179,4618994.870101395
31180,4288871.96114724
31181,8312884.897692909
31182,7103256.978575861
31183,8928048.071248889
31184,5315575.270326414
31185,4648577.003009282
31186,8622801.672721863
31187,3680208.8376203813
31188,5282642.229409705
31189,5383151.77962535
31190,7275687.740864523
31191,13396680.031158103
31192,4251450.15336336
31193,5745839.113892366
31194,10016517.018142752
31195,7128770.661412554
31196,5126407.697520978
31197,15622599.085808301
31198,5710800.689857767
31199,7320468.861437018
31200,11549399.470415534
31201,4388460.238299657
31202,4161659.8523253044
31203,6727386.576323887
31204,3931371.6511142342
31205,8447973.480826247
31206,5720422.125025651
31207,4371981.0122509245
31208,5024912.469405181
31209,4508777.901246702
31210,6025364.699804229
31211,7355634.463153409
31212,5367361.634962555
31213,11019976.35685964
31214,7701058.139505864
31215,5228121.0556535395
31216,6201295.09092826
31217,7665256.180316398
31218,8682481.851902049
31219,3931949.518396018
31220,6907007.55684683
31221,4220195.269433327
31222,6748567.39118945
31223,10268095.105823878
31224,7080857.3703716
31225,12105417.912922988
31226,6333277.985845748
31227,10176802.631345022
31228,9030744.355341176
31229,4124846.4029005715
31230,5590458.044675901
31231,4650294.758143394
31232,7663690.135219149
31233,7069611.549307627
31234,6702651.731459445
31235,5878201.986427732
31236,6704669.304254529
31237,10753612.629472218
31238,7295130.588261553
31239,11911001.30245289
31240,6743661.012552202
31241,7097024.368526678
31242,7781132.153551789
31243,4079700.8534075227
31244,7749595.864310277
31245,8149440.9423788935
31246,9603721.279031742
31247,5965653.901989815
31248,6534285.156259573
31249,10569864.313167969
31250,5803212.982012057
31251,7613408.820373207
31252,6639372.644457379
31253,8122289.925943026
31254,5756036.953551298
31255,12524221.335772447
31256,6531311.199747672
31257,5422486.574364636
31258,9215712.203978572
31259,10992801.619554281
31260,7148504.267460969
31261,21769761.50142341
31262,6182609.763906363
31263,6602406.091098803
31264,4413385.528794789
31265,9751815.670226475
31266,6746078.973991602
31267,4393967.097484184
31268,4569405.927509018
31269,7143980.814785585
31270,4585271.925349008
31271,5723841.6069721505
31272,16709668.685858954
31273,7196797.568291413
31274,5702273.655483479
31275,5812974.434351275
31276,5619664.598756028
31277,5040327.418777496
31278,14840685.257328184
31279,14732160.054486366
31280,7207930.1432478
31281,7489698.419087175
31282,13230513.09119469
31283,6680882.934205796
31284,4188285.2066168366
31285,5631377.368780752
31286,7957308.653047132
31287,10794323.726213042
31288,4591926.285555053
31289,7992327.360903423
31290,6068651.006212956
31291,6033841.0285385465
31292,4091154.7525170743
31293,7696223.72845607
31294,4291864.211920251
31295,20892273.150791824
31296,10086457.197708147
31297,7093658.441671085
31298,3809649.156372987
31299,10579156.606255677
31300,7033064.41923995
31301,7074642.14367934
31302,5285322.627372796
31303,7401084.246784841
31304,7496217.038205841
31305,8821235.224993218
31306,3080550.67467742
31307,6625444.921812112
31308,8371864.302955183
31309,8324736.919419425
31310,53750235.74069101
31311,5302236.920514879
31312,5019723.365077497
31313,10966105.452061635
31314,7046613.05959815
31315,10560130.20506819
31316,12802337.972182605
31317,19900207.195261206
31318,8384532.851010226
31319,7460644.4867935395
31320,5847335.205844877
31321,7785219.539779806
31322,6962196.539571998
31323,7983344.688129698
31324,6473001.172534262
31325,5977378.797268848
31326,5368834.016993451
31327,7610863.677896369
31328,13848364.288577886
31329,5827369.053523026
31330,10794388.329867506
31331,9097591.899578316
31332,5474853.183435714
31333,5037573.205812534
31334,4540326.171424885
31335,7410922.502634778
31336,8357077.762931445
31337,7448107.3818188105
31338,4724658.736572776
31339,4535868.740327852
31340,6313269.875557015
31341,10315571.989092655
31342,5061778.417777426
31343,3631813.6064689625
31344,4102523.246483584
31345,5122678.407931691
31346,3910411.3842034675
31347,8631018.85765867
31348,12687196.621498154
31349,11097841.992757821
31350,3660812.8541686484
31351,5660909.038374974
31352,9992093.796667747
31353,4863464.787376171
31354,7915112.641611551
31355,10033804.63583849
31356,4592582.550888278
31357,5438714.942214179
31358,2747170.020835236
31359,6865172.590729265
31360,10759446.441675942
31361,4411877.5319221625
31362,10672086.796210807
31363,5670261.248247548
31364,3426973.797163773
31365,3775537.5644701878
31366,6785062.722668429
31367,9615606.658955205
31368,6038918.2324292725
31369,4868441.646223268
31370,9197084.03006757
31371,9168529.166056596
31372,7231373.162856111
31373,4776165.17925448
31374,6215360.966365692
31375,5931296.46474257
31376,7203240.069127313
31377,8334116.128725596
31378,5621727.989268229
31379,24795866.701655846
31380,4465930.897060205
31381,5348519.531244113
31382,5140248.169220709
31383,7554836.523107576
31384,20420482.81761849
31385,14106620.318826417
31386,9221720.290212667
31387,10481300.189858414
31388,5135133.435194355
31389,4725871.5398682235
31390,7114946.057275789
31391,5545985.684472516
31392,7982635.139233672
31393,8554872.265778132
31394,5219962.821285842
31395,4022621.610046372
31396,8778070.134294558
31397,7283762.365835634
31398,2497847.6323177963
31399,11553005.475804402
31400,4183443.7344770376
31401,11629326.071798908
31402,10825212.379430385
31403,5456564.345200553
31404,4619265.575646386
31405,4311366.028018381
31406,6172577.630664713
31407,3433304.133174081
31408,6444775.942118616
31409,4136338.3725697915
31410,9998580.417062577
31411,7615898.749066869
31412,11357552.014367102
31413,7356222.89910282
31414,4344190.089704404
31415,16565545.441725824
31416,6133045.923393228
31417,4550833.968002573
31418,7503032.56689622
31419,9689225.827354556
31420,10069847.883766567
31421,6519487.479496165
31422,6157183.736718923
31423,7557180.19496168
31424,19028372.524794694
31425,5789004.644909511
31426,4807597.181318288
31427,6335731.010445334
31428,7075978.121519105
31429,13186958.404133875
31430,5145247.774428134
31431,5888376.444984573
31432,5234034.839102755
31433,5972843.481331884
31434,4193426.0699030585
31435,11236104.180688549
31436,9934286.96229227
31437,13608792.711297493
31438,8346190.8943078965
31439,9508422.42788768
31440,6702202.065347044
31441,6531839.208336826
31442,7595380.344095733
31443,12271037.065569993
31444,5787070.130285551
31445,10830397.831356527
31446,12163199.59650437
31447,5999002.217256534
31448,8062273.799083049
31449,8456000.165964385
31450,6557596.996462301
31451,7514926.924057435
31452,12115740.700241666
31453,2931255.2441928466
31454,5406129.644693347
31455,7795920.10217454
31456,5477685.633887915
31457,5280443.947841509
31458,17275916.052665055
31459,7355707.817052992
31460,5514401.324936932
31461,4459320.160588396
31462,3869472.5839218735
31463,5851443.022715739
31464,7749950.6149122575
31465,5223716.445900645
31466,54344669.34165227
31467,3680350.3250068193
31468,13619027.355583744
31469,5332651.072215977
31470,5794168.538475301
31471,14926772.471760519
31472,2801212.8814105224
31473,7484539.479807946
31474,3976838.3361383313
31475,7829539.579960213
31476,23832932.81602722
31477,6816507.151728028
31478,4898359.47634082
31479,5907128.467282285
31480,9322559.795894692
31481,9451573.655555287
31482,10047421.477639237
31483,9167334.169061717
31484,6195979.199619765
31485,3705129.7639593296
31486,2968518.1050303923
31487,4726538.943965179
31488,16143390.38367374
31489,7647482.235258823
31490,4481213.681052908
31491,6009341.65470499
31492,7934758.5878357915
31493,8380391.052842919
31494,5157311.265753166
31495,5432843.75103051
31496,7908927.415768113
31497,4871474.985792874
31498,6248126.325308505
31499,11044655.420620155
31500,10111376.054183127
31501,8954083.899305176
31502,9558126.522134261
31503,5619360.424932916
31504,9006161.175530018
31505,20550695.206610583
31506,7458810.049471092
31507,6454123.001311603
31508,6730553.860650121
31509,5619672.101948998
31510,5795333.858701826
31511,5395308.1028602775
31512,6318532.30634025
31513,18638045.882659707
31514,26457400.0656684
31515,2264569.327303918
31516,15285518.21338351
31517,6160948.438394154
31518,7423736.9701449685
31519,6630311.780197181
31520,6687188.336749206
31521,4476812.482264206
31522,4591728.220656006
31523,6423001.464811468
31524,9278279.460072968
31525,12202538.265529456
31526,6176259.897489063
31527,6890984.50791218
31528,4411361.466333046
31529,5897433.073323214
31530,6665202.891416701
31531,9147028.183158794
31532,6178190.382065607
31533,15046450.231802685
31534,7165035.839450521
31535,9924204.282803273
31536,7269345.9695435995
31537,4586850.193724962
31538,5560558.256842771
31539,3792078.4715829245
31540,9781879.16106998
31541,2959056.942113271
31542,5517623.199150746
31543,3858512.76668121
31544,5467456.573776404
31545,8337389.540188219
31546,13653510.680724481
31547,5911985.476682918
31548,5571659.620331485
31549,5833912.719767588
31550,5168760.249233845
31551,5792188.094504005
31552,6973042.0768390875
31553,6431915.950419185
31554,7214282.244391981
31555,4074706.1514081135
31556,7275574.246000294
31557,6010101.638338399
31558,10746163.67653769
31559,3030704.768739601
31560,7275574.246000294
31561,7133850.2022143155
31562,29406495.352246616
31563,3924964.9107757295
31564,8596420.752823744
31565,9546388.513723226
31566,5848384.494294321
31567,21677250.832911365
31568,5961028.269363331
31569,7540008.5136021925
31570,7222013.139062808
31571,5794927.291994796
31572,3699675.72055904
31573,5610979.340315321
31574,11105744.996133333
31575,6179989.734040522
31576,7111529.772935199
31577,5341029.936490595
31578,8620971.06494277
31579,5923760.983543668
31580,7216572.743500742
31581,5396014.636947982
31582,6200435.022250103
31583,8396627.02653216
31584,4637487.345826015
31585,7605286.102824206
31586,14204711.157148244
31587,15171139.562227547
31588,9327383.583494637
31589,3669742.015054248
31590,5783426.756562934
31591,6739146.133317036
31592,8007271.906766013
31593,7923342.323056069
31594,8133794.003670342
31595,5049583.937823179
31596,3862661.241877437
31597,5685229.899465554
31598,3734398.7102833143
31599,6725832.526257579
31600,6830869.098236633
31601,15266548.31928975
31602,5869150.704966451
31603,13083266.213531226
31604,5013187.446015096
31605,5526149.399667887
31606,6706695.981791829
31607,6881272.810785675
31608,5855190.751987645
31609,5336946.694615837
31610,7838074.558982977
31611,5606852.097009824
31612,5425669.687033757
31613,5168224.993177026
31614,14500297.906205254
31615,10319753.08397761
31616,12257263.47301182
31617,4872386.235141973
31618,7420830.728697584
31619,10097077.800806396
31620,4639794.754952772
31621,6094702.273379537
31622,31879862.619413223
31623,9225501.948357282
31624,5177633.113492849
31625,9666527.013365578
31626,5200277.521409643
31627,7364282.983703704
31628,10670704.48786209
31629,9754297.677658493
31630,4064650.2707361197
31631,6447201.86298265
31632,16176991.009949343
31633,5125011.11799179
31634,8844845.599697888
31635,13834068.379841741
31636,5924540.393269565
31637,5652816.693271605
31638,7431944.308314468
31639,4085634.185477311
31640,11002022.577171784
31641,4331186.504702091
31642,3130141.8558567264
31643,5806014.656776639
31644,10181329.253945041
31645,5813145.424807195
31646,8991171.973820494
31647,5606035.667793538
31648,11735308.117450122
31649,5916671.118709302
31650,6045928.967899552
31651,12136765.567305135
31652,5680475.500986519
31653,5396258.754237827
31654,5305493.532721929
31655,4299080.650001269
31656,20534569.542454824
31657,6642035.832004786
31658,4627974.445477544
31659,7707571.518916199
31660,5194240.499029595
31661,5267353.525561328
31662,7459090.053957533
31663,4254415.519588659
31664,3969316.0946198865
31665,4653034.053876033
31666,5445308.210787147
31667,7944952.412921099
31668,9035588.650179548
31669,10857261.395029448
31670,7559956.3906488195
31671,6054312.099629978
31672,8606915.108478619
31673,7845353.140055098
31674,8261568.527172252
31675,8070132.616030622
31676,7469322.403120304
31677,5085725.884816272
31678,5017693.989101747
31679,7810039.967945234
31680,6472428.7540773135
31681,6359926.696505045
31682,3422633.533777858
31683,7444579.400656442
31684,5457230.793070519
31685,3800215.1060785693
31686,11024701.404533513
31687,12097289.125153152
31688,10788216.274661826
31689,4314025.318721176
31690,6903970.459546165
31691,3985376.6211887314
31692,4833574.413566604
31693,5782204.881761719
31694,8153650.8718353575
31695,7518461.616704708
31696,3551716.21127001
31697,5385186.42588915
31698,3510101.715855149
31699,5438482.105678032
31700,5158672.857402687
31701,9441737.676403435
31702,5845320.697017342
31703,8590496.224982664
31704,6048900.893643996
31705,8907358.934940152
31706,5035488.488863272
31707,12905205.333614824
31708,7707844.879236928
31709,5566583.976940434
31710,12184964.286530264
31711,7313272.234349941
31712,6608186.278612576
31713,5800510.29662751
31714,5643610.252000064
31715,5408763.631744723
31716,6097299.157015224
31717,10417346.922750179
31718,5441787.736528018
31719,7804898.9446539795
31720,3928043.125266408
31721,4788268.054053334
31722,5922018.397657509
31723,5364937.1616171785
31724,5574819.694182853
31725,5498594.370447279
31726,12897697.555775529
31727,5601219.1621717485
31728,4941208.28459399
31729,7110739.834070803
31730,3650610.8821548345
31731,7775530.760687723
31732,6977794.249149353
31733,3926218.250393972
31734,4620436.16066845
31735,2906023.1087796893
31736,6276516.71186743
31737,5571520.617228517
31738,5659793.750104403
31739,5918664.742320805
31740,7253473.134090142
31741,10815742.533081802
31742,14595499.895015359
31743,7830328.07698185
31744,5186701.63961782
31745,4063258.432185489
31746,9517982.37912188
31747,5463292.018302116
31748,17689598.91492566
31749,5900449.394898502
31750,8874247.37918747
31751,8147738.373327716
31752,4596929.404448813
31753,3771647.4192474065
31754,8163513.033860164
31755,9472360.98536128
31756,2265797.924182648
31757,5741260.727252096
31758,5768760.311375337
31759,6697080.417743198
31760,6325814.510244439
31761,17094329.707522344
31762,2799286.9980511684
31763,12924739.64057521
31764,5853120.559546831
31765,3994640.724541718
31766,8545041.039946083
31767,3905278.3004867584
31768,7540322.248178804
31769,10182508.956022188
31770,3667482.5185508784
31771,4283557.165130179
31772,7834886.7697296515
31773,5594544.197896023
31774,6887812.377737581
31775,10715227.44867104
31776,2218588.273745205
31777,4567423.702338957
31778,10325937.080576472
31779,9628654.424603475
31780,7412442.488517587
31781,7194060.951449307
31782,6384263.264155577
31783,3788796.5685267574
31784,4988077.658040747
31785,4595998.33746746
31786,5263394.14265732
31787,7309396.585235588
31788,5787471.270856579
31789,6336347.446851401
31790,4218623.544689452
31791,8359605.408732522
31792,7492208.962657586
31793,8068496.66101966
31794,7221197.8737565745
31795,5837970.278760041
31796,4949459.253957601
31797,12639735.690936724
31798,7937644.6653005555
31799,4602582.024934619
31800,5518996.21015166
31801,3625352.0229364857
31802,6796371.385121118
31803,7471852.150243028
31804,5076017.004064614
31805,3492926.726073585
31806,7167478.31619231
31807,6650650.398005611
31808,8611081.375056881
31809,6706062.9112715
31810,4481964.319528351
31811,7089918.211728181
31812,5924238.555874433
31813,6719656.4867660925
31814,5216029.131021835
31815,6267641.094430242
31816,4739357.270495661
31817,3753056.187406237
31818,6086880.994276836
31819,6390245.529305284
31820,9996061.342884885
31821,10954016.415663593
31822,5235907.123874766
31823,5179186.126172266
31824,3972342.1270031612
31825,5133219.462981596
31826,5882776.114813086
31827,7413265.895902924
31828,5781692.584385226
31829,8505393.30425049
31830,6061176.885114392
31831,3743214.63144219
31832,10465537.176458126
31833,10787901.503826566
31834,6871755.7296313895
31835,5150499.450495435
31836,7446047.858743353
31837,4178134.688832783
31838,7408287.426735417
31839,5059796.4826861955
31840,9212398.620650118
31841,5382250.505768346
31842,7536185.447444573
31843,3877375.5136779468
31844,6524312.058247771
31845,9103721.660936076
31846,5254918.0120395655
31847,4926334.945932896
31848,5903050.779971659
31849,8891969.523627847
31850,7031628.121988596
31851,12895943.771129344
31852,8179575.877033164
31853,9665964.917002449
31854,6954290.127677627
31855,4723103.020778734
31856,5853994.778243154
31857,8728147.126691135
31858,12075570.46637223
31859,40194270.92320441
31860,7401065.466232029
31861,15595986.209130146
31862,7718856.143414923
31863,10738125.305649156
31864,3708263.105087215
31865,4948798.684237558
31866,3172974.0640811934
31867,7511934.399970272
31868,5339865.979386218
31869,10520968.524307024
31870,3638945.917433227
31871,5454199.943637508
31872,11112647.22461752
31873,6796757.027750031
31874,5525299.295959712
31875,5775100.218929757
31876,5323559.806512414
31877,22309180.88425522
31878,3148100.7102314695
31879,8929593.246911893
31880,8365993.041164061
31881,5159772.844252141
31882,12264021.118007105
31883,5323559.806512414
31884,5334293.7007839335
31885,5918378.925701346
31886,7730168.7118812185
31887,9065683.714537393
31888,4187114.5200666846
31889,12549028.179180274
31890,5295127.509398932
31891,3082671.1382348845
31892,4243919.955531848
31893,18021834.16693312
31894,7577082.645737469
31895,3886103.4560116273
31896,4270102.894451299
31897,3596222.928484083
31898,4620921.962464685
31899,4389121.994494204
31900,5472948.526475362
31901,7505912.776133641
31902,7640494.247742214
31903,5835370.601959209
31904,4644622.523577496
31905,7066196.423550926
31906,4557309.510095578
31907,4300268.720113449
31908,4111877.5164340534
31909,6856312.6881989315
31910,4485632.740247298
31911,4307284.137992954
31912,6484968.328509177
31913,6740776.145780703
31914,6167699.832970844
31915,7349919.384880396
31916,4657303.1797531545
31917,5929071.815348307
31918,4587292.422638919
31919,7006391.359337077
31920,4407326.650960104
31921,5584898.519430984
31922,5388636.006634259
31923,11727461.0145832
31924,11949568.721816221
31925,6677666.415662039
31926,9367516.028703125
31927,9494257.770436477
31928,7746937.12296827
31929,14828469.051259188
31930,8480943.359975498
31931,6190594.011964442
31932,8307716.5855822135
31933,6812198.783132002
31934,5349324.528150057
31935,5451400.1414329205
31936,3945513.553497733
31937,6301040.870199744
31938,5406766.974529606
31939,5662279.42927716
31940,7397266.734367633
31941,27016203.970144447
31942,5822828.508199591
31943,7491089.718583557
31944,4454817.419206882
31945,5875288.3100249255
31946,9837593.283939473
31947,8182388.661820401
31948,6711274.631712548
31949,9014087.122435112
31950,10171753.436571976
31951,5087782.0811246075
31952,5970362.857091019
31953,3805068.203390634
31954,10652591.523216551
31955,5030636.2576855235
31956,8358404.806289035
31957,4360737.936158411
31958,4432275.555637376
31959,11655720.888186177
31960,7208153.008633655
31961,7623210.4769603405
31962,5045453.271231651
31963,6559809.862870726
31964,5303981.526572389
31965,6298928.440012048
31966,14117901.020749308
31967,11864592.367138123
31968,7467557.104399273
31969,24830040.986400194
31970,5301791.316531209
31971,4517079.997307886
31972,5257815.408003236
31973,5223801.431482045
31974,7717803.934467609
31975,4232750.917056043
31976,4705189.666893047
31977,9110923.698360853
31978,5744827.06730151
31979,5352227.696274069
31980,5274614.841768037
31981,5951463.053367885
31982,9600065.680778665
31983,10260622.748134052
31984,7719647.053803593
31985,5270697.725792528
31986,4553602.957281235
31987,6043009.911255184
31988,7522668.40586395
31989,12616547.095768232
31990,3636899.0019149664
31991,9771817.93368542
31992,5307285.01975278
31993,8147570.4571527485
31994,7607923.460904716
31995,7468249.821282191
31996,10868989.037511514
31997,5576324.192061875
31998,4262625.532594334
31999,5730231.575414941
32000,6421192.340208254
32001,53151269.62265689
32002,15784027.160897572
32003,9327387.51546549
32004,7603962.796565087
32005,5333979.471937605
32006,13775863.44861424
32007,10345698.08632751
32008,6381462.627584243
32009,4291806.874911487
32010,7491941.174236276
32011,5626142.483570479
32012,2163652.9813876334
32013,5898032.618630971
32014,5590277.2737167375
32015,7499666.58879323
32016,7083550.0230739685
32017,10083494.703150703
32018,6676181.058295222
32019,6082433.612989096
32020,6108296.891694075
32021,7712688.728802904
32022,5321669.060757845
32023,4269885.127083838
32024,6353633.958550929
32025,5823409.89182807
32026,4956181.284513768
32027,7669933.440572481
32028,5353310.196946668
32029,16533753.873844407
32030,4008732.913626315
32031,4289154.215955992
32032,7888865.447675974
32033,6769967.454311778
32034,4172082.7358167414
32035,6886795.349013419
32036,7243999.884421191
32037,8679099.247067543
32038,6065914.354021942
32039,8264430.684033102
32040,15295589.217283437
32041,3626085.3019728917
32042,6965757.595381156
32043,37133142.029399976
32044,5601427.831901396
32045,3822987.2493404383
32046,7892019.460798586
32047,10475047.578229452
32048,12814338.761352036
32049,7506076.874329128
32050,9791370.646738414
32051,7857845.933658582
32052,6417535.865552157
32053,9063578.446796523
32054,6269757.428401184
32055,4744004.697222593
32056,7951491.924686678
32057,5027765.254410034
32058,5209855.222111707
32059,5691225.374270774
32060,6226706.951896864
32061,8082040.946267917
32062,6608317.53197134
32063,6202800.327593537
32064,9028605.876071207
32065,5928871.253889303
32066,6299281.706286842
32067,3958178.2794488156
32068,5414423.354103626
32069,3209336.83411079
32070,11421280.201371618
32071,4788573.642357826
32072,4304477.166178006
32073,3625531.21259318
32074,5914944.3137933165
32075,12787231.022228703
32076,19308150.105634622
32077,8950191.578153592
32078,4277956.906015315
32079,4531947.67367258
32080,5638429.265402795
32081,30486919.152512144
32082,5270763.3184569515
32083,3913049.423592174
32084,5797061.684432006
32085,7818714.145572847
32086,7876479.853480611
32087,5440042.822244592
32088,23275195.133170094
32089,6669884.88280629
32090,14334115.962344777
32091,7428964.669307649
32092,5880370.488953311
32093,5341627.6908525005
32094,7509831.250326158
32095,6024623.969545229
32096,3720005.4268767396
32097,14456790.900712406
32098,6606687.629370767
32099,7999823.936715121
32100,7867827.976578781
32101,5282379.916195512
32102,4512885.730258616
32103,4083913.460384781
32104,6233178.214008643
32105,7096498.309153038
32106,7500648.814019633
32107,5980023.91897854
32108,4009971.071152457
32109,6735710.661200331
32110,4372075.99585641
32111,12783369.197992291
32112,19629557.720438387
32113,8977676.807446098
32114,7022407.688001692
32115,8498224.09305747
32116,5436900.023840176
32117,9009940.212471716
32118,7433196.974907926
32119,10065326.650844103
32120,10887946.585698778
32121,3180002.3878129614
32122,8914014.740367541
32123,19709461.976999316
32124,8545201.794917919
32125,10727007.738483073
32126,6381024.230249425
32127,7994713.772566005
32128,7212253.474263541
32129,5738829.594138265
32130,3623980.904547889
32131,13252924.02836064
32132,2172076.7589903763
32133,4303835.389393484
32134,4165248.1844317876
32135,6520975.930842787
32136,11084172.10207136
32137,7605583.462159462
32138,7032040.720626467
32139,6602455.562790918
32140,5742737.062633162
32141,3069036.8056864003
32142,4651092.249393808
32143,6713757.711840605
32144,5000455.794849575
32145,25089133.72332874
32146,7685699.503080124
32147,5490738.470229156
32148,5480520.539180048
32149,9935637.48709074
32150,5378476.9575203
32151,10304201.499518214
32152,5550548.970201672
32153,7554079.26417767
32154,4935407.653051637
32155,7374821.704422375
32156,5079432.595580959
32157,13145610.362294488
32158,9916279.07096184
32159,16165628.201790813
32160,5682193.145608398
32161,8750728.62053937
32162,7783886.954403872
32163,8825601.685875705
32164,13988451.24940883
32165,10656250.358101735
32166,10202603.537471
32167,11515122.945546435
32168,6828580.382078161
32169,4465495.3432836775
32170,12040436.921813851
32171,16630749.365798507
32172,7735374.255732343
32173,6210909.89799058
32174,8271882.147891151
32175,19093049.26222584
32176,4925910.854663684
32177,10215427.721649965
32178,6245519.583931668
32179,8057314.60067114
32180,6442908.309663334
32181,6594955.507669307
32182,4722490.0856274795
32183,6203542.556268089
32184,12306522.219746316
32185,6202576.941435907
32186,8531102.087707302
32187,4328436.852077888
32188,8021234.625704085
32189,4167541.312521852
32190,5490980.130008107
32191,4887931.55788892
32192,16723186.7757748
32193,6290912.97000698
32194,3918286.4613397634
32195,13682959.915702846
32196,13888959.820954997
32197,13018271.907610493
32198,7505642.202855839
32199,8253971.966262905
32200,8397733.138254313
32201,9054053.91346401
32202,3693645.9297879282
32203,3603408.6620444106
32204,6358807.817234181
32205,16888851.875445202
32206,8831585.598417295
32207,10608651.455353
32208,6305699.346145841
32209,5154654.459531251
32210,5857644.1837372435
32211,47569559.17177347
32212,5870896.052801484
32213,5526521.561004239
32214,8035476.28985114
32215,6688720.972870673
32216,6722809.200506404
32217,5937333.7693239
32218,6117752.486273937
32219,11218983.658599867
32220,6374789.1554279
32221,8391822.721033473
32222,4992566.562488154
32223,4703425.302891685
32224,5600020.904656411
32225,6666697.337297112
32226,8942877.29085918
32227,19432431.893261027
32228,11286038.74935432
32229,22156924.02202236
32230,5437166.22978169
32231,18788672.493757743
32232,4295425.214485008
32233,5773561.321906758
32234,10834238.025415247
32235,23535036.228152573
32236,6900458.703386039
32237,44142893.33018936
32238,6794944.001086443
32239,15279000.324887179
32240,6953177.905528362
32241,5328230.227426653
32242,5250984.111326337
32243,7527790.282809216
32244,5026025.115617215
32245,7349867.689348853
32246,6984067.998418864
32247,7213536.000370712
32248,9274840.630534321
32249,7089145.670518863
32250,6350515.047936126
32251,4803463.691195373
32252,6727955.268981559
32253,9473939.41205585
32254,28002469.961468816
32255,6125244.725730445
32256,6938569.013997106
32257,4225087.334243099
32258,6680835.31015153
32259,5698671.649854014
32260,8825763.470627682
32261,25149510.563046865
32262,9035257.791877422
32263,5812241.252721417
32264,5338730.51607346
32265,10588345.739012364
32266,11468894.256938802
32267,7213083.5695438
32268,3790706.309521847
32269,5931627.537803385
32270,10682177.115865123
32271,7056235.742685441
32272,3775972.7591625685
32273,8435809.583293563
32274,5418096.262605545
32275,6917572.129679384
32276,10038790.585042164
32277,12385254.781283097
32278,7741959.550543909
32279,4532336.933622454
32280,5551519.934777193
32281,5929245.116782319
32282,9698981.756516792
32283,7666543.530652542
32284,4527109.227796095
32285,10230088.759489467
32286,10304656.846933663
32287,5640310.485409755
32288,5395767.696062374
32289,4701971.640666243
32290,8480371.083958691
32291,4721417.556382577
32292,8017696.3275872
32293,4817020.91626635
32294,10875262.838257043
32295,6100410.842267291
32296,7683347.533905902
32297,10320438.287569743
32298,8480950.630640961
32299,3199333.8131828164
32300,6861942.166281869
32301,13158039.905492108
32302,9538714.564502312
32303,6608410.511030928
32304,5474546.076123118
32305,5236197.096817607
32306,7050833.822205468
32307,14928282.875402149
32308,4778722.771711665
32309,6758534.1454876065
32310,5691250.495395314
32311,7456183.4969068
32312,4402089.875636245
32313,5577839.90659512
32314,6850499.715625119
32315,12370177.847467287
32316,5604280.347517919
32317,12845763.124614079
32318,10417419.967928292
32319,4783918.933980962
32320,9070000.839499336
32321,6912075.154397854
32322,4271967.271110184
32323,7441285.811236783
32324,8215077.332549499
32325,4762599.97606044
32326,5517841.54096842
32327,5708610.914322137
32328,8175125.702938567
32329,5421242.434856582
32330,5916932.57356192
32331,6122099.458979166
32332,6424201.773756038
32333,8060969.456727266
32334,4978420.441153757
32335,7322306.027036427
32336,9590877.724685919
32337,6242458.935022036
32338,5454059.047155714
32339,7622470.960215705
32340,6476410.409637106
32341,5991946.490939499
32342,5469133.923642149
32343,6659755.281052259
32344,5118891.374878464
32345,5699734.232528393
32346,5916870.755552355
32347,5034268.924099763
32348,6773739.985785528
32349,5744184.278075759
32350,14788244.328942502
32351,6741955.276790196
32352,9952715.711649666
32353,5648256.055856121
32354,7082914.476306504
32355,5771881.672905211
32356,6045049.137903706
32357,7349378.502072976
32358,6498815.0166070005
32359,21290271.138654385
32360,5201186.540896768
32361,8163148.260146871
32362,9835540.75506692
32363,7437394.06927766
32364,4954353.50186909
32365,7617856.779321608
32366,7298273.371888206
32367,4370905.12271389
32368,4468241.50403429
32369,7200063.723139474
32370,4612719.985301092
32371,7240389.78043815
32372,10897357.683394033
32373,9049712.01523908
32374,19703813.005601928
32375,5636051.586906587
32376,5863995.876401365
32377,6528686.057014215
32378,5936938.278358576
32379,4945695.145612111
32380,8712008.860127913
32381,4908141.408234003
32382,11012907.352099443
32383,14104150.994706975
32384,5501567.27267744
32385,7054628.983282054
32386,10081271.50376703
32387,4313377.653641872
32388,5094173.0148270065
32389,10849609.733227372
32390,4811281.7872463325
32391,7665383.605294539
32392,7228789.922298703
32393,7671858.525599993
32394,5361841.070885959
32395,5465944.099950788
32396,5019753.5303682145
32397,7690015.732613808
32398,5828103.035505212
32399,10431555.809056712
32400,6369609.038239737
32401,8436387.554516103
32402,4337286.9147544885
32403,11579637.719234742
32404,5100845.740237546
32405,14748283.93968113
32406,7473332.584087108
32407,7329587.906323976
32408,4493222.001969281
32409,18280941.865126602
32410,5489586.410621248
32411,7444701.653113872
32412,10497121.27584952
32413,10967624.22437455
32414,13792690.944240691
32415,5670294.18679598
32416,11008367.905776149
32417,8205097.889825323
32418,5972381.779376982
32419,6069143.667938133
32420,6613780.158043352
32421,2148694.9158615437
32422,4520898.903687719
32423,5854020.512403585
32424,6630784.608381372
32425,4519282.627680546
32426,9136051.15568395
32427,10540268.609739568
32428,7219682.188496119
32429,8757959.243683524
32430,4320176.897661607
32431,7209184.275220196
32432,9209408.519270662
32433,3796135.005122653
32434,11461666.971254017
32435,6537108.114012922
32436,7844390.043448748
32437,7985259.799675047
32438,6169758.306651116
32439,4771693.141963332
32440,6312153.814609131
32441,3734860.9520068713
32442,9462567.07573637
32443,5865265.870001785
32444,4795763.620530065
32445,8445021.86505788
32446,9267914.094621167
32447,8569536.258762175
32448,5829025.968772374
32449,13775670.477569047
32450,5951286.36576959
32451,9876446.66790497
32452,6326716.374708381
32453,7163330.353842185
32454,4586269.0258615585
32455,8088208.7584794
32456,5731737.565661216
32457,5714293.632126554
32458,7494287.246606849
32459,10519219.001613308
32460,5653207.984815752
32461,12158462.612498783
32462,8067673.790875345
32463,5034215.875802746
32464,9584041.629593194
32465,4542956.541255118
32466,9356230.038109973
32467,6042623.282114855
32468,8028922.790714872
32469,7323437.591640799
32470,10898053.933828691
32471,20828469.519129362
32472,6305740.868323317
32473,5977428.018981203
32474,4337110.888680747
32475,14874351.912932716
32476,6495894.710636927
32477,4109695.4800665122
32478,7671404.440982849
32479,4107844.519443869
32480,10405425.075357543
32481,4849636.041238934
32482,5325505.046651208
32483,10464968.795583664
32484,14905774.76031815
32485,14898875.838057784
32486,6979135.9745815415
32487,6673214.246400287
32488,12666518.57129408
32489,11339974.703512292
32490,5556410.779963728
32491,7027969.716022376
32492,11133555.436379831
32493,7944464.008717475
32494,6142874.171057706
32495,6132778.783099019
32496,5864786.656084336
32497,6962586.48811199
32498,13317807.892261466
32499,11913782.730358144
32500,4667982.411626025
32501,9194923.648244133
32502,8164717.885106532
32503,5404500.943061187
32504,4089586.5913595837
32505,9899309.755197138
32506,6452701.039420603
32507,3232130.7974070017
32508,7226198.253890814
32509,4538452.479383286
32510,13745857.187352294
32511,4511734.516925077
32512,5721878.584083584
32513,5528715.779725444
32514,7039138.863137955
32515,7000443.142727684
32516,7347181.201839856
32517,9901065.117927477
32518,4925352.420295291
32519,4519335.445984419
32520,2211045.3857818046
32521,6197845.542492349
32522,6217717.214338725
32523,8218426.734306758
32524,7040231.708413261
32525,5642599.655134077
32526,7576047.76661504
32527,7824118.462109065
32528,5338081.188536586
32529,6664570.9786423035
32530,5599944.38111088
32531,6434740.454197385
32532,14276894.276447102
32533,6488228.228690418
32534,4934461.454743043
32535,6078555.861509824
32536,11558501.355258415
32537,7210073.22305936
32538,9797120.262603927
32539,5771045.828827217
32540,6252572.136570597
32541,10293703.746304883
32542,5790659.435981085
32543,6596085.001425142
32544,5461701.867056835
32545,5385814.030187958
32546,11127515.225721605
32547,6306889.423037914
32548,4368844.380648862
32549,3887343.40601091
32550,6754110.624271725
32551,5352553.790874955
32552,6248440.51418475
32553,6313620.921136926
32554,8625484.251121739
32555,8895810.614480235
32556,8099663.893292704
32557,4071981.4424300394
32558,7447391.598278645
32559,8301244.479576298
32560,5744062.166948176
32561,5701876.134947978
32562,9744157.743861925
32563,5860137.376657072
32564,4973252.91832388
32565,7655739.771284005
32566,4605461.551881501
32567,5119253.734046144
32568,10694358.794754181
32569,7315097.428984156
32570,5988478.0086974725
32571,6540895.634398223
32572,7292640.631509416
32573,7778705.351496982
32574,6894235.634697468
32575,5419610.796005228
32576,7403228.69302571
32577,4533227.586460496
32578,6758815.620857981
32579,8931377.648698507
32580,5329115.5668897955
32581,4880717.827586509
32582,7660568.525767567
32583,8433697.770477891
32584,4913311.721071141
32585,4942136.723905907
32586,6326776.429940961
32587,5986054.915277776
32588,7434435.590105084
32589,2961416.795444275
32590,8018742.675946275
32591,8552469.385625819
32592,4106544.483962301
32593,3975802.62841111
32594,4605626.515704647
32595,7346837.822859763
32596,10968759.364918191
32597,5941865.643395965
32598,10536050.874835428
32599,7270609.113832003
32600,6587930.889913792
32601,5798841.88624329
32602,7216114.162034074
32603,6403947.12382214
32604,4385506.63269284
32605,5324961.978878562
32606,6185560.845470561
32607,7812695.98601841
32608,7363172.000681707
32609,7459923.20899787
32610,6057627.215667377
32611,6438655.469825463
32612,4013774.651339812
32613,5147121.629884139
32614,9046584.712334512
32615,4280496.971956892
32616,6470131.848515746
32617,7269146.575109651
32618,6129681.2635587305
32619,4172184.6415939713
32620,7017679.145798504
32621,6139263.170271003
32622,15870186.466271296
32623,9610088.72940793
32624,14108974.136630341
32625,8660845.320984304
32626,7113052.834269148
32627,7216535.011634877
32628,8147992.497609952
32629,10623507.435384382
32630,5499204.470465894
32631,5416882.830628405
32632,6131295.288260526
32633,7393006.667375289
32634,6042844.796382995
32635,7508873.408135287
32636,4616984.155239685
32637,7966222.391087622
32638,6925409.667052657
32639,7024748.489182846
32640,5882273.964732084
32641,5947025.884894659
32642,6185922.479356901
32643,11111962.576383367
32644,6958227.377841429
32645,5989361.803292512
32646,6677772.661098438
32647,13312840.281918086
32648,6426025.1241663415
32649,6671669.810644623
32650,7250358.615306958
32651,2217058.3923514853
32652,9647542.303877164
32653,10761437.350569448
32654,5441099.639913986
32655,13142409.253829213
32656,4747722.546923296
32657,5459647.97783721
32658,7860689.57024086
32659,3952248.998473905
32660,7495266.055660886
32661,7159621.681944445
32662,12425220.461698642
32663,9125064.637321183
32664,9900446.575583693
32665,12986157.66713915
32666,6983921.394904088
32667,5682779.245539677
32668,6176185.764219566
32669,10902404.297833513
32670,6914491.437248406
32671,6177157.607253912
32672,4326417.772813195
32673,8661783.352394866
32674,5295775.522432865
32675,5292652.151720782
32676,6750981.958916636
32677,4270069.034315781
32678,8338056.087702205
32679,4396076.120500214
32680,19241869.65956878
32681,7971526.902385012
32682,5786305.801703137
32683,11257829.411724128
32684,6240534.769559767
32685,5763703.6296657
32686,5727341.471665781
32687,5366773.129322321
32688,6182774.199380221
32689,6212982.624500657
32690,6517630.000149855
32691,7733470.311099779
32692,13041996.162381453
32693,7567833.722522768
32694,7081687.544392515
32695,8307636.727405828
32696,3813854.248775072
32697,6485129.614098243
32698,6357442.839467247
32699,5421147.89733607
32700,9220680.93251792
32701,10611419.586298112
32702,13166471.072514487
32703,8342400.34650304
32704,9581660.32958791
32705,7935058.432327029
32706,5094645.865141361
32707,7793336.31010364
32708,6032073.186500015
32709,5583184.935638728
32710,10564687.056010783
32711,6209911.674290472
32712,7343650.589023691
32713,5347404.20736771
32714,7331177.8003193205
32715,4229353.324552596
32716,4593491.2266629655
32717,7761149.898172676
32718,9282090.365448333
32719,5433227.93537187
32720,4629746.211788006
32721,14489789.176695291
32722,6768483.783432087
32723,4519488.741895407
32724,6921122.916375127
32725,15277549.522049243
32726,5036885.767418422
32727,4273788.996279588
32728,9269497.48851411
32729,5247267.090485543
32730,8988617.153965825
32731,5513604.505561189
32732,5182723.30688263
32733,5780393.959871505
32734,5143036.588893256
32735,6132108.94217716
32736,4186019.542580172
32737,4397322.478513087
32738,7574569.542852402
32739,26011478.910894472
32740,5628201.541806
32741,6490691.062304998
32742,12609221.766165953
32743,7344194.63322725
32744,11726998.058230937
32745,4964877.832272123
32746,10531099.076189905
32747,6791338.376955402
32748,3730594.5772160585
32749,4101073.651189365
32750,8667008.209464092
32751,6714246.402215001
32752,26609349.841228127
32753,5646818.077068957
32754,7280768.47110756
32755,7494595.996932825
32756,6621612.7330980655
32757,10085391.34622904
32758,6775554.469261981
32759,5687962.4118211875
32760,4482953.2395764915
32761,5261078.536783771
32762,7112587.990147751
32763,5796072.580838831
32764,5436355.683371508
32765,5358152.133164422
32766,6686429.652246531
32767,6302757.724683967
32768,5789270.802055282
32769,5456096.245517317
32770,5996069.642327491
32771,11035027.095032332
32772,12961260.2757185
32773,5608596.926485464
32774,5140136.075992961
32775,5821571.067580451
32776,5457516.711004601
32777,4712997.765820037
32778,5434748.247962601
32779,4218133.506034585
32780,6586405.700276966
32781,7428372.692395207
32782,5680077.520299631
32783,8490656.406356012
32784,9606518.569723558
32785,6155091.736215289
32786,5305500.304356989
32787,10115536.955300251
32788,4408683.693975138
32789,4021553.388078413
32790,4314005.43242538
32791,6332286.657437554
32792,5297996.6065130755
32793,15862237.694423378
32794,2012686.9823818095
32795,5032832.199899471
32796,5675864.954749733
32797,6496893.420451403
32798,5667526.2074657865
32799,11753701.577749288
32800,4564313.44335242
32801,5652739.02799185
32802,7561279.348197534
32803,4563453.092973986
32804,10487919.531809228
32805,8536652.538379136
32806,5658686.153005442
32807,5246474.169589355
32808,5399594.8275363995
32809,9069649.989944631
32810,5788538.538952969
32811,8532543.059694923
32812,5347691.552609008
32813,6303604.350073341
32814,4271386.400392991
32815,4309080.651618229
32816,4720400.086131857
32817,6403158.032171454
32818,8388508.617517827
32819,3417465.113163262
32820,5204082.451048835
32821,9023840.190018617
32822,5976482.911406382
32823,8682132.630332168
32824,6148085.437646037
32825,6132540.029690207
32826,9934284.86028349
32827,8266033.247546786
32828,5534619.080053458
32829,5874825.242192733
32830,5732477.161221883
32831,5923595.242811237
32832,4138239.626623749
32833,13843906.698823107
32834,9834664.808221877
32835,4876225.014710734
32836,5858718.028915483
32837,5185688.164469022
32838,4817296.26693915
32839,19683244.924683306
32840,6329689.206933121
32841,5759205.889769358
32842,6995462.880065286
32843,4162364.5629062355
32844,6114000.149847832
32845,7117610.044864638
32846,9820515.390739188
32847,4016538.6526215146
32848,10347028.124189071
32849,4028928.137207944
32850,6799028.083567861
32851,9412366.104419924
32852,4591399.749358743
32853,4777758.169790696
32854,7712803.600556143
32855,10103851.556754546
32856,4372985.889515009
32857,7396644.881043388
32858,3822089.05022494
32859,5913175.872600333
32860,7546071.593207988
32861,5825063.726829384
32862,7105775.258457084
32863,6963618.759241758
32864,6779331.895724763
32865,7921738.350646516
32866,3938616.9388031056
32867,4104396.3942986005
32868,10505657.706402496
32869,5803255.269107593
32870,5203754.565195928
32871,5184519.692300413
32872,8213899.162241164
32873,4761890.630622826
32874,4281586.389558324
32875,6826753.254991109
32876,7208336.013846049
32877,8762456.221031908
32878,10774547.044376196
32879,4519681.430529149
32880,7591808.98566106
32881,7385443.564317209
32882,7666517.468868207
32883,4206505.455375261
32884,6444732.50877557
32885,5360523.592206617
32886,4763977.116653478
32887,4937589.262607515
32888,8420643.32708609
32889,4410897.467907598
32890,5370933.1480713785
32891,6655620.549091953
32892,4907012.799957635
32893,8501175.208447358
32894,5420872.667107495
32895,7151907.204025553
32896,5748860.326042174
32897,3490942.645087015
32898,11141555.035110654
32899,7873236.721007558
32900,5951159.071518622
32901,6389458.890354994
32902,7547421.866978399
32903,6426731.365819103
32904,9895136.718451483
32905,6679069.613827003
32906,6625448.303464145
32907,5241915.716973157
32908,7510818.03062316
32909,3140573.5071896813
32910,7412106.791236472
32911,9064972.296894025
32912,6369387.415789332
32913,7309867.350780006
32914,4907367.052896464
32915,8356811.397841466
32916,11291402.362789845
32917,6034027.99312303
32918,9855766.439789305
32919,11710429.963706704
32920,5349361.1299654115
32921,4814053.202579693
32922,4761018.993582957
32923,5540739.716494585
32924,2746925.344088239
32925,4623393.742830746
32926,2604563.670325869
32927,9445174.57737083
32928,9456576.091100948
32929,10225836.277558237
32930,5371439.742683789
32931,6108606.821455358
32932,5700226.948353346
32933,5436844.077541405
32934,4225641.480458637
32935,8916281.385522073
32936,4154761.4478687993
32937,4600624.946573934
32938,7051697.5105148675
32939,5319769.096371387
32940,6644501.666524253
32941,9899247.71853937
32942,7608515.642042559
32943,4943568.3491381
32944,5651658.190618702
32945,4901760.678538615
32946,7388464.044290679
32947,8005387.059946547
32948,12103267.023184296
32949,5936001.301339822
32950,4550704.596345284
32951,7999277.657942429
32952,7424901.217016475
32953,6916628.3938494185
32954,7226243.575189849
32955,8926236.629932841
32956,5624868.998408587
32957,5618193.358072697
32958,11009067.258711366
32959,13280341.57978629
32960,5949268.298547333
32961,9495944.231456844
32962,5255863.121629845
32963,10211350.041484663
32964,4137989.3206011695
32965,8434788.802346265
32966,7198671.0993048325
32967,6499594.27965536
32968,5806871.436041259
32969,6520783.985522617
32970,5236213.99421341
32971,5450825.438733396
32972,4924718.526912435
32973,5589542.3318851115
32974,7286751.562937091
32975,6702934.516076008
32976,6092430.846652846
32977,4985374.894585765
32978,6592394.418342704
32979,5851109.244831761
32980,4634680.049350273
32981,5286370.190492757
32982,6170113.897495112
32983,7265209.525499769
32984,5061234.396431943
32985,4411849.24657786
32986,7092972.294748593
32987,9138656.188568156
32988,6349335.691624999
32989,4063098.511130229
32990,8379301.530949429
32991,3916296.1285377825
32992,6766667.152588715
32993,5279057.914393041
32994,4025992.310897746
32995,6803367.049470167
32996,5755256.84654613
32997,9635291.477569126
32998,17856430.152097445
32999,4153858.1627623513
33000,5765932.099688628
33001,5137413.653588093
33002,6165545.306757576
33003,4602709.517301533
33004,6262793.270712244
33005,7293947.125592112
33006,12960119.771260602
33007,5163166.548384934
33008,3953841.1365265246
33009,7393323.0861593345
33010,5695062.394708566
33011,5325055.128632702
33012,5674952.059134458
33013,3922265.601414322
33014,5865616.197430801
33015,5096616.212389961
33016,4943085.791011518
33017,5116332.300700704
33018,5886583.088711594
33019,6640174.972532524
33020,6190120.467913324
33021,7519111.6998704905
33022,6088313.259480454
33023,8416291.387013622
33024,14929706.129821163
33025,5052727.567618185
33026,6172916.631475771
33027,4440171.449173287
33028,6482111.935368057
33029,6684023.236404681
33030,8895253.915550984
33031,4768969.60759592
33032,9475399.937953398
33033,7384329.729222165
33034,4054178.9454062437
33035,6230906.012121597
33036,5451864.084126158
33037,5963580.267198446
33038,6632617.459197851
33039,6695598.527215216
33040,11387449.26059178
33041,4061459.0128233684
33042,8939509.168272737
33043,7491805.358843906
33044,6206440.567956619
33045,12574127.603362491
33046,6912211.905101455
33047,10241714.723290585
33048,8825106.153339662
33049,17652646.579256974
33050,8520273.227704426
33051,6564778.6068115495
33052,9036764.913684988
33053,7194480.615561444
33054,4107378.223076277
33055,11276575.889369696
33056,5780612.057905873
33057,8266753.284044364
33058,5870145.321622031
33059,9619767.898159483
33060,4484381.928383653
33061,4359615.324213194
33062,7247355.136099138
33063,6974003.198798153
33064,5726754.412102235
33065,5163059.0255362615
33066,9395965.977634072
33067,5210434.061568223
33068,7168197.552734183
33069,13122235.132739874
33070,10483301.714306315
33071,12184787.406810097
33072,5087931.514262003
33073,3920573.2008863846
33074,14336085.464924183
33075,6105247.1495090425
33076,8009393.5847789785
33077,7760511.036038093
33078,5357731.400415546
33079,9002961.282454146
33080,6864824.466693064
33081,14612556.347812412
33082,9149571.194987455
33083,7091863.006697085
33084,5410234.931490695
33085,10061311.242948018
33086,10794014.512120934
33087,4835075.42389356
33088,4301267.169645434
33089,9095259.995918235
33090,8362613.033511768
33091,5236769.232324774
33092,5597950.558090623
33093,17555903.36302967
33094,5479447.155251877
33095,4298414.990465974
33096,7320683.933597148
33097,5200326.734422552
33098,5747144.049388215
33099,5252739.355203855
33100,6319606.8245612625
33101,6059851.094469283
33102,5734867.441298299
33103,2925936.570183004
33104,4587406.489584523
33105,10124760.377519907
33106,4580410.84035264
33107,4515905.127691749
33108,10020527.865265394
33109,6192986.084338614
33110,6297462.019207798
33111,5894379.645423482
33112,5375485.091589966
33113,6928124.726664779
33114,4797399.370608723
33115,9160113.337878564
33116,5970599.729814001
33117,4939097.27163327
33118,10472692.126080474
33119,11171809.290903594
33120,3059519.003017315
33121,6583313.0426524915
33122,5335212.871814353
33123,33454832.53515716
33124,3550111.6917835334
33125,6418803.830881277
33126,5548183.650493466
33127,6633604.079001129
33128,5549178.998628732
33129,14057295.411965318
33130,9039411.319914918
33131,9248019.006578099
33132,4544597.679285862
33133,32187635.443791162
33134,7749899.648536066
33135,7164012.708086055
33136,6246631.414256821
33137,4751593.037322447
33138,11487299.481160538
33139,6906773.703430202
33140,6579048.468859045
33141,6300193.470007852
33142,8662428.43739416
33143,3689322.540819612
33144,4384823.039717116
33145,6942875.660436129
33146,6355151.847437412
33147,3859257.1566111
33148,5732791.099133067
33149,16171139.114855327
33150,4671632.314198594
33151,5347486.234327604
33152,15203194.681257658
33153,8255497.45515088
33154,8069445.897758194
33155,11844359.452706125
33156,8904965.331881156
33157,7013850.755937206
33158,13988659.524918212
33159,4230990.904695325
33160,4102044.109839505
33161,6418676.518051172
33162,8526406.112684302
33163,5781327.602978803
33164,5887695.011971685
33165,7411776.477040304
33166,5601179.535868612
33167,5618582.06473101
33168,7871693.2804342145
33169,4305072.919782558
33170,5876288.80674777
33171,7658411.829338093
33172,10792162.774367781
33173,4335775.12569201
33174,5684156.504817039
33175,4394940.100649376
33176,5453529.905120322
33177,6147052.997551024
33178,6744432.5048247315
33179,15182936.420937788
33180,5265484.447636293
33181,5372169.05262353
33182,5406512.6887673875
33183,4635399.775941611
33184,5760648.385614525
33185,7541174.04501442
33186,4719965.509331456
33187,5782049.123998037
33188,6699029.713199631
33189,7033602.414946267
33190,5536724.330766139
33191,13005914.60180296
33192,8957587.696956525
33193,7694019.125012006
33194,5453502.342382388
33195,7228598.797892008
33196,5710878.7743820995
33197,5325760.506782364
33198,5157245.724899804
33199,7456461.707812849
33200,4061368.808288167
33201,6580377.390600304
33202,9638529.087697838
33203,7754901.09370859
33204,6167401.263687231
33205,7243533.474798891
33206,5903681.634422725
33207,11358705.646899993
33208,9377857.127075376
33209,5602615.921541022
33210,3064212.7901191795
33211,5774239.833004633
33212,5453542.79455642
33213,4420459.241127488
33214,8404283.059833955
33215,4814712.7147742715
33216,4237639.010133932
33217,4799030.8111246135
33218,5148914.4150064085
33219,4396220.874919172
33220,7668294.997178167
33221,5746454.445369038
33222,5397069.017819651
33223,2155417.3741249084
33224,11668609.852232825
33225,6847060.0057636695
33226,5482978.500619278
33227,4148602.595778906
33228,4517206.545353858
33229,6486933.565081381
33230,6389790.691782546
33231,8127947.417792841
33232,8140843.116416153
33233,10424556.076961335
33234,10296244.443037398
33235,6974957.367699666
33236,7261705.6070093615
33237,12517202.472031996
33238,8982225.75396793
33239,5430503.24364018
33240,6419850.733298704
33241,6314411.413274027
33242,4525241.50029105
33243,3895788.814484757
33244,12755137.690084338
33245,7091585.32398537
33246,6418498.563978439
33247,4608668.843775267
33248,10306525.231219856
33249,17764913.541001957
33250,10640321.033920819
33251,7447494.047972861
33252,10410635.18766166
33253,7069094.896212602
33254,4654722.089107036
33255,7305451.831935192
33256,8567276.04029714
33257,5573537.484219236
33258,21179851.7550779
33259,5597609.870797299
33260,5473920.769205195
33261,6957175.286457381
33262,7319692.021185741
33263,6293533.696089446
33264,8318798.794988525
33265,7927101.334433248
33266,6447377.028145787
33267,6120925.143710403
33268,6011104.291072574
33269,9779684.31039294
33270,3301795.3120615897
33271,4670612.573889765
33272,5585796.449911766
33273,7185408.159558673
33274,7299857.214149691
33275,6711668.2262960095
33276,11787753.925771346
33277,5837504.883901981
33278,7653401.876228743
33279,6022380.603917644
33280,5443793.35376856
33281,5680058.410902094
33282,6587372.213494283
33283,6210606.278033136
33284,6330589.012311738
33285,10564853.575494736
33286,4746274.388190123
33287,3970594.1181566883
33288,10626603.044900063
33289,4888940.640724448
33290,6294046.597848848
33291,5260566.193045837
33292,7896989.535629198
33293,6566875.088307835
33294,5960502.868572895
33295,4364482.224502052
33296,4137329.2362540504
33297,7168824.982803499
33298,8419041.961036397
33299,13390529.138701137
33300,4205327.111391638
33301,8090989.117507453
33302,4297448.587659174
33303,10492964.82490231
33304,10832921.943452401
33305,6018181.137536546
33306,6232096.863775193
33307,8958408.782750232
33308,6801061.175361615
33309,7012723.6508621
33310,17455955.494713817
33311,6090632.127187795
33312,4910793.4329474205
33313,5558928.510103452
33314,8343405.82100448
33315,8159573.344447631
33316,7193536.783862678
33317,8148213.5168050965
33318,7172542.17874006
33319,6184124.38528604
33320,8657244.12336671
33321,5596657.460094027
33322,4908695.200925795
33323,8604253.919402491
33324,12090052.24317964
33325,8026034.152645318
33326,7588202.509634281
33327,6067228.686922426
33328,5996847.295940631
33329,10223476.823522972
33330,3825596.4723730152
33331,20601883.490794286
33332,5026769.37981377
33333,9993876.833301289
33334,5986776.51698376
33335,10558963.01932911
33336,8296655.705558477
33337,4214152.236114619
33338,9084645.989439357
33339,5083524.778364866
33340,6567025.16855281
33341,7250400.45898894
33342,17347496.202048145
33343,6586666.862823157
33344,4912068.573276838
33345,5714011.989104128
33346,13411233.929819334
33347,17475131.222735725
33348,5588809.423475712
33349,5363130.94567743
33350,5095025.1913392935
33351,9644450.143812347
33352,5156548.4349977225
33353,6512335.3279323345
33354,5991719.81514162
33355,4652723.863762632
33356,7580679.647574236
33357,9417522.729977524
33358,3079914.326979011
33359,9760738.003879637
33360,4143714.3110307995
33361,9927744.414536674
33362,2724269.5245479336
33363,6369284.604765727
33364,5989805.198914122
33365,8556334.273703637
33366,14121389.382342305
33367,6451118.235687737
33368,9370808.647206914
33369,7085423.162295206
33370,5071547.470642252
33371,5583659.972071551
33372,4909591.61403286
33373,5928858.002592887
33374,5969205.795108435
33375,5218252.950312854
33376,5052491.175433902
33377,6549253.954683527
33378,20819634.346920718
33379,5953281.810506399
33380,7250026.167092101
33381,6745676.938199112
33382,4112620.1711698677
33383,5586518.813992707
33384,8972174.540920826
33385,2493240.1136699356
33386,10492145.740936786
33387,7329399.9848073
33388,8164269.0601410605
33389,4605631.022820846
33390,6347075.551608567
33391,6053174.39403837
33392,11479002.533552777
33393,5213663.395730548
33394,5412661.917744152
33395,9689819.718022715
33396,7212074.075904035
33397,6526852.254350732
33398,4964102.263440424
33399,9721335.764986943
33400,19120165.055121616
33401,11400115.190703463
33402,3710451.170515393
33403,6751192.3609249275
33404,10739806.553952878
33405,8845462.189366149
33406,5208207.544184572
33407,7181192.266602412
33408,10436903.619328538
33409,9944542.899321208
33410,6543984.876168966
33411,5619586.299398082
33412,10343355.718757886
33413,5304269.753978617
33414,7405950.048902916
33415,21286174.686505936
33416,9632998.036773188
33417,6849410.624756094
33418,7774194.857839145
33419,7495952.213691173
33420,11370082.483784042
33421,7007892.385542265
33422,7702020.00268907
33423,3169130.2169974106
33424,7993578.247129202
33425,5928207.094362653
33426,6629006.991792607
33427,14783570.265561191
33428,4337508.350921483
33429,4611521.55531319
33430,4290316.660388345
33431,4368156.075534924
33432,5490420.7714333115
33433,5613130.035103703
33434,6827317.548777667
33435,7786267.110912984
33436,5454611.852994277
33437,4949808.718205255
33438,5450789.91542529
33439,3545561.5346774883
33440,6265295.289289108
33441,5375897.888390834
33442,9140634.976436697
33443,6405359.237672176
33444,14815102.147828892
33445,4631820.404279745
33446,7696881.719441332
33447,4653459.555345783
33448,7275673.176247752
33449,12979996.361049732
33450,6229422.758728962
33451,15644938.920200918
33452,8757083.00705988
33453,4985517.726082336
33454,5479020.160898404
33455,6421401.898603553
33456,5270270.065096768
33457,5081953.118584029
33458,4225992.202931804
33459,20847039.288218062
33460,10505316.047663499
33461,9977332.807436667
33462,6749680.175493617
33463,5318459.796118233
33464,14174067.125929661
33465,4887747.906543742
33466,3801441.4268509834
33467,5754631.248073616
33468,4128203.47281877
33469,10308426.431730548
33470,6288415.99665754
33471,2177884.2591078123
33472,9869939.344829127
33473,7721779.002499592
33474,4729577.167955237
33475,3703284.6775034205
33476,5750645.071036237
33477,8328942.477195426
33478,6160036.055345261
33479,11002985.170144107
33480,7971878.995614303
33481,7441193.605006378
33482,5189382.434984841
33483,7538672.965436007
33484,6543576.319169884
33485,15317030.905492062
33486,13171573.989025172
33487,5789075.856879251
33488,13376903.151186107
33489,10024822.739707004
33490,9905032.463064238
33491,8089159.129333552
33492,6335977.529215934
33493,7236969.889682942
33494,6066855.773176092
33495,10279240.867087597
33496,7080333.544702514
33497,9580660.68456357
33498,7600711.0225970615
33499,7157377.174113476
33500,5753066.772529363
33501,8894751.280263979
33502,5102121.149218879
33503,9322095.814730229
33504,9667066.259208852
33505,6463791.85012271
33506,9213549.16715129
33507,7099819.033904606
33508,4908739.638347284
33509,5529047.752044973
33510,9602888.94772858
33511,6441280.507282987
33512,5774190.631320803
33513,13870849.363527184
33514,4610373.031670612
33515,4602077.97087252
33516,5070519.432211778
33517,6786056.389808381
33518,7032400.214616784
33519,6676517.412259516
33520,5668409.581337499
33521,7605247.104859154
33522,4264870.615336926
33523,7046627.399577107
33524,6589722.277775776
33525,7252634.200656462
33526,9206712.02069967
33527,6739622.836999409
33528,6381180.415840152
33529,4234965.917275281
33530,6098210.069001357
33531,5412191.623708369
33532,4677810.436749134
33533,6164114.029329336
33534,4248457.353302889
33535,7795152.405922297
33536,6956597.170053978
33537,3763652.901588785
33538,7300974.747055135
33539,9050583.004374577
33540,8789347.280404855
33541,13366116.381744973
33542,20466918.80401125
33543,9106710.847493865
33544,6284068.051874716
33545,8491090.333219001
33546,5640728.457883215
33547,7709523.627546954
33548,7966655.270992346
33549,8398276.277940124
33550,14022723.251270447
33551,7542355.7834927505
33552,7372377.010687813
33553,5352456.370274678
33554,8968365.820652343
33555,13893803.720803084
33556,4568829.4879275
33557,10016466.44881727
33558,27122482.464195102
33559,8489792.37888024
33560,5544219.146044062
33561,2252644.8097534506
33562,6987500.709887941
33563,6056183.537327982
33564,5288181.781129052
33565,5414411.302954374
33566,8052562.359763254
33567,9230383.88826826
33568,2027947.3581537502
33569,5256524.543829258
33570,9655856.346456077
33571,2904507.7713579084
33572,7072089.586741542
33573,3865085.2942244806
33574,6636981.605688808
33575,5750827.435004438
33576,5340274.566255113
33577,9001285.948138814
33578,11720834.574071819
33579,8375691.414387321
33580,9074975.553468393
33581,7536300.428844568
33582,7376045.58169787
33583,4369736.639202698
33584,4068178.0770811387
33585,4523589.424792521
33586,5157255.979270095
33587,5790015.215121183
33588,10562375.40034907
33589,9079192.232256766
33590,5111866.612334109
33591,9427909.820977645
33592,6965224.641579411
33593,5232239.026580909
33594,12151990.119482951
33595,4289053.90061643
33596,6761861.157208992
33597,5948017.205329429
33598,4258206.081511421
33599,5811049.026492997
33600,5547133.820382254
33601,5090097.335413906
33602,7562724.197466513
33603,7349108.33623203
33604,4036602.2423782246
33605,8151044.474603865
33606,5305067.918049119
33607,10591969.717261063
33608,8784137.442576276
33609,6957499.992655549
33610,10483061.654375143
33611,7130284.037291428
33612,5034453.4717128
33613,5380726.774926096
33614,5216854.674685604
33615,5474643.199652896
33616,12202056.694941487
33617,6641909.076939477
33618,3281694.872741866
33619,10354976.660964215
33620,6672758.128092713
33621,2237035.9854078703
33622,7287569.485826554
33623,7185011.990864582
33624,6331303.647897112
33625,2969710.70366737
33626,12571719.145389449
33627,4542573.781816592
33628,4099833.627104421
33629,8536541.116674572
33630,6054244.8413958065
33631,10333857.57725983
33632,5694769.813872978
33633,4037587.019403014
33634,14484308.736028325
33635,7925483.49136764
33636,6652931.204700122
33637,4138086.8854187313
33638,9098326.691523783
33639,8226299.975935844
33640,10951822.389891319
33641,7324269.607066043
33642,9393896.015472298
33643,4712751.558285815
33644,6666333.694704086
33645,6279264.835489812
33646,10136821.02381329
33647,6184459.446933906
33648,7579861.474430827
33649,5607088.410744666
33650,6067394.521072639
33651,5742972.033839727
33652,8984508.161177645
33653,7089739.549660463
33654,5610922.842758622
33655,5475048.296388496
33656,3765594.36545093
33657,6926856.3800828
33658,7829459.477735113
33659,7096422.205757056
33660,6667336.622693691
33661,4186746.3619085103
33662,7862110.979202041
33663,6479083.992430657
33664,7182963.009262613
33665,7951725.569733396
33666,6420647.178101213
33667,3550452.961800974
33668,6953690.961496691
33669,18517454.623544373
33670,4741533.402654613
33671,5269829.826110372
33672,23822585.292352535
33673,11557175.087591788
33674,5744004.399298666
33675,9314460.416022122
33676,4179164.7853771113
33677,6587196.512381977
33678,8215558.687388313
33679,14206328.758091344
33680,6881989.109517694
33681,9369902.351331308
33682,7817298.667544004
33683,6700880.65922543
33684,4902448.378597955
33685,7181696.874261466
33686,7906979.655512179
33687,6246831.861488472
33688,15909963.378793359
33689,3898050.5276620043
33690,5132473.52018193
33691,7893117.59330999
33692,5382560.435478961
33693,8501342.400635485
33694,5708235.620524294
33695,6614040.871722929
33696,7151665.554510682
33697,4959780.595336268
33698,7432603.252742577
33699,10818775.08049083
33700,3871775.246522342
33701,7609070.521413379
33702,5929436.591535301
33703,7524222.013562576
33704,4071079.741400744
33705,6587277.983809873
33706,7014565.215167848
33707,4986452.664582354
33708,3134397.0046830056
33709,6164323.000801374
33710,6110932.6096818745
33711,11685890.686156167
33712,10066367.78094748
33713,4251407.795578626
33714,5375643.328415841
33715,6790565.813182761
33716,4232129.496054685
33717,9163815.51082982
33718,5294273.81948837
33719,6402987.526163321
33720,5906153.800739181
33721,7097155.922436798
33722,5421892.175034829
33723,4546829.740413107
33724,5594503.893911513
33725,4886232.716312801
33726,7959069.466763753
33727,8518366.6886781
33728,7251225.035953192
33729,4705486.365541789
33730,5492366.340098134
33731,18092435.692948032
33732,7375600.313227749
33733,4271602.880589158
33734,6707179.157978043
33735,7597275.945518187
33736,6479066.218968318
33737,10640610.019982593
33738,5465790.707061336
33739,6404367.5904975375
33740,5183531.030684714
33741,12911386.110794377
33742,4894636.207967459
33743,6710773.866042297
33744,4731378.568754512
33745,2143537.526704353
33746,9217984.019948076
33747,7572162.047580371
33748,5512911.0391363865
33749,5175205.099973972
33750,9527226.42036723
33751,5226344.867135828
33752,4620557.80294085
33753,9228788.139815584
33754,8049276.013227374
33755,10445186.922567064
33756,6258369.222842251
33757,5335250.9032775145
33758,5760190.691421333
33759,3185750.5731257894
33760,4693267.265827994
33761,6003572.58929388
33762,5893122.344084958
33763,5550654.624675025
33764,6574930.254644301
33765,6681176.821835799
33766,4715050.259735114
33767,11427172.185152551
33768,6009415.859982011
33769,7035603.832996499
33770,3301980.308459248
33771,4504400.56702304
33772,7238945.932993471
33773,5559486.506050165
33774,6558820.392501783
33775,4750901.069075313
33776,5723416.594005917
33777,7662358.520465231
33778,8347696.541155153
33779,8800721.123774564
33780,15499147.51342431
33781,7134572.041818444
33782,4835478.329276685
33783,7561303.303206199
33784,6478173.016435631
33785,10763044.60564783
33786,7393766.519954519
33787,7191676.91559345
33788,5371600.160757339
33789,5029527.0256670695
33790,5439464.637835081
33791,6603332.144840146
33792,4727530.1414357005
33793,10017695.01478675
33794,5402968.572528153
33795,5206485.3609356275
33796,8283022.629140011
33797,11639160.409921547
33798,7914047.671731895
33799,4498061.873301481
33800,6043068.687058981
33801,6295187.6547291195
33802,5921670.590764871
33803,6153154.25491803
33804,6994283.820193508
33805,4952460.608166058
33806,6953712.590911653
33807,8765110.579907408
33808,5818908.018991032
33809,22195340.624590036
33810,6143856.143207951
33811,11097505.360057356
33812,10759068.819158563
33813,4197508.0254744
33814,14153851.662337294
33815,12117566.228621082
33816,4536266.1774667045
33817,6625043.609846754
33818,7534169.401850764
33819,4463951.570410872
33820,6170595.405511515
33821,7274094.003083606
33822,4652345.791922486
33823,6230273.785481843
33824,8844403.387281159
33825,8897370.516146421
33826,9183911.370653078
33827,6964611.936814627
33828,6174903.195211118
33829,8552037.083978903
33830,5196248.442603423
33831,10144252.75623151
33832,7395093.295606792
33833,9067492.395175762
33834,6495502.770822764
33835,7579475.224470104
33836,7366488.420036736
33837,3417137.2832327774
33838,8314406.6118726535
33839,6209918.270707163
33840,9329154.971186655
33841,11749805.327937817
33842,9080955.849760633
33843,7460323.026335946
33844,4317528.50600938
33845,5445996.707149677
33846,5700886.990523555
33847,5863937.112284096
33848,6484424.653089486
33849,12518724.28892556
33850,4644270.230360607
33851,4722932.995007363
33852,6687479.900557813
33853,11554835.061853647
33854,5087687.266629043
33855,5366871.677703412
33856,2186969.277359827
33857,7702338.500087977
33858,8000087.475376729
33859,13802440.182017602
33860,3432407.7377834916
33861,4833224.695518389
33862,5081498.115572381
33863,4444265.3500244655
33864,6063527.4681805065
33865,5325894.6213101875
33866,6977926.767471352
33867,5586899.226157702
33868,9241636.168609224
33869,9051881.937703134
33870,5864619.4805591805
33871,6681293.800904758
33872,6698137.050655762
33873,6745022.97759247
33874,4772457.7960412465
33875,12551703.868602581
33876,8074271.3776448285
33877,8041963.034134549
33878,5852095.458031373
33879,6975741.660826911
33880,4244116.3560221875
33881,6879848.790494341
33882,5177151.289616412
33883,5262523.452359711
33884,5989302.001698352
33885,7547474.296062186
33886,10907420.175739994
33887,8420458.749813577
33888,11627683.460254755
33889,5715568.980578211
33890,7288695.566556955
33891,7058581.05402044
33892,4079043.2263438883
33893,8672500.311321896
33894,4628670.168663931
33895,6335135.146544516
33896,5475232.338215658
33897,4678163.969877917
33898,5502858.948780667
33899,13743618.899848605
33900,11096283.009835446
33901,6432511.173069696
33902,6440054.369343773
33903,7217181.241502282
33904,6327072.110935725
33905,5706178.404842661
33906,5191983.598617408
33907,3045741.0712831323
33908,3829572.619051129
33909,7433413.722811873
33910,4621981.568062616
33911,5798865.210807639
33912,3980597.737615866
33913,5621996.210357196
33914,3774556.411337744
33915,23660264.815047115
33916,7498203.542134922
33917,5922038.788807354
33918,9507306.97382517
33919,8050665.505472652
33920,3774556.411337744
33921,4645407.096411088
33922,4486647.595155073
33923,11736311.439849442
33924,6101160.5025450345
33925,8848598.043413429
33926,7275068.166948267
33927,10467236.545699231
33928,7330206.018780191
33929,7714708.322798086
33930,5909935.818823996
33931,7540168.628391116
33932,5347057.63811413
33933,8152409.598952752
33934,4582638.86262776
33935,2852354.1452488215
33936,6479851.280017395
33937,5653359.044727161
33938,8394137.57894482
33939,6500076.882653769
33940,15199416.249210283
33941,7261452.724192921
33942,9262102.418417513
33943,8780985.865045931
33944,6235801.185879867
33945,7805876.84213519
33946,5947203.381655444
33947,10557424.276536794
33948,7551144.092226955
33949,5917383.8906617835
33950,6374479.14419211
33951,3920344.7188480617
33952,6772967.307396795
33953,5340374.078160995
33954,15053363.489680564
33955,5830649.821014941
33956,11355219.075596001
33957,3642972.0673842845
33958,3645516.5211470686
33959,5473637.445717123
33960,6039929.043111816
33961,7374837.888989584
33962,5707502.449464076
33963,7602874.087609115
33964,6351982.75827506
33965,3592907.0093170973
33966,5297243.7134953495
33967,7082465.0349434605
33968,7722952.899621609
33969,5215207.064479965
33970,4079110.775848799
33971,4942311.705602686
33972,10617889.06884344
33973,7623396.0913276775
33974,4256934.686720101
33975,8136958.264543555
33976,12382992.924024949
33977,5876489.8374195155
33978,8959977.29520712
33979,7509038.733072949
33980,10874836.330305299
33981,6659379.027543337
33982,4229468.650483767
33983,3760618.7447380004
33984,4738295.408251376
33985,5854642.188796975
33986,6653409.885010171
33987,5408127.740388841
33988,2846512.4020149997
33989,6293309.549571917
33990,3395886.174402836
33991,4974088.645280802
33992,2965710.224456411
33993,12274293.096416585
33994,7098701.694791221
33995,8050030.3140741205
33996,7552346.761563333
33997,5770961.024189853
33998,9998177.727469731
33999,5805048.89769011
34000,4733186.273913323
34001,9209418.253920376
34002,7441020.705495669
34003,4615640.420763115
34004,5234061.843028378
34005,6351298.110455566
34006,16552236.005883861
34007,7531714.18964588
34008,5944194.843660148
34009,7462536.639688455
34010,6450933.314528215
34011,4964241.501423688
34012,10369450.937331123
34013,5465056.567182909
34014,9647550.859230557
34015,7525756.999488099
34016,2918152.3100547697
34017,10265276.271573657
34018,9706523.475103095
34019,9011556.710475946
34020,7108260.621320992
34021,6875125.521456665
34022,5949245.861609595
34023,6159403.019051339
34024,6320192.6577736745
34025,6311658.900522324
34026,8843010.349527203
34027,7032718.794645124
34028,7140252.946555651
34029,2677909.974771551
34030,5249098.241238212
34031,18437995.735988457
34032,8958790.23585339
34033,8564507.71329329
34034,8017407.842968546
34035,4763310.251399268
34036,7526348.779830558
34037,4430879.018256151
34038,4467039.943375914
34039,5682741.080792036
34040,8531374.370451527
34041,5439907.61096716
34042,9024094.148132084
34043,4164120.4243120714
34044,5022659.260516308
34045,8135312.4100146955
34046,5769600.135799502
34047,7598524.242974306
34048,7941336.588731867
34049,4445804.050681385
34050,8562072.958241245
34051,7773406.250789306
34052,6722693.109248661
34053,11179616.203364482
34054,6349831.901375569
34055,4616616.885801494
34056,3650174.7362348977
34057,5343076.80960032
34058,10577647.90479069
34059,6255039.264381777
34060,3593295.8216563407
34061,5173645.359512943
34062,3773610.818178969
34063,6427858.857656095
34064,3794209.309754138
34065,5145627.977482967
34066,5361187.188707418
34067,6206932.055061416
34068,11938023.399550851
34069,6214453.131088118
34070,6609110.873768975
34071,4072187.3516032747
34072,11361043.655875789
34073,5244970.188592591
34074,14829083.058530483
34075,5783691.716365826
34076,6233302.751023894
34077,5651980.189085325
34078,10584905.445388122
34079,8733012.520527113
34080,6118444.134305497
34081,5866342.408293138
34082,7567805.820495258
34083,6765456.590961634
34084,7522625.692027576
34085,5500777.40211243
34086,7681560.290536558
34087,5193887.566056853
34088,5221212.9936088985
34089,4357931.653214359
34090,5167132.853651168
34091,7488567.3915849095
34092,5814470.1899420805
34093,5680932.741770132
34094,5120243.196589256
34095,4103129.7808595733
34096,7634791.87670925
34097,12575899.519700835
34098,9286182.992851546
34099,7206644.645520738
34100,5361198.434423513
34101,10028975.503588164
34102,6418326.565477345
34103,7311962.209129123
34104,2237035.9854078703
34105,4833343.665357405
34106,5935605.063832612
34107,7645121.620709267
34108,6445087.8773718625
34109,9422732.526018698
34110,7400875.957706036
34111,4707193.968776942
34112,9006661.779799506
34113,6301906.967843761
34114,6369781.343891327
34115,3536856.953153451
34116,8998536.354487075
34117,6468932.896185823
34118,4179376.387201212
34119,8516744.433215111
34120,3789653.6779694175
34121,4240757.924921039
34122,4704780.353561554
34123,4488277.841570888
34124,6540332.637671477
34125,3854308.7965253913
34126,8620771.502550008
34127,3708448.8080501896
34128,8368629.286318439
34129,6880002.454568414
34130,6003578.598659232
34131,18478966.006784704
34132,9971594.291206563
34133,12112037.527414728
34134,6176121.861124938
34135,7484462.30696524
34136,7704669.775111276
34137,4980700.039040458
34138,5955744.804765597
34139,7515702.552852467
34140,6894430.306506998
34141,9006117.165536545
34142,6763480.923037801
34143,5872352.115806722
34144,9227306.78490403
34145,3994809.2308272007
34146,9651567.017500289
34147,6884711.947074863
34148,6088259.970358186
34149,4501808.279397107
34150,12131607.426506033
34151,5519655.3328442
34152,10019315.225538488
34153,4367291.8885413855
34154,6875961.737729071
34155,5387367.658921628
34156,6357919.426946342
34157,8064582.946500058
34158,5168642.743862987
34159,12588223.701063234
34160,5950121.199352533
34161,4313769.514888092
34162,6668264.418982208
34163,6307856.728703176
34164,3632076.2559153186
34165,6262799.276848523
34166,6125325.400064877
34167,8846323.77555912
34168,7980719.239221831
34169,7735526.7740486115
34170,7553787.9882799275
34171,5746229.842662597
34172,6176626.083575648
34173,7962724.229976523
34174,4671534.070565517
34175,4860293.564924787
34176,4996782.520126735
34177,5568914.555748717
34178,6898384.87683617
34179,5675885.83956157
34180,7594011.259626116
34181,5355842.077809985
34182,6675741.873569597
34183,4680244.184282255
34184,5477418.25239994
34185,7324295.428086012
34186,9076674.570305362
34187,5295441.0654090615
34188,3844655.3448564066
34189,8864745.582458876
34190,5913844.7294097785
34191,10636726.980837664
34192,6691856.825331251
34193,4857145.607108796
34194,6247995.5522406
34195,9140947.169462917
34196,3675132.6224170728
34197,7508311.929155923
34198,6396853.156903698
34199,6248402.161371694
34200,7664571.920826173
34201,4596126.930990356
34202,11219991.40807162
34203,8133664.806136321
34204,7278257.392283747
34205,7282608.518344609
34206,4907959.888456317
34207,3812880.31175601
34208,8642851.009636195
34209,5822380.792740335
34210,11700614.111852027
34211,7537397.968759907
34212,4987051.280144602
34213,13174350.179070117
34214,7405806.206683977
34215,3994073.3213405525
34216,22548519.428474873
34217,5228029.778956027
34218,5630767.659004218
34219,4557232.476473076
34220,4440127.824403907
34221,5324639.258949382
34222,5912292.244551304
34223,4181342.6264912225
34224,7891683.00571919
34225,7205610.368509576
34226,6583515.943715853
34227,6172606.369839788
34228,9231471.530084018
34229,6029817.165557374
34230,4408194.056138122
34231,6099377.076622913
34232,4230384.875624096
34233,15570553.276836429
34234,4362540.250317166
34235,4252230.699343943
34236,5929160.620007057
34237,15989179.57390355
34238,10712816.278776515
34239,5872010.626553256
34240,4771676.957672624
34241,3597397.5810196926
34242,5187709.965214383
34243,7512769.80966484
34244,4223707.441268635
34245,5480755.2072877865
34246,6570589.802454803
34247,11725231.766831692
34248,5020337.271070276
34249,4160704.1194824846
34250,5815335.395588379
34251,6503046.208823129
34252,10001435.957084903
34253,6626018.025784494
34254,10430123.235154219
34255,5393775.303880447
34256,12202276.521821508
34257,7641191.275922511
34258,5919028.363521766
34259,14049628.134415567
34260,5376946.883289889
34261,6894955.536879576
34262,6639062.291761916
34263,5562846.114333543
34264,5016988.5115194805
34265,6862828.84667032
34266,3775060.448532942
34267,8714975.401656322
34268,10183780.533401065
34269,6583248.211251769
34270,10180122.407771602
34271,4725627.275348253
34272,10820968.358960379
34273,4582188.250283994
34274,7336020.349011144
34275,5924274.58404028
34276,9667313.70519567
34277,17930993.357414134
34278,3387658.9639359144
34279,13031468.341737393
34280,5370572.639334369
34281,3956199.071657991
34282,5998656.406092917
34283,8222264.605368148
34284,9558031.996486502
34285,4416917.57411677
34286,5674906.720453921
34287,7321012.671189285
34288,5369950.719333864
34289,10391274.265231228
34290,6227756.439200059
34291,7409709.8578760065
34292,3787964.5765981125
34293,37399135.32862055
34294,12895144.273441536
34295,7330581.49754376
34296,6681534.652609026
34297,7734112.489777698
34298,7400966.2579844855
34299,6400559.281874656
34300,6222196.924921518
34301,6163114.759037346
34302,5616723.021709741
34303,6773709.557934752
34304,7229071.29242141
34305,10747536.236835957
34306,5573860.967508091
34307,8853227.47440685
34308,9290800.537199581
34309,5584337.489596899
34310,6607853.958787721
34311,7953578.943657523
34312,3501242.870235589
34313,7387753.8632741235
34314,6981260.64766979
34315,14374169.758545177
34316,5640968.474914262
34317,7077836.240860494
34318,5142761.484956668
34319,4212225.356090164
34320,7161062.657593733
34321,2757929.1876673433
34322,4630318.80098596
34323,5629336.641362922
34324,8201171.006151129
34325,6113494.095962451
34326,7780624.806893456
34327,7388204.408995132
34328,15774698.62560295
34329,11142428.692543669
34330,7309895.963611395
34331,8043114.151850141
34332,7367515.296879488
34333,4654764.232070446
34334,5130432.382896016
34335,9220853.016591195
34336,5228570.065060584
34337,4135722.1460883073
34338,7283771.538880511
34339,15989870.90760702
34340,8605687.740970938
34341,6332150.572389935
34342,4864853.712418473
34343,4295257.136022611
34344,10729015.476934794
34345,11820763.684013175
34346,7786790.998506683
34347,5359643.696562956
34348,5116503.535259345
34349,3856945.319234527
34350,9159662.185562138
34351,4047452.5910505936
34352,7219787.107923229
34353,10333177.350463418
34354,3789084.7997529507
34355,7488929.427647717
34356,7841022.903472315
34357,8557317.022041228
34358,5894605.13426561
34359,7563370.638699485
34360,11816119.289952813
34361,7619050.1141507905
34362,4930368.44427124
34363,4451595.451140126
34364,5119657.643771092
34365,4833211.000623142
34366,6539845.083148306
34367,9698566.132515954
34368,4266709.296030848
34369,5426731.79015377
34370,5997345.746199165
34371,5969109.971097494
34372,4615966.443202743
34373,9128755.545067035
34374,10404805.689661855
34375,5323809.9123134455
34376,8066334.0757039115
34377,4496597.161009614
34378,6310357.910385409
34379,9095999.766345507
34380,8004598.56367342
34381,5159749.956249192
34382,4470311.841880006
34383,5571324.108475623
34384,8756623.09181405
34385,4151404.30832991
34386,7058765.899646176
34387,5279023.82919375
34388,7916424.944057443
34389,5524998.4043590445
34390,7261185.097408366
34391,4959486.376009082
34392,5272794.890685333
34393,5850289.240472554
34394,5323613.1920323875
34395,5500820.299106161
34396,13039533.62705535
34397,3139039.240789882
34398,9599775.229431037
34399,10146466.181142395
34400,9487497.121693745
34401,5242310.181018928
34402,4743161.316056613
34403,5829307.697766753
34404,7900671.60171045
34405,11450947.068881037
34406,8947234.752250224
34407,5144560.676994509
34408,3647915.4681552267
34409,6708607.263819888
34410,10303725.182952622
34411,6374169.8821680425
34412,5566092.391903378
34413,7369296.689959943
34414,12679851.829458434
34415,2776601.966422856
34416,9858699.165838156
34417,5619433.745419969
34418,4106583.8719038907
34419,6755416.590792241
34420,8536344.30145574
34421,3639410.8850731105
34422,5394332.638953571
34423,4529587.876357046
34424,7238702.732474448
34425,4357039.842845906
34426,3960534.965853288
34427,5935009.584049347
34428,6713040.467014018
34429,7431095.649145704
34430,7657180.025096669
34431,5320549.1321940925
34432,6061679.488993554
34433,3419021.6724015796
34434,5268730.653184416
34435,5396390.747791868
34436,6860763.863211773
34437,5014305.29951726
34438,5210106.120724189
34439,6251692.876425277
34440,5643105.650900647
34441,7242974.669840982
34442,5898997.468786294
34443,4544717.662064953
34444,5188148.114790398
34445,6283346.813015715
34446,6519097.578859114
34447,13499287.825091453
34448,6296255.416010666
34449,10081820.498547308
34450,5054943.1447561225
34451,5736427.800837701
34452,6551733.727102777
34453,7377741.42190455
34454,7062086.315190449
34455,5999889.265851285
34456,5976928.669298078
34457,9284095.974897522
34458,5597273.670524593
34459,9425161.732355218
34460,6721573.211616499
34461,6401069.680772186
34462,5954071.658055511
34463,4768399.535575158
34464,7184320.114676064
34465,15086877.50815902
34466,3174654.067783398
34467,8005514.330275056
34468,11549389.491746368
34469,6266627.290599822
34470,5190413.042203706
34471,9269673.627415838
34472,4879077.096104382
34473,4407169.7211914
34474,9871475.541152118
34475,5818122.955475014
34476,7504568.119590978
34477,10203042.397942564
34478,13086203.569003858
34479,7014018.855923765
34480,6889616.393550661
34481,10043493.087803846
34482,8957655.016228667
34483,8031026.86039305
34484,8009148.889138625
34485,4105042.8594976785
34486,11503552.30955555
34487,10929715.664336143
34488,5448059.86675953
34489,5462794.964697096
34490,7797320.134925221
34491,6866972.853589793
34492,4165644.3547014953
34493,4540235.395547817
34494,8115549.485123517
34495,5164606.978332916
34496,5694196.658186976
34497,5016433.482175732
34498,6110683.05524249
34499,9815766.585225249
34500,7378968.002203232
34501,13874971.398718487
34502,4354023.51196008
34503,8788086.497126244
34504,8755574.353365086
34505,5422863.913242198
34506,13771461.252314504
34507,5263332.552726814
34508,13547776.419291342
34509,5744700.054725918
34510,28989751.232104793
34511,8915397.921370193
34512,10377498.049221648
34513,5428861.893834766
34514,4855733.304192666
34515,4049777.249241043
34516,2502512.9054537253
34517,7074728.114401024
34518,5155669.082753362
34519,7582181.234298533
34520,4406301.476898872
34521,26311787.946827155
34522,6432277.307095397
34523,5521293.690994933
34524,6515895.548571037
34525,5219849.705182817
34526,5428291.478011078
34527,6905199.179086657
34528,16443282.189239006
34529,12686661.069379935
34530,7571696.691063797
34531,6015811.183523882
34532,4647429.2966298405
34533,5427704.9755447
34534,8319240.091316904
34535,2673569.4783238457
34536,7119690.595363355
34537,3579309.845230802
34538,5766793.616764302
34539,7462410.818798411
34540,6666428.083256305
34541,9301537.166576177
34542,7288589.77277168
34543,6353227.672865216
34544,5054535.205344254
34545,4870697.1349206185
34546,30417699.26717798
34547,4560955.37702843
34548,11477023.770358462
34549,5756925.997356716
34550,4209264.655613116
34551,6758562.4397300985
34552,7806614.558476932
34553,26073658.590792347
34554,4153009.963943047
34555,9937986.897274613
34556,8427661.326288624
34557,11231540.564255502
34558,5218345.2652403135
34559,7447506.461695917
34560,11124372.947392816
34561,5462471.591334089
34562,12781875.66987023
34563,4177899.5868113474
34564,11166399.461420203
34565,4713792.764263343
34566,12218209.122357715
34567,5496154.614449138
34568,5622175.223570195
34569,8289797.97300611
34570,5747845.213440671
34571,9260585.191009138
34572,9343524.488486797
34573,11347908.794597637
34574,5676369.244760473
34575,5954432.494676868
34576,3447833.100196047
34577,6504792.945194808
34578,5302412.320211848
34579,4169761.6796618043
34580,4165232.177041787
34581,5282066.001529058
34582,6112204.567298789
34583,10489233.953844333
34584,6126767.323557993
34585,6326910.664446386
34586,2137398.0958196386
34587,10757446.634367114
34588,4751139.326234456
34589,4150993.5396785205
34590,8784354.63834808
34591,9471528.085147379
34592,5621269.113409542
34593,5259756.1460073115
34594,7853102.51005293
34595,7805911.751627168
34596,8243381.4908947665
34597,10596274.894872842
34598,6516319.810445021
34599,4770650.173348146
34600,7467897.571314676
34601,5792990.096337071
34602,6904362.748062616
34603,6256652.367152469
34604,3880614.441391572
34605,3866566.418809841
34606,4452232.048343933
34607,5384976.28615256
34608,11126619.232644046
34609,21464867.743231513
34610,7891269.234931654
34611,5679287.538282232
34612,5783564.061752757
34613,9685998.81002252
34614,4687558.253002701
34615,6095598.992342476
34616,9567437.67192289
34617,11313483.42692665
34618,10871721.096429748
34619,4954030.53588551
34620,4663601.62703816
34621,5394506.611665598
34622,5931257.72410156
34623,5281530.776859295
34624,6154010.271157241
34625,15272975.202685643
34626,9216118.893115373
34627,5372205.818975072
34628,4659038.476906524
34629,2915017.6543133236
34630,5377755.478327029
34631,6227916.002205526
34632,16792976.254227247
34633,5411559.025091287
34634,6285376.045198715
34635,5055107.826147331
34636,7472665.255345982
34637,5996684.220061261
34638,5916936.818163409
34639,5439281.750916081
34640,3547565.7860776526
34641,4561255.801139728
34642,8608623.91762414
34643,4861544.140028828
34644,6546677.110219844
34645,5459128.730648293
34646,5660918.582837177
34647,4950939.048806772
34648,7622620.344088984
34649,11106280.097602893
34650,6679699.618761661
34651,10554469.121348917
34652,5194093.585785151
34653,7420482.046914486
34654,4759395.034932826
34655,5496479.314793924
34656,5066625.086007922
34657,7659089.915612714
34658,2748708.6556480736
34659,3963775.028655635
34660,4573434.312964796
34661,7190475.80570785
34662,4219739.732808831
34663,12926986.610783655
34664,6473730.349576695
34665,8740745.211023115
34666,3718083.2301545977
34667,7949968.395094997
34668,4568942.631359944
34669,6714171.776695752
34670,8665826.557154747
34671,4589146.551663297
34672,6916287.994677798
34673,7907379.740305365
34674,6238923.778234516
34675,6913052.676873761
34676,5237934.011665166
34677,10660012.794694833
34678,6174986.450731434
34679,8564284.906988671
34680,11400936.805739358
34681,5394048.448228908
34682,5522337.101041094
34683,5403505.7845662385
34684,3188723.5826900103
34685,13069578.736725127
34686,5757842.231779121
34687,5461350.1348833805
34688,13790561.18621631
34689,6411736.470941028
34690,10546341.071553545
34691,12640396.616582392
34692,15542135.275738852
34693,5049485.577972078
34694,7606708.806106935
34695,5906177.653336401
34696,6198257.47675791
34697,6975220.414141071
34698,6219364.952952274
34699,6932713.42094929
34700,7924521.309969811
34701,12865380.766018584
34702,8664779.542694252
34703,3177252.92471361
34704,5108315.057111502
34705,5831812.90051272
34706,6027674.908143061
34707,5146313.527573919
34708,4821547.579924237
34709,15443098.371143365
34710,4581676.552698958
34711,10309928.439833129
34712,12012860.647042453
34713,4896388.072110784
34714,6137951.818740381
34715,4342145.089377474
34716,15025728.774342954
34717,5143209.466877507
34718,5742108.047659053
34719,5753316.041339377
34720,8361873.579872769
34721,6554563.0323884245
34722,4703718.664687054
34723,8004825.522699793
34724,6525185.183404381
34725,7302697.339371841
34726,5012604.3324845405
34727,5572304.341513516
34728,5947050.441723774
34729,4542202.399189768
34730,10476667.307556141
34731,10758183.922944186
34732,9994172.09457397
34733,3777212.4821851104
34734,16623119.16112136
34735,4723068.733226708
34736,7229741.845794828
34737,11031700.970111502
34738,7612747.165880901
34739,6328057.491783013
34740,8286171.340014541
34741,4768622.357462938
34742,6804749.631400967
34743,5622057.334956291
34744,3432756.3033958743
34745,6965687.491423746
34746,9610544.777181746
34747,6395480.238267832
34748,7724102.422456697
34749,6803041.783842077
34750,4813452.599897292
34751,4850598.675272426
34752,31023753.624066323
34753,10756695.681416824
34754,9391206.087820137
34755,4413159.617341236
34756,4559346.205755983
34757,4760026.923864038
34758,4045938.11282555
34759,6448545.4133877
34760,4494415.361038326
34761,12553452.06515533
34762,5575989.777288107
34763,7783081.212618496
34764,6414534.256127042
34765,7084554.4782232335
34766,20488877.099229705
34767,9560641.259189203
34768,4814199.103365049
34769,9296860.721502632
34770,5644862.094791427
34771,14610238.418741308
34772,7203061.526815377
34773,5444712.562849805
34774,10266623.029731177
34775,4553671.621818345
34776,9947389.329627503
34777,6070787.280021282
34778,6348464.64274245
34779,7129402.095164198
34780,7587295.861293278
34781,21877360.099166278
34782,5499656.65215423
34783,13287558.621645918
34784,4255241.274428334
34785,8909782.067178277
34786,6540458.503203083
34787,3782996.432163281
34788,5880138.267766207
34789,7586616.86278749
34790,5090278.030733948
34791,5466525.839795255
34792,8311848.784264716
34793,4161086.8281666855
34794,20901519.96064487
34795,5390499.357994471
34796,5432082.488858935
34797,7849073.610211249
34798,6775677.229158181
34799,7861053.328383392
34800,19250139.977323513
34801,6471356.38130986
34802,12959185.66237546
34803,7337255.894059991
34804,7357195.899492594
34805,7535144.334897045
34806,7121376.30950991
34807,4504225.364365361
34808,5811651.181231258
34809,9261454.604349423
34810,7780032.843769637
34811,4862699.82570094
34812,3889371.498106066
34813,4512388.81700669
34814,4339132.1419589985
34815,9595758.173783546
34816,8074856.241986286
34817,7483304.433706835
34818,6501293.28984441
34819,7876552.26829856
34820,7040928.9892953895
34821,3922074.0397485904
34822,4703015.357193748
34823,5880070.580530016
34824,14941349.131003227
34825,11119109.858796766
34826,7535090.997692925
34827,4217481.708786956
34828,2748833.249100599
34829,8495276.219004666
34830,5817999.328910991
34831,4350086.80153436
34832,7674907.529064331
34833,5633278.1363549335
34834,7680567.833156059
34835,4347372.534211387
34836,8021469.309650788
34837,6995837.200090898
34838,8194372.4602597905
34839,4657982.164409019
34840,13305959.535509292
34841,8897602.28965901
34842,6277849.91737351
34843,6921150.726034214
34844,5608438.969576009
34845,5892725.243808134
34846,11224991.18488854
34847,5754980.251818297
34848,7301246.369854794
34849,4760117.695418911
34850,4568674.465657913
34851,3763050.218336357
34852,7656934.056922082
34853,3782996.432163281
34854,3771597.777497817
34855,16279880.052070763
34856,7653398.210023891
34857,9536678.785116393
34858,15571826.603458881
34859,11769408.183215244
34860,8313927.758737274
34861,6593687.694534189
34862,6783647.913289653
34863,10760205.162217673
34864,7591577.232196907
34865,4344107.696477825
34866,5714869.732534367
34867,6696700.970158601
34868,6076029.163728635
34869,7794450.08049528
34870,7405428.969491918
34871,5467819.199681043
34872,5794599.06388711
34873,6421178.654078496
34874,7348802.513846276
34875,8313722.830936851
34876,7633514.567647112
34877,6013063.484167142
34878,6626972.792131225
34879,6180371.720382754
34880,5893201.569184073
34881,6476964.480879799
34882,8179126.443431454
34883,4302917.554751584
34884,6264545.653690558
34885,8023091.640287273
34886,7355515.345144486
34887,5188370.738410539
34888,6712521.21072638
34889,5455478.278123975
34890,6354131.732995016
34891,5986109.58064326
34892,6356014.922990399
34893,6472555.168446282
34894,5007791.83700468
34895,4649434.418658603
34896,19430802.466924608
34897,7323944.7739742
34898,7800409.909924881
34899,8139423.673737656
34900,4517310.555763185
34901,5377443.867257434
34902,8008994.58595232
34903,6545506.907540239
34904,6858085.704177618
34905,4680636.787906619
34906,8880382.41434071
34907,7408181.71515716
34908,11193744.338603929
34909,3905075.2883084984
34910,7935255.989851642
34911,7237732.49687326
34912,6867917.704559661
34913,5244405.1615626775
34914,10412986.555463787
34915,6689615.550387138
34916,3959317.708141371
34917,6448088.253798916
34918,12717905.529230122
34919,4370238.533738237
34920,4669614.179461151
34921,5553454.673086962
34922,7522680.485849153
34923,5535571.751120785
34924,6163789.4114067275
34925,11234700.769964831
34926,3777217.506451377
34927,10346779.420538872
34928,5097882.361015207
34929,8798390.234441811
34930,4883024.215914813
34931,8206013.297072077
34932,6543191.113343897
34933,5159078.762442281
34934,7823705.964149861
34935,5370740.915496341
34936,5573571.560896364
34937,8896552.066795724
34938,7017979.0732033895
34939,6127617.482349232
34940,6912971.767372617
34941,15057081.149106475
34942,7923991.160385322
34943,4952091.246449895
34944,6353559.298786822
34945,8040762.047712059
34946,6438272.538038464
34947,4621190.961657243
34948,4023830.3464676836
34949,4910699.210554879
34950,7237732.49687326
34951,7468009.199423852
34952,6511709.282574409
34953,20200543.105613537
34954,5165716.654454698
34955,7518796.690701593
34956,8228607.943141558
34957,5624925.440580335
34958,6222424.5308574205
34959,5405829.405301743
34960,8281799.626041598
34961,5721800.010662734
34962,12023345.109944945
34963,7285371.77225055
34964,9305908.559266686
34965,5842714.733531298
34966,5263386.730467021
34967,5805210.2243222315
34968,5762456.724147341
34969,7492761.5174905695
34970,4808172.160287458
34971,3975437.5445821066
34972,4328205.768542656
34973,4082239.2190016084
34974,11627072.658757444
34975,12993988.473656176
34976,8651725.674965702
34977,5772854.654418422
34978,5823969.046705068
34979,8531653.360399822
34980,10692743.607648784
34981,4397172.619498659
34982,6241300.537192942
34983,4943075.648420354
34984,5950066.933940554
34985,6494615.347177683
34986,5165805.858254905
34987,4292650.650738256
34988,14303356.197677398
34989,5217448.603149828
34990,2771562.8521532775
34991,5299813.705460946
34992,6922221.67865307
34993,4156910.7477770387
34994,10117432.344128404
34995,6635504.904311909
34996,8109062.368803423
34997,10210507.045560818
34998,6313653.295676278
34999,4194149.762132099
35000,8038960.683967056
35001,5870044.327479748
35002,6516133.327827438
35003,7485298.242485925
35004,6218362.21803511
35005,5255375.215729694
35006,5768388.278055443
35007,8834265.983292429
35008,4891058.257934911
35009,5688759.24889636
35010,3459567.322154678
35011,7220009.086277293
35012,17400507.333593857
35013,10410807.459931964
35014,6342109.876484146
35015,9522402.680570832
35016,8615640.037163064
35017,3995129.7896422427
35018,8673455.629693972
35019,11045207.139684737
35020,7551588.615073634
35021,5586680.525876233
35022,5234918.7924044095
35023,4123121.512647203
35024,10063529.837177072
35025,7735839.168461774
35026,2181088.9672958925
35027,8858937.420522764
35028,6144625.738082446
35029,4477804.808487283
35030,7922056.028191201
35031,5172333.326358035
35032,4644818.383588696
35033,5679975.295226907
35034,9423488.092970999
35035,14286767.702357473
35036,7326368.479214769
35037,5746955.643441485
35038,6541213.680509295
35039,12941197.318867942
35040,6310168.9526490765
35041,5738673.4903184865
35042,9940395.758928105
35043,13836916.197241692
35044,6951989.200607239
35045,6446202.2907280885
35046,6099667.338159885
35047,5021398.960426945
35048,5827341.625137298
35049,5155666.123393872
35050,5901720.97141024
35051,8304886.321710504
35052,5644341.57318285
35053,8939476.599404095
35054,4632222.098355093
35055,6051368.972188621
35056,5695560.522675041
35057,7654923.487917106
35058,5358748.411019248
35059,8312584.445166821
35060,12628671.372476084
35061,5297704.004832663
35062,8121580.82460056
35063,3971858.5313906576
35064,6572998.404601268
35065,6338825.407695688
35066,5235444.932692432
35067,5623115.994439091
35068,6689369.528389979
35069,3809139.5726904636
35070,7935529.977681792
35071,3869958.9630285655
35072,3037028.620765768
35073,9472454.896152899
35074,7229723.4106064215
35075,5178674.9603997795
35076,7251710.819074563
35077,7080154.346811099
35078,6671747.303141417
35079,7585263.65397899
35080,10055803.438128678
35081,5844160.7315169135
35082,12040037.843557276
35083,5231866.000111066
35084,15829751.086121378
35085,5512101.673549093
35086,8691532.148173759
35087,6502857.257615407
35088,5022005.863260678
35089,5585784.861468194
35090,3529212.2773668524
35091,2208154.4904586473
35092,4364907.867965742
35093,7700792.082043572
35094,5842655.068853829
35095,7005764.936053299
35096,6650037.384716162
35097,4675629.557878121
35098,11259809.005904805
35099,3823907.446659585
35100,5921940.460734438
35101,5570195.6191414045
35102,4197161.494358414
35103,29616270.055334512
35104,5327550.502787961
35105,7557454.52030354
35106,14131417.465145782
35107,3851618.0512994197
35108,17206747.94725406
35109,4788228.005084095
35110,6358188.43868823
35111,6301969.574116949
35112,10382796.67056841
35113,5596135.0416210415
35114,7959421.417213928
35115,6668250.794863146
35116,5253009.784602251
35117,3862093.591007432
35118,7130410.217737462
35119,6735949.098195688
35120,5545188.218309232
35121,5578009.936421163
35122,3878189.493504315
35123,6714140.937518203
35124,7381704.793634949
35125,5466488.000471361
35126,5738960.800360839
35127,5026122.294558518
35128,4268546.245492726
35129,8717299.61097495
35130,10757452.624752339
35131,15461062.79488887
35132,6690362.865560733
35133,6472582.865424176
35134,44913526.47486621
35135,5937123.661959655
35136,5553952.020724422
35137,5918429.324700721
35138,5727884.191796652
35139,12738894.146420987
35140,5274673.977158811
35141,4726616.435886482
35142,7353892.961264903
35143,8051089.884821732
35144,4870315.959854585
35145,6695372.558323507
35146,7134599.609519321
35147,4409819.981765116
35148,3703180.93254419
35149,9268121.767794026
35150,8929307.844874766
35151,5652936.362152123
35152,8759189.407156248
35153,5205121.2047601435
35154,6865598.704673459
35155,5908265.907293313
35156,4498754.816172231
35157,3560460.8835898964
35158,9664292.527302092
35159,9842834.136781402
35160,8733933.69032978
35161,7315504.9961911775
35162,5243145.297125118
35163,3881796.8774529165
35164,13652021.824805578
35165,7277189.268555809
35166,6192454.266200566
35167,7469619.861219561
35168,4796108.636021761
35169,7415478.98812865
35170,6991543.384393391
35171,2138129.9313484943
35172,7418077.10009048
35173,9979692.571964912
35174,7841350.620237775
35175,7218290.090873955
35176,8386352.922181469
35177,10651678.749919035
35178,11667127.216361737
35179,4556503.88714819
35180,5837474.303902062
35181,4498386.247555446
35182,12754199.037304167
35183,10591022.757685224
35184,18830692.273667093
35185,7339540.220382521
35186,12740904.38998853
35187,6130174.685653842
35188,9106160.279648973
35189,7059297.826983128
35190,6450080.485418459
35191,10832314.777308462
35192,6388460.232226135
35193,7351023.621803853
35194,4048227.9597836505
35195,11436311.176138636
35196,6239163.463818148
35197,11031779.935352905
35198,5725921.909327571
35199,5106695.411026146
35200,6590902.628463729
35201,7133695.939417013
35202,6682021.806078911
35203,5191748.074497258
35204,6512551.721979398
35205,5381016.633883356
35206,6883711.448982939
35207,5854771.224861634
35208,9571368.868941775
35209,6026983.463466909
35210,2954900.4766808306
35211,8654139.263056222
35212,5930787.599666566
35213,7148783.392763835
35214,5393612.6145880865
35215,6340948.049875198
35216,7387641.944347816
35217,7230159.592567629
35218,4361890.457100828
35219,7906758.9945284305
35220,7418224.323171681
35221,8133613.914292103
35222,7282935.245043444
35223,7081200.555815193
35224,4242671.569615424
35225,9731787.622291751
35226,6946944.270902604
35227,6411917.408795367
35228,6597130.009021414
35229,4756097.95150549
35230,6424325.752964953
35231,6808263.3849691795
35232,7075203.60629488
35233,7164340.620774636
35234,5501685.1762500815
35235,6999419.944838296
35236,5400012.479435504
35237,7400998.030661486
35238,6147225.471625014
35239,8808834.897027051
35240,4132097.4663766194
35241,4327533.90491394
35242,15957208.021184975
35243,5970143.867187988
35244,6627343.962841459
35245,6514674.137756772
35246,11415771.003412463
35247,4260741.21889828
35248,10779472.930969298
35249,4380080.444227304
35250,6752231.437004936
35251,3516921.037359923
35252,6196369.021984557
35253,5375751.971752427
35254,4631187.739342742
35255,4947010.368327503
35256,3984931.631572699
35257,4597944.06752703
35258,3902593.6087045697
35259,10295230.089165634
35260,10071988.191269506
35261,4278196.666872614
35262,8991058.038365753
35263,6582470.665878672
35264,8809120.83313542
35265,8662138.0179007
35266,8572667.638648452
35267,5121060.037822803
35268,4621229.880644071
35269,4566590.507005919
35270,3407283.8371894434
35271,4040251.5828918302
35272,7440231.567464664
35273,4532208.724132519
35274,3727322.6315017543
35275,4664247.403463664
35276,5376348.688643232
35277,5211304.03665622
35278,7614322.67700174
35279,7147909.427627473
35280,7470843.451508752
35281,7339540.220382521
35282,10752492.647502642
35283,9003611.460285885
35284,4056483.2812305414
35285,3402636.520408275
35286,4762329.844316565
35287,6926741.208114245
35288,7283415.251691968
35289,12938351.562827067
35290,6245175.923294904
35291,20913911.173325684
35292,6989818.890517568
35293,6293269.9090499515
35294,5560064.060299171
35295,6080906.820184113
35296,5369791.301632554
35297,7343325.568850516
35298,6973231.584391995
35299,8003738.639776193
35300,9112032.423544278
35301,10896383.18684777
35302,7224957.251195406
35303,6091480.94403008
35304,4138044.543481985
35305,10286864.621802159
35306,4066985.9684216906
35307,5620083.4070287
35308,3851618.0512994197
35309,7194125.012458884
35310,3411316.851427931
35311,3976658.1885164967
35312,6471766.17377319
35313,3844131.9859714014
35314,6066159.830247249
35315,7713066.42753598
35316,4106327.577330871
35317,6121824.227812956
35318,3745280.914367791
35319,7420120.354874325
35320,4909913.936381059
35321,3966017.4520082623
35322,6894001.797133252
35323,5210650.86984068
35324,4404282.080675121
35325,2957787.5226684264
35326,3017408.3286336646
35327,7008759.959831423
35328,14447414.941796869
35329,10950421.400155058
35330,3930313.6513099032
35331,9005196.015722422
35332,9442961.403563809
35333,6859595.708310682
35334,16329765.802344345
35335,2971049.9935816377
35336,9992268.414336514
35337,6587312.729876339
35338,9456617.23697295
35339,10133088.339300897
35340,6524737.042827694
35341,5563867.491907262
35342,8872316.538236514
35343,10749740.828417981
35344,9059409.957956122
35345,5140208.409552495
35346,3731983.1561881914
35347,4401517.71025198
35348,5871530.899762167
35349,6813402.589464924
35350,5408373.36666458
35351,9303459.763345815
35352,4219226.0043945955
35353,6314460.978194632
35354,6974055.22466965
35355,11682564.425319582
35356,21743818.269163817
35357,5930721.446974768
35358,4651794.26042465
35359,10906892.662266195
35360,4740572.789203498
35361,6140872.687516019
35362,5822423.08363342
35363,5668506.010236784
35364,4831900.38176237
35365,9060806.089104446
35366,7621973.421669731
35367,6826622.007237008
35368,15299458.063149836
35369,6181578.9233439695
35370,5292178.413448981
35371,6903855.719830305
35372,10243264.375670174
35373,5865109.361163157
35374,5996824.790197439
35375,5879519.382684526
35376,4410135.286909298
35377,3753580.1556599583
35378,10495781.997439055
35379,5407887.406612378
35380,6972508.646090071
35381,6057232.318114735
35382,9931882.541501679
35383,6594033.747657936
35384,5378813.987413882
35385,7122602.990111786
35386,5416759.943605181
35387,8240673.856709167
35388,3750954.1684033526
35389,6782165.119173343
35390,7716031.24489834
35391,6358468.974942259
35392,9173981.856569152
35393,6622888.103876737
35394,12893117.616714912
35395,6767946.743625081
35396,7431656.791835502
35397,7302554.23279629
35398,4230349.203155823
35399,3707380.273583837
35400,6133597.190646077
35401,6039303.058038212
35402,10199080.392930975
35403,7776285.216996222
35404,6721599.1240018355
35405,6057835.8027514005
35406,5337719.093642174
35407,9357484.68118742
35408,9253787.160096152
35409,6755783.499743677
35410,4927419.040146567
35411,9750942.363443054
35412,4886890.294524621
35413,12218290.276964165
35414,6578390.672085227
35415,6538685.001739344
35416,8399663.25569336
35417,8699613.420659417
35418,4631473.103044222
35419,5844934.174354984
35420,8567727.032875229
35421,10115077.68389558
35422,7745049.994663758
35423,4218479.708538535
35424,6923933.733146127
35425,5126427.091176633
35426,5927166.383190814
35427,5523445.209042665
35428,5467515.348459238
35429,5672590.841383049
35430,6252505.063753307
35431,7221266.712968045
35432,8772046.431116076
35433,8674506.761049952
35434,5015526.802428308
35435,7349862.223243507
35436,11367747.161271056
35437,9961662.040131351
35438,9439969.47419358
35439,5962109.052454622
35440,5404307.607804701
35441,4603463.421538871
35442,11041080.338786611
35443,20976420.30156562
35444,6783457.004163079
35445,11248859.029691957
35446,4292515.856436044
35447,7175979.869068475
35448,6841109.748257176
35449,4675935.142672474
35450,5092812.53328773
35451,13579350.079646764
35452,5596389.933545814
35453,5251938.89093879
35454,4882851.439928217
35455,15669224.465335174
35456,7317723.780792665
35457,7686528.357819075
35458,5943417.553913608
35459,7132028.254526094
35460,6352696.10540977
35461,8475736.345548952
35462,8355383.238992999
35463,10419411.685362004
35464,22720452.68112039
35465,5652479.616621843
35466,5132204.75127414
35467,8882730.915681126
35468,4033777.8687098585
35469,4167303.806313295
35470,4755418.886280209
35471,7898543.683172351
35472,3761024.486669913
35473,5681413.98825405
35474,8991692.716641797
35475,7264417.255729451
35476,10382327.290545661
35477,3686083.2948476756
35478,4908408.227546452
35479,10391441.906392394
35480,6213175.592529825
35481,4079190.5195708433
35482,13279394.180522842
35483,6283824.900049366
35484,8532591.730339156
35485,6098828.982765756
35486,8186671.745446739
35487,8466615.974624865
35488,6492121.360905097
35489,6457658.072481538
35490,10038801.630230496
35491,3986452.3694263212
35492,5248161.884501622
35493,14918599.234751793
35494,15521201.456265459
35495,15926068.370663915
35496,13036968.802843656
35497,5677937.43185002
35498,5721364.277509037
35499,9394429.373573655
35500,3799998.5163404867
35501,23306597.118212633
35502,4394065.525652416
35503,3888085.3908083094
35504,4875544.887392316
35505,9937130.954120347
35506,5827545.306171959
35507,6885865.990801909
35508,9286776.415608367
35509,9556830.705134913
35510,7456047.1722280625
35511,3195197.5109366863
35512,6625123.023245002
35513,17080566.801573694
35514,9073440.720562555
35515,5597351.329970466
35516,5211553.222862249
35517,12690368.226530094
35518,4031914.5941981077
35519,8038242.88167115
35520,6309108.509781338
35521,7821323.653815905
35522,6513385.326758427
35523,11336594.338046767
35524,5061696.023301706
35525,9814783.833111973
35526,6548202.020677371
35527,5104084.466698178
35528,4336316.971103088
35529,4643961.602362288
35530,5368105.179552983
35531,15549587.644020049
35532,5418947.570029984
35533,5752981.100110512
35534,8630156.857628593
35535,9845200.015974555
35536,8053679.711331561
35537,4149406.904880157
35538,5962128.094420947
35539,6762479.412150399
35540,5844585.824744494
35541,3407283.8371894434
35542,4706676.869336625
35543,5190755.478890837
35544,7221103.876657977
35545,6393904.455216592
35546,8819987.785775283
35547,5024600.826344341
35548,11444251.547823684
35549,5890988.215297507
35550,18519584.349650104
35551,6173850.180553388
35552,3853362.6476513604
35553,6993484.670759702
35554,7098823.621645696
35555,8793374.307385135
35556,6247062.5800995715
35557,7505493.967223492
35558,9197508.289150974
35559,9376348.243927058
35560,13417019.202979887
35561,8653323.029407367
35562,10739974.519368894
35563,5959085.172838029
35564,5053144.735637142
35565,3508832.3062898363
35566,13443411.205568576
35567,6116621.705030931
35568,7278709.241482245
35569,9900621.355855627
35570,5368482.682985317
35571,8647191.251319492
35572,6142594.105760956
35573,7663579.0414108215
35574,4649138.655086193
35575,13514356.242510602
35576,5062972.686795759
35577,6226752.876085164
35578,3004393.240513083
35579,4707228.927977661
35580,4788672.076064834
35581,5851392.933602794
35582,8392341.342133293
35583,9131035.391739387
35584,3871874.2766615185
35585,6762734.171222633
35586,6690553.918338418
35587,5971994.152413073
35588,5623652.510985265
35589,5736972.444259077
35590,11185978.553486234
35591,5381374.288126258
35592,8800572.10262032
35593,5359083.148984999
35594,5159026.565929765
35595,6719367.601710873
35596,8256608.299618721
35597,20042751.093217377
35598,6406880.11730176
35599,8397945.839590244
35600,4158101.8824556903
35601,6850560.900689964
35602,6501368.620642859
35603,4733968.726776318
35604,8149409.666093261
35605,5951162.273471183
35606,5549702.889627353
35607,6754562.2182858065
35608,5058996.58130468
35609,2975759.3568734583
35610,9684396.954768056
35611,4584066.017006661
35612,13615217.511449646
35613,6230842.279859705
35614,4661997.967912233
35615,3763912.44789835
35616,5373652.040045956
35617,2130778.8152560955
35618,6842813.614013165
35619,4927419.040146567
35620,5105333.116117961
35621,10149318.645757284
35622,7703147.609496155
35623,10679528.225654483
35624,4904551.2116801925
35625,4025054.9258111767
35626,3438954.680322784
35627,4105829.1880516196
35628,6774447.637162154
35629,3420050.412996846
35630,5693193.585718857
35631,6724109.70782363
35632,7357853.070805054
35633,6226110.029651447
35634,5762238.288247255
35635,5607240.181752371
35636,5840827.796100289
35637,5216408.5969342245
35638,6987020.537611373
35639,4675699.643800336
35640,2181088.9672958925
35641,11072012.60664982
35642,12009758.709013607
35643,8261265.30081221
35644,7251727.020012679
35645,3665758.296921466
35646,7990120.487759806
35647,5804895.874280786
35648,8833694.273049701
35649,14927968.344076311
35650,5053903.826461248
35651,3883269.2927023303
35652,5228207.374393177
35653,4885785.690674906
35654,5970792.029213411
35655,3239962.6275338214
35656,2157596.3098049713
35657,7798747.35780276
35658,9281380.032006249
35659,3836178.8821552256
35660,5802492.368398544
35661,5812537.564309237
35662,4700134.61633146
35663,7339540.220382521
35664,7077311.481103202
35665,8848419.663289778
35666,5916010.425154933
35667,5737379.902529483
35668,5408966.230371463
35669,2983630.905848069
35670,6920451.393671501
35671,4170453.85446276
35672,12235459.107441122
35673,5794454.742080698
35674,5456068.849306572
35675,10187121.216381634
35676,5541517.669812236
35677,5813939.514553106
35678,7259277.11777988
35679,4870416.713700857
35680,23959603.625604097
35681,8196214.313256706
35682,6083020.007532611
35683,8807222.453994084
35684,3759196.2860891027
35685,5689085.334009984
35686,6938350.596019407
35687,8586491.767461075
35688,4461138.020828646
35689,8976864.049720591
35690,6318943.484262459
35691,8341394.702599761
35692,6725661.988492872
35693,5741471.551700818
35694,6081011.537306902
35695,5950206.606229884
35696,6176534.914147074
35697,9285046.666925713
35698,5476423.451688309
35699,6819531.038779317
35700,6106278.721669735
35701,8367252.415233782
35702,5895686.778722239
35703,4793977.7301408015
35704,6284884.997708499
35705,8084277.191919771
35706,4393894.132204647
35707,6265447.218797305
35708,7273391.126571079
35709,3835143.061593916
35710,14060979.469141655
35711,7072696.579985103
35712,4267138.1254782
35713,11644804.614565084
35714,6274674.601825437
35715,8970762.79595785
35716,7662767.945610658
35717,10328444.437219368
35718,7042995.884930996
35719,5312522.343586172
35720,3665758.296921466
35721,8299147.948528126
35722,5523758.109560682
35723,4623376.232529063
35724,4034574.51116935
35725,5157409.299324309
35726,5404719.3204370085
35727,8353394.768620758
35728,9102020.155029787
35729,4700134.61633146
35730,6868840.091677228
35731,14019682.947762487
35732,9918625.403553175
35733,5958094.26634827
35734,4813024.659353845
35735,13015426.59861046
35736,4671473.633824748
35737,5067959.460072787
35738,5215443.25321766
35739,4784508.072984397
35740,8884414.355532445
35741,7742740.786822506
35742,5010573.165153694
35743,9824596.837542659
35744,5202615.620960273
35745,4200982.889704904
35746,9457009.392651007
35747,5487558.527569334
35748,4221711.509381911
35749,7824751.554020847
35750,3807310.4472979642
35751,11599699.821245419
35752,4760306.582280328
35753,7481243.206625823
35754,4560190.380388218
35755,4171292.773067987
35756,8171620.620742726
35757,3747609.8976650694
35758,4763662.894640136
35759,7525970.968460403
35760,4101861.238240164
35761,7305684.131864948
35762,7884139.235248258
35763,21408653.856731944
35764,8618538.183872439
35765,7495067.015913734
35766,4410282.094505271
35767,6812871.167568991
35768,4286080.355466471
35769,4911212.740049221
35770,4253762.561332216
35771,5362965.58242673
35772,5951277.542880424
35773,6791632.457752935
35774,4301597.178783381
35775,6334568.486652739
35776,6836341.132281273
35777,7024919.042627546
35778,13250521.519146277
35779,6540581.216763547
35780,8917321.107704697
35781,18489839.764602188
35782,8487413.367640562
35783,2954900.4766808306
35784,7830178.422449338
35785,12667331.812236264
35786,7508877.746981696
35787,4091007.4718006128
35788,9073483.28941039
35789,5712106.617441463
35790,4136745.875870868
35791,5852662.218880357
35792,6052510.053741765
35793,5064571.201271318
35794,12259853.194574995
35795,4369614.25842196
35796,5340148.537087575
35797,8237216.068102688
35798,3621919.377277444
35799,9196208.749488587
35800,6793196.950239058
35801,3217412.1778316842
35802,20222244.392331522
35803,4463837.769101999
35804,5453375.834001047
35805,4601464.3691416485
35806,6109016.729946828
35807,5181802.805680996
35808,4922049.260803708
35809,6470174.038229557
35810,5708031.413878654
35811,4038741.0709755234
35812,8585947.770296222
35813,6829675.956238132
35814,11651686.805391386
35815,6849151.418469634
35816,21602164.474397253
35817,5031160.46010133
35818,5873014.039361594
35819,7579293.894690012
35820,6631984.973496502
35821,5035276.45570149
35822,5862879.248252999
35823,5674160.401275206
35824,10720562.513999537
35825,5688329.88533181
35826,8594613.349676913
35827,7820766.103560176
35828,10921247.227354972
35829,4371367.338874483
35830,3857712.587871747
35831,6831504.627533789
35832,8451338.262648625
35833,5958132.717092475
35834,5376196.2430954445
35835,5269544.949360529
35836,7729179.709015499
35837,6907549.532341464
35838,6702543.694270385
35839,8029220.357219103
35840,4804778.831563294
35841,7539795.616416436
35842,15360681.412932461
35843,4067986.6829716936
35844,6123102.706840903
35845,8530488.478871658
35846,10510358.359707212
35847,7574937.580367988
35848,5233188.768280988
35849,4531484.713136663
35850,6686211.234251122
35851,7667580.143412411
35852,5588787.197299417
35853,5882681.8705415325
35854,7540943.517314701
35855,5005884.257355532
35856,5726751.396399911
35857,8065865.574414087
35858,6380571.305174118
35859,6211820.978095714
35860,7610012.602948272
35861,5296530.966796633
35862,9627427.029816749
35863,9500689.791046742
35864,5880572.876350959
35865,7138841.066208286
35866,6678444.042485442
35867,5418941.221673861
35868,6150610.281862145
35869,9631052.203931797
35870,8484463.94286189
35871,7499641.144267901
35872,8045098.3458682215
35873,10645215.550755993
35874,6141458.503837046
35875,5742760.458566734
35876,3407283.8371894434
35877,4904022.544616635
35878,6772550.964260826
35879,4783021.954089339
35880,8690703.198367532
35881,5584011.736994013
35882,12152548.792036803
35883,5808568.653794808
35884,4332128.7466164045
35885,7884310.055535242
35886,5229357.907192158
35887,4666289.005777689
35888,9004100.950143278
35889,17185518.343407482
35890,7027651.826060595
35891,4935435.031179252
35892,5860298.4695706135
35893,4035247.792144841
35894,9473860.958973601
35895,4788791.132637233
35896,2181088.9672958925
35897,6537696.696980966
35898,4938765.90783191
35899,8343162.014609882
35900,4790531.986329945
35901,11098452.062492467
35902,3718385.2552706087
35903,4205201.4818026265
35904,5959735.152707034
35905,4103728.182944192
35906,16186115.650491005
35907,6310006.465898304
35908,11465143.372206565
35909,7428166.259819326
35910,6869377.753815363
35911,7315181.615537274
35912,5148030.7558752345
35913,8257007.803434646
35914,6142716.711063597
35915,6600203.570388988
35916,5158248.2356650615
35917,5714328.069285003
35918,9795750.517199012
35919,5139303.350599594
35920,5241125.966858776
35921,5578538.928109196
35922,7264551.418500537
35923,4957862.819692456
35924,7310413.551432708
35925,23708654.50032067
35926,7141207.474548732
35927,4626783.7644094685
35928,2954900.4766808306
35929,5230092.378031218
35930,5895144.526010897
35931,5547123.718336849
35932,4998580.1327827545
35933,5386632.61064009
35934,4123048.628778384
35935,8352931.678864656
35936,11090687.665886816
35937,7009444.757175566
35938,5145510.975965039
35939,5278997.414571695
35940,7584757.545042087
35941,8216458.611893505
35942,4892166.465486799
35943,3718507.83668566
35944,5054706.70909993
35945,5789446.72025551
35946,6018018.097682741
35947,13524564.677885594
35948,3929079.936510551
35949,8055326.219161514
35950,5678572.640453684
35951,10426212.919176985
35952,6541909.099488313
35953,7033472.159599128
35954,7134172.34328189
35955,12997436.791260403
35956,5128152.908921704
35957,7536411.779994282
35958,12890638.2237933
35959,5897557.340418293
35960,8412469.516465452
35961,4185535.7511798227
35962,16114814.681811946
35963,10640023.107764801
35964,4285179.433488359
35965,5805661.398152424
35966,5287812.087795487
35967,10590546.208396532
35968,6728672.485589239
35969,6755311.527055743
35970,9503150.827670125
35971,6154805.669081017
35972,6001391.525316892
35973,8535160.051868446
35974,6777074.986746827
35975,4242576.101365639
35976,7271408.540864728
35977,5081834.137940782
35978,5149812.777610407
35979,6993496.401936147
35980,5921913.998505666
35981,5161272.953252293
35982,7563311.944342444
35983,14674561.413747855
35984,8817725.718058053
35985,7346176.867915894
35986,4455136.349326377
35987,3424060.4601801434
35988,19316089.366645683
35989,10392989.756063621
35990,6059014.022811171
35991,14223826.565186074
35992,5466308.84797822
35993,5572729.0608990425
35994,5340865.663008654
35995,8552001.370116752
35996,5451958.463865342
35997,7275483.720529343
35998,5332405.1265245
35999,10403130.04941513
36000,6257556.181021478
36001,9056706.30247326
36002,11002846.957594447
36003,9128844.678561332
36004,7896318.397316493
36005,5592867.986907276
36006,7469411.126493913
36007,4061236.6138496906
36008,3568546.6794489305
36009,8214996.03998216
36010,10173965.22078156
36011,17784353.525666747
36012,7120194.815653884
36013,5729539.423376616
36014,6845155.6235868875
36015,7015739.391621399
36016,6804098.350876916
36017,13599375.228817534
36018,4649163.913847127
36019,7230036.159775768
36020,8645340.632739307
36021,13260737.904702567
36022,7644695.197755345
36023,5811860.819778144
36024,7058992.218430851
36025,9499917.899832707
36026,6523751.192299289
36027,6356148.214392289
36028,6378849.856547967
36029,6039184.356127339
36030,6956155.239207637
36031,7127431.873623996
36032,6649734.391140181
36033,8131016.500753484
36034,5801256.450639847
36035,6117604.072500673
36036,6404045.863291594
36037,6536550.203832257
36038,6153153.559420638
36039,6570672.725066673
36040,6543418.7210325515
36041,6149598.495279509
36042,6912851.917684885
36043,7123989.37358394
36044,7397251.945521628
36045,3982208.292800732
36046,3874713.0181698385
36047,7644403.5044477265
36048,7340830.028480822
36049,7357064.420190031
36050,10394382.229661962
36051,6199697.979245255
36052,5970472.469546797
36053,8013753.644734718
36054,5854547.431311629
36055,3608588.480017872
36056,9317197.799888402
36057,5550030.458035009
36058,5015133.552016532
36059,5598589.967850331
36060,9348562.052457124
36061,5785767.870427338
36062,13453640.309270106
36063,5712093.070843027
36064,3864550.063136254
36065,10012925.95088868
36066,6309470.763878562
36067,9863099.420650437
36068,4392761.982513527
36069,3734259.542218682
36070,11786085.950028753
36071,8630659.12460434
36072,6149644.177092506
36073,11717400.44442509
36074,6154979.6529613715
36075,6657504.83999905
36076,5593294.849437389
36077,7291480.699371893
36078,3009519.2146683508
36079,6894590.512670886
36080,7164077.909390956
36081,4571608.69328695
36082,4770425.708224105
36083,5957160.572633631
36084,4822333.161744444
36085,4987386.959487912
36086,5829790.888897167
36087,5067620.0146041885
36088,9456856.067924371
36089,9382842.469260417
36090,6191614.997595221
36091,7123547.701737506
36092,10208874.851298118
36093,7180604.03236473
36094,4543307.184428368
36095,5465826.117209449
36096,8446282.896530744
36097,6208803.310984849
36098,5380468.914244299
36099,4635612.742518553
36100,9742846.97785956
36101,9445024.999434894
36102,12079631.734496946
36103,6654593.801511903
36104,3521869.076306685
36105,9210712.02775446
36106,7375900.507823351
36107,16795895.57254423
36108,6897010.588358334
36109,5842160.055544759
36110,5864132.084753923
36111,4684965.119481272
36112,2234166.428760779
36113,8656840.871546052
36114,7425805.348061712
36115,6028734.109188937
36116,5087225.394920505
36117,5552766.893566356
36118,5611933.581170576
36119,6348023.714505282
36120,7240054.419623416
36121,4991354.487810369
36122,3632034.1119284374
36123,7874481.5679238355
36124,12862298.859377049
36125,3170670.08119829
36126,6879480.380556869
36127,6144493.173205625
36128,5469361.481889234
36129,6219746.408145425
36130,7856466.816855398
36131,6502841.330724069
36132,11974276.744105954
36133,7353496.744349688
36134,6664988.862632983
36135,8875644.681995198
36136,7840782.95231616
36137,5410543.8969492465
36138,9619590.376759851
36139,6773816.351447808
36140,3338320.8189217686
36141,5420205.291827783
36142,5286854.80385208
36143,6534621.840745971
36144,4338877.308818413
36145,12035809.834197449
36146,3484583.267969171
36147,5886034.529350147
36148,7114920.693269198
36149,8045327.831203255
36150,4522423.66313816
36151,1963304.8714901218
36152,7537210.381688845
36153,7672138.605439208
36154,20871319.02631326
36155,6559820.095843732
36156,7723761.428679858
36157,5624857.396438406
36158,6007219.270242334
36159,5624016.57786154
36160,8844359.988232864
36161,5291516.333109928
36162,4137398.543715891
36163,8129575.165628844
36164,2930228.436212794
36165,8446056.341067161
36166,9403495.79592396
36167,5500072.385791877
36168,5990372.504724137
36169,5262962.0309048295
36170,8840852.729254533
36171,7713393.662987307
36172,8654034.943598827
36173,15725059.791504793
36174,7589683.584425138
36175,7108199.366807897
36176,3688311.140397091
36177,6543292.704892991
36178,8187012.377293642
36179,7223312.484335548
36180,5283919.027272051
36181,6321599.370663774
36182,6700496.241200961
36183,3641275.2396125644
36184,16509428.26889762
36185,5404452.587731719
36186,6324539.29331314
36187,7833177.4935188005
36188,6374991.920521837
36189,7821244.948749816
36190,5277948.971410788
36191,5401193.591825017
36192,10184539.570565602
36193,21335415.008306805
36194,7271227.955920066
36195,5530439.869532856
36196,6901025.649494987
36197,10365036.207560915
36198,8167397.803528367
36199,10830682.03006567
36200,7187117.811180577
36201,5585036.549347028
36202,5953512.590610253
36203,3808845.4655306195
36204,7333923.355991381
36205,5442344.9068743605
36206,7685119.009659682
36207,5507029.203656964
36208,10169163.286108704
36209,7767317.102676006
36210,7073482.0463363025
36211,8714633.822485002
36212,10441344.80152642
36213,5155344.405841815
36214,6303361.167077514
36215,10115906.389051795
36216,4051070.59949704
36217,6508109.1426326735
36218,7614118.366758478
36219,3575001.786987191
36220,5611237.403430849
36221,7130461.789142503
36222,6399566.392399329
36223,6102254.548642562
36224,7092536.718776322
36225,2691829.9720172775
36226,3916255.8882694026
36227,5982037.633417236
36228,4328284.482757257
36229,8048627.703888924
36230,4531780.598595894
36231,3934842.2480905205
36232,7385583.1298390245
36233,11461300.50290834
36234,8531115.340528898
36235,6224334.486306839
36236,21656864.625882823
36237,6801475.65072855
36238,5562323.267148293
36239,5385626.5379291335
36240,6667379.754074373
36241,6275564.518255554
36242,12438455.053582149
36243,6992167.222708231
36244,7396951.608829964
36245,3812446.7006618753
36246,8838254.043765806
36247,10728448.735121028
36248,4260482.938751059
36249,7683555.780498714
36250,8727125.690370135
36251,3986904.559243277
36252,5821225.464784838
36253,8254238.698829333
36254,4968377.212592601
36255,4449119.20959101
36256,5290434.348932017
36257,5481030.393319212
36258,6813540.900740032
36259,5826273.779218412
36260,5741107.460954677
36261,4431110.167330626
36262,6387022.2163567
36263,6416209.235848743
36264,6446058.89173215
36265,5222706.707156388
36266,7194184.619544361
36267,6456378.666786735
36268,15675297.405225595
36269,9772051.934853503
36270,6059355.430804285
36271,10932196.249533873
36272,3162672.6581912423
36273,7044546.31106226
36274,5705973.873544802
36275,8236060.842108947
36276,6024262.662357413
36277,5836114.952638875
36278,4972096.173398219
36279,6350658.195719319
36280,6626202.148897008
36281,7217552.055072182
36282,3454091.0572769335
36283,6076104.273083575
36284,15940779.85996838
36285,5576459.203196735
36286,4919355.468360304
36287,8187913.605885427
36288,4994223.995335514
36289,7942217.643624702
36290,14825419.225223541
36291,6039102.561013881
36292,6766237.814069535
36293,7565504.374137983
36294,15078561.795280926
36295,4410695.345438509
36296,6657468.480924143
36297,6914833.342857209
36298,10203856.6227258
36299,6482902.668609704
36300,3859998.636278578
36301,6229131.815539942
36302,7885284.782758503
36303,9887149.420303851
36304,8310449.882702864
36305,6631923.951190634
36306,9991723.701656198
36307,5142511.562209391
36308,7246273.902157206
36309,11028845.328632645
36310,3731403.359101378
36311,6110038.320106682
36312,5459621.093207014
36313,6790506.670259571
36314,6443635.301662182
36315,6203632.89703449
36316,4375829.705472302
36317,5796915.836483635
36318,3802187.7325005587
36319,7041538.505355582
36320,4926830.535457567
36321,6434576.254630621
36322,5598008.373419864
36323,4980727.384090947
36324,15380390.991877038
36325,7691784.910942238
36326,5043353.113540986
36327,5379031.237805074
36328,10129607.723067999
36329,4852528.129503864
36330,6731624.398721509
36331,6009980.682524829
36332,7824843.660963341
36333,5980087.2892592335
36334,7321946.513672053
36335,6444436.09413207
36336,8396189.891428325
36337,16287422.67923313
36338,6369622.527889456
36339,5885988.067136875
36340,6283002.641458662
36341,2756626.7491240096
36342,15207637.83897148
36343,5212010.715748699
36344,5916676.463686304
36345,10251715.823622655
36346,4241847.6847107895
36347,5808688.2455861475
36348,6440920.799059509
36349,8316946.707766552
36350,36587032.82371007
36351,4605853.213087197
36352,4521102.753453949
36353,7005658.824302139
36354,4734558.912098285
36355,6744928.1575101055
36356,6729802.782225823
36357,7125157.1040358655
36358,8914832.236175926
36359,7310498.41887148
36360,5989711.954754333
36361,6528543.473421454
36362,7572401.022869218
36363,6264807.559503863
36364,5098826.38688606
36365,4406162.141745484
36366,5997541.655122098
36367,10533229.76996258
36368,10066990.575024
36369,7912126.923449369
36370,4676238.50757804
36371,7729850.251108647
36372,10199685.898821779
36373,9770418.417996889
36374,4898764.926886577
36375,5865474.696215602
36376,4642521.676358046
36377,7269637.296802848
36378,16022202.97015209
36379,7626478.8126629535
36380,9875487.589089254
36381,5151625.007800074
36382,10220819.725535067
36383,7208511.841623493
36384,5627499.357000873
36385,10084411.927711027
36386,5592445.6175090065
36387,6725538.586499246
36388,6269174.26008821
36389,9113121.53879375
36390,5956442.069578265
36391,4959077.072414731
36392,4123480.6271497183
36393,21917359.300942097
36394,4515473.806227137
36395,7753510.321886376
36396,9907103.013633404
36397,3479804.799710439
36398,6066224.853461931
36399,11897574.224695213
36400,6327967.89623484
36401,4407225.19991372
36402,10021445.58753541
36403,5606892.891200848
36404,7726346.98683749
36405,6159640.965518413
36406,13626090.608664427
36407,6532274.339979361
36408,7440773.447414447
36409,6196130.557800205
36410,7729941.178910621
36411,4297512.814643535
36412,6658859.243508312
36413,6285609.1766585065
36414,5753725.780137384
36415,5598258.092724731
36416,5892409.739579065
36417,7750124.674130208
36418,4784895.000777883
36419,4417654.824666417
36420,5371588.007405415
36421,5712881.547483223
36422,8995373.216498734
36423,8085757.009617684
36424,6661955.203539722
36425,4158389.5283664167
36426,4877800.174429174
36427,4439649.115011294
36428,11664093.201361895
36429,5713652.24320449
36430,8417500.071234187
36431,4680902.902447556
36432,7117807.103724353
36433,8634604.982478058
36434,5627048.958569045
36435,7164721.072355909
36436,3244632.3839972997
36437,6193867.960103585
36438,26666670.765204396
36439,4072361.8769463985
36440,5617471.832411558
36441,6207257.542986405
36442,9758707.1592138
36443,7975353.218125702
36444,5743406.039925552
36445,11112138.929933766
36446,6974091.219773421
36447,5676273.199527757
36448,12309021.913801828
36449,11322473.373834375
36450,6348161.5190081475
36451,10777562.448937032
36452,4486352.475272684
36453,9520316.190203285
36454,3470057.4492124696
36455,4815415.770831016
36456,5437168.766249612
36457,6474748.990792424
36458,28018857.382452995
36459,8730466.53423692
36460,12419483.049928568
36461,4596959.527838233
36462,5664052.339655252
36463,5179411.817270905
36464,9426168.433647437
36465,7541287.714860487
36466,5595436.070407697
36467,4664858.295935383
36468,5479021.359521266
36469,7331972.664797209
36470,8086272.534741637
36471,13441266.244161304
36472,7603162.873209281
36473,5412565.319214922
36474,5041611.361000855
36475,5005162.4571092585
36476,4327740.780637311
36477,5610228.995750025
36478,7646516.13446979
36479,5299688.377589711
36480,7476132.392992715
36481,8072756.035623513
36482,5415704.255850665
36483,6051198.641692789
36484,7186241.8754733205
36485,12050161.509530826
36486,7108766.00393586
36487,9968076.134830879
36488,5887647.522008793
36489,7096258.327447128
36490,7168454.550027381
36491,10727463.201611314
36492,6276627.678686408
36493,5131584.165815239
36494,8391482.142539041
36495,4629946.729774107
36496,5263231.742803863
36497,5442035.921589258
36498,6894127.969973079
36499,8855970.59206837
36500,4623877.280583644
36501,6673567.765771056
36502,7346292.873595652
36503,5875912.214799185
36504,6294524.378854686
36505,7404208.997539316
36506,11517680.19256026
36507,10966360.982256876
36508,7024473.093362135
36509,6905750.136928143
36510,14323585.004887555
36511,4209842.133957775
36512,4994158.156310965
36513,15050969.077516988
36514,7119118.148659112
36515,9942876.424000815
36516,4088830.3050085367
36517,5719364.054518421
36518,7814366.133484921
36519,5955487.849476785
36520,10345255.499722809
36521,5534869.030547808
36522,5709372.193318997
36523,6415667.992001709
36524,6710127.755338546
36525,5010660.6801640615
36526,4108091.8268388165
36527,6265285.038832906
36528,4899900.6523053935
36529,6502965.563173468
36530,20951160.084208354
36531,5855267.944622933
36532,5550280.599630622
36533,6546236.557533863
36534,11943627.922096418
36535,30474758.676730447
36536,4147264.1431591418
36537,4003623.218512913
36538,11265580.201808384
36539,6377509.77078794
36540,5518623.711350925
36541,5341210.2129849605
36542,5171889.342684351
36543,5931129.854126468
36544,5985164.600646836
36545,6013823.035206861
36546,4701389.144891661
36547,9377551.79631628
36548,8395469.81030735
36549,6107676.581561635
36550,5799729.6683423575
36551,5700906.313971443
36552,5242037.74610005
36553,5625526.179389846
36554,8763234.826432575
36555,4405207.05035893
36556,5398932.367493456
36557,6015058.847542075
36558,3868748.12155134
36559,5387635.865155339
36560,8041640.743095531
36561,4647911.070553423
36562,7446697.555843418
36563,7916829.894771453
36564,6610077.746748017
36565,7875533.581482584
36566,2128804.8242910057
36567,6720225.746754609
36568,9317197.780761918
36569,5218938.055355611
36570,5483021.199112283
36571,13106827.91195499
36572,5527600.565758775
36573,5737788.973694719
36574,3873362.110865232
36575,8432713.915129077
36576,6275379.955790166
36577,6463941.190437638
36578,9164585.698037552
36579,4773560.474786275
36580,8352380.87014393
36581,5391607.523022671
36582,4776076.780429477
36583,5463698.684580668
36584,5488139.348657663
36585,7544783.552681569
36586,6711178.616481298
36587,11903035.382284984
36588,9308407.891989082
36589,6950802.582140843
36590,6052096.399158785
36591,4830651.657548285
36592,6673573.1328922985
36593,6499083.583710467
36594,7415936.504056208
36595,6883614.890592363
36596,5959038.247912595
36597,3108826.764525075
36598,4171875.781517654
36599,5331699.757318438
36600,4986123.059541929
36601,4173513.785073003
36602,6665261.130935762
36603,4103143.7105700197
36604,10374885.146638481
36605,12082263.723368749
36606,5427832.52886375
36607,6814176.514888235
36608,3626978.341183597
36609,10240197.586298961
36610,5745195.218072799
36611,7725769.6346656345
36612,7308874.974451666
36613,9795068.936928473
36614,7561351.743785869
36615,12145718.519255864
36616,5762035.688171138
36617,5824200.757698927
36618,4695647.991633178
36619,7640440.856103436
36620,4164659.461737179
36621,5347504.254706927
36622,14499540.749169737
36623,9026626.842346255
36624,7428018.089497878
36625,10978515.463057242
36626,6044556.44538797
36627,5508131.911621997
36628,6242939.360265192
36629,7720705.426823441
36630,4768024.904759793
36631,4719361.125835016
36632,8419013.02067413
36633,6393106.918387128
36634,13981804.626048964
36635,10889971.459946495
36636,10372699.16786078
36637,11525968.20710396
36638,5324168.623484017
36639,4820111.188465817
36640,2799346.526406902
36641,7595848.155867692
36642,8170709.787271379
36643,5446377.005543379
36644,6362929.375381433
36645,8722778.784089858
36646,7114840.256773866
36647,5636499.022966244
36648,8779976.849014526
36649,6973311.849862011
36650,4234512.731283967
36651,7501916.805726739
36652,8637918.36935994
36653,5610660.146952815
36654,14550441.299794266
36655,7933797.873856506
36656,12912025.604601335
36657,5802920.191342609
36658,3549476.3821588634
36659,4004809.019188702
36660,5982327.888919479
36661,7055674.190788727
36662,6363878.195245411
36663,12164815.710922724
36664,5774489.0251433
36665,5209961.254632818
36666,4779813.674452363
36667,4654060.246961131
36668,4399057.417021922
36669,13387256.914802458
36670,6248420.930215144
36671,9326759.599267123
36672,6135351.935502122
36673,5714268.500061446
36674,10245005.620466143
36675,7881522.486654217
36676,8056989.561252985
36677,15210876.76936712
36678,5361930.242995471
36679,8780248.786143934
36680,7386801.9135811
36681,6384979.3045769865
36682,12911880.386486042
36683,5813898.01366001
36684,7162503.442969794
36685,7403948.76891914
36686,8674402.425395437
36687,14977224.182074344
36688,7223825.303855317
36689,7191860.054132352
36690,4009374.5261997823
36691,8967074.423224153
36692,10755028.612657594
36693,4776818.624727297
36694,6733297.679023393
36695,7517374.5139463
36696,10046202.49211826
36697,7473613.020830217
36698,8766347.815774174
36699,6142094.384672083
36700,4906111.933441149
36701,6091852.447087021
36702,6362798.056527068
36703,6501849.6110010175
36704,5296674.364863168
36705,8126485.124851807
36706,8505551.830740908
36707,4236444.891866159
36708,8137241.626283255
36709,6991282.859150339
36710,8503297.095493201
36711,5387729.529494333
36712,5201919.282864891
36713,5611717.603782562
36714,5615892.0462826295
36715,9116394.356358744
36716,6853209.836122747
36717,6944608.256183001
36718,4334661.032919547
36719,15755567.299607912
36720,7246793.924496675
36721,5778923.295866184
36722,7033286.775960653
36723,3663285.3310480798
36724,12245711.98486604
36725,6281699.859045074
36726,5928244.2045528125
36727,9833154.777692987
36728,6350668.340709484
36729,3944013.3462689607
36730,6243324.448837024
36731,4997203.5326477
36732,7162430.940357128
36733,7946810.294843543
36734,8480130.473617787
36735,8316840.335960186
36736,7089142.154268216
36737,7444803.491677801
36738,8464008.40236135
36739,5818062.812852641
36740,4239760.063854698
36741,6291702.464215636
36742,12373331.835295228
36743,6357390.389214717
36744,7280857.308562925
36745,4284449.745924794
36746,6888185.905540954
36747,9688330.493242836
36748,8568847.692331675
36749,6938067.573413542
36750,12309885.89621695
36751,6280225.19368462
36752,7608072.328661919
36753,5053520.790475056
36754,8828482.13956732
36755,7117097.8198976545
36756,6365705.874431931
36757,10849594.287138611
36758,5683433.828921552
36759,5306712.865748768
36760,6216091.370213905
36761,8787230.296845231
36762,7631655.703527547
36763,3367216.731706072
36764,7990213.3736305535
36765,7403421.409055588
36766,14451204.784314059
36767,5804899.510434145
36768,11468880.272908637
36769,6123613.368763977
36770,29079073.75189923
36771,5063701.1012891615
36772,10370585.367361866
36773,9099360.887530189
36774,4394607.305504044
36775,7786527.631278596
36776,11025986.097359603
36777,7473355.335927868
36778,10559246.244535204
36779,6239597.835593193
36780,6542375.772991143
36781,5076656.83890413
36782,6946821.8045122465
36783,4985043.642017127
36784,5733277.993490066
36785,6289154.130675082
36786,5867264.669553474
36787,5189024.693147268
36788,5054073.857091259
36789,6372167.257875707
36790,6052118.18607878
36791,5552622.474064136
36792,11420638.745373052
36793,4493717.573509569
36794,4103198.767470535
36795,8240902.632493299
36796,7203990.9713529395
36797,8807540.753086854
36798,6603755.779578523
36799,5930933.2988467235
36800,8701425.83697853
36801,5430954.532532749
36802,6188511.834071943
36803,9342025.701474532
36804,5266180.967977861
36805,4916703.195550979
36806,6548259.2080711955
36807,6880109.734359937
36808,4638456.477135264
36809,16396302.222509693
36810,5754595.177740152
36811,4379830.2951951185
36812,2978603.8024606546
36813,5301484.601383735
36814,9308682.194296716
36815,19200437.659806307
36816,6530396.344010427
36817,3789704.515543667
36818,6664450.863375366
36819,6111392.315382432
36820,4632940.801624351
36821,5726751.246941417
36822,10746514.88463923
36823,6532942.428221143
36824,4929021.811523282
36825,13843750.48548065
36826,5304744.3689046195
36827,6380372.004496922
36828,7870879.288629748
36829,5292015.519834041
36830,7636745.074401126
36831,10658061.923319539
36832,7786269.048133807
36833,8555130.085886708
36834,5722142.804424281
36835,3849212.2902997774
36836,4225388.952944708
36837,7109516.745861467
36838,7028296.573556081
36839,12562424.89551127
36840,5285311.003399918
36841,8023186.178454303
36842,8081326.434205125
36843,5936131.835323369
36844,6043021.990659437
36845,7587362.964401965
36846,9712886.675239542
36847,4569832.467094172
36848,8077585.067864821
36849,6920155.058309584
36850,6474267.008635031
36851,5800297.694016359
36852,5252776.013731032
36853,5751498.943987973
36854,11512741.981852006
36855,6897255.111874516
36856,5205365.339194448
36857,6915039.852987487
36858,5413017.747402042
36859,4405848.350193348
36860,9063992.94654616
36861,4163633.768803697
36862,6950626.656216079
36863,5117118.661039673
36864,13430866.606687522
36865,5118327.781809677
36866,8478267.753978642
36867,5663346.821110571
36868,6089055.729919864
36869,3573832.7207484446
36870,6288181.369089004
36871,7057461.871625549
36872,8834430.358883765
36873,10991232.767044472
36874,8792068.844568469
36875,5318406.929326178
36876,4226417.804989458
36877,7798462.269752849
36878,14012712.509783708
36879,8407610.029083844
36880,3750916.246355909
36881,12737744.536275199
36882,9521162.698998367
36883,4129962.354586581
36884,7247228.570803364
36885,3856539.052272859
36886,7385750.918957755
36887,9621713.418068137
36888,6233375.501102383
36889,4791680.425388426
36890,10284600.373035453
36891,5845470.59356287
36892,5436369.696522448
36893,4654621.3883754425
36894,4059573.7978093917
36895,10205007.448616598
36896,6499020.395353422
36897,6466605.922012764
36898,9824781.879452785
36899,9596073.442997428
36900,5532995.698585933
36901,4552028.077741893
36902,5826689.839934918
36903,14525365.242549716
36904,6223075.015367309
36905,5223785.773897596
36906,5141753.7874007365
36907,7669253.216559837
36908,10008536.93217289
36909,10634566.628571935
36910,5773042.549611651
36911,6378298.197132735
36912,10983415.196605604
36913,8725141.91597385
36914,6463542.49418846
36915,5563721.235339477
36916,19039403.086678434
36917,5750786.195148475
36918,8519367.695374306
36919,5477245.511105286
36920,5763956.979225899
36921,6216083.295973343
36922,4741075.646939506
36923,8068423.342343543
36924,6236709.168468863
36925,7647922.768721763
36926,6011226.326757196
36927,11863157.218341302
36928,4404243.48984132
36929,5306518.846381997
36930,7382418.479855078
36931,7610274.980144018
36932,8362235.20965534
36933,8906613.664194504
36934,10791983.272294786
36935,9350964.955337707
36936,5110820.080570529
36937,8705703.12159
36938,6705836.5603728825
36939,6073260.054768451
36940,8307586.942457562
36941,4397858.483806862
36942,5754656.473489506
36943,4622708.505838705
36944,6936605.557325309
36945,10785884.349440133
36946,5878020.180774274
36947,5089783.643710661
36948,7275174.764093809
36949,13591304.361679096
36950,5084699.382059133
36951,14224487.912844654
36952,9113614.976232223
36953,15763565.836067947
36954,3925136.9911428047
36955,4697947.606081294
36956,5918595.880981312
36957,5733001.398685193
36958,6634426.265076096
36959,10378622.135875642
36960,8279730.7393601155
36961,5667544.388503887
36962,7460542.684375811
36963,5243103.763217264
36964,13646637.36285559
36965,5947015.091513388
36966,6582089.262748888
36967,5488647.4431125745
36968,6353935.447618125
36969,6167834.042616903
36970,5921692.9340476785
36971,14949837.974498099
36972,5013955.761991109
36973,6765382.366486103
36974,8756196.749213185
36975,5743768.085263149
36976,12369304.69220477
36977,5154441.932346827
36978,7572810.349016052
36979,3557041.0250012376
36980,6199903.90821816
36981,4406051.0129798865
36982,5279318.419265542
36983,5243097.315192917
36984,4560356.91887695
36985,5713645.034694023
36986,4808676.941903539
36987,6629896.6340331035
36988,8415304.945978478
36989,4312745.538167072
36990,7135168.229771375
36991,7142203.900875311
36992,9140746.312732086
36993,4415266.770042997
36994,6089005.536832475
36995,6837149.188729162
36996,9250354.184160735
36997,7230838.824972845
36998,11476850.579184026
36999,6336253.919224707
37000,7886177.626546528
37001,6732624.808038056
37002,5632070.36219095
37003,7580846.370856211
37004,11418238.2604015
37005,5426467.191390711
37006,10795337.84568918
37007,6138850.573881478
37008,6910392.004606345
37009,6531978.540750095
37010,5812421.917539476
37011,6553095.807764463
37012,6696296.316215722
37013,7129022.098272039
37014,8971055.823132807
37015,7986847.951259928
37016,9836449.380675308
37017,13446390.884247536
37018,6466717.963090071
37019,5308481.509841965
37020,3591248.511383394
37021,12801028.230163744
37022,5531104.656467158
37023,5427118.709746848
37024,11454071.645786949
37025,6466126.605187355
37026,6037493.062467681
37027,5645055.525302522
37028,4041432.8108833185
37029,9137221.29028688
37030,6455535.622589205
37031,5497438.20481719
37032,14380786.450780053
37033,41075587.92093971
37034,13458820.254038094
37035,14338112.526866164
37036,13849842.977843998
37037,8359095.6571811205
37038,3832994.9115993893
37039,6559537.667775803
37040,7701266.436940765
37041,7812693.914687533
37042,3937508.326686114
37043,6219813.980642468
37044,10159756.837799119
37045,5772243.677083435
37046,5651451.540479039
37047,9259607.752908576
37048,5692380.549457732
37049,4044869.626653209
37050,6954608.895719539
37051,10114923.567691179
37052,5724895.7866806155
37053,10079231.915202148
37054,9449963.431542143
37055,5216843.249964902
37056,4523428.429661055
37057,4913357.425850929
37058,5059853.983850026
37059,8509075.94044019
37060,5714046.497923139
37061,4469730.570906493
37062,6716558.608140619
37063,9984363.50363775
37064,12522543.272691267
37065,6899590.573245753
37066,5385277.600631566
37067,6215543.224713725
37068,9620945.102911688
37069,6104675.011022153
37070,5909174.414980491
37071,9365051.502836851
37072,6430996.133730723
37073,5271983.928113
37074,8201670.408737383
37075,5025359.271749848
37076,27532655.239785183
37077,5524757.752468386
37078,5780166.108464205
37079,6604254.601779007
37080,4628760.822937823
37081,4615818.055057867
37082,6522998.532200778
37083,3176609.0079761357
37084,6591966.564506836
37085,5364785.791296606
37086,5274937.64039463
37087,5931964.158552957
37088,7216009.899455034
37089,10286728.954084378
37090,7295872.244717269
37091,9280791.21783427
37092,6875465.440431912
37093,4276030.367985445
37094,7366320.34535486
37095,5122331.13288482
37096,3872257.134580757
37097,6963303.7187187495
37098,8631659.439554248
37099,6288608.429796018
37100,6523639.636604024
37101,6461053.431931912
37102,6222892.422818259
37103,5195583.349345886
37104,7295119.009907407
37105,8477498.474651339
37106,6135316.263998225
37107,5754116.608240908
37108,7498280.760224585
37109,7468650.973640982
37110,6471182.848758541
37111,5112229.907866108
37112,7663830.398869215
37113,4340642.231194757
37114,6643719.978047825
37115,11254301.607987598
37116,5747210.709170659
37117,7477170.163510921
37118,4712054.68648692
37119,14168700.448589813
37120,5028097.144072713
37121,7016050.862328108
37122,7874113.701850443
37123,6933350.714236731
37124,5130606.058260874
37125,8951410.124490425
37126,8022922.513245895
37127,5649054.609370262
37128,8433135.904796569
37129,6199561.602323585
37130,3603115.5772701288
37131,11016363.381284783
37132,6241785.7417067755
37133,5201403.759501584
37134,17623949.25912624
37135,3407771.233476326
37136,7739345.319789915
37137,6317327.372580562
37138,5065721.268888535
37139,5219126.091449392
37140,5319807.13942541
37141,6822104.523650925
37142,5397986.523673394
37143,16101703.41311577
37144,10525771.827743758
37145,3819521.4183972054
37146,6283103.501721227
37147,4519367.142826044
37148,7537109.448057074
37149,5878907.6022002185
37150,9745792.470832476
37151,11443722.474653093
37152,18047468.13913782
37153,6443581.711531329
37154,6965848.691842099
37155,10567102.547496678
37156,8663238.52078101
37157,9173811.999583721
37158,3425201.605389822
37159,5328712.0771344965
37160,10200850.897674356
37161,7471655.441396454
37162,6362201.677724735
37163,4861069.3866726635
37164,8768681.78587022
37165,8346319.50793212
37166,4096365.735613451
37167,5410023.374322231
37168,5746636.105044335
37169,9820679.943668364
37170,7306600.428770264
37171,7577132.053697796
37172,6511302.870478393
37173,3883200.5055223946
37174,7363552.556131357
37175,12648110.554593902
37176,5940576.391339061
37177,6503329.132076192
37178,7756126.769124443
37179,4519822.643059401
37180,4663870.37582791
37181,6064039.971149272
37182,6318896.191012849
37183,6399707.290608899
37184,6620848.911657
37185,4847477.360051138
37186,6552715.7076422665
37187,5361299.486642148
37188,5254587.59294451
37189,5273573.669162834
37190,6419668.220899292
37191,6319316.302841674
37192,10318883.738825772
37193,11135713.688696314
37194,4257633.377340847
37195,8246452.1937087225
37196,7001025.37995061
37197,5775531.745320439
37198,37102864.63231915
37199,6690331.867236831
37200,4712198.206584157
37201,6548777.345004683
37202,16628790.600353852
37203,6491390.960133574
37204,5627396.914392771
37205,6157104.5895233555
37206,9541903.737634944
37207,6553987.987891031
37208,7543195.8300865935
37209,3470368.2621852504
37210,7933021.295234639
37211,7534495.5866845455
37212,9414854.202081276
37213,7627854.166086542
37214,10550735.039331647
37215,9195907.95419127
37216,7739075.963823596
37217,9139931.666670376
37218,5303821.140318107
37219,6703976.733723049
37220,7934533.10688425
37221,3483251.394660563
37222,11136890.094279028
37223,4347055.73686991
37224,4934683.750149111
37225,5259286.687440931
37226,12225390.818356574
37227,17598720.32204502
37228,5938494.612270625
37229,4172327.571334971
37230,5237565.53171971
37231,7051693.111277389
37232,14556912.33589241
37233,4403223.000687465
37234,5864624.276055017
37235,16605288.014248451
37236,7052984.005437125
37237,8073109.770039694
37238,5547626.501371157
37239,7742401.82356705
37240,6131077.699521773
37241,5488763.045213682
37242,7266635.529093174
37243,5708128.446362922
37244,5892698.7216726765
37245,5417387.598768019
37246,4187338.7451749723
37247,8347410.220424229
37248,7458338.5785659645
37249,4211831.334303713
37250,7359852.013376524
37251,6324377.551749483
37252,5259311.285967692
37253,4563369.526238077
37254,6057338.307138926
37255,7564425.0538670225
37256,7349755.89467046
37257,7076591.0815877905
37258,6353389.718824989
37259,10029365.391838575
37260,11692405.810134882
37261,4969798.950109521
37262,6153787.696272642
37263,6153517.689019395
37264,6426250.819103415
37265,5648206.367193449
37266,17452082.071402386
37267,5941753.84929216
37268,7323992.043624242
37269,6027521.582340651
37270,5536972.903873157
37271,7375882.246796616
37272,6155595.503323705
37273,4670557.851249497
37274,5032661.443616962
37275,9176975.43850349
37276,9200122.42154925
37277,6865966.087200774
37278,6001310.104964751
37279,7972384.015100207
37280,6979649.405097255
37281,4906887.620565036
37282,8470173.300084071
37283,4774067.6162607325
37284,6308972.489639587
37285,4130837.5790276797
37286,5213071.539664136
37287,10202871.626777045
37288,5679677.570239737
37289,5934518.907818721
37290,4284625.247576217
37291,4531889.581290975
37292,9110770.226843225
37293,4044945.0582629903
37294,11351501.46164615
37295,6073493.500843138
37296,7543492.057230837
37297,5070076.027903155
37298,6491838.734211024
37299,6364339.804609546
37300,7024889.33710792
37301,4486263.112005097
37302,7589112.326628556
37303,9808413.602980565
37304,4530507.050949634
37305,5782052.076635567
37306,3612827.3565684455
37307,5656681.97780625
37308,7323341.946737527
37309,7048233.176681232
37310,6031276.142738524
37311,6333940.41244722
37312,4051071.117161093
37313,6235539.43246327
37314,11346060.449097233
37315,7304692.45323695
37316,6873832.486096912
37317,6401124.471649743
37318,5315613.80711754
37319,6031673.541015502
37320,8379278.746902148
37321,6053346.814530953
37322,7917905.071015052
37323,13567162.194581283
37324,5299408.201060211
37325,7372669.822414029
37326,5996002.5630961275
37327,8549173.924214263
37328,5941278.349699832
37329,5632346.395674236
37330,6137506.737285829
37331,4220428.898513319
37332,14122788.969484799
37333,5876298.041162048
37334,5428498.431423377
37335,6296045.792320639
37336,8040166.915497038
37337,6511754.607162557
37338,5418230.996921083
37339,6286661.195975709
37340,7460074.380667756
37341,4617937.513648151
37342,5284906.407197134
37343,4981891.093234034
37344,9985496.61351247
37345,5693776.440317991
37346,3893267.796918192
37347,7947770.097261036
37348,5093005.7200239785
37349,7808664.308500623
37350,10663749.710336497
37351,5884461.811351067
37352,4050386.2774831112
37353,5756447.364607532
37354,5727127.2493126765
37355,8549562.429092364
37356,6787041.846285759
37357,5581119.86793416
37358,6972452.130332371
37359,4730192.453381867
37360,5268166.461072224
37361,5478482.310670516
37362,10953816.229240447
37363,5573272.502609605
37364,4592006.156519425
37365,4646178.509931963
37366,6925755.248863397
37367,8617815.837292768
37368,7368635.286256647
37369,5822257.026723976
37370,12587122.782369431
37371,3940485.1432982725
37372,7585049.216858088
37373,9712799.771810431
37374,4990993.685682976
37375,4092545.762801045
37376,17114628.80855598
37377,6052533.85022339
37378,4318591.008618344
37379,8184975.738685667
37380,7252993.044057162
37381,5687561.589702877
37382,9159265.84802664
37383,7618625.475812672
37384,4959609.32939898
37385,7427977.632815435
37386,11657974.194060354
37387,5861638.665576633
37388,6040133.515240179
37389,5360956.746092161
37390,6279172.781462782
37391,7556295.161150511
37392,9085810.731615357
37393,7446410.474289999
37394,5222473.222531111
37395,7570862.999488354
37396,5933440.078448601
37397,3435825.260514192
37398,6026957.868118951
37399,13719226.835207364
37400,5152956.322800113
37401,7395954.050184808
37402,10105901.59542596
37403,7170956.859215892
37404,5104556.691451947
37405,5449571.422936165
37406,5051107.712967488
37407,4396348.000117871
37408,4695830.437585099
37409,11620173.349069191
37410,6284543.190519572
37411,5335580.619032521
37412,2226063.3398653497
37413,5053507.899907135
37414,4829356.754194841
37415,12416068.600113114
37416,4263297.419109142
37417,3961378.854631325
37418,6961433.264974239
37419,5304756.451888701
37420,9898077.14820704
37421,9581805.994826745
37422,6750631.810768662
37423,7490163.325326131
37424,12973801.270095212
37425,7613590.871436786
37426,5640217.185250148
37427,5162300.249722382
37428,8543378.572167726
37429,9956700.801312516
37430,5464647.901287062
37431,4164517.261886303
37432,7100946.837435059
37433,8320930.9485831205
37434,5558438.050232936
37435,5631131.330499331
37436,7432989.395620375
37437,7426326.8136579795
37438,4388671.091694456
37439,8852327.932455868
37440,7529213.52677049
37441,8299948.289922974
37442,8042662.933413542
37443,4264108.612358737
37444,4567561.5145638725
37445,4513564.194701245
37446,8437317.610389411
37447,6088595.540014814
37448,11856319.433115525
37449,7613416.773249909
37450,10579653.370037459
37451,14576706.151929203
37452,5972230.673356845
37453,9119116.905844908
37454,3998671.2529038917
37455,7356619.78719123
37456,7519235.765541002
37457,4059495.8800861924
37458,7092010.860829373
37459,12025221.762758411
37460,18786276.501706287
37461,5575012.771534837
37462,5539167.211999616
37463,4329832.739428702
37464,11410793.288782926
37465,7034006.562663307
37466,5702450.601610911
37467,9275181.943192793
37468,4772859.025449591
37469,9371131.774786882
37470,4671793.112772725
37471,7274007.631239642
37472,5085135.298924271
37473,6210205.014223875
37474,6747604.071584383
37475,14652749.210790405
37476,7878696.20927741
37477,5328787.0393556645
37478,3991422.997054355
37479,4552937.187318646
37480,9540826.381306868
37481,12965326.293909604
37482,5997103.693827539
37483,8172859.782820711
37484,23781226.71667706
37485,5040093.3302592505
37486,5941092.911401992
37487,4800705.09581804
37488,6310604.347560026
37489,6120890.545687098
37490,17461486.74554291
37491,5674531.449233304
37492,5718022.340182546
37493,4994953.523680635
37494,5210473.643614943
37495,11235448.738802562
37496,3950332.0722808726
37497,7085479.4810251715
37498,4724301.70808594
37499,8125963.723115289
37500,4174838.945028735
37501,3983934.1487348396
37502,5352719.050079847
37503,9056006.366461167
37504,7322342.469212872
37505,3315227.9696549275
37506,6681100.507669528
37507,8670198.734586695
37508,16114975.538983734
37509,12803115.869169047
37510,5256325.6582369525
37511,5887249.179273784
37512,4488584.514881849
37513,7033317.388189015
37514,7209646.887617289
37515,6046122.158059359
37516,4291982.950324845
37517,4939106.03837322
37518,6159565.837353105
37519,5147799.874638923
37520,4409933.972976286
37521,7195290.291116982
37522,8898188.728725988
37523,3964761.7675251043
37524,3959864.4389281236
37525,7095519.256264941
37526,12406197.48992067
37527,5403345.178767621
37528,5150333.372210308
37529,4510374.199012292
37530,10551466.473623306
37531,7149946.011492087
37532,13625112.01406633
37533,8164442.81009738
37534,5860953.90553362
37535,6372003.940638674
37536,12236833.368645206
37537,11762011.7742458
37538,5587001.798377358
37539,10761457.667227123
37540,4133277.0562069346
37541,4370807.073506974
37542,8178044.198242869
37543,7660622.246306075
37544,10275940.302136628
37545,5660646.129141583
37546,6901278.0741939405
37547,5739352.475735683
37548,5554316.047358273
37549,4969515.332407846
37550,5645796.041513933
37551,5271101.268021574
37552,7315112.062183817
37553,13674653.108747039
37554,17747479.445669033
37555,11439473.704202538
37556,7049904.011694655
37557,6676585.03947519
37558,5935932.681145483
37559,3115957.699978901
37560,4213745.137780694
37561,7695939.776775879
37562,6247053.031144788
37563,5868652.339852865
37564,6766370.327239079
37565,8486075.611039348
37566,20052984.79102074
37567,17554557.224990018
37568,4894002.514160906
37569,9930309.567320852
37570,6481852.2078678785
37571,11585663.264209343
37572,6112743.269722788
37573,5329107.373677161
37574,12150760.23192293
37575,4803677.23682528
37576,10931508.274520336
37577,14168871.083191754
37578,10853213.376502395
37579,11004295.012469178
37580,6265825.180251793
37581,5540548.709164973
37582,8596873.26950652
37583,8369810.0818371475
37584,6530401.954366053
37585,6828021.004098791
37586,7786767.3109437
37587,6589472.722956806
37588,4646188.663392947
37589,7941336.812639323
37590,5437601.137027447
37591,12327320.396655029
37592,5330332.496430474
37593,4335194.30350297
37594,5467788.433488873
37595,7304250.51237575
37596,8281449.344445852
37597,5667640.254164167
37598,4441203.927027494
37599,15325611.852005659
37600,5611500.543019442
37601,5499248.698958854
37602,7286767.750753375
37603,11023891.409981946
37604,24023370.451686613
37605,9182453.690760406
37606,11191977.403941242
37607,6932144.487730381
37608,9431709.421992064
37609,5785493.300386902
37610,4017337.3764734557
37611,6482245.061028088
37612,7696324.675183201
37613,5647785.730415295
37614,5520872.927216416
37615,6176597.059864678
37616,4778725.183057601
37617,6384218.45641277
37618,12096005.056417096
37619,3519602.4169413922
37620,7443174.798207488
37621,10598037.811558546
37622,10814307.135631545
37623,6687432.5593399005
37624,4946486.873334377
37625,13897161.410279986
37626,9763168.037103958
37627,5375985.0516857775
37628,5748111.938866278
37629,9324995.26342768
37630,4478609.251892751
37631,7019622.111824462
37632,6867974.802168764
37633,4651196.814113319
37634,9350777.490617659
37635,13145421.621099722
37636,11653500.227143282
37637,6649278.890035467
37638,4828735.5758330645
37639,6812003.885532515
37640,4016712.0586708575
37641,8703164.390808795
37642,10608758.344654065
37643,7689042.441915574
37644,7498301.2550159255
37645,9695324.321704332
37646,7493239.47975161
37647,8404803.885521404
37648,8657344.01893662
37649,10756098.682062894
37650,6808707.572234035
37651,6517178.0863796985
37652,6084092.99779912
37653,5869012.414490358
37654,7178495.67554547
37655,6666481.633328418
37656,4838668.96066186
37657,6144443.249468819
37658,6719082.619781951
37659,6186484.085267759
37660,5192245.230602202
37661,6970365.573150288
37662,3863496.980007998
37663,8172254.727413684
37664,6223632.183483864
37665,19265442.87956547
37666,6353137.399475558
37667,7416009.464177548
37668,4613771.124950305
37669,8367154.0726208305
37670,9315733.010976616
37671,8086318.93717329
37672,7744979.604596331
37673,5930798.642094732
37674,4852503.044387847
37675,6552506.774548455
37676,5425141.080502169
37677,4319929.063735636
37678,6856462.9854896115
37679,7096795.277144586
37680,7001359.446584712
37681,20190343.43971372
37682,8483203.840644866
37683,3874238.8709203545
37684,12315683.653848479
37685,5807848.5809587315
37686,16130145.663175587
37687,6875844.372041357
37688,5483951.552367389
37689,4764867.631130684
37690,5701241.647255085
37691,3956294.3908646973
37692,6778152.3733393755
37693,6075776.401115097
37694,7319016.432789728
37695,11852508.217611607
37696,4779521.930325752
37697,11271085.358043907
37698,5843964.70942757
37699,8844387.166374315
37700,4216722.77454318
37701,5955621.128608979
37702,4441658.19496638
37703,5856283.316572237
37704,8807463.868357033
37705,6298908.321110784
37706,4449442.853223435
37707,7131634.632391232
37708,5269542.829797458
37709,7977293.1490122685
37710,10970734.983529879
37711,7222444.841069992
37712,7702503.416598991
37713,4337726.388669665
37714,5669797.869839876
37715,6137315.304990774
37716,7625885.469833691
37717,10676932.027574116
37718,5482002.355980016
37719,6922891.785737101
37720,16517926.648297753
37721,8387959.723003259
37722,5245992.275004721
37723,10915829.4842573
37724,9368745.982541185
37725,4700532.552277488
37726,5177609.497521797
37727,11005934.284932919
37728,6760285.32861265
37729,18073086.9832505
37730,19723314.606614977
37731,5934100.314271549
37732,5586102.479027402
37733,13459817.254072206
37734,7049409.741191885
37735,4894069.950126747
37736,5392851.372841146
37737,4503231.1652466925
37738,6895935.496553446
37739,7561260.6273235865
37740,6494251.45572874
37741,8919460.17667461
37742,6144568.20300982
37743,5750460.790465519
37744,7516337.650193537
37745,5491628.5408505555
37746,10678131.884760719
37747,7086327.831475629
37748,4612944.533913041
37749,6401055.748417376
37750,4719719.181627713
37751,7247645.150484572
37752,7069894.155984823
37753,26741706.406971216
37754,6436265.669109707
37755,4103146.883557366
37756,7147362.118107237
37757,7640938.204349235
37758,4968176.962492033
37759,8792512.146490505
37760,6955020.139071875
37761,4084696.0828817463
37762,6277884.921171386
37763,12297562.401796602
37764,13904544.328551836
37765,4057547.236467084
37766,7977579.027162723
37767,6415985.3165051
37768,10717273.171595616
37769,10522956.51402838
37770,5865957.326831994
37771,7753264.688464553
37772,8439619.654621365
37773,7541938.582869173
37774,9616633.400451439
37775,4354573.9153682785
37776,7897853.425780623
37777,7859471.838735736
37778,7112328.401102483
37779,5532109.94993192
37780,5173928.616779495
37781,3897776.551674159
37782,7190279.391474761
37783,5557064.323237201
37784,11115175.19529026
37785,5873487.858527155
37786,7001189.079685703
37787,6883442.771345419
37788,3971326.946533216
37789,10013857.400321756
37790,3397970.66233715
37791,3860727.644833495
37792,3160199.7122095805
37793,7365666.511183438
37794,10224106.20957218
37795,12020185.33016379
37796,5910864.158393223
37797,5467378.880636635
37798,8178593.966243807
37799,5387559.265840376
37800,6025199.47529111
37801,5398978.200540603
37802,4547639.257838134
37803,7064361.68225682
37804,9183200.352231624
37805,7098589.749353824
37806,12885978.557570113
37807,4096204.114050478
37808,11114410.62690862
37809,5028852.557753987
37810,6071552.340149805
37811,7445732.83356454
37812,5339710.12444333
37813,6576979.353627688
37814,10397634.712119052
37815,14752262.21733564
37816,5790152.906885127
37817,5831613.045771612
37818,9696766.696405826
37819,8295921.4488235405
37820,4639345.205825911
37821,3346512.899069647
37822,7686329.527116184
37823,14745438.1920478
37824,5285129.477335047
37825,18953935.965476383
37826,4720854.841571419
37827,12443650.616281506
37828,5862665.05417816
37829,18857572.5053951
37830,3426794.5198541353
37831,7421442.988608642
37832,7469907.960845729
37833,4188005.7313186694
37834,6128922.420053989
37835,9539273.142327616
37836,4737326.439000668
37837,5802433.3121305145
37838,7184341.727984076
37839,7051371.8334826995
37840,6498406.737361116
37841,6065224.477218927
37842,7439881.938019315
37843,5587587.120474507
37844,5159426.50431657
37845,7109098.422325206
37846,5856644.700336169
37847,5345010.391624418
37848,6508682.788217275
37849,5618172.1683979565
37850,10086814.300719023
37851,6575328.242214236
37852,8200368.322129093
37853,6458729.328272258
37854,5591346.100754825
37855,5493350.993702705
37856,8321231.468176406
37857,4900101.3316196995
37858,6823606.233077217
37859,6162574.32821918
37860,5700760.390111324
37861,6285095.880980842
37862,6701383.882328789
37863,6979257.6816582205
37864,5466126.606497037
37865,11350892.098020323
37866,7667821.956078936
37867,4045107.22413817
37868,11011481.232736181
37869,18866551.540834654
37870,5533059.176833909
37871,10481764.613943797
37872,7394980.83469171
37873,5451051.590082378
37874,13192275.259225579
37875,7608023.772903399
37876,11075648.586370677
37877,5472834.752822862
37878,5270921.3082816815
37879,8561009.333862092
37880,4669537.264359899
37881,14293267.565605855
37882,4796901.714701065
37883,7464093.893611381
37884,6193761.853639776
37885,5139438.398231544
37886,4691659.87144208
37887,3591370.3155445424
37888,9282602.863985527
37889,6602210.929294114
37890,6093861.415147372
37891,7181915.5722119
37892,11268465.1557269
37893,10030122.880234145
37894,3956140.127189955
37895,8459974.323617084
37896,7592167.84275726
37897,5786731.617029623
37898,11391039.893197434
37899,7327419.983802527
37900,5342939.245982312
37901,5173922.183225885
37902,5885547.028677139
37903,6967035.838529929
37904,5294113.295864376
37905,6409837.830791831
37906,8078838.333317479
37907,10464367.721208297
37908,7470156.12124573
37909,5382005.646894369
37910,9952809.371554498
37911,5292446.676506747
37912,7387609.156352567
37913,6933171.322538746
37914,7033906.889764691
37915,7315068.519614786
37916,15505797.656690273
37917,8374210.561475397
37918,6185010.293169786
37919,6458661.209415001
37920,5074585.646536899
37921,6402522.571819966
37922,4457890.030669193
37923,7000059.661584746
37924,4607153.941098277
37925,4367197.685226386
37926,5501157.814982519
37927,5916793.877296788
37928,17298096.304936185
37929,20779662.005894653
37930,3437654.8767284285
37931,5471711.764561678
37932,5247841.68728685
37933,6488660.233766283
37934,4921626.691923872
37935,7643431.571897304
37936,5885002.239246409
37937,6147230.029441123
37938,5960309.473843548
37939,10855126.908266602
37940,12898018.987861304
37941,33969780.06077039
37942,3228113.946704285
37943,6662937.162312833
37944,7935776.009126467
37945,7377454.115601418
37946,6373009.586347572
37947,6823468.1654364215
37948,22339124.529513344
37949,6491391.714555228
37950,9116263.618193954
37951,6648822.587373552
37952,5658678.156264889
37953,3686305.00957106
37954,5499390.168543469
37955,9140256.948865805
37956,6900768.462055345
37957,4767359.29809445
37958,7616909.909315633
37959,7149734.622230015
37960,5539962.41945225
37961,5366271.137366462
37962,3701160.9148457646
37963,14214043.412539955
37964,8107466.582650628
37965,7251139.5006645005
37966,6883758.975737661
37967,6405308.929539923
37968,7662056.662324551
37969,4809536.20579511
37970,5217009.364585784
37971,13014621.222474303
37972,5482515.094371232
37973,5936639.725559968
37974,9502333.22399284
37975,7127613.478604498
37976,4379430.410175334
37977,5532954.002928803
37978,10964849.63514244
37979,3361807.5441616145
37980,12939048.816582836
37981,4923604.045760486
37982,4667227.493391281
37983,5994557.498582765
37984,4202606.386672383
37985,4337431.051386772
37986,7147181.303876906
37987,7816230.372140309
37988,7997099.65719854
37989,10444279.58939153
37990,6972332.674376198
37991,5578254.392100958
37992,8108070.512318158
37993,4646438.511926118
37994,4457991.100659953
37995,5729924.139991625
37996,5989236.876409913
37997,6251756.192469071
37998,6269502.771659981
37999,7580089.691212758
38000,3143440.645449721
38001,6057003.669630792
38002,4405258.311534829
38003,9166770.361489985
38004,7348555.4934071405
38005,8896003.924342124
38006,4204041.888475825
38007,5346598.049802085
38008,4693516.426280613
38009,7647321.236046777
38010,8884394.529663034
38011,8634323.21512252
38012,7883728.854098776
38013,5309157.204767852
38014,6757017.074176391
38015,4591766.889006963
38016,8142762.024426048
38017,6510993.621559047
38018,7305436.659341756
38019,9906835.871051086
38020,4789146.501606965
38021,10974250.72922447
38022,5679025.003393486
38023,9107841.519066524
38024,9005065.972069431
38025,8768172.213446757
38026,6335039.391744522
38027,11199439.926675111
38028,7267581.485890646
38029,9015742.321203979
38030,4094318.5759436074
38031,9948406.000752436
38032,5516680.667876934
38033,6322468.497527519
38034,7536922.397252743
38035,6085787.790990143
38036,6863569.846265616
38037,5449777.7312868
38038,9765762.040443314
38039,5129798.206430985
38040,6428395.074971993
38041,8214819.44675823
38042,7969133.657948273
38043,13472894.72814084
38044,10047869.50351432
38045,6708242.266310203
38046,6644659.478395262
38047,6255427.970984581
38048,7426766.1751449695
38049,6600145.775138594
38050,4428304.237132128
38051,5818015.242585195
38052,11111579.23189926
38053,8056388.523837107
38054,7883103.456033906
38055,7476604.003727833
38056,7542227.382378983
38057,3960029.7996653914
38058,4073041.8188991756
38059,9147003.628916766
38060,8197936.631128195
38061,7374042.439763342
38062,5394215.147016361
38063,14039717.553837847
38064,10939480.184691498
38065,7195793.267392742
38066,6048460.306077069
38067,5261650.941652457
38068,17481415.57451854
38069,5911795.436399362
38070,7661396.903826011
38071,6675336.298645174
38072,10107595.103530902
38073,6673380.609469098
38074,5821195.459532546
38075,9375236.922530595
38076,5969725.820925159
38077,5668528.041432919
38078,16732286.942795979
38079,4234853.970172387
38080,6562302.059546072
38081,19239734.997904636
38082,5688328.585949474
38083,7232961.553723285
38084,4483139.346123258
38085,11145518.538782785
38086,4808176.156260969
38087,9671588.541153291
38088,6770683.768275476
38089,5458811.8840007465
38090,4687809.364804881
38091,10446691.935621021
38092,13327587.28755599
38093,7507411.453097771
38094,7376026.599699381
38095,13147309.12897185
38096,3233444.7326533548
38097,8464625.108557058
38098,4543174.042541759
38099,20038654.122101728
38100,6431112.584546733
38101,6444055.7323102625
38102,12953360.236722842
38103,17065915.14353014
38104,11039158.094736874
38105,7070590.31094352
38106,5787128.087216481
38107,3602103.2755014165
38108,10736138.055208055
38109,5522546.812101648
38110,3702122.438284542
38111,5378704.15096219
38112,3801715.1823565136
38113,7515682.4615135975
38114,7437297.080325867
38115,3687869.9428092963
38116,7167377.4563372005
38117,6129704.876034763
38118,6765249.473281191
38119,3146499.7892264538
38120,7380369.636866096
38121,5179900.264857044
38122,6063057.097282076
38123,5387474.736378118
38124,7569240.126977349
38125,7915872.278618408
38126,9411938.910114743
38127,5769349.068394919
38128,2363172.93654822
38129,3678976.4456751454
38130,5376003.860297096
38131,7948414.49288803
38132,5387115.7803721875
38133,4192846.5764182364
38134,5639896.238517641
38135,9152563.191080736
