id,price_doc
30474,5427254.955806913
30475,8462749.5261997
30476,5232766.354251993
30477,6703606.171001362
30478,5220168.057109598
30479,8445491.069506563
30480,4455211.592478543
30481,4457297.916897078
30482,4735383.466431818
30483,4840147.157597478
30484,6945829.18505773
30485,5201468.732678907
30486,4279571.591292884
30487,3501919.0853474773
30488,6513141.716503647
30489,6687498.765113445
30490,20866741.52024558
30491,20433226.300610524
30492,4846140.76558373
30493,13412735.697308084
30494,7177224.279878398
30495,9398422.157025209
30496,8742950.79144584
30497,7950394.602057593
30498,4441389.887495835
30499,6945843.441521189
30500,12092806.442294892
30501,6770122.751963525
30502,3150044.8900303654
30503,6100170.445528637
30504,5656384.817046208
30505,11338415.311369242
30506,3204488.581334059
30507,5041740.877077504
30508,5997386.350991494
30509,7494826.955521989
30510,9179932.502776993
30511,5859264.759249209
30512,6169470.481447435
30513,4476601.796309775
30514,2872851.6294895182
30515,10357465.122033536
30516,6218398.624656108
30517,10345746.165379314
30518,7766109.9666265
30519,4571343.503641511
30520,7742914.756339074
30521,5994341.017413778
30522,7217629.122534132
30523,6341977.164568155
30524,9835002.921573127
30525,11092458.85624332
30526,4985193.351319871
30527,5620762.679175602
30528,6543047.439893068
30529,6724098.703215195
30530,5887394.012225199
30531,14980126.319145741
30532,4964609.334294109
30533,9655083.026857221
30534,7257213.979022898
30535,9513344.164174102
30536,6217025.05897033
30537,10578464.652470855
30538,7512585.16454256
30539,9895122.805537693
30540,9816683.782382539
30541,5413204.739489851
30542,2239744.9879609584
30543,5784249.370861696
30544,6641045.171567864
30545,8214074.3995741615
30546,4436666.61461184
30547,10012963.36528181
30548,4862260.322283149
30549,5326395.994285224
30550,12337135.12127163
30551,5293364.048355125
30552,2057020.3654904934
30553,7393447.995208101
30554,10154375.076719152
30555,6608967.706404783
30556,8553439.328528006
30557,6211133.448628412
30558,9563936.307748677
30559,6384162.310131202
30560,5874242.968938321
30561,7054040.218764584
30562,13033258.106286922
30563,5250156.420010715
30564,6864607.953648213
30565,6070643.749185341
30566,8019382.967294916
30567,2234107.3116914006
30568,8389360.807934115
30569,10033734.138652354
30570,6503240.473909718
30571,8123078.464329621
30572,5271368.228791105
30573,6753606.506912497
30574,5980758.789940218
30575,7853822.14075166
30576,4462597.168657291
30577,4105268.8730309717
30578,3120039.642752908
30579,7414373.007931775
30580,4585884.130242134
30581,5612710.42295979
30582,11345978.077761795
30583,7462568.078783658
30584,4451169.880703109
30585,2948209.320896991
30586,9173985.300308518
30587,6405313.586945163
30588,7028959.70183066
30589,7702592.613917903
30590,13153537.418296725
30591,5671283.713756339
30592,6423792.404683011
30593,5851041.336008854
30594,7756834.432388296
30595,5340625.012708544
30596,6937746.960716139
30597,6737193.154047083
30598,9905621.716318304
30599,11358958.988584645
30600,5017054.000835562
30601,6714024.577839242
30602,1990116.3491123207
30603,13160866.262285559
30604,4645870.434743546
30605,6868141.631352713
30606,19955161.299688373
30607,6417729.065026353
30608,9537391.060712801
30609,6771871.37889485
30610,3013878.0577917323
30611,6204224.163690778
30612,7007338.163441389
30613,9540044.735570526
30614,19910462.671691325
30615,7969747.237134527
30616,6226568.290364556
30617,9871359.906787299
30618,5166459.419153794
30619,4373850.796916702
30620,3016395.06392713
30621,9742111.007088074
30622,8132168.7500426825
30623,5821907.360981807
30624,7172522.248703793
30625,7818828.825901125
30626,6841855.424854011
30627,7829664.140163254
30628,6661080.366614074
30629,5175450.388606959
30630,4652175.786370318
30631,6681810.776098205
30632,4412081.621459143
30633,6503101.850233094
30634,11493906.202571984
30635,9984970.679879926
30636,5281552.295767812
30637,10573354.004443703
30638,5762664.666320974
30639,8557899.27071873
30640,4828254.1069538845
30641,8431951.923662027
30642,6942973.0212434605
30643,6998095.168603822
30644,9958352.805695634
30645,7159127.186726894
30646,5255983.8544347
30647,5364488.149821552
30648,24279177.412100907
30649,2708116.8415102097
30650,4762289.859020718
30651,3218327.1947587724
30652,4765880.6387537755
30653,9651583.84434357
30654,5119426.676852847
30655,10677853.177595029
30656,4308761.722549664
30657,5662758.0293390155
30658,10001988.26166885
30659,5060327.359127522
30660,8318140.534125803
30661,6912971.67765131
30662,8735276.721553385
30663,14538600.784641279
30664,14267650.550586902
30665,6791591.29520388
30666,2629441.8674235824
30667,4804631.127309892
30668,9436949.825558659
30669,5359903.418449776
30670,2537066.129683341
30671,6812140.463958086
30672,13815241.116776098
30673,9879509.837556656
30674,10492428.94488172
30675,2260386.8604185996
30676,6726164.391205634
30677,4339201.9530045595
30678,12887370.222094132
30679,5618419.814750016
30680,5709357.547531512
30681,2513617.0071340757
30682,8659190.761851424
30683,10082520.907635624
30684,4391348.336916321
30685,5928058.085559942
30686,10645777.094931962
30687,5234886.519513564
30688,5015040.2616273295
30689,9481136.444276419
30690,24077175.83219355
30691,4510888.530695392
30692,6316580.91630649
30693,11436427.640708826
30694,5584975.086151153
30695,6633413.0532047255
30696,7085676.836321444
30697,11664038.971873792
30698,7238457.37644095
30699,5500561.46179271
30700,5192317.85143643
30701,9958352.805695634
30702,6000884.677047385
30703,4032328.8425221043
30704,12205474.88391703
30705,8259594.4234971795
30706,21819469.860524923
30707,3348435.294165619
30708,14344534.302307878
30709,6585889.793543951
30710,7149456.735687101
30711,5440829.787451411
30712,4482333.358265906
30713,5820378.9020587
30714,7111371.7701872215
30715,4272286.411086869
30716,10243414.8119011
30717,6031975.285312026
30718,7893333.198699711
30719,17917599.3561778
30720,6445118.356132672
30721,4117765.9614831996
30722,7534194.265687202
30723,7255192.620989414
30724,13132004.822972648
30725,6739184.76524985
30726,11620184.01726651
30727,10660296.494280167
30728,11986520.82055083
30729,3135968.663040598
30730,5885022.546454539
30731,6794665.740479666
30732,4731706.648957357
30733,7792038.592550088
30734,7529237.909589286
30735,5837194.421317689
30736,6057051.517500281
30737,6429403.894726233
30738,6279578.9820427885
30739,3897613.0457132407
30740,7095640.6275221
30741,14239986.96917782
30742,4333372.179697321
30743,5229158.593729335
30744,9873455.177409621
30745,6646597.665790712
30746,5986786.162772591
30747,17791147.96498876
30748,17524019.208533004
30749,5157960.400113241
30750,6804818.2639312465
30751,3478366.9780208836
30752,9441455.894374862
30753,10107205.103510102
30754,5209796.030946298
30755,3833896.536030511
30756,6830287.612128101
30757,5261400.587765595
30758,9867918.328117825
30759,6398221.7489326345
30760,3600070.6715054284
30761,8775529.597991796
30762,7113162.315151245
30763,12383645.01479354
30764,6863594.70657514
30765,5705626.39181486
30766,4098290.35506749
30767,10599778.831598595
30768,4722417.83596887
30769,6991808.785687453
30770,6791591.29520388
30771,2898087.0093590105
30772,8458930.770805202
30773,8306967.353352499
30774,6368836.334279584
30775,11588812.498381523
30776,4774606.028115445
30777,6792386.734569923
30778,9105460.534936845
30779,6371038.804006178
30780,8149417.8583667185
30781,7305140.87973671
30782,4760955.761937581
30783,5950387.936775213
30784,3924836.82369581
30785,4482720.770910617
30786,4555765.17705388
30787,6967380.144196935
30788,6051945.684456178
30789,7012625.42899708
30790,7024284.301078198
30791,11144484.163945295
30792,7713654.3391553
30793,9693303.391821321
30794,12671331.204648755
30795,11253705.57738547
30796,10213491.998362549
30797,15662084.602734426
30798,3076764.9815548942
30799,9453246.737173352
30800,13262475.033660535
30801,6699558.544259195
30802,22479068.98362414
30803,2842161.6371672833
30804,4148027.247406286
30805,16450358.5491544
30806,7533250.627600083
30807,6162218.477261382
30808,10429628.507558962
30809,5695494.979532393
30810,10301273.541542433
30811,4521634.380356599
30812,5030072.700806151
30813,4649253.594376286
30814,2775320.2919816906
30815,3471144.0426147813
30816,7740229.959363755
30817,2031508.7995337998
30818,8129291.744820182
30819,6923851.41254007
30820,5083788.500476569
30821,19344771.56929233
30822,8643449.134356387
30823,6607621.359805273
30824,4067930.6050842036
30825,5387691.792390612
30826,9994803.09819317
30827,5557162.133721591
30828,5959599.5713744
30829,5490368.90450102
30830,9662291.73301496
30831,6616565.424654166
30832,5525207.26759092
30833,4871245.528592242
30834,4497863.314449752
30835,7310069.782166034
30836,7107806.774096677
30837,5391535.131578756
30838,4369828.582140111
30839,5912335.98768797
30840,11214410.521854019
30841,10540359.489345144
30842,7304712.48681998
30843,5474774.748683744
30844,7869889.930053517
30845,9485664.59741181
30846,4637848.353016105
30847,5719457.5796662
30848,8709903.963296505
30849,4803508.349860504
30850,4391221.112895641
30851,5809121.469147971
30852,5709226.51280933
30853,4337259.704561401
30854,5555442.572055
30855,8667314.78739716
30856,8776997.729232874
30857,2519050.647332847
30858,4686726.065637054
30859,6348556.1083845375
30860,5495638.982343566
30861,8376016.282075223
30862,6596683.6245522965
30863,5899790.556100946
30864,6315410.253835444
30865,10655594.280417237
30866,6401938.01223057
30867,6205248.107224138
30868,8225506.191442421
30869,5327159.628585445
30870,5295287.406403023
30871,8569036.783383794
30872,5706364.525501291
30873,4535156.183191933
30874,4634493.161015572
30875,6216902.854355218
30876,5212516.911077407
30877,9565594.543980861
30878,5983139.099938481
30879,12430624.929126758
30880,6822381.736912829
30881,2067528.9922903161
30882,10367712.541394489
30883,3348899.8043156858
30884,6030648.770083012
30885,4846793.120864673
30886,8065833.7122803265
30887,5964042.465429132
30888,4384663.943631836
30889,4472348.981138312
30890,6969630.183981819
30891,4082964.22556586
30892,4120859.5325945276
30893,4643596.639728625
30894,5289679.6055425415
30895,4519690.884457924
30896,6871885.012306052
30897,7340441.631011958
30898,7402747.829259116
30899,7344212.454066733
30900,3410587.286447389
30901,6206879.927321566
30902,2167229.7523113266
30903,6607971.911727925
30904,7947947.34741558
30905,6082952.485772195
30906,5560751.015939703
30907,12489019.619231654
30908,4501713.650573175
30909,13094216.127420316
30910,7722236.226498784
30911,4204404.576618177
30912,6656594.518845472
30913,19387370.1556215
30914,5027597.166733527
30915,7357128.200305226
30916,6384672.954315345
30917,8601485.358963806
30918,6727893.9141958505
30919,3898838.7712173644
30920,4976525.460128063
30921,4152738.8817871897
30922,6149607.9486672655
30923,3807027.256811837
30924,5441121.235450568
30925,15221182.862590753
30926,7306980.134561302
30927,7914050.176360964
30928,4926642.059816504
30929,5268371.148889156
30930,9383413.171655493
30931,11837821.916065412
30932,4662410.768202473
30933,4406247.959597059
30934,13734582.341683917
30935,7325173.487396944
30936,7524823.769285267
30937,8880867.837384388
30938,4655524.295889661
30939,9305961.794360248
30940,7318776.516996304
30941,6753318.405270225
30942,4135278.6287946566
30943,6866126.995222903
30944,5606915.47865852
30945,3828330.8549950654
30946,14454053.721472904
30947,7527260.171405674
30948,8588552.703742843
30949,6854319.13997772
30950,5748895.022393975
30951,17075418.3076946
30952,8038111.477802817
30953,9509809.213057073
30954,5362045.753518347
30955,6384311.741197355
30956,7326182.221562005
30957,5481822.936176888
30958,33567271.3650944
30959,8245115.8057346195
30960,7474851.121795323
30961,8631822.265884863
30962,9841401.910041872
30963,4377551.510959757
30964,4240450.363424537
30965,7234347.269244402
30966,13236082.202908725
30967,9889683.996679995
30968,3597475.0120136137
30969,3876308.549070474
30970,6512953.828914408
30971,11253958.601251826
30972,3905719.8187624677
30973,5177167.691723279
30974,5309210.486831209
30975,7769193.511034877
30976,5450781.811850625
30977,7741724.907766709
30978,7483817.538116516
30979,3538075.1904026386
30980,7223644.5422968175
30981,6499367.378320731
30982,6962071.6626256425
30983,4527107.898269141
30984,6085916.067627319
30985,4163061.865722249
30986,10576105.979661794
30987,9750350.140221711
30988,6267537.016032798
30989,7942998.376017136
30990,13706388.904923944
30991,7052424.811646426
30992,2995043.227507049
30993,7323129.046705251
30994,5021772.485989896
30995,6359838.240099484
30996,6110632.643601979
30997,8034599.4707267005
30998,5924903.505319433
30999,6472260.567451615
31000,7170033.924626918
31001,6859345.921524145
31002,8820892.603869839
31003,8018358.535052897
31004,4568166.740217311
31005,3290061.5321646566
31006,7633099.071217661
31007,4551316.7720042365
31008,5318665.347210224
31009,6102641.580741902
31010,6365452.545807312
31011,4505820.324589359
31012,6431453.690614854
31013,8249659.120388794
31014,12592558.28976358
31015,7331972.284125726
31016,4497148.753542958
31017,9555136.01351656
31018,5334151.874112718
31019,4598662.984536318
31020,7798679.1017332515
31021,12909654.25645666
31022,20651998.012657046
31023,10129164.795539329
31024,4527261.6851395285
31025,6131815.308557143
31026,5940230.669734051
31027,4831302.30457904
31028,4247600.032646653
31029,6697358.301517184
31030,7609347.556282244
31031,10005771.93133184
31032,9850586.965272306
31033,8930922.069940418
31034,6964116.559443239
31035,11110049.9501103
31036,6354663.023766426
31037,26318682.05225359
31038,4544009.4858255545
31039,9025213.547372738
31040,5916508.61290971
31041,4436314.432922157
31042,3343333.6353124673
31043,6250123.799192256
31044,7954415.790226603
31045,6822460.334536266
31046,13641275.625295196
31047,7849805.8381291805
31048,6151063.581468327
31049,5455182.079677078
31050,7915700.2141819075
31051,6887665.587604396
31052,4548517.047826539
31053,15536900.395141559
31054,6831639.323385396
31055,5054720.7688362645
31056,13021957.603642797
31057,5358992.126860404
31058,7116164.000437093
31059,3145570.190732275
31060,7417843.943604566
31061,6724902.6654420495
31062,6613706.157956513
31063,3803584.3383146157
31064,5458137.229063685
31065,8473323.510642948
31066,4630895.719661675
31067,7047227.816296114
31068,4512660.048820386
31069,4867306.331350237
31070,5650804.148600653
31071,3506237.66449648
31072,7929104.853612719
31073,2067201.7601609747
31074,6423803.562398772
31075,6201045.698571666
31076,6454032.7524404675
31077,6014874.192444219
31078,4533647.320882493
31079,6163287.275911347
31080,6794570.81381464
31081,3075601.96084215
31082,9908448.406955102
31083,5755570.930594033
31084,9562227.457536012
31085,12453934.254108695
31086,4096469.5973097356
31087,4661444.40146963
31088,7903008.927439793
31089,6331828.88265743
31090,36445523.90976925
31091,3203513.278943495
31092,7310212.861448367
31093,6809291.911310672
31094,6122536.739437309
31095,4949847.664416159
31096,19583591.749030232
31097,9758221.199948085
31098,8941920.761653187
31099,16944348.13444077
31100,4784555.807277004
31101,3565869.39814491
31102,5930275.2059185635
31103,10683455.381717034
31104,5249864.4773689555
31105,8278439.814162071
31106,4579910.2991020745
31107,10989388.46691113
31108,7021662.315420993
31109,6222358.2807314675
31110,9354995.118031226
31111,10631585.291476721
31112,6232007.420003217
31113,3673115.9892117996
31114,4733030.386655888
31115,6215279.607621178
31116,5851468.330012435
31117,6000490.408138195
31118,4576718.185796873
31119,3181003.0939322277
31120,5390547.040200969
31121,6108964.693741321
31122,5269451.106999935
31123,6015362.562439489
31124,5205567.403014147
31125,11329495.652578551
31126,15509689.132427951
31127,6394291.102426547
31128,6069962.437789414
31129,6462545.190054448
31130,13229027.201918285
31131,7386027.701117454
31132,8728282.544815412
31133,10661512.63166369
31134,6944737.430607491
31135,9183728.276296679
31136,8095153.000402562
31137,4896001.405870786
31138,7270125.412283895
31139,4330100.131506454
31140,7118762.047622159
31141,6435134.363550503
31142,9652088.79882564
31143,5192536.989351642
31144,4429271.31549908
31145,5731315.31292556
31146,5548051.624669633
31147,12707367.585885307
31148,6783305.880546186
31149,2252741.0115289898
31150,8855690.637342
31151,5619738.332792827
31152,8874422.42966822
31153,6105919.392372198
31154,15196715.024940513
31155,5765794.51073237
31156,8179409.370618432
31157,4613789.946651296
31158,8865584.89236435
31159,6761714.733861799
31160,5212157.984216684
31161,3784828.892176389
31162,4844708.846542427
31163,6037561.033526049
31164,6384199.425232487
31165,6491868.633812894
31166,6056888.860086883
31167,7170302.063738993
31168,11287817.646691343
31169,8392903.480735289
31170,5662562.926752594
31171,12859327.93694379
31172,6042754.5215589935
31173,11074285.020733088
31174,8130388.418290954
31175,18544985.00896335
31176,5812667.319012099
31177,8615945.230389854
31178,4569707.86183214
31179,4607913.001516335
31180,4519267.923817567
31181,10212101.17328714
31182,7455495.494486213
31183,8561753.888907906
31184,5530737.981112261
31185,4481189.98833605
31186,8329523.576745322
31187,3772815.600821762
31188,5976328.809151456
31189,5270622.323717525
31190,7271332.6730533345
31191,12870547.62591366
31192,3978030.357950326
31193,5577065.025815625
31194,8363186.056884279
31195,7165948.665794409
31196,4954299.63612275
31197,15073014.88034111
31198,5945727.253278857
31199,6830655.599606525
31200,10761327.931262556
31201,3778691.8341340497
31202,4194846.324443098
31203,6790981.525604393
31204,3797728.0580630274
31205,8751980.40028066
31206,5666059.885597534
31207,4508443.142640787
31208,4796028.589890236
31209,4562682.411196412
31210,6031403.797817661
31211,7416331.868593658
31212,5339285.838876067
31213,10653875.87470066
31214,7114341.480324048
31215,5765847.482058039
31216,6100824.413148879
31217,7479285.628851735
31218,8515474.88951207
31219,3907592.6988558886
31220,6631469.12166073
31221,4250787.171636535
31222,6835505.947140659
31223,10008703.941363404
31224,7174913.214464031
31225,14165737.497454287
31226,6827686.260964056
31227,9386957.056036694
31228,8288889.066247685
31229,4925934.276686984
31230,5647864.178473348
31231,4482865.3935194155
31232,8131022.298631883
31233,6721527.398088595
31234,6988094.209220991
31235,6296572.841693314
31236,6543250.608402533
31237,10336328.052187026
31238,6806106.290429027
31239,11776578.14558855
31240,6457068.204046177
31241,6592885.446400179
31242,7555935.604871778
31243,4420782.3498878265
31244,7593177.569797459
31245,8281453.284297106
31246,10327192.402536843
31247,6522876.660705131
31248,6527612.286316798
31249,9788122.73779455
31250,6404062.771650491
31251,7424836.413450048
31252,6816284.503747942
31253,8264754.837436369
31254,5119515.305670593
31255,11321384.318691777
31256,6921618.521676407
31257,6132353.233160413
31258,8763182.895957163
31259,9985194.1746643
31260,7334746.901438516
31261,24411547.785709932
31262,6097853.571565799
31263,6468405.87239353
31264,4449116.091965574
31265,11648380.62167623
31266,6895210.937294948
31267,4420844.268164987
31268,4489809.107992906
31269,7682038.942643201
31270,4377992.163847019
31271,5545946.847986006
31272,18360869.06219312
31273,8158843.372242928
31274,5524925.810888287
31275,5669940.911066775
31276,5532107.30413698
31277,5190544.691818618
31278,15214618.533674093
31279,14613545.484571764
31280,6954004.631658086
31281,7285214.321336413
31282,12872535.153890442
31283,6815073.221283853
31284,4126596.5078071626
31285,5827011.990642267
31286,7886049.38610114
31287,10271967.829149133
31288,4626591.366025444
31289,8200828.055557379
31290,6091697.046209151
31291,5732698.137838262
31292,4115833.2005638415
31293,7527190.698029434
31294,4356987.637229518
31295,21741875.361139737
31296,9584792.767543066
31297,7335920.000829698
31298,3805848.3925647927
31299,9784374.060772888
31300,6855408.533105668
31301,6560703.536205711
31302,4473578.914541476
31303,7716525.273914184
31304,7182085.132654184
31305,8166691.331337209
31306,3045135.294272834
31307,6868809.5119134085
31308,7929747.890415265
31309,8542118.425073454
31310,56037117.97954847
31311,5325805.635093329
31312,5090881.151461409
31313,9609734.809006901
31314,6690729.037622351
31315,10198910.728335595
31316,12675500.303697454
31317,20385409.83068629
31318,8325884.391595919
31319,6996281.977858957
31320,5691047.189402656
31321,7147655.446616644
31322,6918750.339446588
31323,7927620.452165947
31324,5990485.640131665
31325,6266203.298047757
31326,5608179.166817526
31327,7874160.344067838
31328,14386045.604814786
31329,6464065.776209199
31330,11148827.403318105
31331,8696445.91087429
31332,5164975.272024639
31333,4946852.572934341
31334,4508015.536233047
31335,7808801.333207586
31336,7873610.484849724
31337,8327152.987634027
31338,4327966.674086321
31339,4782128.529258219
31340,5939008.275309701
31341,9568741.42772438
31342,4861132.714547475
31343,3503066.767634323
31344,4322988.762057317
31345,5154318.6076062685
31346,4193883.749567578
31347,8308846.654129366
31348,11206949.375480883
31349,10751737.477309728
31350,3616293.2876073294
31351,5592255.928767991
31352,10047770.979401525
31353,4894063.907977687
31354,8191637.4657426765
31355,9465891.355207557
31356,4555203.694025986
31357,5452521.177815909
31358,2702979.5761485863
31359,6850946.705100572
31360,9206590.375849789
31361,4545643.778988305
31362,10168622.947948843
31363,6063745.922702916
31364,3475468.448520673
31365,3797993.01831394
31366,7005502.430953443
31367,9008873.442890512
31368,6042324.857792514
31369,5173470.703005476
31370,8733856.936615944
31371,8719516.4933734
31372,7592845.696567257
31373,5223796.777742051
31374,6597990.846049777
31375,5663551.617656518
31376,6796708.342589586
31377,6425113.604847863
31378,5580574.106356234
31379,25244974.581962626
31380,4235424.874351278
31381,6719406.013880513
31382,5259738.83696784
31383,7626974.387465428
31384,15732447.171333706
31385,12174306.615544066
31386,9213453.150660647
31387,9909155.489605635
31388,5342986.378968324
31389,4869250.003079083
31390,7460291.5787283685
31391,6105919.392372198
31392,8379769.917964064
31393,9129207.265841048
31394,5328243.024632047
31395,4153351.780415394
31396,8307265.985062152
31397,8366686.075600048
31398,2443359.4450029247
31399,11531300.663358968
31400,4141775.338910804
31401,12480862.865402276
31402,10743476.168795262
31403,5458137.229063685
31404,4604857.52753679
31405,4256448.259525366
31406,6187457.3429967305
31407,3427842.8950102767
31408,6986890.55221129
31409,4230481.941605682
31410,9793610.444866832
31411,7806320.878090808
31412,9954297.735549156
31413,7176823.003774145
31414,4247874.323002991
31415,16703431.025803795
31416,5858119.341253945
31417,4662188.522750589
31418,7810308.406608427
31419,9068465.75441716
31420,9768133.129798857
31421,6727301.049443485
31422,6047808.887437214
31423,7513159.508529903
31424,19759864.291252106
31425,5870500.743793885
31426,4901320.894787232
31427,5618880.903005424
31428,7723631.205349129
31429,12631896.576845529
31430,5738307.285433034
31431,6259542.677803137
31432,5124839.165731905
31433,6177025.620280628
31434,4316616.694794438
31435,11214213.812768985
31436,9188498.917619012
31437,13322927.016030872
31438,8933118.368388826
31439,11567467.142744493
31440,7305877.345080505
31441,6495818.239654851
31442,8129935.16578583
31443,11671402.977594072
31444,5813882.559715285
31445,10430290.18565771
31446,13541404.89569455
31447,6296335.973107207
31448,7079418.928483692
31449,8888354.748338707
31450,6512679.240964026
31451,7804933.436887279
31452,11672044.549524495
31453,3034179.0727693443
31454,5434464.898835837
31455,7826681.631405323
31456,5534920.797627071
31457,5042631.310016498
31458,19450712.440844644
31459,7772149.610315697
31460,5547001.529313313
31461,4289623.215815523
31462,3779553.1188803082
31463,6490516.42923358
31464,8958980.394158293
31465,4976356.354585889
31466,54822386.254112355
31467,3570905.0290689454
31468,15877474.649752485
31469,5351732.277963749
31470,6265051.216114479
31471,13478427.815789942
31472,2780858.4776824797
31473,7448034.20904727
31474,3776772.782396858
31475,7826807.7924613245
31476,23211944.960395176
31477,6846764.035731973
31478,5107608.613165255
31479,6189325.645681412
31480,9801157.816798385
31481,8703021.128836693
31482,10337398.18179504
31483,8816723.934913361
31484,6477125.782152485
31485,3998689.9321220145
31486,2801550.6379780313
31487,5034422.457992169
31488,15279831.144094912
31489,7405406.680685764
31490,4964141.631117408
31491,5418077.316178646
31492,7769925.584220393
31493,10005141.296015674
31494,5619173.106778462
31495,5409335.70200429
31496,8802964.272138963
31497,5050234.133601203
31498,6447435.6701475
31499,10775242.05382734
31500,10169133.034605483
31501,9806585.122544458
31502,9909690.541695483
31503,5488935.66879577
31504,9352483.005688872
31505,18729364.18300563
31506,7458341.664542081
31507,6630110.86237542
31508,7428977.682626749
31509,5975190.784478738
31510,5905119.310278638
31511,5405059.879207514
31512,6798001.284637499
31513,21518468.046973236
31514,22737893.839479726
31515,2198301.0624566628
31516,16987641.111277454
31517,6417316.564643107
31518,7840917.729424908
31519,6358989.969714154
31520,7027025.152557658
31521,4667106.406565335
31522,4623536.836667608
31523,6757408.4165326
31524,9909872.108247817
31525,11761524.647648001
31526,6208700.922885305
31527,6266773.783875568
31528,4900952.952033665
31529,5768924.421369057
31530,7005947.336497401
31531,9080152.838387072
31532,6137988.22517815
31533,14737338.343497407
31534,7352319.271540678
31535,10882427.46451409
31536,7212878.446163223
31537,4478633.042655151
31538,6088383.879584225
31539,3835560.327565865
31540,9647464.865170833
31541,2949300.729169383
31542,5679582.787473913
31543,3857361.7261021417
31544,5473236.124055584
31545,7444094.848288206
31546,13488919.546862107
31547,5896006.805703637
31548,5037402.553469108
31549,6249191.698634281
31550,5054622.267220086
31551,5541284.593650264
31552,7638008.966874608
31553,6696301.818939375
31554,7471702.38581624
31555,4333279.612297455
31556,8478628.73404539
31557,5771924.36960528
31558,10347333.176037066
31559,3065669.7426697398
31560,8509164.218009733
31561,7793039.251172933
31562,26347547.773233287
31563,3576284.79887369
31564,8433583.65799667
31565,9964574.598374559
31566,5884915.156767605
31567,18250190.691021577
31568,6501538.048444548
31569,7540174.985742838
31570,7619346.887186592
31571,6344337.5359599115
31572,4142071.2057246063
31573,5437464.480519644
31574,11097700.510935068
31575,6118774.920678595
31576,5925948.439592201
31577,5689692.092344355
31578,9616210.084251124
31579,6376150.521461195
31580,7206704.107886839
31581,5462747.987036589
31582,6215309.112700327
31583,8683022.881033191
31584,4727548.58527902
31585,7087301.8550209245
31586,13796481.867983758
31587,15267526.854126621
31588,9276656.003113067
31589,3768999.45166088
31590,5109787.799855658
31591,6285574.501730461
31592,8523697.844354054
31593,7835224.584626493
31594,7532942.176940954
31595,5401193.829658776
31596,3844854.159592401
31597,6260780.331815973
31598,3800094.08469429
31599,5698539.6713335235
31600,7216069.962097795
31601,15548971.737813609
31602,5879315.013973558
31603,16581895.62860114
31604,5071067.793111184
31605,5547001.529313313
31606,6959189.291166715
31607,7429985.1708228495
31608,5873659.125747109
31609,5732625.083534346
31610,7104984.182068763
31611,6206677.550265569
31612,5413435.909364954
31613,6015950.435105734
31614,15690151.01116592
31615,9848974.496619318
31616,10986330.867147306
31617,4865164.06526907
31618,7372219.257342833
31619,10466182.315527737
31620,4668475.741146148
31621,5743998.63363035
31622,31877215.539253894
31623,10190978.642382385
31624,5934921.674147852
31625,9650174.155086253
31626,5561123.2392938305
31627,7177682.087094622
31628,11542851.386222182
31629,9410847.91756058
31630,4134201.210355578
31631,6446895.937137917
31632,17643380.796056855
31633,5063653.657240493
31634,8366022.437015501
31635,13835650.050598262
31636,5506909.190238504
31637,6350346.303655367
31638,8418186.164052892
31639,4026256.6065869317
31640,10782673.92225732
31641,4551508.135251946
31642,3083822.905962783
31643,5134977.795041638
31644,10181782.909287095
31645,6160799.124344206
31646,9344847.284109764
31647,5386403.756649538
31648,12638454.6005695
31649,5877854.578694371
31650,5927703.699983573
31651,12623943.9416497
31652,5867467.738589904
31653,5423860.680057501
31654,5261487.166582305
31655,4540455.3789862655
31656,22002090.79683404
31657,6874456.54242098
31658,4516839.148039362
31659,8026639.888834912
31660,5144847.474879784
31661,4986145.917465077
31662,7273398.143832435
31663,4576718.185796873
31664,4208958.811601513
31665,4577750.7037794525
31666,5141089.614341359
31667,7731037.734568472
31668,9782306.194656331
31669,9477678.455523336
31670,7346205.566933307
31671,5453624.467447782
31672,8334954.731841103
31673,7867100.566204217
31674,7777914.861326607
31675,8501865.099990804
31676,7042919.425485915
31677,5713359.096507472
31678,5253614.002838856
31679,8169811.271639521
31680,6642999.090395817
31681,6872005.715492676
31682,3232982.1445706147
31683,7029525.381835119
31684,5734087.292534804
31685,3797993.01831394
31686,10720597.545972064
31687,11920177.641202224
31688,10751257.618880596
31689,4360610.571745992
31690,7892620.907284606
31691,3953991.948049322
31692,4574482.4290122865
31693,6009728.261450511
31694,8192125.1386947045
31695,7355366.701021499
31696,3488332.0285096713
31697,5492732.914911765
31698,3475841.2130521806
31699,5236344.730484757
31700,4945553.681044281
31701,9251511.018526006
31702,5903069.366925808
31703,8544447.118290495
31704,5659485.382618774
31705,9869057.158809042
31706,5474585.960944376
31707,12348703.284490205
31708,8101869.79588769
31709,5563724.702865928
31710,10714091.0727081
31711,7564129.51611698
31712,6439582.005528554
31713,6315722.687688705
31714,6009515.328935353
31715,5135884.684931881
31716,5862256.199154604
31717,10720794.372437824
31718,5268969.613333399
31719,6915039.06969027
31720,3978527.268704931
31721,5245920.751516576
31722,5269451.106999935
31723,5318125.71527159
31724,5888580.2486464465
31725,5410523.414966227
31726,13343193.898800815
31727,5407338.262349758
31728,4884620.829354479
31729,6699794.015386315
31730,3616293.2876073294
31731,7773408.032219581
31732,7660178.895230663
31733,3327947.6942031863
31734,4460673.588587149
31735,2896993.442058856
31736,6392242.249852572
31737,6055876.51712278
31738,6429462.935635895
31739,5656685.306565426
31740,6810535.4540032
31741,11767814.921211107
31742,14383623.238110438
31743,8124280.136483541
31744,5960668.454319413
31745,4122361.7805322143
31746,10399336.268635085
31747,5364787.775509232
31748,16725714.78695876
31749,6527389.639056134
31750,8248369.449605536
31751,8178208.730043171
31752,4536325.517568893
31753,3516999.687783754
31754,6269628.385609756
31755,8720386.26941717
31756,2150615.7436864474
31757,5912976.865907709
31758,5421908.817896563
31759,7058222.554204134
31760,6565158.122747292
31761,13524105.857446238
31762,2715545.659847272
31763,11879991.293908836
31764,5893774.3019050155
31765,3894067.3637796408
31766,7738640.408562252
31767,4020711.6432538494
31768,7250204.660010338
31769,9233898.546522269
31770,3765949.4918065397
31771,4348177.563822265
31772,8262845.410964853
31773,5004727.317626758
31774,6584583.352106378
31775,9601389.848206319
31776,2178300.918634537
31777,4791467.279066864
31778,8851732.325802749
31779,9161494.717378445
31780,7198493.41831252
31781,7184123.829578581
31782,6918367.141629462
31783,3907100.409564586
31784,5817999.392755859
31785,6018180.775688
31786,5555483.797658748
31787,6995948.705722289
31788,5580200.8340766495
31789,6505538.742688264
31790,4277416.720185477
31791,8724916.086342508
31792,7672745.435674782
31793,8579692.824372016
31794,6956641.560701321
31795,5428591.076080396
31796,5328931.457979793
31797,13595309.00942854
31798,8696203.050058704
31799,4908140.31888864
31800,5747204.662471238
31801,3471254.784907585
31802,6588887.072525211
31803,7129864.942072501
31804,5412940.821134647
31805,3400461.416154101
31806,6999250.319215908
31807,6213229.562263863
31808,7485228.646460972
31809,6943846.626770913
31810,4442875.035454492
31811,7154317.030962628
31812,6220954.14532867
31813,6941200.197159027
31814,5415452.359814912
31815,6408168.607496055
31816,4737910.415112228
31817,3514417.5336096045
31818,6578519.313790013
31819,6411740.240143305
31820,10827607.175297031
31821,10373529.199788969
31822,5261370.558485855
31823,5717218.441341085
31824,3683843.0271340087
31825,5457745.912607815
31826,6099543.894548978
31827,7120962.2112375405
31828,5995215.949918414
31829,8602467.888163421
31830,6356270.798549393
31831,3249633.317001028
31832,11065220.482058063
31833,11025411.672523847
31834,7399666.344955013
31835,4870145.013269739
31836,7195930.72321255
31837,4011873.9819843406
31838,7997269.011359814
31839,5118483.836007344
31840,9147266.886517111
31841,5563213.096353387
31842,7405836.873209288
31843,3761452.1336561693
31844,6603880.179912061
31845,8071308.663025522
31846,5545911.314369773
31847,4679846.622868947
31848,6223728.488429924
31849,8363623.982258602
31850,6647452.047782137
31851,12197288.541958248
31852,8128022.942652065
31853,9458205.926743977
31854,6508215.194998545
31855,5104514.885507343
31856,6107008.101475414
31857,8510917.957341228
31858,12449900.056878308
31859,32702348.857401926
31860,7482022.902835261
31861,16546459.92642669
31862,7440515.587222645
31863,11071399.679586437
31864,3844243.5333778304
31865,4532236.663124384
31866,3100455.5486739962
31867,7904598.187438463
31868,5074675.650799406
31869,8926638.055696128
31870,3502679.516640684
31871,5203295.26400277
31872,11010240.952000272
31873,6874129.975983878
31874,5529136.152665265
31875,6008175.201436241
31876,5574013.521287742
31877,23003412.881237082
31878,3365129.99762583
31879,8354527.281695915
31880,8938598.44428228
31881,4912734.697736284
31882,11784794.759085886
31883,5574013.521287742
31884,5268582.088101185
31885,5296347.97487842
31886,7449180.75064862
31887,9248612.133910503
31888,4312773.45482839
31889,12617602.823146466
31890,5461857.73860083
31891,3130577.832263003
31892,4282135.72665226
31893,18461620.568077855
31894,7288304.899874022
31895,3802960.5422864
31896,4236656.258927024
31897,3649131.826508675
31898,4628250.200712894
31899,4523798.179354309
31900,5649215.85167487
31901,7288908.104431592
31902,7375995.692149755
31903,5591381.082455847
31904,4446758.718144822
31905,7048281.511106961
31906,4503816.9750171825
31907,4462954.345600253
31908,4175176.415399786
31909,6777035.283433345
31910,4521393.540631561
31911,4277757.544602967
31912,6981048.083882162
31913,7614550.723084654
31914,6472034.426048215
31915,7971921.865892284
31916,4527043.080706994
31917,6205997.261854945
31918,4666595.650486428
31919,6750671.97546698
31920,4359701.281199277
31921,5618497.654552937
31922,6027238.107606361
31923,11230187.004438447
31924,12069648.966856934
31925,6498153.581223111
31926,8972488.380349668
31927,11019746.695396904
31928,7473101.290423056
31929,14679894.69169148
31930,8241173.495128657
31931,6237611.857807151
31932,7812746.86327089
31933,7880734.375580808
31934,5956688.720351503
31935,5790907.38173506
31936,3448676.0037019076
31937,6739782.61395233
31938,5252843.263273724
31939,5904556.289724331
31940,8156386.18894918
31941,26490294.55582529
31942,5648507.606505944
31943,7008488.104275491
31944,3753943.717408299
31945,5891830.13718977
31946,10169775.691716038
31947,7378255.510804292
31948,6682783.169151161
31949,11043618.277739419
31950,10882945.3536009
31951,5210008.042367651
31952,5960192.420720314
31953,3767989.3813400213
31954,10443424.194676325
31955,4949734.316274987
31956,7745374.837733412
31957,4383642.302899573
31958,4301005.092085819
31959,12416810.18794601
31960,7008960.600085551
31961,7603725.4440798955
31962,4697207.83886263
31963,6496947.21392933
31964,5210563.885478011
31965,5814884.830136444
31966,14950319.114747118
31967,10675772.516756827
31968,7205462.155161064
31969,25680525.704815116
31970,5423527.084342425
31971,4374120.555294658
31972,4567605.409692551
31973,5680485.018064902
31974,7707433.083043927
31975,4422541.849121235
31976,4527282.554359235
31977,9033109.463597946
31978,5816212.116131896
31979,5071907.587172212
31980,5008403.923499796
31981,6084508.301591041
31982,8126133.918365209
31983,8478667.37293355
31984,6773518.024676659
31985,5203644.510019068
31986,4459380.3505400205
31987,6406103.568623819
31988,7455791.188804838
31989,12765073.874815244
31990,3537908.651043206
31991,9639271.93508575
31992,5078118.706148796
31993,8318434.157071333
31994,7460183.067469669
31995,7021589.195110044
31996,10751714.662308166
31997,5285337.175167783
31998,4404272.303783678
31999,5466282.94442316
32000,6984626.809891194
32001,56861972.12316217
32002,16782849.063704144
32003,9475461.706353717
32004,7400642.228136496
32005,5069230.414250046
32006,14443021.906127475
32007,9740864.679717919
32008,6885027.523508064
32009,4322485.22842388
32010,7565740.388065031
32011,5642223.82470289
32012,2048408.418629798
32013,6174568.164257529
32014,5200032.439929662
32015,7906053.66145329
32016,6790524.186150228
32017,10335789.487960747
32018,6846699.891007839
32019,5706970.941966642
32020,5841669.99068889
32021,8394812.524671478
32022,4762139.102307837
32023,4397491.741346008
32024,6391208.124876387
32025,6317290.699474674
32026,4824277.218025798
32027,6803420.9343876885
32028,5113413.928619844
32029,17486753.976546045
32030,3902858.63872087
32031,4240662.805176308
32032,8613827.344368873
32033,6872873.3126235595
32034,4447319.752919185
32035,6934861.332440301
32036,8291251.536220877
32037,8435972.588583464
32038,6254759.02012609
32039,8633747.051529346
32040,14284107.2665035
32041,3493153.05414187
32042,6542654.051255452
32043,40180504.542419285
32044,5958409.46311664
32045,3884207.4003714323
32046,7934048.548930584
32047,10739042.135163814
32048,14466294.182039227
32049,6923609.542840951
32050,10317867.966218274
32051,7533523.8271261845
32052,6985820.758158301
32053,8610801.15471198
32054,5963783.516902218
32055,4750897.33979054
32056,8239315.564569112
32057,5146454.834002684
32058,4757420.640213354
32059,5509977.003982812
32060,6118063.557651918
32061,8065205.227701552
32062,6523448.2033690335
32063,6072950.564648761
32064,8635793.825698046
32065,4895116.0557233235
32066,6878656.66202151
32067,3975937.2187362686
32068,5384940.650146968
32069,3214634.33641855
32070,9753151.839247197
32071,5163153.7231243905
32072,4390023.869090946
32073,3842133.728823869
32074,6495436.155102882
32075,11262771.560678788
32076,21431153.66346948
32077,8582612.071507106
32078,4533228.857011219
32079,4777951.068894304
32080,6059548.239151792
32081,34350314.4985544
32082,4744407.85805416
32083,4014454.962761072
32084,5629794.116766643
32085,8295642.96468047
32086,8797308.257990327
32087,5595003.681309246
32088,21996697.28366572
32089,6376930.904015243
32090,14414377.583168846
32091,7299107.947150481
32092,6444968.593035702
32093,5743965.921202155
32094,7878903.806054057
32095,6072357.872425809
32096,3337974.2751122303
32097,14703155.10661143
32098,6208935.123868336
32099,8217533.302569965
32100,7951106.468669093
32101,5074725.431772619
32102,4588325.348871135
32103,4265922.185060422
32104,6254697.847348455
32105,7042237.73581349
32106,7390444.858034432
32107,6092234.432174177
32108,4256514.179452696
32109,6531446.618870513
32110,4359060.779243484
32111,13475657.466719419
32112,15957043.747780712
32113,8661646.978111695
32114,7199461.594778032
32115,8143652.684650835
32116,6083997.820966573
32117,8759734.09178636
32118,7348535.7800743515
32119,9207596.397023577
32120,11281323.172505055
32121,3233801.271683957
32122,7879115.7124357615
32123,15156442.666330457
32124,8776763.759730162
32125,10225319.10513393
32126,6110039.506390398
32127,8296253.005320328
32128,6890725.306954195
32129,6005646.81268181
32130,3709836.4907646733
32131,12907996.096466875
32132,2131288.328618295
32133,4413516.974632437
32134,4139361.3223650595
32135,6629943.453700106
32136,11778977.977416148
32137,7844363.865460696
32138,6726133.683552296
32139,7271013.200026584
32140,5729813.879945565
32141,3042210.9665706516
32142,4715074.5016068
32143,7027963.943457634
32144,4957970.196406933
32145,19798550.442111205
32146,7437099.510786441
32147,5552651.296400925
32148,5331024.194944745
32149,10369804.481037024
32150,5588960.628155348
32151,9885300.885405181
32152,6013666.685712017
32153,7385579.878145715
32154,4510163.003678572
32155,7363899.9772097645
32156,4765380.768482131
32157,13524838.421495147
32158,11065006.142479679
32159,13533855.69958539
32160,5001905.528102335
32161,9783835.841909286
32162,7103170.396526761
32163,9021583.673693966
32164,14322284.995091652
32165,10643937.338511253
32166,9761531.743698262
32167,10240169.885708475
32168,7741593.28213447
32169,4729413.615818848
32170,11152227.271425001
32171,15537395.446907079
32172,8570607.617545217
32173,6221062.056576668
32174,8785492.740788465
32175,15707092.11995861
32176,5217625.193814264
32177,11073769.803228013
32178,6216342.186539706
32179,7326457.3038176345
32180,6797655.187754065
32181,6595173.15908325
32182,4042876.8355160872
32183,6495764.791230447
32184,14423657.572382899
32185,5991281.981212496
32186,8221720.034534965
32187,4478040.705320654
32188,7616824.960622801
32189,4138059.515030363
32190,5858830.763692635
32191,5608796.193121641
32192,16351698.21601525
32193,6471023.7315522395
32194,3796303.4217455606
32195,13574475.09321994
32196,9661325.401576757
32197,12497696.184144892
32198,7276195.852860332
32199,7930233.520358376
32200,8548072.773544502
32201,8838562.550020963
32202,4124259.1875380864
32203,3222359.919096552
32204,6187312.790233047
32205,23200449.20674757
32206,8786129.68600665
32207,10324068.664397305
32208,6459732.564793626
32209,5878273.539314675
32210,6062897.451933716
32211,52405399.55289971
32212,6422744.589123478
32213,6036781.685880574
32214,8290992.440862663
32215,6467714.374740843
32216,7161993.797419994
32217,5932686.6785591915
32218,6110632.643601979
32219,12133710.516045628
32220,6391256.814311478
32221,8136583.238083124
32222,4935537.407603921
32223,5159259.770325106
32224,5677171.9478927655
32225,6540685.64091066
32226,6991603.453524011
32227,18997980.990800306
32228,11095180.862032235
32229,17240363.878275584
32230,5190344.361588188
32231,17783660.82768985
32232,4379028.266940338
32233,5954584.473698162
32234,10693071.7224066
32235,23615853.965228204
32236,7118165.8281970415
32237,49897953.67502297
32238,7646813.922156339
32239,15052705.101552913
32240,7680813.167722685
32241,5103430.5793400025
32242,5232419.481381801
32243,6965651.755858036
32244,4895733.361258739
32245,7672596.608831726
32246,7310323.957645639
32247,7129431.777038964
32248,8499079.929352213
32249,7462690.090046051
32250,6225240.109818778
32251,4693481.144550251
32252,6365378.569719038
32253,9181844.071017604
32254,29672935.123714156
32255,6157700.3772550775
32256,6697012.6242740275
32257,4424289.915889708
32258,7228147.091514717
32259,6338466.1125441715
32260,7558607.497964065
32261,27854050.92331434
32262,8819803.26526987
32263,5226775.074102341
32264,4793463.053176463
32265,10063017.21670518
32266,12154787.692517249
32267,6885823.909950665
32268,4134807.0462613716
32269,5947705.705279011
32270,9425104.478265798
32271,6773134.072288045
32272,3747502.5133006144
32273,8559100.92533734
32274,5389109.250992445
32275,6691456.066113248
32276,9772441.945605632
32277,14027043.689321684
32278,8142849.991852754
32279,4467012.809357141
32280,6001163.834577821
32281,6478022.904849919
32282,9835412.919480054
32283,7560927.5956613915
32284,4500280.78625662
32285,10653706.06540207
32286,10693787.213907177
32287,5415159.205120207
32288,5075267.049667523
32289,4650965.832638576
32290,8288448.415858299
32291,4453783.81113859
32292,7567077.587184158
32293,4509923.749928183
32294,11647685.003177859
32295,5729062.0290479185
32296,8286679.831825705
32297,9796729.33497907
32298,8501167.681457972
32299,3126939.2588981134
32300,7064568.469550234
32301,13286654.956651421
32302,8679211.334812941
32303,6599198.7216532575
32304,5463851.918232415
32305,5427021.570458986
32306,7240159.133271173
32307,14857416.231645994
32308,5015578.713102745
32309,6211161.655123736
32310,5684210.499150394
32311,6980853.852185772
32312,4514612.567207847
32313,5690934.137730564
32314,6603761.182064546
32315,13187172.300991913
32316,6105216.489913458
32317,11971736.46367877
32318,10754344.926839918
32319,4890745.226232636
32320,10030874.116676627
32321,7232282.820630217
32322,4296510.444107065
32323,7979966.286839534
32324,6500978.497965164
32325,5325912.079364731
32326,5185905.288833795
32327,5473499.112395394
32328,7719271.967525019
32329,5469762.336393074
32330,5887994.2686139485
32331,6148630.8554662075
32332,7170523.4118436705
32333,8176617.02948847
32334,4644103.369093772
32335,7264588.906443438
32336,8073759.753948667
32337,6383987.886229107
32338,5534110.773952221
32339,8154996.984071954
32340,6033018.950271357
32341,5299220.659626016
32342,5647112.248732279
32343,6296211.179846266
32344,5077686.507507073
32345,5630462.25031939
32346,5465316.4165521385
32347,5032758.769090869
32348,6775901.13223512
32349,5941426.391497731
32350,13499715.567570884
32351,7999279.360942641
32352,9258659.532100668
32353,5670279.681040386
32354,7195700.35971549
32355,5951140.654478281
32356,5751145.584936074
32357,7947442.142826103
32358,6911330.972554219
32359,20586678.798884854
32360,5172482.547147273
32361,8661007.731600465
32362,9438903.311201539
32363,6614837.104606203
32364,4832182.001305384
32365,7790149.7064680215
32366,6783752.387940808
32367,4371070.127721847
32368,5614516.0425913045
32369,6928717.178001752
32370,5633198.311938528
32371,7063665.774435049
32372,11096881.19274693
32373,8503383.206164166
32374,19747869.70105991
32375,5865666.0530760335
32376,6348098.884150358
32377,6101624.540472772
32378,6002506.600019712
32379,4703922.74905589
32380,8862207.234576967
32381,4719388.581368576
32382,10173040.9953976
32383,13723888.661420852
32384,5183854.984824754
32385,8814003.333014121
32386,10372406.488359127
32387,4400164.989737864
32388,5281123.197477243
32389,11104513.943527294
32390,5349644.232048355
32391,7541545.796714973
32392,8097229.643686558
32393,7585114.064525294
32394,5322944.014872392
32395,5449845.794858263
32396,4833043.594241504
32397,7560927.5956613915
32398,6045726.736983045
32399,10557787.566662306
32400,6915330.744135254
32401,8466152.364868376
32402,4348326.795844298
32403,10396818.33502475
32404,4978979.431579949
32405,15796421.351018628
32406,7926541.494503967
32407,6949084.980492326
32408,4774397.522522758
32409,18672054.383641686
32410,5382090.489651162
32411,7794013.24627913
32412,10609546.087654311
32413,10224393.797312852
32414,13763011.699887484
32415,5599063.0073497845
32416,10419796.037163679
32417,7656400.061334858
32418,5843890.726713028
32419,6224673.269705345
32420,7396902.990184835
32421,2071026.187249845
32422,4370186.038447059
32423,6046381.290917948
32424,6255704.276891778
32425,4474243.727157628
32426,8903108.054264225
32427,11922994.562859967
32428,7082583.935698592
32429,8835011.071510611
32430,3760907.157754642
32431,6311881.201315089
32432,8868996.448103853
32433,3991348.028095842
32434,10880074.558151467
32435,6513570.067309785
32436,8484034.470303483
32437,7994676.163079687
32438,6404999.461893495
32439,4529625.984107997
32440,5594526.774803109
32441,3593579.2427045945
32442,9579001.341252614
32443,5716265.998046172
32444,4875211.674018447
32445,9607248.732861824
32446,9072232.404560069
32447,8302098.562744837
32448,5917785.332494748
32449,12801450.079815669
32450,6700109.646543867
32451,9916823.950182227
32452,6564283.836700722
32453,6910257.73945297
32454,4462121.329817506
32455,8211425.334130946
32456,6039437.148385597
32457,5643157.257106628
32458,7335195.418672399
32459,9873815.494353818
32460,5433979.212145377
32461,11894633.425636055
32462,7326758.322325908
32463,4827439.223085306
32464,10393206.730497358
32465,4473186.343644573
32466,8946712.079527885
32467,5956414.122048027
32468,7819330.095341577
32469,7075755.284040241
32470,11854559.785707952
32471,18643748.554610025
32472,6373243.7880315455
32473,6166090.541184431
32474,4159787.1440732805
32475,13848704.991390118
32476,6152401.946410042
32477,4124778.5690686726
32478,7415998.063202753
32479,3742531.3075174773
32480,9700005.265651042
32481,5216629.2482498055
32482,5463427.532965559
32483,10231120.165431011
32484,11768981.763360146
32485,15014437.406710533
32486,6962564.196168969
32487,7195410.15486868
32488,11723905.855672255
32489,10192217.84775687
32490,5243267.4739031065
32491,7019086.227143032
32492,11149608.925283918
32493,8441589.265329516
32494,6148735.176570435
32495,6402096.615499653
32496,6112658.151864136
32497,7027711.081883318
32498,13787779.217792675
32499,11917119.438242551
32500,4545848.419534889
32501,11439135.892646886
32502,7314979.974967465
32503,5369096.677814918
32504,3983343.2034933562
32505,10315312.24084046
32506,5959039.832058775
32507,3241593.3869906757
32508,6285227.609601972
32509,4470960.945274349
32510,13469241.36644398
32511,4698145.008814017
32512,5445921.3690337455
32513,5392307.008186444
32514,6774709.50388753
32515,7810926.5767802205
32516,7601153.943847534
32517,9991754.737083837
32518,4917091.551368295
32519,4500450.487549749
32520,2163937.521437606
32521,6253059.645862784
32522,5987521.33095645
32523,7911686.911341931
32524,6895788.984416459
32525,5497673.106989501
32526,7262660.684665403
32527,7788632.640635434
32528,5366751.249790088
32529,6959496.406139803
32530,5722889.789107908
32531,6857574.814591773
32532,14077034.109047497
32533,6519510.0792034045
32534,5219538.266672728
32535,6065694.309117831
32536,12366876.479051618
32537,7367123.451196721
32538,9281584.147854902
32539,6050099.4445590805
32540,6095123.510546539
32541,10816470.730136331
32542,6222942.258627808
32543,6816611.3028229885
32544,5463851.918232415
32545,5345004.2505023535
32546,11428199.210346196
32547,6151967.606538966
32548,4487309.36490805
32549,3845324.0524726426
32550,6205130.738997297
32551,5483528.44211951
32552,6274758.766670305
32553,6474394.058178119
32554,9285303.384903492
32555,8568333.435090236
32556,8201637.407350811
32557,4134383.8273576805
32558,7097591.175628303
32559,6868417.24569484
32560,5025654.6437051995
32561,6044942.219023057
32562,11349302.973183718
32563,6029841.695498825
32564,5633363.14024288
32565,8164502.016621204
32566,4965015.017975666
32567,5320640.820069585
32568,10747612.8261698
32569,7733627.683577647
32570,5770849.934788968
32571,6542462.835221598
32572,6709245.242926035
32573,8214213.596810055
32574,6265283.485853542
32575,5657242.482830247
32576,7366517.512902974
32577,4473310.394993622
32578,6223604.2937769415
32579,8496129.816645848
32580,5007770.469442837
32581,5007819.70796297
32582,7421510.7314594155
32583,8170095.544582583
32584,4908015.454495458
32585,4947577.877682929
32586,6286078.841476319
32587,5725932.253009035
32588,7038484.622265679
32589,3025767.9650868564
32590,7479505.4257112155
32591,8155035.074072561
32592,3532645.7714426485
32593,4021126.1225355705
32594,4665289.221822582
32595,7413733.479620114
32596,11019806.857534777
32597,6610105.977527386
32598,10700151.318167431
32599,7182754.253020218
32600,6624851.494752103
32601,6517172.436272967
32602,7842944.07062957
32603,6800390.318375206
32604,4259582.917709232
32605,5178414.5142374495
32606,6150345.070736416
32607,7551739.407003482
32608,6892981.900328278
32609,7899570.195591661
32610,6478317.725742151
32611,6407612.075884408
32612,4347614.561076619
32613,5459623.812981851
32614,9300704.136009714
32615,4267269.5792906135
32616,6880944.46635268
32617,7064556.664419995
32618,5941382.197692929
32619,3801522.8216224206
32620,6804146.447862845
32621,6140403.931137627
32622,16471004.95556885
32623,10514904.21554904
32624,12487520.49551137
32625,8510970.51876573
32626,6266031.670505379
32627,7500243.151500292
32628,8800802.398513315
32629,11931474.54824122
32630,5254236.731015848
32631,5511601.4749255255
32632,6100015.3998790225
32633,7661516.374657157
32634,5633583.450928563
32635,8667071.098619618
32636,4617984.017082919
32637,7924024.745150766
32638,6700421.48549208
32639,6870222.428537846
32640,6272971.31083637
32641,6064397.888322935
32642,6140828.586753336
32643,11921395.851040632
32644,8237835.199992661
32645,6186814.259333315
32646,6894349.903491502
32647,13672548.578773078
32648,6445022.127693866
32649,6635855.366441175
32650,7603842.683106299
32651,2169398.127258393
32652,7955110.708573681
32653,10753629.432890004
32654,5476077.430514817
32655,13133679.039571932
32656,4858780.1827280475
32657,5597491.46600738
32658,7612372.884632548
32659,3902927.184667435
32660,8200583.861907916
32661,7478010.079603215
32662,10840651.744989472
32663,8672770.795400774
32664,9345915.799637206
32665,12516702.703194957
32666,6907245.939226624
32667,6203257.294510529
32668,6208990.5861098785
32669,13557304.331090778
32670,6553718.327014547
32671,6459649.446127531
32672,4227493.124556136
32673,8950797.95076507
32674,5735521.120632096
32675,5626113.52102304
32676,6675832.887966985
32677,3922968.0525385467
32678,8307755.601408034
32679,4814838.547707211
32680,18516213.134749312
32681,8247850.635389239
32682,5942884.391869144
32683,12353929.53549382
32684,6215249.460014842
32685,6073337.921369088
32686,6173870.854401865
32687,5300877.037838037
32688,6320166.440097851
32689,6607718.290365819
32690,6637324.3514342215
32691,7430440.9200799065
32692,12607222.772717109
32693,6929607.902742612
32694,7195539.829112741
32695,8320846.678994756
32696,3569055.487507965
32697,6894572.761845435
32698,6013848.291190356
32699,5691147.8110478
32700,9175888.020909376
32701,11716917.106514385
32702,13568218.49734406
32703,7933253.233208026
32704,10109599.565777646
32705,7738485.992550218
32706,4508209.4073755955
32707,7809485.261222223
32708,6021768.465993829
32709,5198296.117245991
32710,10239479.969126888
32711,6754047.92643091
32712,7413305.364105411
32713,5377660.5944436705
32714,8418186.164052892
32715,3671696.2232846236
32716,4611865.041958351
32717,7603805.436504501
32718,8325999.622782769
32719,5514146.657620644
32720,4883847.992795049
32721,14769140.59193651
32722,7195410.15486868
32723,4243136.580718571
32724,7099731.283366215
32725,15348412.935023272
32726,4871594.656540941
32727,4191225.2000780036
32728,9908420.353266414
32729,5056651.686587084
32730,10212882.465921752
32731,5463366.54613158
32732,4412898.393409423
32733,6305132.7495010225
32734,4783112.810419585
32735,6065378.074941371
32736,3472748.2008189824
32737,4627728.9506177725
32738,6764170.133174435
32739,27206394.047009885
32740,5688090.773567543
32741,6498181.752653923
32742,11240945.974520389
32743,7693171.266590683
32744,11521491.00763647
32745,5406794.352414413
32746,10349822.34185908
32747,6703920.142018884
32748,3887941.7161199767
32749,4124778.5690686726
32750,7512416.134843263
32751,6684087.376390267
32752,23197451.692941878
32753,6375047.755921703
32754,7392784.374846004
32755,7470206.958017912
32756,6740789.148879688
32757,11090619.234921608
32758,6648341.737369605
32759,5611870.320562079
32760,5718018.397016299
32761,5149947.612855
32762,7064565.65365112
32763,5782513.949646429
32764,5506462.852562206
32765,5103430.5793400025
32766,6784563.322157572
32767,5764059.803037388
32768,5822821.2895359965
32769,5559283.622817433
32770,6222628.92703263
32771,11117256.455025613
32772,10996120.136294596
32773,6079278.1818134505
32774,5164267.580457382
32775,5965831.9316172805
32776,5713910.658709537
32777,4660065.003068401
32778,5444457.94173824
32779,3512179.8968747417
32780,6958899.810979318
32781,6649228.577169159
32782,5530287.716142644
32783,8317657.640763954
32784,8920183.021283733
32785,5379224.210966032
32786,5167294.421170518
32787,10159819.931327144
32788,4351318.049375578
32789,3993005.1271117106
32790,3856163.4603565526
32791,6275529.967122011
32792,4987288.133602173
32793,17566963.819638178
32794,1900387.7682100965
32795,5298207.933360809
32796,4789132.167536222
32797,5606465.169748784
32798,5012736.305060196
32799,12903142.55064835
32800,4453494.514568198
32801,5959362.273791889
32802,7387596.371267994
32803,4696753.522679264
32804,9847187.95741299
32805,8856344.2787726
32806,5619352.274028193
32807,4869265.830972084
32808,5388975.4748939
32809,8838562.550020963
32810,5977516.133104032
32811,7556192.631527939
32812,5311215.301249823
32813,6275882.977950862
32814,4246134.24713694
32815,3688574.5054732086
32816,4402572.221350016
32817,6278621.228786671
32818,8023971.535927674
32819,2960663.2416917956
32820,5363027.505869436
32821,9132810.438404772
32822,6009622.948879029
32823,8422261.187881839
32824,6564461.750731782
32825,6331350.113933099
32826,10382749.588921122
32827,9008107.250079487
32828,5990093.798913782
32829,5930999.819948765
32830,5690901.563883613
32831,5982953.464542005
32832,4173570.710222769
32833,13311681.55378427
32834,10127285.974781666
32835,5390191.54625701
32836,5504866.118861041
32837,5092398.647711955
32838,4620776.4670443125
32839,20999895.906759657
32840,6287428.72086349
32841,5618745.263085117
32842,7243471.467019914
32843,4195075.201632641
32844,6080602.2030259445
32845,7699533.981350371
32846,10090311.141789582
32847,4179381.4405205674
32848,8473323.510642948
32849,3922226.910228047
32850,7661608.498833854
32851,10340523.432287304
32852,4469132.252250296
32853,5446997.80911901
32854,8207382.779939298
32855,10677485.987241827
32856,4367982.109930132
32857,7107095.71464032
32858,3777940.097382877
32859,6094722.160210395
32860,7390444.858034432
32861,5650755.92660803
32862,6996773.541871568
32863,7088012.375206577
32864,7318573.23950332
32865,7313170.7573476285
32866,3793654.7369029466
32867,3848453.340569487
32868,10499597.568658322
32869,4953801.797848099
32870,5186774.739155203
32871,4559390.463310258
32872,8538159.406002648
32873,4344632.226085744
32874,3811154.3048996204
32875,6855141.828399573
32876,6879436.178420741
32877,8839773.035766125
32878,10908234.869916696
32879,4655065.187589455
32880,7790158.931396118
32881,7966342.607391859
32882,7541545.796714973
32883,3793601.8908349937
32884,6690409.063562398
32885,5238952.56683071
32886,4854787.575799651
32887,4726900.852082673
32888,8450189.184674576
32889,4028691.657546472
32890,5103430.5793400025
32891,6974890.379383433
32892,5121589.295427619
32893,8719942.497300731
32894,5388137.597894575
32895,7647138.391987275
32896,5735764.138468658
32897,3254087.0095305154
32898,10946573.43025236
32899,9658452.267519537
32900,5980056.551236426
32901,6530208.3364736615
32902,7272391.505783057
32903,6673637.15557177
32904,10162261.768159358
32905,6892496.386198985
32906,5339149.920881725
32907,5147878.875385198
32908,7567626.772968304
32909,2889348.9797931057
32910,7592631.54086312
32911,11525722.749444071
32912,6047616.700275801
32913,7101323.791669557
32914,5105283.4477293575
32915,7278979.474006089
32916,11174123.72690343
32917,5845486.15882648
32918,9508602.592835452
32919,11716372.099201644
32920,4729499.4043193795
32921,4398711.345844514
32922,4635994.753433165
32923,5839735.580098184
32924,3154443.120123449
32925,4115031.3135473803
32926,3251596.6875382047
32927,8302286.4492393
32928,8024995.618530039
32929,10080123.635966308
32930,4965520.511798691
32931,5635852.098318243
32932,5134689.509085147
32933,5064421.93188344
32934,4467556.114289948
32935,9164869.098855037
32936,3542763.533431794
32937,4744665.6608534865
32938,6854845.825274242
32939,5475250.891579773
32940,6532881.754910091
32941,7021746.715919756
32942,7144295.119382947
32943,4528701.854083681
32944,5883656.42163103
32945,4851655.645879707
32946,6908358.788209407
32947,7733429.626571
32948,11727942.894662814
32949,5572782.766231999
32950,4782213.818770881
32951,7916722.904581532
32952,6360327.925234498
32953,6183606.502335976
32954,6666091.893450539
32955,8463992.722189832
32956,5490796.766104514
32957,5500066.219319406
32958,11042875.523009842
32959,12640064.302084351
32960,5691436.9183553485
32961,9794446.353589997
32962,5517423.067016405
32963,9438283.441896424
32964,4524599.065239591
32965,8045262.047573612
32966,7266721.657583069
32967,6173399.404641645
32968,6244203.946071272
32969,6709964.293634078
32970,5696267.462205278
32971,5355489.894092903
32972,5285193.831709456
32973,5864379.49655495
32974,7277127.249751432
32975,6960293.523731329
32976,6198880.084150155
32977,4939088.732096222
32978,6127166.277800491
32979,6084307.861209653
32980,4056809.5246031913
32981,4902829.6235968815
32982,5795125.709089357
32983,5611122.572679102
32984,4510279.873428489
32985,4450252.464106307
32986,6748066.392626934
32987,9177431.091175726
32988,6587774.242642899
32989,4044742.7025824543
32990,8635027.262377763
32991,4224704.220915913
32992,6870081.982833085
32993,4528991.79991885
32994,3866337.8721944764
32995,6071464.863940291
32996,6038314.686353489
32997,7528559.5601893915
32998,19298121.46491607
32999,4525982.057148338
33000,5521998.320591093
33001,4868196.945997288
33002,5614321.8591492865
33003,4635375.569860739
33004,5638659.734532758
33005,5821217.824307952
33006,11905837.44261566
33007,4447617.540470568
33008,3877300.345262882
33009,6888212.240235983
33010,5622860.03398079
33011,4882932.235130377
33012,5513313.0740665635
33013,3587029.633414471
33014,6166151.409960957
33015,5096907.806023817
33016,4693803.081143961
33017,5258053.369609422
33018,5773690.768710088
33019,6656227.009910729
33020,5379927.88889959
33021,7421513.335438638
33022,5826748.071170042
33023,7830966.654679883
33024,12068112.605901128
33025,4480777.969609953
33026,6096073.153205031
33027,4510674.347264768
33028,6599362.803116346
33029,5902813.603584935
33030,8185804.9097285215
33031,4563895.228160317
33032,7484478.443910495
33033,6912744.6546327835
33034,3907961.5417301343
33035,5885524.2355849715
33036,4908894.900999458
33037,6028078.781617845
33038,6981995.037137172
33039,6654497.870004888
33040,10253093.984228075
33041,4342638.154032412
33042,8847743.72920727
33043,7227780.716560971
33044,5538205.620785796
33045,9982501.611724121
33046,7133684.421639205
33047,9379775.06953608
33048,7398755.286959116
33049,20323237.52357084
33050,8282790.079282115
33051,5488519.424983012
33052,8942082.53207652
33053,7120139.43811814
33054,3725150.685205744
33055,9834231.17277934
33056,6407126.638926128
33057,6846961.046717104
33058,5274953.876642123
33059,9519706.284114456
33060,4584346.990932366
33061,4110775.3075626935
33062,7198226.392538355
33063,7108969.041421861
33064,5347946.388112356
33065,4593646.9735519225
33066,8591889.732366538
33067,5023679.077895571
33068,7005947.712859899
33069,11993726.118893215
33070,9934881.273237443
33071,10891274.395142153
33072,5339909.072644008
33073,3562330.969464255
33074,12418200.89170592
33075,6510966.738073783
33076,7499157.143372709
33077,7445348.673317703
33078,5350237.940145892
33079,8378776.165894994
33080,7053065.385444661
33081,15172399.643364128
33082,8585637.890774636
33083,6476625.824788705
33084,5193837.760764363
33085,8314724.786858389
33086,8855539.853178764
33087,5028557.563374059
33088,4505090.780413356
33089,9153879.13948522
33090,8353539.493025795
33091,5117926.234247487
33092,5560215.682745337
33093,16097647.902387848
33094,5314758.189250071
33095,4205402.725196503
33096,7827099.108261832
33097,5290117.708881312
33098,5372165.540346654
33099,4799397.945409743
33100,6162771.29079596
33101,5304803.4249260165
33102,5521998.320591093
33103,3077605.0014039897
33104,4823525.138905139
33105,8492419.711996987
33106,4368809.7085956745
33107,4512472.435565485
33108,11122721.795355339
33109,5987489.385976032
33110,6361660.803784633
33111,5734570.864209465
33112,5454845.92157172
33113,6739043.521101537
33114,4964934.713910527
33115,8522268.440157201
33116,5628868.108746892
33117,4786902.3835462425
33118,12007988.142425323
33119,11383760.91983911
33120,3227464.9952517166
33121,5284320.634083892
33122,5622851.333745798
33123,30437849.676117554
33124,3968200.893910593
33125,5954747.243121425
33126,5450914.789827791
33127,5908846.527789044
33128,5507610.1439012475
33129,11115184.102314122
33130,8739280.925810138
33131,8845217.58483052
33132,4568793.542142366
33133,44936563.15775772
33134,7092255.270419073
33135,6679175.245774599
33136,7115664.08920252
33137,4713582.266456606
33138,10081134.395965625
33139,6957925.410683945
33140,6514377.135510202
33141,6457060.398862436
33142,7452323.68862707
33143,3758339.360637709
33144,3996735.494122096
33145,6206898.729268636
33146,6352554.263775197
33147,3873387.6358522885
33148,5319963.892933853
33149,13130796.247868571
33150,4874656.502004369
33151,5472485.683726571
33152,15489968.392862622
33153,8654353.398648942
33154,6815192.367723763
33155,10760271.417592702
33156,7546345.490258355
33157,6334714.07831569
33158,9319180.58638074
33159,4453894.421765289
33160,3845529.0492660296
33161,6345630.6089243125
33162,8326706.24437171
33163,5707347.85315618
33164,5393628.484648492
33165,7137709.925445884
33166,4683842.469540296
33167,4837690.071852827
33168,6558003.573339671
33169,4059777.4838084844
33170,6071052.233244193
33171,6971184.012558301
33172,10794273.487044409
33173,4588424.057844328
33174,5349272.353531738
33175,4310075.091722521
33176,5555540.316899686
33177,5985876.036348649
33178,6341844.840633045
33179,14902055.43175787
33180,5203556.379419626
33181,5916823.215987257
33182,5181856.177622477
33183,4637557.659956756
33184,5518868.908183564
33185,7714420.843588306
33186,4479797.128806238
33187,5792201.389383601
33188,6158766.949614333
33189,8316170.470167545
33190,5493177.505901249
33191,11053370.32779747
33192,9303317.077360967
33193,7558549.724014407
33194,5608719.853404024
33195,6682607.059741479
33196,5309439.731525183
33197,6198430.305368829
33198,5327344.969905764
33199,6679868.300291762
33200,3483960.016838657
33201,6231780.110981054
33202,8670056.861150222
33203,7778341.812860619
33204,6145660.7942816345
33205,7523502.001592299
33206,5749207.750809063
33207,11351884.73441214
33208,9441460.079140069
33209,5084128.0016396465
33210,2958764.0167792155
33211,5827798.645762776
33212,5379359.427536258
33213,4667555.621365874
33214,8135122.701491524
33215,5330340.723948556
33216,4465664.812560954
33217,5546585.012054832
33218,5747060.861327478
33219,4382512.989880728
33220,7541545.796714973
33221,7077108.234073227
33222,5265899.49055526
33223,2071026.187249845
33224,11136921.084807796
33225,6997286.565562474
33226,5879499.415728834
33227,4113460.726764439
33228,4390322.186277686
33229,6695440.448249195
33230,6754609.209465489
33231,7972764.678733009
33232,8189511.493812449
33233,10286128.419792524
33234,9646236.933434736
33235,7171991.449841333
33236,7261974.483272449
33237,14965907.801948756
33238,8373128.496255922
33239,5692814.547134749
33240,6355257.920270285
33241,6110415.494649451
33242,4198441.494362416
33243,3630279.3659584397
33244,12327431.745039247
33245,7551691.678072951
33246,6915404.356002527
33247,4569854.648635746
33248,10949649.059713421
33249,16114649.761904184
33250,10287590.005744308
33251,7715786.785986552
33252,10086865.108650155
33253,6685829.955823879
33254,4439292.306985063
33255,7028848.310822267
33256,8635633.009157892
33257,5433319.457020295
33258,21043778.836050656
33259,6085158.860236053
33260,5910828.708361241
33261,7409780.070534941
33262,7151637.926563972
33263,6049105.186591868
33264,8063951.2093694
33265,8086843.184680093
33266,6525576.078715743
33267,5513401.823992028
33268,6260629.563273586
33269,10453613.855000826
33270,3531224.0303901755
33271,5804601.984464469
33272,5452705.50653074
33273,7095987.026734179
33274,6750291.260979511
33275,6236554.869041347
33276,12290827.460999468
33277,5381611.9461476235
33278,7301175.728914152
33279,6497141.8003749475
33280,5560229.33517394
33281,5552490.012241031
33282,6823923.043382649
33283,5954064.752675409
33284,6523565.97235643
33285,9962983.535636725
33286,4708676.4921280835
33287,4039265.6272418275
33288,9346588.872716334
33289,4846740.821377991
33290,7334346.35435426
33291,4389737.9775928045
33292,8018531.382657846
33293,6770573.833355432
33294,5832158.13318008
33295,4611599.053736191
33296,4184058.5907065384
33297,7070424.610984225
33298,8827139.347427526
33299,12656499.770085724
33300,4185149.71754866
33301,8075728.725495652
33302,4233321.615341925
33303,11669965.45103385
33304,12079714.295501828
33305,6089621.415337966
33306,6687325.477662037
33307,7398157.293224271
33308,6794933.983285426
33309,6482531.592388583
33310,16008087.026606698
33311,6123878.288803264
33312,5123734.33772616
33313,5260013.2498513125
33314,8721977.5719527
33315,9138537.957960071
33316,6809765.240016284
33317,7921456.325300757
33318,7573850.203973539
33319,6637884.832654716
33320,8493649.678790413
33321,5751820.690275408
33322,4689602.787278822
33323,8655630.823205994
33324,11083931.507903641
33325,8211665.689845974
33326,7211990.638743798
33327,6331509.657974728
33328,5861961.457783426
33329,10733745.69714376
33330,3444802.5452439077
33331,22605401.89601947
33332,4709651.0260885
33333,9420266.049331155
33334,5950460.768963497
33335,12069305.662200944
33336,9713256.920310583
33337,4234248.862963562
33338,9465217.547002489
33339,5568138.916261908
33340,6833103.673833786
33341,7685943.487808526
33342,17116151.760471024
33343,7097188.888639723
33344,4916098.800404326
33345,5775241.983495565
33346,15055091.029525887
33347,16758741.827080106
33348,5765478.108749078
33349,5466987.351098889
33350,4952309.726058542
33351,10609690.71452157
33352,4971660.117024866
33353,6149965.228265439
33354,5969105.23257924
33355,4682062.685638822
33356,7189189.849695351
33357,9440810.298563277
33358,2832355.386273313
33359,8735885.866023105
33360,3989990.4457336846
33361,8540066.334818788
33362,3352049.1297064433
33363,6365912.297203671
33364,6080848.391741749
33365,8823144.131800294
33366,14299998.685301924
33367,6445907.065021889
33368,9279568.503845077
33369,6946681.081340777
33370,5587678.361358366
33371,5794557.585334827
33372,5325791.10369566
33373,5518408.021637879
33374,5918725.846661629
33375,5566160.067849097
33376,4921264.762075715
33377,6088537.8193368465
33378,22597048.473859116
33379,6100204.853087717
33380,6522841.390226858
33381,6308623.191467046
33382,3389470.2273507193
33383,5265589.614470991
33384,8567477.39820181
33385,2272609.974601994
33386,10916721.103409188
33387,7288045.769302628
33388,7921451.702061671
33389,4526407.853383763
33390,6354139.351959045
33391,5755343.931767572
33392,11707476.388315873
33393,4900327.06705119
33394,5205266.587076056
33395,8460629.922625495
33396,7532461.224198715
33397,5943544.491626768
33398,5472879.795571453
33399,8866512.500677185
33400,23272404.24422015
33401,12002482.309466163
33402,3763733.644743786
33403,6427015.949298752
33404,10155298.331022391
33405,10062708.271699736
33406,5075612.418101808
33407,6676386.305856829
33408,9844195.14910678
33409,11312903.480354521
33410,5896002.253226685
33411,5657173.45197109
33412,10845967.724477097
33413,5017428.559168169
33414,7104525.433814176
33415,23746143.79562374
33416,10442282.407288413
33417,6986027.070367615
33418,7672106.008618854
33419,7114847.572778176
33420,10837484.68540434
33421,6922024.95427378
33422,6676826.397720133
33423,3058508.503823734
33424,6696525.721102401
33425,6173029.043585264
33426,6434841.804584461
33427,14522119.841545964
33428,3803996.235496192
33429,4526450.062615626
33430,4219347.729450635
33431,4439662.694662807
33432,5605850.562029082
33433,5486989.336922993
33434,6796606.11585566
33435,7630012.437901359
33436,5220598.839017164
33437,4434233.016533053
33438,5317317.015889082
33439,3569620.672154936
33440,6149670.868723578
33441,5199238.845855573
33442,8917904.923082879
33443,6823099.5281225825
33444,13465155.920490334
33445,4501409.854041986
33446,7697319.230850088
33447,4529223.3377326075
33448,7503644.971662244
33449,11748606.850024346
33450,5788064.1434423085
33451,14310303.859904014
33452,9596144.86296452
33453,4860549.355659286
33454,5288308.4540661285
33455,6822964.317575737
33456,4350601.332601963
33457,5252491.655280821
33458,4266984.756092111
33459,19705536.488230675
33460,9936244.33697301
33461,11107444.924069695
33462,7483424.2763986625
33463,5118726.141920815
33464,14511339.567034831
33465,4856928.692136618
33466,4614841.871001589
33467,5208508.027132075
33468,4193058.0344858808
33469,10755126.707904218
33470,5957617.448635808
33471,2111985.2931218175
33472,11715431.345719328
33473,7645069.202632162
33474,4452072.876898508
33475,3336210.577006718
33476,6030170.081514575
33477,7620315.545315386
33478,6024247.663385881
33479,9465395.963485707
33480,7236998.026578698
33481,7722035.055239222
33482,4998414.996578711
33483,8349263.511097316
33484,7034630.5411448125
33485,16398907.785352763
33486,11227991.622280272
33487,5585619.68222785
33488,12695483.44772127
33489,10654937.711811554
33490,10581325.484389184
33491,7448245.12037366
33492,6261157.276986068
33493,7663387.762221433
33494,6218952.930258057
33495,9963734.206665268
33496,7625588.7431765925
33497,8335155.039374056
33498,6991556.787974336
33499,6574102.997347556
33500,4812261.467047348
33501,8346139.894527728
33502,5448774.323137205
33503,7967596.706045233
33504,9236273.308401678
33505,6799666.747013237
33506,8907094.91885676
33507,7651806.993078337
33508,4851008.402061228
33509,5786975.89747774
33510,7812170.899782631
33511,6453060.350065493
33512,5868909.981560047
33513,14565324.723975452
33514,4359414.844985718
33515,4551504.295534353
33516,4908089.29016739
33517,6667588.006612331
33518,6358126.921059923
33519,6931825.306626357
33520,5457951.878662599
33521,7692003.029446251
33522,3591254.619942325
33523,6722221.313776216
33524,6588101.551367365
33525,7871956.551239273
33526,9651885.528652
33527,6994684.064709804
33528,6535849.453261435
33529,4242621.132089772
33530,5651483.363907494
33531,5751468.91443719
33532,4931387.221863362
33533,6713928.107063172
33534,4374877.553828047
33535,8433633.382282142
33536,6742995.7761868
33537,3716574.197737341
33538,7096717.955237316
33539,8908864.009429382
33540,8385592.221892136
33541,14312525.846624522
33542,18080045.625614338
33543,10095720.018985845
33544,6323900.14471704
33545,8728601.2936199
33546,5585619.68222785
33547,7148012.18722647
33548,7986908.255574286
33549,8436597.461391281
33550,13514497.50373274
33551,7390270.24107839
33552,7151637.926563972
33553,5177619.077037453
33554,8380310.623908863
33555,14749781.469767356
33556,4692137.195472786
33557,9814192.81913705
33558,29854105.759689447
33559,8686085.593459755
33560,5468800.875084099
33561,2254439.2427016157
33562,7427767.969499643
33563,5887859.751842301
33564,5582391.864936262
33565,5251565.2578651365
33566,8485550.942466313
33567,9032096.199494323
33568,1963969.422024858
33569,5261661.848471407
33570,8946865.399023585
33571,3031231.918158507
33572,7240603.075196256
33573,3741549.69469538
33574,7019832.5617614975
33575,5893096.715398629
33576,5067217.59889727
33577,9208443.215158723
33578,10728228.762673022
33579,8744506.277258206
33580,8506252.427804621
33581,7216141.571668862
33582,7859285.291812389
33583,4668641.418327832
33584,4033734.112392001
33585,4697485.524838643
33586,4554081.855373544
33587,5639899.617070746
33588,10723582.222308217
33589,9836694.340703553
33590,4819169.359753369
33591,9145697.755988808
33592,7042787.025645134
33593,4850054.958853951
33594,11552023.095789991
33595,4299172.251193612
33596,7207812.597127106
33597,6255815.547791912
33598,3895810.108851047
33599,6309332.159371748
33600,5298920.235675622
33601,5241049.063275613
33602,7350794.303212254
33603,7079460.388391753
33604,3398520.847182914
33605,8128919.370766075
33606,6127857.5728266975
33607,9891414.234658921
33608,9751080.166444136
33609,7129075.384038624
33610,9970226.930750014
33611,6596126.133897753
33612,4944021.27138721
33613,5321456.287228651
33614,4755002.246726205
33615,5370623.439007986
33616,11377814.265451215
33617,6766924.596439628
33618,3443584.098537393
33619,10376254.83544104
33620,6449352.32819477
33621,2216547.7369875503
33622,8110360.084817381
33623,7207890.435323261
33624,6671619.187619674
33625,2902989.6866972214
33626,11869151.97200028
33627,4448187.812067221
33628,3790110.409520715
33629,7908272.09957358
33630,6265039.114152478
33631,9844077.741603365
33632,5507913.609389239
33633,3683312.442110345
33634,13340631.287185568
33635,8031190.322137105
33636,6589841.616973645
33637,4249479.022002607
33638,7902324.998646097
33639,8188757.037944066
33640,10726802.707916148
33641,7444395.605103177
33642,9023753.489619842
33643,4518846.703117541
33644,6394830.408250887
33645,6607550.5705773905
33646,10274182.449053174
33647,6256506.328855653
33648,7522412.355850969
33649,5974584.031826547
33650,6128515.698687046
33651,5776257.863978688
33652,7756505.613185586
33653,7412605.075273323
33654,6026968.779411062
33655,5403291.780937577
33656,3814644.8259104853
33657,7280950.787142457
33658,8026006.120189842
33659,7098793.249282389
33660,7212084.978492174
33661,4110440.4669712596
33662,7853347.078712103
33663,6371982.770422687
33664,7172863.18278248
33665,7765868.560460035
33666,6346407.042684398
33667,3627735.216818073
33668,7372810.294037269
33669,17835404.778362267
33670,4284392.787226859
33671,4680312.361403182
33672,20759986.6995879
33673,11477563.562680854
33674,5293691.848229194
33675,8596487.906131415
33676,4411560.469272042
33677,6788258.6484602885
33678,8501719.355436929
33679,13168829.576875314
33680,7464111.72244391
33681,8681118.420881335
33682,8112765.8254242195
33683,6752355.070968759
33684,4985118.468248305
33685,7878736.237190234
33686,8595177.726021819
33687,5853100.5376325855
33688,14397943.802755453
33689,5719586.223117845
33690,5145694.289552073
33691,7274674.3863241095
33692,5621323.636964979
33693,9709862.972532723
33694,5899602.97112119
33695,5865638.36336527
33696,7351307.086427143
33697,4545022.802962517
33698,7046320.343330307
33699,11998403.721134191
33700,3864204.7221904043
33701,7086858.710585517
33702,7080152.428676505
33703,7459001.146356562
33704,4199290.386588523
33705,7038834.375800406
33706,7347078.367107298
33707,5010452.365529004
33708,3779846.878186655
33709,6114506.713321088
33710,6122215.479778838
33711,10995258.382593121
33712,10300007.307650184
33713,4340472.822627071
33714,5303973.636227962
33715,6638096.3911044365
33716,4201354.081909185
33717,8929437.134389559
33718,5716703.969260264
33719,6807545.376705617
33720,5737918.999343058
33721,6921877.490718463
33722,5074362.342537246
33723,4586073.487805596
33724,5531138.174950704
33725,4644486.551651353
33726,7680162.597638008
33727,9168882.364107048
33728,7353093.993347615
33729,5000986.266411598
33730,5303495.375864417
33731,15308284.775158104
33732,7092198.123816594
33733,4532446.134130976
33734,6608811.519800131
33735,7451526.196937402
33736,6760890.970655516
33737,10313407.150598805
33738,5666617.52384973
33739,6788091.557267128
33740,5046732.071872608
33741,11771643.389766863
33742,5016395.726798898
33743,7197445.757436542
33744,4598735.573350418
33745,2179312.2761623105
33746,9132708.389294049
33747,7874039.03912237
33748,5672183.337033746
33749,5018205.7373072645
33750,9002771.512677465
33751,4450522.837265846
33752,4295850.622438235
33753,9382041.226284668
33754,7605154.460246961
33755,9832236.22054256
33756,5842052.298174073
33757,5146115.701009509
33758,5666022.9083993565
33759,3169341.0641587465
33760,4703487.92775989
33761,6031549.582059431
33762,5979119.144614847
33763,5409164.172679435
33764,6352115.453312018
33765,6819054.499557218
33766,5308734.368388419
33767,11548907.968680687
33768,5785878.04412159
33769,7642768.331858777
33770,3340712.497676636
33771,3770574.537276584
33772,7141586.292576632
33773,5539148.679251693
33774,6561537.243615761
33775,3968181.716039267
33776,5889266.041489566
33777,7819269.310715929
33778,8406742.14473705
33779,8464658.465543495
33780,14097809.010924732
33781,7075770.890717565
33782,4724767.270435987
33783,7334033.045939132
33784,6754310.320460047
33785,10187787.250487847
33786,7253614.913035853
33787,7561104.245445511
33788,5183117.158961273
33789,4613042.16152665
33790,5734096.716021154
33791,6612616.834359855
33792,4853560.010132611
33793,9813968.478990901
33794,5506895.649538015
33795,5556434.515076125
33796,8864478.363766018
33797,9696651.741379928
33798,8314303.41181791
33799,4419633.030349585
33800,6016021.629575935
33801,6613362.91931263
33802,5950881.910901267
33803,6208931.025134672
33804,6313365.331867852
33805,4856493.5013393285
33806,6916184.047498255
33807,8249859.990626177
33808,5767829.403594038
33809,22235472.360781074
33810,6677880.384089438
33811,10633538.30700218
33812,12665340.189372461
33813,4167303.47773863
33814,11524286.994413488
33815,10556093.366603985
33816,4721701.826361389
33817,6724525.472944589
33818,7247595.214957151
33819,4461807.814080754
33820,5453665.174566861
33821,7383694.892068543
33822,4235095.539983211
33823,6212707.643063885
33824,8237796.137255042
33825,8494180.849274313
33826,8993742.139349388
33827,6572363.932993247
33828,6531246.757665583
33829,7842793.804007674
33830,5012242.157982631
33831,9478630.227769049
33832,7074464.1455281805
33833,8563307.92230767
33834,6560554.218740112
33835,8942812.31516903
33836,7252850.013187485
33837,4030876.2275676904
33838,8135762.926051927
33839,6728973.232417428
33840,9949857.617795154
33841,11314514.167113153
33842,9336488.148766905
33843,7475174.128466302
33844,4346448.7213035375
33845,5238322.822893908
33846,5191098.190027472
33847,5649708.083577618
33848,7350567.831166811
33849,13978085.580685463
33850,4434525.192193824
33851,5123432.657204793
33852,7037541.558017104
33853,11506861.52924563
33854,5130108.947028186
33855,5305301.596695919
33856,2163571.822207196
33857,7553526.2296529645
33858,7731974.656117025
33859,10483918.739993246
33860,3614656.6563534806
33861,4819162.047373461
33862,5035508.853453702
33863,4441472.905023675
33864,5975410.194014852
33865,5199593.611553675
33866,7031246.361812914
33867,5539070.471766499
33868,10943365.00819051
33869,9076482.931581048
33870,6048234.957750833
33871,6604896.316209414
33872,6335447.083139475
33873,6732761.747534299
33874,4564089.427529325
33875,12191044.953549996
33876,8584811.306113657
33877,7537324.103658809
33878,6174729.668666645
33879,8207406.341050521
33880,3676290.9860922974
33881,6577871.330993119
33882,6087766.197969094
33883,5079213.360180614
33884,5452519.718733407
33885,7368473.036100198
33886,8404162.792121992
33887,8905649.755744327
33888,10034010.502378486
33889,4875624.048160726
33890,6989926.344103444
33891,6456049.879510151
33892,3983431.563003617
33893,8084141.785374069
33894,4840645.650082552
33895,6159423.962787075
33896,5392119.564910707
33897,4506566.873711875
33898,4648339.98233674
33899,12762469.844879827
33900,10875338.302847508
33901,6195192.2236329885
33902,6869862.893794853
33903,6838174.191096834
33904,6426279.871739798
33905,5649448.962141707
33906,4935564.895249097
33907,3837085.821236681
33908,3889474.699097339
33909,7233493.735412741
33910,4952166.308999075
33911,6089606.204925253
33912,4109700.321324266
33913,6061694.03192642
33914,3997639.946803579
33915,29155296.126502477
33916,7160856.167193454
33917,6303310.330811773
33918,9276756.115253374
33919,8003543.366504041
33920,3997639.946803579
33921,4506566.873711875
33922,4702962.297381019
33923,10995858.97835221
33924,6311191.559357625
33925,9262048.539269332
33926,7262524.924868577
33927,9998489.46506615
33928,6526025.610790989
33929,7261297.464968941
33930,5656482.561148289
33931,7135128.468868419
33932,5428407.811087467
33933,7896488.852638193
33934,4959650.677675259
33935,2916461.673591509
33936,6562129.123542045
33937,5763963.769497163
33938,8239380.21893901
33939,6387041.050168268
33940,14431690.406969985
33941,6973103.090225282
33942,8966771.175877983
33943,9359749.867968254
33944,6484336.415510112
33945,10382969.954525422
33946,6062328.508222697
33947,11514454.849513346
33948,7027552.152615173
33949,5798007.190030729
33950,6109143.47962521
33951,4375935.561415302
33952,6240297.340350691
33953,5114809.177847927
33954,14488557.441073714
33955,5863704.860407222
33956,13033384.038298348
33957,3790899.652069944
33958,4324952.021716001
33959,5204192.406738758
33960,5708096.825514263
33961,7874995.986469231
33962,5599658.765473186
33963,7652979.621398983
33964,6593680.134912027
33965,3502932.5390857398
33966,5703467.029410863
33967,6825181.557642026
33968,7828219.986324478
33969,5043865.24561218
33970,4019498.9694570913
33971,5039385.3229973335
33972,9874393.769293316
33973,7321757.792976196
33974,3674044.7056764937
33975,7828398.441485271
33976,13454976.893531173
33977,6206855.13567939
33978,9202303.720779384
33979,7247595.214957151
33980,13186257.591712056
33981,6700189.490470659
33982,4386886.868553926
33983,4037813.082282281
33984,4763443.999494322
33985,4858632.427228235
33986,6939077.216191069
33987,5631099.682314851
33988,2795064.152483752
33989,7086029.406712942
33990,3607831.1112409597
33991,5030330.485147093
33992,3038389.853457998
33993,11199240.40594687
33994,7941818.1787356995
33995,7433135.035485614
33996,7963062.595834
33997,5905704.392140046
33998,9557053.262689132
33999,5612434.116784167
34000,4533234.265110947
34001,7460728.929866148
34002,8019734.26367423
34003,4687157.634958226
34004,5019791.2128447415
34005,5740862.914745194
34006,16926088.57952598
34007,7323025.616444946
34008,5653471.500312751
34009,6952097.929840259
34010,6502688.494708068
34011,4805860.236237405
34012,9613385.502759842
34013,4950785.511888261
34014,9091521.350416977
34015,7273146.7602653485
34016,3855425.3956217775
34017,12431392.504644064
34018,10722842.39543753
34019,8629214.863620123
34020,6843892.269801795
34021,6734260.724606395
34022,5988847.289903328
34023,6332264.890646775
34024,6208826.586801288
34025,6245000.878499482
34026,8965239.829591142
34027,6598893.055730953
34028,6255619.748450367
34029,3368441.8107007113
34030,5222003.245047829
34031,16872117.22955727
34032,7683725.253551553
34033,8461613.457846943
34034,8093442.725483816
34035,4691306.38043055
34036,6952343.200073354
34037,3702559.9494261476
34038,4611610.646756786
34039,5569692.413679955
34040,8572678.157804769
34041,5226461.259447086
34042,7822561.851623142
34043,4779940.215024419
34044,4889521.295681999
34045,7786196.5968251275
34046,5742060.318351154
34047,7194130.011458182
34048,7865454.532535693
34049,4497382.326131124
34050,7903340.072839622
34051,9260222.775334613
34052,6531974.190251344
34053,10526594.164329821
34054,7506868.892138624
34055,4678163.977905913
34056,3646820.133496758
34057,5424877.80643281
34058,10740109.518758051
34059,6187246.019403894
34060,3654955.4761853274
34061,5244998.654433825
34062,3927333.059801113
34063,6770985.368209731
34064,3873331.31627071
34065,5705729.789214576
34066,4947410.089431614
34067,6221494.578909522
34068,12295601.056193486
34069,6167360.96447715
34070,6624353.470822853
34071,3850498.3641236727
34072,13716285.832140438
34073,5568472.63460108
34074,12499302.09739623
34075,5469417.905022868
34076,6013055.738670644
34077,6278260.378099403
34078,10886092.816888336
34079,9116053.677199591
34080,6144167.163874867
34081,5888486.448270271
34082,7420901.332609131
34083,7030475.676275368
34084,7307526.763307599
34085,5807753.294159214
34086,7033814.279262703
34087,4971739.255739841
34088,4893981.838576423
34089,3643653.761531722
34090,4855199.209921381
34091,6870073.1450772155
34092,5968904.868443935
34093,5867893.810626034
34094,4930541.881877675
34095,4248475.3728867
34096,7531288.743185791
34097,12092399.232411077
34098,9163673.54029042
34099,6885609.436123976
34100,5422514.696477827
34101,9623352.987023639
34102,6249744.6489915
34103,6437630.41098485
34104,2216547.7369875503
34105,5088106.683259853
34106,5738501.716624896
34107,7404271.345783966
34108,6401153.532878095
34109,10035740.7476119
34110,7160944.105470644
34111,4630241.070913906
34112,8626500.490873046
34113,6506782.561311952
34114,6455985.503933047
34115,3889491.3055096143
34116,8394789.000494415
34117,5826202.915545009
34118,4240604.358136249
34119,8906210.281699678
34120,4030141.150013741
34121,3997148.5676954943
34122,4230097.698636609
34123,4600692.422076115
34124,6590173.699434519
34125,4150813.409213534
34126,9073257.80758165
34127,3380738.4204537743
34128,7981346.074622395
34129,6434699.867969043
34130,5817340.596271206
34131,20237619.007421385
34132,9385866.863474764
34133,13012729.790358314
34134,6325952.627237961
34135,7192666.8050595345
34136,7365671.8500547055
34137,4906715.86508416
34138,5728943.716747415
34139,6611153.981236482
34140,7163967.332471048
34141,8312675.904694953
34142,6333353.768702537
34143,7309475.027289308
34144,11668493.92738669
34145,4327202.437385849
34146,10427816.259345068
34147,7447340.81415523
34148,6146075.698967711
34149,4844397.398842759
34150,11924384.69714538
34151,5319222.274840412
34152,8886603.674092354
34153,5108796.697930054
34154,6790789.031564409
34155,5275183.443899809
34156,6328700.7024755515
34157,8695172.152775072
34158,4482936.313106819
34159,12337903.189475881
34160,6066327.783233495
34161,4688261.440477471
34162,6403355.452876005
34163,6190455.560517548
34164,3629259.7207707996
34165,6868003.620732351
34166,6125831.83953216
34167,8531511.498264983
34168,8245473.561502357
34169,7619469.82269837
34170,9122182.327582225
34171,6755528.258784234
34172,6226602.357947044
34173,8065716.906264157
34174,6090673.700926826
34175,6035983.133319736
34176,4889577.797270231
34177,5688527.8744959235
34178,7569317.903615127
34179,6034686.293702758
34180,8307622.802192711
34181,5287989.944003865
34182,6775518.102717253
34183,4449458.393015031
34184,5783286.151223024
34185,6713922.058524112
34186,8615410.612297352
34187,5070216.059907704
34188,3980084.0327055342
34189,8866757.803909784
34190,6687836.442337919
34191,10886220.504702479
34192,7077351.662151332
34193,4714739.269954282
34194,6308069.302794008
34195,9261252.872517727
34196,3789265.7009874587
34197,8446410.792539572
34198,6192718.190110177
34199,6758223.328086069
34200,8357415.831383444
34201,4451475.987555565
34202,10980827.438316451
34203,8615540.325348483
34204,7241653.302582172
34205,7070178.356306415
34206,5081419.567259559
34207,3395547.388980751
34208,8274545.871646044
34209,5572231.898181011
34210,12236964.67730121
34211,7264988.965114694
34212,5099304.307011023
34213,13615884.168905303
34214,7462103.23031558
34215,4146873.1974833924
34216,18048346.3301832
34217,4381805.001975435
34218,5921100.524237066
34219,4563360.6443172665
34220,4498228.8189741615
34221,5209343.405822302
34222,5815358.252295462
34223,4363349.317933634
34224,7558371.567565088
34225,7355664.470918615
34226,6340107.054923135
34227,6535469.606193271
34228,8652743.10958244
34229,6178649.088921489
34230,5548682.338169206
34231,6546937.623824375
34232,3979230.159115354
34233,16285384.586908758
34234,4783707.216315489
34235,3976724.3562372564
34236,6415528.861921154
34237,15370300.009675601
34238,11296499.488900471
34239,5272344.893338292
34240,4780777.723749065
34241,3506774.0248534903
34242,5429609.394305281
34243,7738298.570282059
34244,4291523.191252093
34245,5824651.267379636
34246,7013761.675647126
34247,12063278.895520639
34248,4919507.345968711
34249,3874202.2855742243
34250,6430290.814329187
34251,6519853.0192421945
34252,9450744.037299749
34253,6807728.048608235
34254,11129334.873532753
34255,5184121.957999904
34256,12245354.63371523
34257,7522136.549902136
34258,5833575.607070592
34259,13146351.520041931
34260,5772409.886553469
34261,7251583.807014221
34262,7208626.770208373
34263,5248241.557544256
34264,5594121.7475326145
34265,6669804.833503838
34266,3614021.9101795885
34267,8248581.988537886
34268,9204007.711198274
34269,7186688.864097687
34270,10625960.696506541
34271,5028820.278275618
34272,13316450.525926314
34273,4477460.895344581
34274,7517479.928156281
34275,6291374.5158062475
34276,10702094.28097642
34277,19251450.296614587
34278,3628113.413114264
34279,12202947.19481558
34280,5553348.260206913
34281,3370729.3872645996
34282,6193341.546883423
34283,9989776.471252017
34284,8391010.304851566
34285,5131822.815094533
34286,6301937.916722425
34287,6403000.185155888
34288,5476746.917540913
34289,9091712.546915095
34290,6832492.114344679
34291,7304402.919834367
34292,4111873.463806114
34293,30127084.144465636
34294,13513635.863056889
34295,7236106.431547773
34296,6999921.856491871
34297,7349234.091869598
34298,7171837.560288963
34299,5846101.761115885
34300,6290814.4230016945
34301,6660293.387417396
34302,5452579.94354432
34303,7058445.280062628
34304,6897877.539822499
34305,11664348.68210476
34306,6238589.801543762
34307,8397525.950877989
34308,9098014.114285808
34309,5707488.907937272
34310,6498197.199332667
34311,7235601.189434905
34312,3598903.3154481985
34313,8768825.430938242
34314,6701764.238908272
34315,11373680.215268726
34316,6344437.126157844
34317,6890590.458764652
34318,5456503.606440689
34319,4342810.957814949
34320,7376997.8770961715
34321,2817396.206008176
34322,5071092.663220242
34323,5603759.896987997
34324,7460483.5266187135
34325,5891164.75756928
34326,7345360.071704263
34327,7363965.501433658
34328,14629162.168569472
34329,12490183.520767318
34330,6562895.490276456
34331,8027247.812090937
34332,7992534.225604228
34333,5943019.746657608
34334,4942413.046217557
34335,9849745.52927871
34336,5165133.712305971
34337,3844290.365368637
34338,7756889.494135727
34339,15393426.272739902
34340,8634669.624395408
34341,6382084.202629079
34342,7955024.674729606
34343,4645727.058532078
34344,11179942.883319918
34345,12405382.657190355
34346,7420598.088831172
34347,5457206.618499015
34348,5502554.395674441
34349,3819642.2191561703
34350,9015872.199159173
34351,4180235.3987127556
34352,7820744.249130351
34353,9809630.176919717
34354,4081113.722430718
34355,6903549.872769923
34356,6588959.130824473
34357,8711611.230629567
34358,6202970.889398496
34359,9161038.629991245
34360,14203008.024355328
34361,8522173.254565066
34362,5109283.703995021
34363,3847822.0797049403
34364,5798589.530619822
34365,5018313.999181383
34366,6950442.044756998
34367,10233865.38611751
34368,3951794.915506017
34369,5442163.904628866
34370,5654024.593192173
34371,5622643.554014364
34372,4328521.231478101
34373,10783739.898415947
34374,10602639.174483757
34375,5342308.163010563
34376,8984247.318380386
34377,4321493.982423362
34378,6274534.934779441
34379,9080195.34671167
34380,8128315.768711789
34381,4843101.948467152
34382,4448882.596426828
34383,4978332.995660654
34384,8919291.991655923
34385,4863838.229805838
34386,8258155.155079039
34387,5035898.5607003
34388,8024310.177231025
34389,5884165.084600068
34390,7139092.350949023
34391,5292489.18542063
34392,5242628.3705244735
34393,5823592.08262127
34394,5676613.89901494
34395,4926620.671579956
34396,11293731.09401962
34397,3091775.6338137877
34398,9591555.801706836
34399,9727326.215549396
34400,9665895.75107709
34401,5024274.115805998
34402,5182918.478483533
34403,6151172.400518906
34404,7405577.089686042
34405,11822087.105511378
34406,10328947.692513516
34407,5339611.768655106
34408,3546530.4757272247
34409,7003088.682683993
34410,11009512.576656448
34411,6655864.824818066
34412,5703302.105780718
34413,7194832.422721347
34414,12282606.571295138
34415,2846090.0332101597
34416,9677119.700632993
34417,5734039.576674466
34418,3992232.440716179
34419,6678821.782755497
34420,9164549.777323501
34421,3779591.116150549
34422,5731453.252270346
34423,4585703.070702776
34424,7199847.754389989
34425,4827701.123081143
34426,3778099.218892963
34427,5657269.995282172
34428,6978875.898350346
34429,6802381.228022255
34430,7576423.084212047
34431,4994211.630133069
34432,6260081.177991237
34433,3662808.3335110536
34434,5244604.108178615
34435,4962615.184275414
34436,7067073.385140772
34437,5068508.973054704
34438,5126449.316175474
34439,6050998.239458817
34440,4683147.64629941
34441,8021370.495102374
34442,5758054.830378415
34443,4237472.41826992
34444,5288537.445044809
34445,6232867.781314374
34446,6105305.648721488
34447,12756056.18288493
34448,6276002.19993997
34449,10168929.846533448
34450,4939026.028366464
34451,6062085.688680861
34452,7213297.143463726
34453,7150170.446262076
34454,7105036.694293091
34455,5769075.130460264
34456,5643910.079808639
34457,9738286.40350371
34458,5526483.318941429
34459,9004555.560886512
34460,6919960.222380303
34461,6454111.237349568
34462,6169604.611353624
34463,5213729.570591485
34464,7291308.985382237
34465,14971791.775989937
34466,3561144.6722871354
34467,8330196.846829414
34468,12879603.733077576
34469,6407628.919656729
34470,5384024.272663829
34471,8927007.310013361
34472,4952887.828134105
34473,4401725.177746345
34474,11922568.21869187
34475,6149692.798850468
34476,7227790.021357503
34477,9883877.49548854
34478,14029509.616888192
34479,7263565.606866002
34480,7298209.126762379
34481,9162533.516992997
34482,9346456.100512933
34483,7562745.083459032
34484,8109362.994601659
34485,3682837.1479182774
34486,13751472.669796094
34487,11273416.127714772
34488,5166259.74577447
34489,5871007.186761983
34490,7250271.740721827
34491,6983942.676198244
34492,4833033.638044918
34493,4497260.327032423
34494,7770360.503092571
34495,5175670.568072297
34496,4870780.053180758
34497,4836034.081207881
34498,6063819.304033
34499,10331512.522882361
34500,7147884.123078409
34501,12284716.27762013
34502,4396717.119460963
34503,8659356.454935454
34504,7872513.085997352
34505,5387069.611996518
34506,13175711.794984266
34507,5141865.167284765
34508,13898326.081998706
34509,5579534.809723196
34510,26533858.489264693
34511,8229271.067188955
34512,8999142.531747691
34513,5251558.842534623
34514,4752712.94088927
34515,3789251.7273831856
34516,2199086.762770399
34517,7583754.210843485
34518,5149341.123932695
34519,7515421.483274983
34520,4419519.253578594
34521,25476788.75255198
34522,6221256.082255552
34523,5405730.49115058
34524,7291745.725437598
34525,5154346.882294213
34526,5651433.337008397
34527,6727607.9610637445
34528,11833929.743779285
34529,11905543.012528634
34530,7595281.452163223
34531,6611679.450297983
34532,4633860.469326503
34533,5652486.328849991
34534,8435474.38833142
34535,3694679.1501916037
34536,6837399.416647803
34537,3469869.6732822885
34538,5688307.538385095
34539,7573492.451913778
34540,6843405.10433135
34541,9061954.576632844
34542,6917081.270700574
34543,6246139.67881228
34544,4793696.434852301
34545,4663247.4152573105
34546,34633690.32134631
34547,4529369.248670962
34548,11389670.736150023
34549,5888386.110566772
34550,3643636.663964069
34551,6758198.543358903
34552,7960510.722969981
34553,31181236.527143553
34554,4609075.168598628
34555,10836139.559378035
34556,8424022.950251162
34557,11748979.819689358
34558,4874639.972747317
34559,7527781.261153066
34560,14382280.505047688
34561,6049789.636019926
34562,12573475.93189582
34563,3765226.3479665993
34564,11247938.925388586
34565,4726409.50411621
34566,11671221.896867618
34567,4767496.714660262
34568,5597580.604250232
34569,8342355.254126516
34570,6102418.790426896
34571,9258102.47564031
34572,9183734.607413406
34573,11769605.319869144
34574,6003961.244528129
34575,5785865.7380713
34576,3199982.00341344
34577,6323245.910557527
34578,5228265.790005325
34579,3628911.407316257
34580,4865708.230049658
34581,4537004.791393964
34582,6202726.996770728
34583,12024511.98346365
34584,6383909.745828696
34585,6181305.691619985
34586,2062358.106215052
34587,10229973.834710281
34588,4891604.568705408
34589,4896721.081743113
34590,8255965.845039703
34591,10019694.046248386
34592,5351571.954638353
34593,5583442.720037772
34594,8437366.398412138
34595,8481922.258015217
34596,10083438.071135404
34597,11675712.376329197
34598,6327591.742250717
34599,4803027.186940219
34600,7501223.114884558
34601,5573261.3744766
34602,7474585.156811235
34603,6481625.016637462
34604,3815792.146806229
34605,3968861.788129416
34606,4675256.933983268
34607,5473197.9913446065
34608,8619506.497520247
34609,19721421.653461948
34610,7219977.673276055
34611,5937392.076095447
34612,7097723.391223076
34613,10662456.954316782
34614,6052099.0814038655
34615,7399396.8587657595
34616,10462543.338599823
34617,11248968.277182283
34618,11002864.97419551
34619,5099053.422109961
34620,4672102.787252151
34621,5111561.456356389
34622,5634232.941514374
34623,5416020.20747831
34624,5967033.653348779
34625,15471014.496866914
34626,8194160.478134354
34627,4687907.339727453
34628,4270314.707999192
34629,3008273.6436729426
34630,5640329.60030769
34631,6411009.796313367
34632,14589230.325940572
34633,5530192.162815764
34634,6138520.644804296
34635,4494031.367582948
34636,6843700.303058964
34637,6680550.80543674
34638,5765081.95859059
34639,6254080.498818133
34640,3870167.6441669804
34641,4286563.321452335
34642,8387781.658872094
34643,4744820.348646176
34644,6667832.182202822
34645,5304815.743653115
34646,5571797.310065541
34647,5191870.0523242615
34648,7413456.951260903
34649,10933749.19541939
34650,6920364.390054436
34651,10195905.835763164
34652,5384145.96380604
34653,7255148.6569798
34654,5007316.58449787
34655,7190143.026840486
34656,5711736.434875166
34657,8476843.367928443
34658,3697822.0607679496
34659,3916732.633341525
34660,4916473.182685973
34661,6685201.838696527
34662,3979669.089186721
34663,12878800.916085854
34664,6382264.234339116
34665,8556163.705760596
34666,3862803.5209350865
34667,7200902.811046943
34668,3747642.0298681147
34669,6926024.310374284
34670,7631425.273827493
34671,4383300.673974767
34672,6997488.315622349
34673,7573066.727391406
34674,6198081.471823593
34675,7757315.141396223
34676,5252947.240765761
34677,10223021.15388975
34678,6101260.50285736
34679,9019153.530525967
34680,12027210.91009905
34681,5926089.064723733
34682,5819193.173716747
34683,5032629.036702811
34684,3127370.511447089
34685,10509261.813555142
34686,5987892.04472096
34687,5346381.949733788
34688,13345485.733813507
34689,5997782.496280724
34690,11615262.22490205
34691,12524742.020850582
34692,12922000.271814723
34693,5170053.87705111
34694,7640183.074308561
34695,5949665.62731696
34696,5808415.587757835
34697,9367572.726202648
34698,6103570.577282614
34699,6885019.708928492
34700,7818931.409965592
34701,13802928.323960975
34702,9372037.560517127
34703,4145884.839787513
34704,5229687.183253661
34705,5423880.60242553
34706,6420486.35450493
34707,5204110.96142483
34708,4693299.367040211
34709,15571392.319811018
34710,4851329.758744358
34711,9522591.331544729
34712,13367758.003169483
34713,4641684.785407253
34714,6130827.648788046
34715,3940066.8800024427
34716,14509535.237722225
34717,4909558.71788155
34718,5628560.240386276
34719,5693472.862030695
34720,8453858.950543785
34721,6726154.893375697
34722,5273895.240165579
34723,8354911.734488112
34724,6735191.20742559
34725,7409157.179851191
34726,5246528.051380916
34727,5941322.235247029
34728,7065662.053634459
34729,5343947.493259924
34730,10323753.946394777
34731,12985642.335245017
34732,9823307.030453058
34733,3866243.1479116227
34734,18429732.759041872
34735,5862479.199638468
34736,6833375.643769808
34737,10842765.465616615
34738,7032311.4338968145
34739,6449788.243174213
34740,8306230.796747987
34741,4597624.471148255
34742,6810701.676677578
34743,5876818.429564994
34744,3336139.539147429
34745,8137702.927701572
34746,9336786.934285443
34747,6435932.137240719
34748,7331893.243019185
34749,7003290.315341871
34750,4797940.752971158
34751,5075485.176543755
34752,34927006.754574955
34753,10193105.052884106
34754,9323616.620516172
34755,4054170.78214254
34756,4652514.659021241
34757,4846971.984665021
34758,4286196.391960763
34759,6711836.736951788
34760,4430190.144316539
34761,10659843.086558545
34762,5789098.060749207
34763,8107649.55767041
34764,6530790.417349575
34765,8878312.709237654
34766,19961608.195393775
34767,10214793.006064821
34768,4940140.847005803
34769,10135377.936669385
34770,4834987.393172018
34771,11984379.605240595
34772,7896651.073108009
34773,5286063.463448365
34774,10123130.392033447
34775,4485922.822474061
34776,9438488.695377992
34777,5985428.925576453
34778,6786814.534633061
34779,7224714.585444373
34780,7244683.074218364
34781,26392981.138429362
34782,6051657.293452376
34783,13951116.485554116
34784,4500555.261158018
34785,7955199.807888374
34786,6303180.291957251
34787,4070873.424686983
34788,5480037.657745283
34789,7756611.595768957
34790,5299011.707299694
34791,5617391.423573205
34792,8647438.243286723
34793,3511026.115633276
34794,21133745.462987807
34795,5563696.119464301
34796,5317133.9665435115
34797,7800570.465910519
34798,6509869.02478044
34799,7071684.217222462
34800,19481874.202842616
34801,6567260.779632831
34802,12710917.95640572
34803,7468378.9930611625
34804,7481883.898129765
34805,7107731.244917547
34806,7631327.243303806
34807,4873785.274249808
34808,5666535.972496946
34809,8950383.474499276
34810,7734455.596323779
34811,4653376.030746278
34812,3815792.146806229
34813,4650497.830019157
34814,4539126.602434563
34815,9972697.668295307
34816,7821854.6763949655
34817,7439128.995265942
34818,6562796.623633945
34819,7006680.202958092
34820,7357027.521978422
34821,3703093.0030812505
34822,5259535.097671756
34823,5818713.72107293
34824,15320274.97038212
34825,9542357.367909256
34826,7272072.74521927
34827,3882821.526575988
34828,3697822.0607679496
34829,8862312.49657311
34830,6155370.55480219
34831,3933799.5483680055
34832,7554985.679961358
34833,5746443.390161021
34834,8067456.925399869
34835,3630859.3274222477
34836,7613861.86419391
34837,6711380.321492206
34838,9513103.251366934
34839,5732665.998004652
34840,12150923.714997016
34841,9100254.458014768
34842,6304784.708339917
34843,7066063.0191558
34844,5873073.555501067
34845,5937101.69548962
34846,12073237.102949245
34847,5251915.168743777
34848,7006873.874046615
34849,5086210.1941594025
34850,3685124.8589232457
34851,4077521.9944628687
34852,7863732.197034822
34853,4070873.424686983
34854,3981258.962597744
34855,15237210.015787499
34856,6865621.398450787
34857,8871970.195184516
34858,14760558.475261379
34859,15099109.995590318
34860,8386131.317530729
34861,6331616.50628986
34862,7317219.377010915
34863,12546345.014446955
34864,7917836.610940718
34865,4646154.601281306
34866,5260511.389926369
34867,6562566.607495046
34868,6244588.832904808
34869,7928690.21393228
34870,7400946.722252591
34871,5342207.858750395
34872,5472661.223124576
34873,6455401.383403219
34874,7447239.1745339725
34875,9570403.904820083
34876,7178594.1468946105
34877,6245293.754520424
34878,6641820.911844572
34879,5895398.348269913
34880,6088727.9378903685
34881,6285348.295603858
34882,7039902.485741969
34883,3819896.461616508
34884,5852636.935523388
34885,7562384.772433782
34886,7464303.178552292
34887,5272694.92206512
34888,6454155.382706068
34889,5818455.485974201
34890,6434677.449077461
34891,6130113.354096731
34892,6627747.268522786
34893,8063003.771495728
34894,6138039.676531616
34895,4610845.375052745
34896,18208727.384649634
34897,7904982.637023124
34898,8575815.093063204
34899,7920671.0525763715
34900,4374542.945540352
34901,5987328.68217912
34902,8098812.558956043
34903,7187076.857520161
34904,7375756.90809586
34905,4571634.759714539
34906,10464910.10660559
34907,7837261.993795352
34908,12526071.725961825
34909,3695696.7032300853
34910,8660608.667370817
34911,9493249.756245904
34912,7886649.999197641
34913,5205135.859928035
34914,11560795.254624015
34915,6296791.737947714
34916,3753659.8598083206
34917,8046392.625218094
34918,11914304.54906955
34919,4483003.7034634
34920,4820324.109197691
34921,6129655.555671598
34922,7266193.133551452
34923,5659220.820883834
34924,6994696.293878586
34925,11537393.406720608
34926,3971921.5825958815
34927,10821027.477879005
34928,5117811.869933507
34929,7984667.943651691
34930,5064286.047601746
34931,7900382.398340534
34932,6250205.571856306
34933,4901239.282647158
34934,7182724.470072754
34935,5699769.768919732
34936,6062320.661858985
34937,8702325.255275238
34938,7708688.782832592
34939,6253963.561348215
34940,6618437.413162425
34941,15003507.292282758
34942,7810566.814478163
34943,5133911.636156571
34944,5742386.547850318
34945,7098426.756435905
34946,7866014.286796064
34947,4575425.139823755
34948,3777817.103808865
34949,4862762.114479973
34950,9493249.756245904
34951,8434673.888412453
34952,6471930.562516165
34953,19148287.560384158
34954,6142681.524348813
34955,8032110.979373441
34956,8583962.667004723
34957,6025231.986043906
34958,6715360.089468425
34959,5070353.50313117
34960,8063724.479320676
34961,5592731.366296391
34962,14275793.079667449
34963,8039523.541053987
34964,8875345.633073427
34965,5904334.944900463
34966,5084969.897912704
34967,5953956.562893892
34968,5435795.914758383
34969,6733613.935283639
34970,5061775.086467879
34971,3990729.567092752
34972,4421437.04960968
34973,5519173.228971438
34974,11922129.912701946
34975,14872657.328857174
34976,7585403.963727488
34977,5677400.171753184
34978,5365283.010731087
34979,7769721.574183791
34980,10017691.416972406
34981,4236931.987520489
34982,7211794.40663134
34983,5009759.718098138
34984,5845486.80240783
34985,7975259.221678025
34986,4996083.575766074
34987,4293019.965992249
34988,14587634.582485441
34989,5192079.161936088
34990,2757824.9586390285
34991,5408225.847984051
34992,6899296.630398038
34993,4269591.050246536
34994,10055333.798938662
34995,6904537.127466032
34996,7821471.155096592
34997,9517520.704177905
34998,6601380.999253902
34999,3795591.049835218
35000,8566348.894473283
35001,5701158.7946402505
35002,6164402.505385471
35003,6920321.296343329
35004,6159585.143742151
35005,4833188.659782949
35006,5742184.921572815
35007,8408309.936687293
35008,4720915.214957651
35009,5311974.098386731
35010,3217046.4844697504
35011,6656849.526056993
35012,17845814.4138483
35013,9337697.90726187
35014,5824365.266838772
35015,9862305.601986364
35016,8343295.988691521
35017,3876251.6733918167
35018,9329185.324382445
35019,9792994.69103935
35020,7211300.574934809
35021,4719662.05597294
35022,4592604.095112917
35023,3892056.567377192
35024,9923189.517397556
35025,7232831.559479735
35026,2136941.168696474
35027,9342864.325888155
35028,5790248.616122132
35029,4403781.552674551
35030,7615400.62591107
35031,5439261.551487855
35032,4862790.634594868
35033,5452699.897943127
35034,11109878.812067805
35035,15319373.624149354
35036,7422531.9496828625
35037,5774021.833873841
35038,6704002.777700082
35039,10470358.036489988
35040,6575880.291124136
35041,6375774.371774296
35042,9336025.500707984
35043,13369048.358852208
35044,6416282.638205002
35045,6218807.23611305
35046,5831421.318730118
35047,5444438.98847108
35048,5633134.029139084
35049,4896683.009112058
35050,6367219.782408857
35051,7844842.6158258375
35052,5888725.780812869
35053,9713858.296957877
35054,4984886.503483748
35055,5952348.10825076
35056,5640678.811328246
35057,7162447.17642011
35058,4869791.825381072
35059,8601432.334450254
35060,11573756.603426065
35061,5198570.226444131
35062,8753109.817943415
35063,3873259.4674905096
35064,6495396.127463797
35065,6502179.635343101
35066,4750924.952870628
35067,4754027.740448738
35068,6598817.696971854
35069,3653331.7386853867
35070,9665084.112377087
35071,3744004.2661998365
35072,3197577.580821008
35073,8918009.73817421
35074,7555504.654496655
35075,4861336.538874555
35076,7670803.189374699
35077,6829017.502668318
35078,6114150.655705339
35079,8960011.323827922
35080,9912211.901175488
35081,5431684.154792333
35082,11044690.562981954
35083,5314566.755132529
35084,17696137.018213402
35085,5704549.669606924
35086,8327491.389984219
35087,7192772.665961638
35088,5086138.863071185
35089,5482313.389732304
35090,3371990.6409396008
35091,2167757.1659322926
35092,4348163.91139223
35093,7239843.120177162
35094,5973248.624348508
35095,7487486.8933058735
35096,7264437.330021477
35097,4829860.013521014
35098,12365147.49552323
35099,3925784.572602325
35100,5769661.260326898
35101,5216635.651604632
35102,4102371.613313287
35103,29185467.696189575
35104,5733674.322953057
35105,7099586.431707331
35106,13433168.945541594
35107,4007949.0645703697
35108,17461990.01744318
35109,5229531.455083498
35110,6086984.483249273
35111,6551140.713553613
35112,10300679.013802728
35113,5264556.744113182
35114,7409785.373882527
35115,6464570.105988138
35116,5485503.92950294
35117,3806386.593824691
35118,7126436.191274664
35119,7165366.100603154
35120,5330976.516316885
35121,5414537.827420036
35122,3747609.4586780397
35123,7036176.157043054
35124,7541892.725622997
35125,5133404.171394783
35126,5734872.597532719
35127,5276836.601326668
35128,4467444.009279297
35129,8316027.825528487
35130,10974125.00862306
35131,16147958.993368812
35132,6131038.971092252
35133,6513663.529075797
35134,44591034.03654612
35135,5811284.461093649
35136,5704010.075390759
35137,5826453.2361939
35138,5690005.870492798
35139,11797442.765504042
35140,5638040.613341866
35141,4918104.413052899
35142,7183877.992423296
35143,7058102.4464644585
35144,4775102.414099155
35145,6369338.502718962
35146,6581863.230664107
35147,4197875.338207992
35148,3867693.985368491
35149,10331595.902805138
35150,9339996.176259233
35151,6201558.240560704
35152,9254817.762457043
35153,4557145.005340933
35154,6842931.782157151
35155,6175850.614535231
35156,4330772.932977555
35157,3410804.3188808663
35158,9818464.307153033
35159,9033644.336202487
35160,7319971.744070135
35161,7734804.365733293
35162,4861739.297189949
35163,3990798.764403371
35164,13013546.044626258
35165,7417550.430551963
35166,5748523.792615394
35167,6680969.821755902
35168,4908591.700897059
35169,7285517.35858015
35170,6531890.35723689
35171,2104978.006356419
35172,8128884.349070724
35173,9246541.6173637
35174,8048584.286043679
35175,7684989.76675188
35176,9499074.91555118
35177,9783138.67794985
35178,11275039.44414365
35179,4729662.289876995
35180,5873792.382069604
35181,4521176.319689733
35182,14239667.72060981
35183,11805855.603949616
35184,17539715.5577175
35185,9412168.737119772
35186,15736882.933639275
35187,5580707.998538737
35188,9013952.787981663
35189,7426244.663122966
35190,6977457.088216752
35191,11475032.232992131
35192,6759778.967779944
35193,6982211.307519264
35194,3908181.430138766
35195,11268984.924059179
35196,5944963.09059501
35197,12101190.19559426
35198,5818662.36531992
35199,5195205.603991396
35200,6629539.237412645
35201,7344262.761578693
35202,6733990.390463533
35203,5063897.937328948
35204,6999929.889682625
35205,5705644.62275792
35206,6480748.932024099
35207,6252146.891977397
35208,8243155.104856668
35209,6410793.995767253
35210,3842430.591260655
35211,8879536.958704375
35212,5455259.742381566
35213,6852653.755915581
35214,5375646.066104167
35215,6271249.16496131
35216,7615669.911964625
35217,6936192.390135896
35218,4535097.290766824
35219,7664010.54056601
35220,7116697.072067442
35221,7794928.853934419
35222,6469935.415191992
35223,8031282.3194784485
35224,4342177.587440385
35225,9282622.114901556
35226,7013869.308398006
35227,7247425.251787672
35228,6570567.491097065
35229,5446683.898020462
35230,6067557.948810702
35231,6221205.882476019
35232,7013187.113489614
35233,7790465.980262506
35234,5141110.884284011
35235,9235616.211748995
35236,5664597.229793026
35237,7499876.925585639
35238,6679871.931055456
35239,8367915.947123098
35240,3914004.581440602
35241,3901136.8486529314
35242,13964928.201922359
35243,5886558.783735216
35244,6762407.230780015
35245,6170978.635945642
35246,11757377.768945226
35247,4522643.215879828
35248,10038581.34327406
35249,5634085.400885611
35250,6160977.068494709
35251,3446307.279021214
35252,6594887.464464636
35253,5528172.1191794025
35254,5333402.865657446
35255,4915158.874730493
35256,3840188.283210737
35257,4501050.345439753
35258,4488642.629167007
35259,10333274.559392964
35260,9363444.466550738
35261,4348205.838501388
35262,8701148.658359889
35263,6163309.269805086
35264,9015356.783763321
35265,9274936.459885124
35266,8185006.611848362
35267,4899104.263300291
35268,5026727.203888386
35269,4625099.436854457
35270,3641539.132449593
35271,4080138.1520037856
35272,7260090.470810351
35273,4473545.72155091
35274,4326714.638959978
35275,5131599.63481385
35276,5537455.042976076
35277,4592723.809788865
35278,7390479.986907767
35279,6428483.053632051
35280,10097990.94805978
35281,9412168.737119772
35282,12630070.854090111
35283,8595437.454436816
35284,3908181.430138766
35285,3589162.925960771
35286,4653538.806411681
35287,7090747.48322898
35288,7155435.111564997
35289,14689357.287238922
35290,6213743.755215928
35291,18121472.134282626
35292,6962161.505030137
35293,6422667.5089824
35294,5349323.087355772
35295,5746351.880678794
35296,5114465.078147328
35297,7222823.2852577185
35298,7002887.469223239
35299,8829668.745635308
35300,8812518.680399174
35301,10906988.82500436
35302,6552849.9743022
35303,6017023.317433985
35304,3904313.4849119773
35305,10139079.610810934
35306,4445219.5105118025
35307,6025125.909268302
35308,4007949.0645703697
35309,6960426.132534779
35310,3641539.132449593
35311,4720275.168765201
35312,6175119.233124059
35313,3721091.342432515
35314,5918271.669729094
35315,7716346.353522429
35316,4183165.707722833
35317,5844036.618926239
35318,3548023.4502492314
35319,7301959.465206826
35320,4758312.958952392
35321,3757708.6756927334
35322,6797490.924993333
35323,5097616.53241623
35324,4121868.9506580634
35325,3042548.8994120904
35326,2900286.323374281
35327,6546905.514663418
35328,14459593.706760986
35329,10882325.193784637
35330,4024688.960669263
35331,9383656.178255487
35332,8735364.660235867
35333,6871345.885228411
35334,17855114.526333902
35335,3018716.2060192046
35336,10017922.359429449
35337,7676391.019194118
35338,8563540.196263261
35339,10566481.875155127
35340,6326890.23372144
35341,5360743.898968739
35342,8415629.787854254
35343,9630411.204885984
35344,9056390.544328436
35345,5888738.717055345
35346,3595627.155054264
35347,4357507.520582644
35348,5717109.714796483
35349,6834780.766663489
35350,5040397.701179388
35351,8527501.946008686
35352,3883876.161743292
35353,6226738.067324701
35354,7274504.677815822
35355,14163312.836994212
35356,29713347.39002974
35357,5502141.49055301
35358,4679860.243033829
35359,9646743.292569771
35360,4806583.839754216
35361,6468161.424277057
35362,6448096.966507581
35363,6499065.054931253
35364,5877168.317277362
35365,9337931.140554758
35366,7286534.255455124
35367,7903654.672954267
35368,14302666.542199852
35369,6379186.873396358
35370,5256317.2933961665
35371,6965639.269503275
35372,11333123.03146452
35373,5981842.7441496765
35374,5819328.588439384
35375,4980135.193043833
35376,4357507.520582644
35377,3614775.0271977526
35378,10283343.388746757
35379,5372457.480843304
35380,6574696.926747687
35381,5809300.25523485
35382,9395871.04318751
35383,6630187.631873022
35384,5333929.528569335
35385,7732887.823685159
35386,5340923.804115877
35387,9389493.73325298
35388,3635019.9503039345
35389,6660505.672644765
35390,7481675.275116508
35391,5293496.304163824
35392,8808184.92390716
35393,7520081.386293129
35394,13329537.24252784
35395,7064439.46112601
35396,6718120.73524402
35397,6569843.4430898735
35398,3999727.664053438
35399,3689817.4754150063
35400,6418658.258299864
35401,5346292.733376383
35402,10017723.221776381
35403,6916956.599257486
35404,6842520.71902865
35405,6058765.924491794
35406,5519257.628794186
35407,9079719.337045124
35408,9185526.656153243
35409,6638967.061461375
35410,5243422.990871766
35411,8761087.819715088
35412,4806117.416678313
35413,14926726.346299091
35414,6330148.719600089
35415,8698015.53292883
35416,7839784.292981569
35417,8273012.88321803
35418,4624660.646002578
35419,5940575.400853102
35420,8632810.797969295
35421,9282878.507983461
35422,8464697.531757224
35423,3814812.230660862
35424,6939615.813864231
35425,4872556.4909935845
35426,6096893.049594336
35427,4889222.712626622
35428,5528656.047786399
35429,5204912.361182151
35430,6373596.993180235
35431,6426401.151483176
35432,10878833.385668915
35433,7711361.926799878
35434,5181011.276485137
35435,7078976.802503371
35436,11234052.539371772
35437,11525474.954569776
35438,9792062.74777932
35439,5826314.497913439
35440,5478344.091805043
35441,4758630.174604484
35442,10907991.832962234
35443,18783309.19246811
35444,7076898.818274886
35445,12674695.8053147
35446,4469942.284569582
35447,7935412.499426344
35448,7365530.906939339
35449,4557591.26748184
35450,5075089.420504502
35451,12532552.808880674
35452,5587950.742276754
35453,5255707.433833431
35454,4550263.736767098
35455,19046220.397184193
35456,7402026.047366283
35457,7652642.557265001
35458,6157788.342264857
35459,8108728.1513486495
35460,5772257.530312099
35461,8506558.020662073
35462,8570808.583180888
35463,8878813.906005373
35464,23104757.330620743
35465,4771294.003878373
35466,5132487.138001217
35467,9785163.778456545
35468,4124809.097889752
35469,4081466.2481962247
35470,4966792.746747285
35471,7738480.305288566
35472,3571673.3015559944
35473,5740760.551109406
35474,8611793.38899626
35475,7634502.3649368975
35476,11084462.500588803
35477,3586702.81006521
35478,4798828.416066456
35479,10018536.871880628
35480,6242105.053033361
35481,3585232.6347375857
35482,12800845.169024598
35483,6826673.725858655
35484,8559534.440629698
35485,6082343.329612124
35486,8269361.742169945
35487,8244910.837994361
35488,7503466.775411784
35489,5803472.422126525
35490,9720505.55320021
35491,4238082.513009721
35492,4876026.606324652
35493,14735162.775052367
35494,15393249.449753279
35495,15094496.63950761
35496,10195333.217837073
35497,5002975.865499657
35498,5908465.115536519
35499,9976477.042430293
35500,3910633.870652113
35501,22917230.364996683
35502,4936678.224602687
35503,3761565.6885055136
35504,4962860.1984006595
35505,10430364.04184288
35506,5372433.244970195
35507,6873380.690913125
35508,9607331.467529334
35509,10166723.622708697
35510,7355271.197922028
35511,3700616.3527261494
35512,6835123.950532004
35513,15877855.528944897
35514,8326294.906823307
35515,5058126.5641275365
35516,5193318.113200154
35517,17346145.059844304
35518,4040371.9468724374
35519,7761519.778204473
35520,6422340.561844222
35521,7829015.5835246965
35522,6464988.388252916
35523,11326867.25395166
35524,5318573.304283612
35525,8992270.111620793
35526,6766738.666219265
35527,5337939.27829927
35528,3937723.0230270424
35529,4353144.874948963
35530,5418260.501703547
35531,14461676.409552595
35532,5179692.871540711
35533,6979348.909275684
35534,8785469.263437338
35535,7891490.863583057
35536,8589914.433889525
35537,4696170.065172616
35538,5813337.095441284
35539,6903658.0818231525
35540,5815217.96993332
35541,3641539.132449593
35542,5154566.33384881
35543,5157361.146570693
35544,8069697.685627496
35545,6412169.065570114
35546,9740946.446204858
35547,5242188.330131413
35548,9722862.994730286
35549,5607689.36908903
35550,19050594.656791497
35551,5689746.356078629
35552,4216769.519247059
35553,6646400.35273629
35554,7971126.761644111
35555,8565651.111886926
35556,6490792.173384822
35557,7499562.699267495
35558,9660536.050710727
35559,10106512.80404551
35560,12917541.49004077
35561,8066888.677037557
35562,10535668.594496856
35563,6254036.4026771225
35564,5051165.5775379175
35565,2824013.225854372
35566,12586881.633021357
35567,6085754.143875482
35568,6574493.543007922
35569,8931784.665824914
35570,5641266.878382699
35571,8952198.394230565
35572,6397718.747474413
35573,7972409.697144531
35574,4354514.346760317
35575,12840531.902670065
35576,4455669.982492349
35577,5977506.600810992
35578,3033026.2902634605
35579,4609989.671155942
35580,4905452.612637241
35581,5706146.944175814
35582,8684062.241397165
35583,8695286.743996335
35584,3747609.4586780397
35585,6903943.048422998
35586,7049599.649097383
35587,5911039.777239764
35588,5236281.111881945
35589,5553211.247341006
35590,10840715.89265468
35591,5326942.169247898
35592,8740797.228263184
35593,5072377.957027005
35594,5326936.296458997
35595,6747249.343218074
35596,8013771.084200021
35597,26577659.017383117
35598,5643373.011436022
35599,7452385.4133025985
35600,4384958.570239597
35601,7715047.626878919
35602,6628563.277061561
35603,4843731.581257226
35604,8289199.148154252
35605,5544350.878185961
35606,5848170.853857259
35607,6482629.767318995
35608,4690407.82087846
35609,2926763.5978268813
35610,9028541.929516876
35611,4879063.879115448
35612,12992058.982279677
35613,6396721.93489806
35614,3807829.5188702806
35615,3635019.9503039345
35616,5074616.896350558
35617,2078780.262342296
35618,6694198.618020751
35619,5243422.990871766
35620,5782080.1510388935
35621,10380102.147928318
35622,7040314.841343323
35623,10699246.098262088
35624,5118117.473948152
35625,3810350.551775457
35626,3178368.068414919
35627,4186188.819896127
35628,6466974.411659003
35629,3632998.5085445596
35630,5849181.026858044
35631,7095872.3838751055
35632,6858436.769498942
35633,6440310.546576542
35634,5934992.031524111
35635,5443649.843725078
35636,5461009.0032368135
35637,5227221.7153260065
35638,7479958.225555649
35639,4482641.515040197
35640,2136941.168696474
35641,11240591.988534773
35642,13643074.447562017
35643,8463711.96568293
35644,7100084.138631026
35645,4295505.584683035
35646,7389125.821291311
35647,6912340.840758672
35648,8367915.947123098
35649,15699131.849445265
35650,4786390.563098453
35651,5178422.605962244
35652,5397813.574153239
35653,5129176.97721421
35654,6900714.606746363
35655,3094220.906163437
35656,2284810.3200519374
35657,6907149.752733965
35658,10202780.40610999
35659,4004093.4260014403
35660,5250805.953452668
35661,6826525.572082512
35662,5951163.320540023
35663,9412168.737119772
35664,9131962.722324947
35665,8365420.887359093
35666,5489650.480017817
35667,6154921.2374849785
35668,5557577.0191600565
35669,3876072.8428266207
35670,6864739.990251218
35671,3640510.2250922183
35672,11770622.617454823
35673,5891149.163863599
35674,5462486.772787972
35675,9897166.521532679
35676,5275978.528966356
35677,5420654.091436976
35678,7531505.231543358
35679,5257816.563693108
35680,25903749.444848355
35681,8067097.0463800505
35682,6729872.485752455
35683,9343940.17837119
35684,3969445.082948206
35685,5663283.245676846
35686,6729105.2128331
35687,8671757.480637854
35688,5560344.321224599
35689,8997589.061682157
35690,5809288.152695416
35691,8144569.836350817
35692,7391173.734355225
35693,4778380.517413857
35694,6137245.952284501
35695,5606440.327291542
35696,6444861.928026185
35697,9335045.392085072
35698,5418288.727086894
35699,7479798.585733226
35700,6527398.480928001
35701,7955341.6899449
35702,6433306.005948752
35703,4859689.815388805
35704,5767272.146284528
35705,7415640.812650823
35706,4637946.652369943
35707,6652614.265235747
35708,6992132.047052871
35709,4017371.1396494173
35710,13370159.669210233
35711,6899597.271385632
35712,3981906.2165379473
35713,11870031.507978685
35714,6261854.230893541
35715,8497656.233199287
35716,7038842.383356182
35717,8891143.636929976
35718,6462015.519862637
35719,5226205.082298859
35720,4295505.584683035
35721,8358690.60447396
35722,5716069.11775362
35723,4522085.430973646
35724,4298156.177354748
35725,5597822.748662529
35726,6262005.517510529
35727,8862661.752473684
35728,8199621.087676395
35729,5951163.320540023
35730,6263658.7405159315
35731,12671559.800297547
35732,9235546.068188436
35733,5258791.808255625
35734,4918345.629051122
35735,12148740.30988005
35736,4834964.128922979
35737,5196628.805958044
35738,5261944.262534514
35739,5106678.456681858
35740,8739998.888720306
35741,7354751.687955573
35742,5223099.901286825
35743,10514421.016535781
35744,5362918.562964205
35745,4234585.479654091
35746,8955937.331839113
35747,5713206.630209702
35748,4243845.9487123815
35749,7856717.74914002
35750,3477902.369648453
35751,13482018.8836629
35752,4289608.7751988685
35753,7637393.662350588
35754,3903480.2332288246
35755,3799878.2132578655
35756,7552446.261262206
35757,3618067.2593224
35758,4672218.807746557
35759,8032181.256849732
35760,4258543.633895618
35761,7148617.740643675
35762,9066930.28186922
35763,19599729.02624493
35764,8545314.004635243
35765,8115459.424514815
35766,3880982.822357351
35767,6908589.836249001
35768,4290782.6704293275
35769,4915382.226321839
35770,3555765.9971427913
35771,5522854.029594793
35772,5872726.358842165
35773,6949315.895991121
35774,3782821.4703783514
35775,7028903.02320943
35776,6348016.33922955
35777,6706290.921538871
35778,14734306.647783227
35779,6498889.7919097375
35780,8952784.527310358
35781,19050594.656791497
35782,7551952.597155348
35783,3842430.591260655
35784,7819250.793662866
35785,11942005.446279122
35786,6850547.707926474
35787,3889561.452878543
35788,8901306.538203819
35789,5723869.823572363
35790,4355817.1701820055
35791,5980591.802603132
35792,6227979.950282767
35793,4933817.146512599
35794,12365593.830663022
35795,4789189.584318189
35796,4900361.5069894055
35797,7964658.527693884
35798,3584478.3972486863
35799,9038313.426187383
35800,6273991.237073528
35801,3031863.9230158986
35802,22774993.679560687
35803,4332052.339167388
35804,5213098.281962588
35805,4404845.584821466
35806,6234584.301657185
35807,5969371.198873059
35808,6260670.260181916
35809,6514117.691219673
35810,5470025.078005574
35811,4214725.008810117
35812,8789819.095840536
35813,6348016.33922955
35814,9940380.472389545
35815,7277910.604251562
35816,17932154.409556407
35817,4926107.768356828
35818,6186784.673778177
35819,7629508.798393034
35820,6564239.985915374
35821,4590013.907229173
35822,5508430.987031609
35823,6186662.647774211
35824,10021131.247526364
35825,5712055.659096851
35826,9212828.654651308
35827,7843227.482109718
35828,10824347.801114032
35829,4500763.545617161
35830,3773514.3976358064
35831,7148327.974410249
35832,7077153.478923163
35833,5452075.673430137
35834,5493343.258960446
35835,4720802.143625147
35836,9138639.510106172
35837,6754756.737035655
35838,6290354.754507239
35839,8088099.691081216
35840,4765456.143002927
35841,7215586.299443587
35842,17610928.266202524
35843,4235672.129416735
35844,6285030.444437581
35845,8775222.754761849
35846,9495065.885295313
35847,6860402.293073755
35848,4760816.902128817
35849,4454653.786183535
35850,6344178.760161944
35851,7469251.545831907
35852,4799380.8108536545
35853,5952796.016222724
35854,6993979.500512325
35855,4597105.006191323
35856,5958942.5381291555
35857,8811700.47027534
35858,5916289.043346981
35859,6298911.701139664
35860,7315231.465777977
35861,4818865.33447002
35862,9020917.236712534
35863,8745250.160519088
35864,5762770.379110103
35865,6855583.995553919
35866,5727348.458311041
35867,5268507.411438007
35868,5984282.495680866
35869,8758744.650621803
35870,8621088.49363937
35871,7216118.847769531
35872,8314996.272307551
35873,10036017.036446718
35874,6452745.3706245525
35875,5726519.046986118
35876,3641539.132449593
35877,4812065.308369361
35878,6307181.607581837
35879,4874811.868457582
35880,9746459.086163554
35881,5583313.153395434
35882,11576442.207952991
35883,4816757.1634033555
35884,4353653.6561707305
35885,7594797.400787976
35886,5140155.83368591
35887,4676663.181033321
35888,9149643.144816373
35889,17617164.979771025
35890,6853247.683215161
35891,4968262.583102087
35892,5795902.098229006
35893,5369621.10645363
35894,10047774.366794331
35895,4748009.174417264
35896,2136941.168696474
35897,6609347.251818997
35898,4947969.372906267
35899,7772249.697221804
35900,4774733.494903467
35901,10824347.801114032
35902,3744590.7372652143
35903,3928007.5832739705
35904,5649856.153726222
35905,3778065.2685566093
35906,16891000.88938185
35907,6330063.121915149
35908,10939830.629351996
35909,7161766.94795358
35910,6480748.932024099
35911,7205114.852327883
35912,5661784.365565311
35913,8377397.792044436
35914,6118211.48934451
35915,6549212.659765857
35916,5366847.840183137
35917,5200985.76345955
35918,11187522.512150096
35919,4472212.433487542
35920,5010567.287426919
35921,5576510.23738691
35922,7142871.61747662
35923,5150202.22600982
35924,8031253.541173273
35925,34541043.99118796
35926,7013036.202774689
35927,4804568.743947548
35928,3842430.591260655
35929,4368217.265041453
35930,5555827.2931892015
35931,4891166.895711142
35932,4895396.2783619
35933,5626797.545945689
35934,4146044.7006120137
35935,8958825.47095204
35936,12740216.331858316
35937,7984625.149382139
35938,5257171.098613211
35939,4935173.4124689875
35940,7092380.039309441
35941,6728274.9791481085
35942,4562311.908515595
35943,4408178.284958585
35944,5363023.124206296
35945,6016165.037234629
35946,5609869.492914142
35947,13356669.951205982
35948,4481717.232140528
35949,7976172.233712458
35950,5002975.865499657
35951,9484464.60394318
35952,6308016.37146974
35953,7238987.610297189
35954,7404524.386884396
35955,12464879.672976067
35956,5098571.804886216
35957,7295201.547929984
35958,12133572.996894168
35959,6131496.794032413
35960,7352196.976110511
35961,4352326.431229097
35962,15115340.346452722
35963,10743444.159117963
35964,3914556.52857407
35965,5669370.939568236
35966,5043457.0093916375
35967,10570986.129445003
35968,6392261.076253278
35969,6417995.9228620045
35970,10155259.098664867
35971,5708743.946752901
35972,6162131.212483421
35973,8907506.729936993
35974,6670412.461042876
35975,4304192.3760747975
35976,7644604.962255089
35977,4537349.017036565
35978,5145025.931453984
35979,7367062.119768385
35980,6838010.72730144
35981,4111126.8822949855
35982,8363007.537055773
35983,13676211.389113482
35984,9054041.175071917
35985,7462651.665201221
35986,4206998.667659592
35987,3808362.74029599
35988,19766221.50482555
35989,8766504.53175823
35990,6420401.943722132
35991,13316807.315564977
35992,5691533.811224559
35993,5298449.875259282
35994,5136103.487715729
35995,8519179.307939563
35996,5132821.866383453
35997,6650965.526076082
35998,5274231.82661995
35999,11147221.39092583
36000,5816209.0107168695
36001,9009571.581269763
36002,11282239.595416162
36003,9938910.358009093
36004,7564425.034815927
36005,5738302.899850149
36006,6532356.0864713015
36007,4099999.308986872
36008,3648261.904023497
36009,7880000.95178199
36010,9586720.960323215
36011,15659670.553168897
36012,6922694.739926393
36013,6242894.079447049
36014,7104363.294690093
36015,6919861.560547324
36016,6331700.613916162
36017,13114424.856758855
36018,4847242.839779182
36019,7954403.463227902
36020,8819478.650555162
36021,12446850.12378027
36022,7251463.812384986
36023,5669682.087486205
36024,6897447.525835285
36025,8515654.618284702
36026,7160056.16533204
36027,6284118.611450122
36028,5922754.040548952
36029,5594862.379322942
36030,6702608.137369409
36031,7217429.622972445
36032,6538843.725772905
36033,7422434.208367819
36034,6433296.155774924
36035,5962712.670687974
36036,5921598.309520556
36037,6565375.366238351
36038,6022687.425762615
36039,6671348.429648433
36040,6481491.912307508
36041,6013721.9557455275
36042,7443099.700707118
36043,6677273.501794827
36044,7637820.436151454
36045,4145820.194489707
36046,4047004.1530999774
36047,8111083.178680449
36048,7618567.826707269
36049,6355172.204920885
36050,10743216.629970338
36051,6426924.092929446
36052,6076975.955503096
36053,8398111.121388886
36054,5669682.087486205
36055,3501732.412021085
36056,9096660.304857664
36057,5378971.236745996
36058,5417411.9314904
36059,5783557.723691798
36060,10112959.97927454
36061,6016176.972929489
36062,12352159.0879249
36063,4591940.61933952
36064,4017371.1396494173
36065,9553185.8782849
36066,6582811.598709738
36067,10453265.596238712
36068,4159624.800840973
36069,3762233.394890271
36070,11612314.161652036
36071,8396114.58556419
36072,6046771.418425321
36073,12258597.49311362
36074,6699359.599850415
36075,6417072.741135761
36076,5371135.812360045
36077,7442174.765398007
36078,2855415.1860272493
36079,7339148.063032385
36080,7243124.673107549
36081,4417261.607313471
36082,5053599.872539986
36083,5552240.916455662
36084,4928677.043414277
36085,5101757.309800797
36086,7055211.466494025
36087,4934724.384888066
36088,9105504.74620369
36089,9144935.995244604
36090,5853074.99374327
36091,7273133.732782156
36092,8697171.691863624
36093,6535873.001314807
36094,4648266.709042877
36095,4870554.553946609
36096,8708973.669546891
36097,6386179.906661322
36098,5157719.729064067
36099,4858218.788788448
36100,8660232.976685153
36101,8566618.23239662
36102,10003623.67024311
36103,6767275.846982
36104,3820382.2756443718
36105,8525952.334458087
36106,7225954.255795992
36107,12351841.161209205
36108,6136524.70935489
36109,5387636.268099318
36110,5342322.3151597055
36111,4531550.89865416
36112,2218968.048954678
36113,8215344.149773489
36114,7108399.382090361
36115,6223793.522193089
36116,5506817.129266665
36117,4902615.393473787
36118,5352514.776307071
36119,5675423.214450689
36120,7679170.408563122
36121,5176333.937261338
36122,3168860.6164788087
36123,7022819.250586884
36124,10424197.126954181
36125,3046451.214876041
36126,6505230.5631655585
36127,5708526.054505286
36128,5429412.4484550785
36129,6107227.331327624
36130,7278940.834756259
36131,5972544.899438387
36132,12057115.886624806
36133,5955968.556024826
36134,5988837.9976146445
36135,8889560.379685702
36136,7932714.46406531
36137,4917336.883683089
36138,8877704.41632155
36139,6676759.1183366
36140,3902343.924313416
36141,4826168.612287919
36142,5290388.254846633
36143,6206180.493397802
36144,4250323.933140942
36145,9777964.363684297
36146,3691398.245129568
36147,5651145.515480551
36148,6839846.158681301
36149,6731242.395539622
36150,4751957.035661107
36151,3193065.954327967
36152,6547516.682463709
36153,6518602.880510501
36154,23254488.814391695
36155,6564592.800359707
36156,7127350.805557697
36157,5069716.12829638
36158,5743801.252743883
36159,4758871.984267943
36160,7969572.49009389
36161,4658367.852659742
36162,4505159.446638197
36163,7154251.706698545
36164,3040052.366727193
36165,6862069.582906164
36166,7472239.864626731
36167,5391572.0614332445
36168,5491747.63333733
36169,4551758.313703842
36170,7602711.211008965
36171,7011920.239168864
36172,8242607.384788183
36173,14227257.124402596
36174,7304136.940898407
36175,7172404.112534878
36176,3735057.090009668
36177,5963869.173353602
36178,7479288.55450838
36179,6641544.903148589
36180,5350210.618081662
36181,7823237.15720831
36182,5962691.994622242
36183,3649937.53869871
36184,14020302.781270688
36185,5617545.438213822
36186,6280897.065247196
36187,8020054.885039042
36188,6052022.802791704
36189,6593031.375733688
36190,5453536.855596418
36191,5242397.679848641
36192,10610940.372273171
36193,19140309.35194586
36194,7145757.813450726
36195,5306836.874299545
36196,6455602.347559489
36197,9188761.549505362
36198,7013745.560485598
36199,10387445.772357984
36200,7239561.433366649
36201,5295197.9074135935
36202,6440921.338637877
36203,3807757.650180013
36204,6786050.326457727
36205,5403058.869452564
36206,7064073.935663958
36207,4991032.47225233
36208,10876275.770580178
36209,7921173.764041666
36210,6424419.345067498
36211,8114490.728557725
36212,9388328.965148963
36213,4990105.239627155
36214,6208973.825804059
36215,10388505.58257629
36216,3813109.4060207093
36217,6166602.354190648
36218,7348364.042678495
36219,3353923.5910155606
36220,4817017.382513099
36221,6864715.033425717
36222,5614281.389558697
36223,5609350.054348156
36224,6665111.159120462
36225,2532035.515175496
36226,4192036.5218622494
36227,5401218.157556963
36228,4243206.664090557
36229,7456296.140864126
36230,4339999.590872144
36231,4005616.046746598
36232,7283797.362800472
36233,11387913.206365174
36234,6939991.916775114
36235,5542226.099380468
36236,24886983.65688087
36237,5872126.798110776
36238,5382892.610858783
36239,5091299.140329317
36240,5502217.239052872
36241,5887734.5878203865
36242,12930879.322176222
36243,6290948.936976326
36244,6686976.60770101
36245,4000822.7456693146
36246,8562846.452220099
36247,10424632.8992026
36248,4449019.493184948
36249,6743255.727150505
36250,7201710.443636367
36251,3850798.1276193103
36252,5808526.71795997
36253,8436555.323020844
36254,5241519.58177051
36255,4520470.164696609
36256,5449736.012559708
36257,5181001.554605392
36258,6518705.773517183
36259,5220641.692218047
36260,6188382.021599748
36261,4601040.048867376
36262,6405681.925027759
36263,6323769.140410228
36264,5938873.698617961
36265,4907165.331829245
36266,7213769.46893059
36267,6078045.100241006
36268,14625209.39994229
36269,8038917.125376844
36270,5361234.713916319
36271,10458257.322205758
36272,2859689.4321247395
36273,7318601.231132745
36274,5364229.987662129
36275,10031396.120411206
36276,6416994.089806198
36277,6271151.662654221
36278,4810960.804420685
36279,6143624.643617447
36280,7064356.825246661
36281,6340090.745462862
36282,2999917.984286955
36283,6095875.82234111
36284,13302179.601364885
36285,5242304.667896864
36286,5316677.906961475
36287,7835315.6609730255
36288,4599170.988678412
36289,7854710.881068692
36290,14552364.825810127
36291,5287666.164859554
36292,7153328.319223775
36293,6539444.616920723
36294,16344833.203562576
36295,4308638.205640788
36296,6600074.868214109
36297,6198264.019871566
36298,9887210.641806327
36299,5843796.536721809
36300,4452328.124068779
36301,5567365.467704131
36302,7823962.757297942
36303,9294266.787916
36304,8544785.608632714
36305,6645240.222471457
36306,8653130.069490109
36307,4725282.394406851
36308,6923043.315522927
36309,9019335.7030873
36310,3990013.190560644
36311,5376724.573354768
36312,4702861.9326193845
36313,6830289.213391886
36314,6091059.94029026
36315,5692093.291733634
36316,4733491.951919746
36317,5854479.595331802
36318,4010228.067867053
36319,5871434.702301298
36320,4713129.756101323
36321,5972387.545684403
36322,4676268.748632433
36323,4461697.392011511
36324,13561067.556552658
36325,7246294.91735256
36326,5397699.505270199
36327,4394336.4832308525
36328,9229827.636432856
36329,4649752.45280729
36330,6313433.025317847
36331,6558160.247373696
36332,6981389.436306616
36333,5977218.158690847
36334,7301560.318766678
36335,6194848.518975166
36336,8617345.10865238
36337,15826633.83418861
36338,5503083.00715382
36339,5859279.216575397
36340,5976069.259314661
36341,2759261.310382576
36342,12878193.536432203
36343,5309336.097609722
36344,5702998.415972146
36345,9545298.029159477
36346,3446336.6477211933
36347,5563534.59399217
36348,6339495.931472569
36349,7149374.160542209
36350,32511346.778423753
36351,4797559.957528233
36352,4799683.106790771
36353,7216726.539343438
36354,4545434.285241182
36355,6718882.761583687
36356,5629092.242034268
36357,8400775.97919204
36358,9107908.9110511
36359,6814725.869311061
36360,5789421.436171888
36361,6956127.863199625
36362,7019257.105596621
36363,5894516.394550502
36364,4612251.511103972
36365,3838487.7831326085
36366,5706963.471304055
36367,9983941.591477405
36368,9131035.960033096
36369,6984229.480798927
36370,4183407.781081163
36371,7567703.296584815
36372,10769677.2129492
36373,9926221.290783739
36374,4234728.188018859
36375,5507589.710670757
36376,5596227.552652844
36377,6818527.356958259
36378,15421442.240120612
36379,7729592.801565419
36380,8305551.656162108
36381,5326512.759002443
36382,10028267.271718312
36383,6698760.99418293
36384,5729385.135655609
36385,9104213.07487092
36386,5982949.566914155
36387,5956311.845832674
36388,5970523.986732931
36389,8814096.883529296
36390,5806918.865553088
36391,4867082.13518484
36392,4315625.925103466
36393,23744295.84693441
36394,4515535.779160602
36395,7035778.663817111
36396,9698888.012731355
36397,4008850.859534735
36398,5905732.797490233
36399,10465109.215750247
36400,5833425.972229006
36401,4312790.0672085695
36402,10701789.459667966
36403,4445007.368456016
36404,8488527.859513355
36405,5995804.836159168
36406,14110997.210395483
36407,6710077.453815634
36408,7691772.172527658
36409,5537706.029030671
36410,8477346.73658579
36411,4716006.627406836
36412,6850545.463730963
36413,6185908.162307575
36414,5009972.696722642
36415,5339073.645939532
36416,5632439.185715766
36417,7343507.900288284
36418,4627503.724294359
36419,4605685.847653534
36420,4673834.908219853
36421,5777827.210519029
36422,8345717.674052771
36423,8022373.953101656
36424,6816709.954625342
36425,4203224.5673409635
36426,4865620.1277971985
36427,4469058.246164726
36428,11593544.6856425
36429,5790649.517622775
36430,7578665.202153151
36431,3686991.3946579513
36432,7359903.826566041
36433,8324441.56412734
36434,4332520.449239195
36435,6726465.0008702045
36436,3017831.756175197
36437,6689645.790202626
36438,31840411.51434227
36439,4221192.207065401
36440,5283029.671804276
36441,6324769.530699417
36442,9656866.37305614
36443,7898624.286850285
36444,5632705.575301834
36445,9350824.303028656
36446,6531150.43360379
36447,5926267.87192666
36448,11596473.865102133
36449,8351843.0326044755
36450,5875401.279233203
36451,12164565.986682182
36452,4325543.096842651
36453,7592837.439928953
36454,3415452.4811768923
36455,4403030.59422856
36456,4923333.044799044
36457,5899822.75644386
36458,21649482.741438806
36459,8797820.669045983
36460,12069203.21821744
36461,4422067.764178093
36462,5344954.504401851
36463,4998887.427778041
36464,9946150.204558296
36465,6845999.270464299
36466,5375304.476784317
36467,4662915.809681403
36468,5374672.184763205
36469,7906482.941157563
36470,7823381.39878631
36471,10574440.369690735
36472,7383040.50732923
36473,5227626.909203675
36474,5127027.96350624
36475,5073940.624386563
36476,3808024.6032345174
36477,5305000.373618125
36478,7994403.2672593985
36479,5376983.751902839
36480,5586160.322440484
36481,8456031.150017697
36482,5189313.682047281
36483,6148634.869051095
36484,7081372.586504456
36485,8903150.316404484
36486,6813684.72582937
36487,9651303.209099371
36488,5447398.944842636
36489,7318601.231132745
36490,6316502.84808308
36491,10826034.584279729
36492,5842251.942514734
36493,4944675.372813953
36494,6563812.710689192
36495,5091630.051048919
36496,5033114.364234219
36497,5267040.1839398695
36498,6347193.625007643
36499,8836882.684556633
36500,4940588.893040239
36501,5907917.291717684
36502,7195540.893221837
36503,5510154.220411462
36504,5928180.159042667
36505,6678341.956463315
36506,9783835.821093164
36507,10493027.844419768
36508,7026140.069826297
36509,6676128.897928271
36510,16401037.040717322
36511,3708147.643116772
36512,5541806.098186071
36513,16107203.988329967
36514,7233929.3927054
36515,9289865.887886994
36516,4373168.512219772
36517,5493323.222023825
36518,8253469.248383019
36519,5371360.45214327
36520,9534572.822087916
36521,5091530.154835833
36522,5734659.056270266
36523,5711719.256032616
36524,6778991.309288441
36525,4914653.318433156
36526,3762028.349249556
36527,5749452.218372705
36528,4980809.755680611
36529,5359877.883513279
36530,21075451.33045302
36531,5231381.769464838
36532,5007163.432197521
36533,5768327.931381615
36534,12087852.376979789
36535,33393660.64125711
36536,4301102.379769413
36537,4031500.470181841
36538,11758533.081368558
36539,6552005.506163595
36540,4374342.8585448405
36541,5620126.358426515
36542,5094183.187752774
36543,5618500.8166139815
36544,5588079.589338563
36545,5483296.386903634
36546,4609207.43099887
36547,8383078.418088355
36548,6718339.16862352
36549,5770236.9695709385
36550,4718039.120142166
36551,5306852.005462207
36552,5203180.907862132
36553,5427194.784553158
36554,7838479.102513675
36555,3837579.9274681113
36556,5192793.720423429
36557,5056450.712812555
36558,3694015.0152535196
36559,4852457.727035646
36560,7825704.884753975
36561,4466799.466098724
36562,7238188.834751606
36563,8115886.167758984
36564,6147891.374755949
36565,7478784.965709391
36566,2025590.2110863097
36567,5663825.060879675
36568,10197521.62873886
36569,4572426.933296066
36570,5574968.792443813
36571,13155005.34633875
36572,5016031.989911432
36573,5585875.600756585
36574,3395958.0537413387
36575,7564590.5573930945
36576,5842251.942514734
36577,6494063.092324371
36578,8310959.089944507
36579,4683183.543195019
36580,7284756.876446042
36581,5226172.471401664
36582,4873088.480268903
36583,5872482.433252463
36584,5091887.334788473
36585,7246659.373868876
36586,7556441.351955134
36587,12661274.147708917
36588,10917754.179953087
36589,6628081.380754755
36590,6714242.254965686
36591,5026656.223306131
36592,7290271.217797447
36593,6466282.51593696
36594,7190424.286351855
36595,6733004.977289424
36596,5572280.118166808
36597,2900715.5555733936
36598,3712448.9677474825
36599,5390525.9610070065
36600,4435268.204938283
36601,4335550.157349573
36602,7003110.821663122
36603,5278055.626593596
36604,10036999.957071545
36605,10419131.863061575
36606,5817165.541283438
36607,5887004.59662911
36608,4137902.4371564323
36609,9612575.55319131
36610,5824359.198216701
36611,7641099.993406049
36612,6497139.304209738
36613,8300061.736508237
36614,7246659.373868876
36615,11745063.150488118
36616,5661662.626236957
36617,6227003.306324987
36618,4810490.019271493
36619,7088815.032677819
36620,4628599.470675261
36621,5007068.625712986
36622,14650573.137646688
36623,8290231.818181635
36624,7070612.11026685
36625,10150904.853250824
36626,6253630.135037023
36627,5624332.464726844
36628,5911423.603958389
36629,7664101.042537663
36630,4425818.653890191
36631,4393741.3480846025
36632,8730968.471004382
36633,6071211.141074641
36634,14006405.415868787
36635,12626736.737687645
36636,9992274.742890397
36637,12564297.768752784
36638,5623020.279427889
36639,4846886.645539653
36640,2787408.8068954134
36641,7427708.725537934
36642,7488281.64900378
36643,5069650.58614019
36644,7037077.641084064
36645,8078631.79798358
36646,6753646.449688858
36647,6856493.638822731
36648,7802244.40209181
36649,7035946.356782932
36650,4200984.65854726
36651,7010420.338383967
36652,7477349.176909995
36653,4817017.382513099
36654,12499235.493870277
36655,7851838.545989922
36656,13402566.432306536
36657,5575866.080695132
36658,3388458.11578862
36659,3772029.6937826467
36660,5813400.646447615
36661,6983598.517908307
36662,6043136.941575711
36663,10057617.382704116
36664,5226937.494103088
36665,5061575.6675023325
36666,4670211.246780531
36667,4522973.939297412
36668,4663405.91116038
36669,10700226.944830306
36670,5756829.710932645
36671,9746064.255037667
36672,6111733.779071009
36673,5231243.633144355
36674,8876041.936855203
36675,7895118.626594809
36676,7125763.915261309
36677,13929711.245043384
36678,5871100.505568231
36679,7807065.954231189
36680,8043623.733787432
36681,5943966.152611448
36682,11388258.194874989
36683,5360991.97861916
36684,7109351.607727402
36685,7125460.264504682
36686,8080951.443302902
36687,12630065.975218747
36688,6759136.617361363
36689,6372316.323596088
36690,4084553.992647054
36691,8375019.14228272
36692,8778020.042375198
36693,4855809.753166253
36694,7612765.10107411
36695,6668955.261498958
36696,10260445.25624791
36697,6226010.442574394
36698,8215938.18858709
36699,5752641.108250692
36700,4392950.127956771
36701,5603507.589542899
36702,5646853.386717859
36703,6059149.276506179
36704,5172661.142320723
36705,8355287.054028186
36706,8139646.871164148
36707,4437916.352223743
36708,7380327.633330392
36709,6975383.66878474
36710,8604458.072970942
36711,5216997.98511407
36712,5640741.350678839
36713,6319399.065071055
36714,5437828.855138724
36715,7851839.6406338345
36716,6910746.576689289
36717,7774307.234780977
36718,4589517.916415797
36719,18068286.27165756
36720,7280198.119353493
36721,5628105.998068995
36722,6255825.498802316
36723,3635350.5172057427
36724,11631698.630945243
36725,5979357.399564012
36726,5854478.843525005
36727,10317075.59765919
36728,6828915.046872997
36729,3953404.907794591
36730,5738227.175196367
36731,4965085.986344582
36732,6809466.516470767
36733,7201845.862798421
36734,9415215.7474093
36735,7513564.694982967
36736,5953509.776671599
36737,7627665.70440637
36738,8210354.667438655
36739,4942307.325136626
36740,4200739.303906747
36741,6328652.056607431
36742,10997996.771260342
36743,5689029.997424087
36744,7208169.70944486
36745,3990107.3798508276
36746,7215697.480425723
36747,10039945.46500142
36748,8029615.4938451005
36749,5809428.546841031
36750,10868926.646065213
36751,5860369.142505486
36752,7567358.723268192
36753,4756334.996865973
36754,9531616.524320751
36755,7261706.666768477
36756,5998948.27333033
36757,9331015.902081775
36758,5526937.962497476
36759,5288401.911317281
36760,5578089.395649142
36761,8626119.313210228
36762,7317409.903567221
36763,2912035.1771864328
36764,7745482.341592438
36765,6487215.702501806
36766,12213248.272519886
36767,6781916.8018562505
36768,11258729.977622868
36769,5915146.433694028
36770,27840751.76771906
36771,4958227.762024029
36772,9274001.639554767
36773,8913207.926199034
36774,4052775.6638397756
36775,6079284.330494599
36776,10609649.832818588
36777,6818091.382517283
36778,8153330.5340397265
36779,5238621.038268075
36780,6142513.7480058875
36781,4830683.429478184
36782,6617448.298419282
36783,4406435.463928831
36784,4899328.68456961
36785,6720475.495889446
36786,5536570.46323941
36787,4319923.663997446
36788,4908425.595243579
36789,6024425.704083872
36790,6440154.057383699
36791,5291625.871492832
36792,12085427.063188931
36793,4770857.725419154
36794,4239635.894063002
36795,7463918.099741662
36796,6698176.974304411
36797,7534586.293484338
36798,6609300.819327422
36799,6466201.365742586
36800,8206971.265698674
36801,5804015.295803796
36802,5334596.216369763
36803,9745787.876790158
36804,5323828.375686703
36805,4762696.010294887
36806,7641024.867927706
36807,6637425.020497094
36808,4580309.4045392545
36809,18080026.948270492
36810,5412266.639345087
36811,6205888.947232051
36812,3784123.178745509
36813,5196154.033030101
36814,8255364.787949239
36815,16474880.881939022
36816,5902003.269253676
36817,3519319.3154173605
36818,6330613.881692931
36819,6019049.852138758
36820,4308845.757050289
36821,6125413.327665267
36822,9580622.839724265
36823,6711036.4761936385
36824,5643534.025647223
36825,14330847.848682519
36826,5574339.432754859
36827,6752592.795618858
36828,6720922.558267634
36829,5757150.847527194
36830,7145578.118619797
36831,9642864.489911484
36832,7868542.643245768
36833,6917344.154307431
36834,6128531.038937504
36835,4016823.527770904
36836,3970573.1732960655
36837,7176940.567883978
36838,7476293.197037573
36839,11904400.281074982
36840,5125273.883173806
36841,8922981.258339148
36842,8209851.924980424
36843,5565766.1368810395
36844,5572696.285407456
36845,7037532.607978646
36846,9697908.937191455
36847,5203071.556273467
36848,7349125.081457693
36849,6244438.273675779
36850,7126705.879342713
36851,5306868.446618271
36852,4857859.778449207
36853,6426585.142019233
36854,10103243.506516593
36855,6684609.681220998
36856,4832671.3605458485
36857,6867200.437755255
36858,4712822.800503949
36859,4502585.330809615
36860,9248102.352225168
36861,4628101.163929854
36862,6769111.0728882635
36863,5361429.259219646
36864,12449569.31740566
36865,4510919.375513931
36866,7443322.403376183
36867,4816972.117830594
36868,6005022.694239955
36869,3259718.110017771
36870,5868757.391784735
36871,7989898.624673465
36872,8183997.617801259
36873,10817052.533994118
36874,9502438.169799123
36875,4414841.347024224
36876,4242397.915150353
36877,6984317.897387762
36878,12470162.70820999
36879,8459117.72982006
36880,3614233.5798316733
36881,11695670.740145693
36882,8757657.533677613
36883,4475922.233488612
36884,6808780.490448512
36885,4005934.3283150643
36886,6546422.064252075
36887,8576058.60749824
36888,5742478.756629999
36889,4707997.202059104
36890,9886503.420847068
36891,4640407.666857332
36892,5459321.765771778
36893,4454911.356950311
36894,3769952.629108671
36895,10903312.331150446
36896,6088576.077241726
36897,6398430.168803026
36898,10094882.931981217
36899,8225919.090994202
36900,5361482.751546306
36901,4439100.403135048
36902,4827743.887015358
36903,10703682.0684473
36904,5807864.033567139
36905,4588735.225556207
36906,4876122.282575461
36907,7414084.400059243
36908,8965864.277235135
36909,11037781.15003678
36910,5823941.213032674
36911,6329991.300475468
36912,9729860.952657765
36913,7701907.964506568
36914,5980687.975234451
36915,5242495.3101432985
36916,20663688.412953075
36917,5129418.881433966
36918,7728557.081935124
36919,4738658.178934439
36920,4903407.237598476
36921,6187510.777968906
36922,4487835.714705805
36923,7858409.4775259225
36924,5832147.30409431
36925,7702058.327265689
36926,5817843.489850443
36927,11624101.544419337
36928,4259782.969429463
36929,5376430.282129297
36930,7127742.847247311
36931,7560603.868294243
36932,7969937.659235496
36933,8548258.771048365
36934,8978873.57029243
36935,10271998.53381554
36936,4453247.99873409
36937,8488459.558330314
36938,5481227.681395241
36939,5792564.20556469
36940,7761277.099616247
36941,5017398.574763855
36942,5429409.756403549
36943,4094181.6439768313
36944,6026916.507736057
36945,8931855.007067783
36946,5730242.508500353
36947,4806593.474321137
36948,7347783.9188499395
36949,14151187.333337389
36950,5366469.357179354
36951,15030301.523249742
36952,9745722.82923409
36953,17716151.73736492
36954,3784369.452640791
36955,3770334.816814539
36956,5265826.36170843
36957,6064813.078096173
36958,6282388.665583127
36959,9679009.699642973
36960,8164379.317505519
36961,5173618.91955174
36962,7162603.742675782
36963,4275156.531794724
36964,12998504.610927513
36965,5685519.732785157
36966,6111009.305822252
36967,5787902.953264785
36968,6371629.589356083
36969,5690204.047478268
36970,7329553.64962097
36971,15690894.231111014
36972,4998903.23393842
36973,6681907.46088424
36974,8775255.951049948
36975,6091448.153201041
36976,12489932.26559656
36977,5468294.4780101115
36978,6342750.247589069
36979,3646200.89965855
36980,6160302.164731995
36981,4340454.842514028
36982,5042180.190557334
36983,5615825.050746916
36984,3757418.0235252245
36985,5580097.4516281225
36986,4988425.391004324
36987,6825389.108064557
36988,7289732.370693686
36989,4291040.4042762825
36990,6996136.958356598
36991,6486424.549450467
36992,8703188.579021657
36993,4844263.416017956
36994,5726232.278962245
36995,6078643.445126871
36996,9248975.73655367
36997,6698176.974304411
36998,11145335.364036052
36999,5664601.65422429
37000,7103728.52248658
37001,6142054.150947585
37002,5076865.833780148
37003,7638684.681400622
37004,10128534.23992465
37005,5002644.699240193
37006,9678199.991632372
37007,6186819.618950654
37008,7246049.724113381
37009,6145458.0837343335
37010,5983686.420400303
37011,5813231.440421759
37012,6829255.48399879
37013,6326064.14797923
37014,8509419.62743603
37015,7960112.981361026
37016,10150640.22252765
37017,12549181.517803997
37018,5956758.623882678
37019,4955412.51641017
37020,3486573.0105301747
37021,13551327.832943594
37022,5268315.193277237
37023,5285072.679323316
37024,8041084.61447568
37025,6495332.140399774
37026,5891672.699529164
37027,5497402.418199136
37028,3708021.950288564
37029,9826598.171312077
37030,6490151.993992046
37031,5093085.634945487
37032,11772435.567204487
37033,48234140.87812267
37034,12293195.633683208
37035,14794159.565916093
37036,13157077.720099462
37037,7926171.03395048
37038,3829711.6602370734
37039,6326636.385849429
37040,7189487.594284475
37041,6576184.202647347
37042,3446391.797465506
37043,5823616.332225718
37044,8798914.928745948
37045,5681147.403135803
37046,5192441.912801193
37047,9125625.672166497
37048,5058560.607806699
37049,4144899.9789804174
37050,6123967.151874797
37051,8894900.685975071
37052,5299062.06652744
37053,8615416.772769414
37054,9479007.098989716
37055,5069550.496825888
37056,4483095.535195469
37057,4636903.081862516
37058,4996255.810926178
37059,8516004.271867264
37060,5856058.2006834615
37061,4630637.242437146
37062,6857361.926271613
37063,9473221.90563391
37064,11763276.309547255
37065,6974850.263468715
37066,5330369.351568155
37067,6204132.897607026
37068,9825701.326850122
37069,6047095.922969275
37070,5664469.431883658
37071,8579848.933938488
37072,6176302.527861276
37073,5079348.9945089705
37074,8290747.320053169
37075,4639096.760922671
37076,29473059.22313065
37077,5281358.660412393
37078,5062952.245051068
37079,6406226.06178623
37080,4372438.01738677
37081,4566981.721211593
37082,6656562.088370316
37083,3781868.9873985187
37084,6625067.365920963
37085,5279533.374954916
37086,4737206.489330783
37087,5507378.193390378
37088,7002835.533862093
37089,10151082.249820508
37090,7122619.045937288
37091,8499550.724143635
37092,5991327.465146808
37093,4995038.768399928
37094,7242315.132210646
37095,5510930.011130126
37096,3776815.766712063
37097,7512588.036112846
37098,8226425.375321711
37099,6001603.958364368
37100,6174406.706911091
37101,6405871.350463922
37102,5961754.037328755
37103,5744394.608774339
37104,7389286.786647521
37105,8678364.685781106
37106,5638801.240995311
37107,5821240.898594013
37108,7160154.317570505
37109,6215608.678064315
37110,6859584.65240948
37111,5069107.394101781
37112,6934117.5098101925
37113,3800039.914693796
37114,6621036.042115079
37115,12597069.28250555
37116,6543290.0978639
37117,6754316.350440448
37118,4640853.783260905
37119,13013759.175193103
37120,4294285.281313167
37121,6665804.728249574
37122,7195640.996057867
37123,6903139.632573118
37124,5447058.108321848
37125,9019626.051049924
37126,6767096.446294011
37127,5039651.7997833975
37128,6947816.299538353
37129,5934355.234884782
37130,3533103.4707556204
37131,9389516.06074342
37132,5592963.125521121
37133,4543509.182850173
37134,13190477.438288039
37135,3944778.6949611437
37136,7138967.248790996
37137,6254334.984648884
37138,4316376.517598149
37139,5116854.024912246
37140,5131964.372405077
37141,5917293.118118217
37142,4685622.899613575
37143,14468720.439570077
37144,9055354.792672329
37145,4000893.8902279274
37146,6185148.237354671
37147,4389147.260332495
37148,7082770.219041597
37149,5983144.89520453
37150,10700879.163861582
37151,11580215.660364415
37152,15680084.00151882
37153,6002441.022811415
37154,6535487.244439728
37155,10571205.385721114
37156,9338785.093425306
37157,7774070.948339841
37158,3986880.594721389
37159,5027249.661181666
37160,9138011.69216599
37161,7691670.702472849
37162,5820782.883725178
37163,4814383.203918738
37164,7482616.684773919
37165,8419575.399168009
37166,3918748.8913277164
37167,4865644.42024221
37168,5373154.381778755
37169,8300189.736069243
37170,6939580.842856655
37171,7145245.743309069
37172,5723101.717692018
37173,3997132.116921066
37174,6168859.89000241
37175,12603762.164331632
37176,5520833.386186033
37177,6466282.51593696
37178,8326566.294786487
37179,3748493.8549546134
37180,4788052.132710939
37181,6196298.601039555
37182,5207245.812064622
37183,5593507.362312558
37184,6622558.678891752
37185,4684996.546571535
37186,5917111.382704778
37187,5467458.621402802
37188,5108650.7134741
37189,5057557.218047493
37190,6085832.114035225
37191,5868505.55591072
37192,8567018.896169279
37193,10085871.057852503
37194,4059699.5819669934
37195,7823824.816314591
37196,6841303.853650501
37197,5215739.70648001
37198,37675235.44417696
37199,6952472.674428513
37200,5477212.206679286
37201,6693957.145146022
37202,13478115.62365637
37203,6167659.728178424
37204,5331681.615904858
37205,5693916.087533106
37206,9577639.481851768
37207,6072452.190081839
37208,6968304.667472163
37209,3997744.281849705
37210,8347385.282089394
37211,7219603.207455083
37212,9122757.705913419
37213,7547066.603242344
37214,9598639.243583282
37215,8668739.984646238
37216,6335631.908484068
37217,8168701.360125204
37218,4990424.2061041705
37219,7382171.111083536
37220,7196200.964351717
37221,3371196.7840803177
37222,11606413.303961983
37223,4190255.3690511677
37224,5440014.200545987
37225,5409854.209547308
37226,11078964.155755047
37227,15765654.68051438
37228,5363147.511759357
37229,3858320.7753636832
37230,4419128.067907854
37231,7122341.12476441
37232,15596909.692167277
37233,4217547.1500215875
37234,5720048.908865899
37235,14761565.445913935
37236,6984292.021201291
37237,7126822.795763437
37238,5147490.571501418
37239,7225965.22480221
37240,6186194.929714635
37241,5340815.427689376
37242,7414586.442906667
37243,5804461.214241315
37244,5160049.424020574
37245,5152121.052162246
37246,3975814.2382605243
37247,7156215.793114787
37248,7856853.084225773
37249,5274513.535772961
37250,7075357.452099184
37251,6006469.911087905
37252,5347923.940536659
37253,4373627.39404114
37254,6382439.757553281
37255,7123895.551137226
37256,6953342.434981991
37257,6389820.757511836
37258,6357155.261275474
37259,9979652.37448786
37260,10151271.143679101
37261,5260710.536523915
37262,6236071.198921731
37263,5767020.483735603
37264,6703035.265074204
37265,5467507.797999143
37266,17874073.87780175
37267,5034648.637176425
37268,6898769.15920113
37269,5141083.02563271
37270,5854279.402534062
37271,7454768.204527596
37272,6137861.15282315
37273,4592688.620866706
37274,5184659.564542644
37275,8502695.445127064
37276,8282726.290788071
37277,6286130.861399943
37278,5674089.281152757
37279,7436025.405096
37280,7020022.060189523
37281,5489833.169073721
37282,8662801.66704109
37283,4391849.619433212
37284,5953446.699244595
37285,4203884.2499671
37286,5445790.352406735
37287,8257838.808815392
37288,5299047.56290167
37289,6200868.527687003
37290,4252056.256886785
37291,4539834.804187249
37292,9035502.012491187
37293,3454638.9170306874
37294,10139136.651733872
37295,5287690.777961772
37296,7219385.801731236
37297,4909794.466961732
37298,5645256.493733174
37299,6404777.321702684
37300,6916423.9617142705
37301,4332254.856576024
37302,6784404.063601634
37303,9286021.930344976
37304,4545937.137647654
37305,5583424.344536068
37306,3684787.1409661695
37307,5847593.4176135445
37308,7311611.614680856
37309,6557644.230016445
37310,5874006.567066454
37311,6049830.510553151
37312,4138693.864243066
37313,6149549.881564022
37314,11107024.878815133
37315,6137802.544716602
37316,6216249.007223705
37317,6129261.048896696
37318,5221796.132764065
37319,6171640.152468716
37320,8207993.616772119
37321,6141699.03669992
37322,7799345.029826637
37323,12640758.658860441
37324,6107181.628206888
37325,6407860.959364193
37326,5037873.043511635
37327,8080436.486521637
37328,5409594.992425412
37329,5589729.198012801
37330,5622292.9159885505
37331,3817661.9966392475
37332,14521243.502343252
37333,5384272.436711392
37334,5308650.60031672
37335,5279446.909158604
37336,6619226.770517115
37337,6620123.063701453
37338,5308650.60031672
37339,5571580.863304654
37340,7559728.861080457
37341,4183255.0600972767
37342,5086876.9994877
37343,4421462.317164172
37344,9434511.542705538
37345,5175976.710777284
37346,4102500.392805854
37347,7364613.156870296
37348,4545947.480205337
37349,7290279.348249923
37350,12032583.146570764
37351,5447851.240190308
37352,3448412.9137822296
37353,5560752.234152734
37354,5730388.817148341
37355,7023141.610409384
37356,6742898.855575395
37357,5495458.770660137
37358,6413625.351172754
37359,4234547.088092388
37360,4473879.420279133
37361,5073195.014131066
37362,10978033.174997393
37363,4687749.917600527
37364,4623366.300745493
37365,4241476.35017532
37366,7027618.71980933
37367,7824509.991554881
37368,6746139.473633477
37369,5577322.680099237
37370,12495850.795173027
37371,3803240.832935581
37372,6763675.058599958
37373,9484506.397600899
37374,4284870.593592121
37375,4186767.8447412923
37376,13867358.626367658
37377,5652953.6929973615
37378,3762101.3146218676
37379,7888543.499297388
37380,6693724.412716696
37381,5640146.445495475
37382,9063005.024122164
37383,7396524.979305987
37384,5016027.062663036
37385,7256906.480356363
37386,10971771.973766118
37387,5254990.233080464
37388,5772583.861215105
37389,5379060.902373747
37390,6084986.147806543
37391,8072460.491305813
37392,7370490.542988219
37393,7936236.983440519
37394,4993279.891518712
37395,7276775.596507792
37396,5710023.374637808
37397,3455285.07410583
37398,5910163.534444377
37399,12718862.040888345
37400,5114192.62438067
37401,7516444.799133993
37402,9746505.054875787
37403,6971715.661413616
37404,5498708.946217742
37405,5152935.596937064
37406,4960715.612885526
37407,4465797.5560206175
37408,4203091.153016733
37409,11192548.885221507
37410,6460111.736814365
37411,5433736.349760615
37412,2178000.3414322385
37413,4822044.979914359
37414,4790113.927640188
37415,12160896.627716152
37416,4250076.951096603
37417,3981307.5730982637
37418,6724687.242690219
37419,5413663.347480883
37420,9991340.887670485
37421,10200522.6583383
37422,6767746.603670823
37423,6774866.976216395
37424,10621341.479380121
37425,8265684.203401064
37426,5133163.322975278
37427,5133687.448109109
37428,7837672.502797979
37429,9735563.270299228
37430,5308997.55094873
37431,3931228.53324037
37432,6454303.986861856
37433,9382585.703594906
37434,5842138.366866999
37435,5594772.709177149
37436,7870907.969236645
37437,7452258.315132769
37438,4532907.671942392
37439,8133216.950975948
37440,6885877.305510734
37441,8077575.016595388
37442,8046267.259499627
37443,4489655.4329521675
37444,5304299.131632506
37445,4567234.8366756905
37446,8341504.945694602
37447,6226572.266168461
37448,12794548.42665988
37449,6843294.341514873
37450,9915674.470090182
37451,14007484.882483942
37452,6541851.216758719
37453,9078127.420198731
37454,3895264.7464502277
37455,7047420.628558252
37456,6221300.680985008
37457,4053542.1420481484
37458,7556310.917158612
37459,11083724.121855969
37460,18488979.312410668
37461,5326391.051548205
37462,5432748.815524404
37463,4184747.188145176
37464,10592229.470600441
37465,6275390.545437943
37466,5391578.667751858
37467,9603866.259019073
37468,5033723.668794985
37469,8545857.446772043
37470,4541600.596895987
37471,7176426.732432065
37472,5115883.100877409
37473,6565551.854787166
37474,7451826.097344577
37475,14829111.431304257
37476,8851041.704548154
37477,5146131.525232351
37478,3784642.8857944068
37479,4941555.317965872
37480,9107430.397622393
37481,12406396.303502915
37482,5851365.3784153545
37483,6951044.140835755
37484,21205758.660720605
37485,4188604.3668462094
37486,6209944.529331371
37487,4576278.476354499
37488,5969116.183360657
37489,7162535.0162389185
37490,16042845.054508623
37491,5116087.860517118
37492,5224707.298627513
37493,5132893.366791905
37494,5601092.147391564
37495,10765131.068287333
37496,4080504.6839048225
37497,6683060.897962139
37498,4814247.845432868
37499,7156793.147767751
37500,3554197.5956525593
37501,4003777.997516718
37502,4691630.683256768
37503,7723095.369541572
37504,7134102.29587102
37505,3282512.1196578504
37506,7378262.826501089
37507,7703540.652389353
37508,14775152.420489524
37509,11532982.290657688
37510,5744077.604205496
37511,6279621.9171304945
37512,4386006.068216395
37513,7066951.1189252
37514,7873022.342398977
37515,5436475.4280583225
37516,4124724.922919012
37517,4914130.044640149
37518,6645308.304038014
37519,4830454.399057365
37520,4316372.211895733
37521,7361192.143461139
37522,7174376.234222155
37523,3417670.57485713
37524,3840585.2210331475
37525,6754145.2817645045
37526,11653081.68678611
37527,4561418.562395313
37528,5872979.888258598
37529,4089827.793727487
37530,9177573.350795638
37531,6637790.519979445
37532,14195538.996234842
37533,8220726.283425562
37534,5751280.356290539
37535,5866068.776790864
37536,12534389.28273529
37537,10558778.706336284
37538,5172712.266327114
37539,9360697.764331663
37540,4164323.403904755
37541,3662792.76165176
37542,7141832.988784268
37543,7293539.514769244
37544,9153504.180797987
37545,5350105.9715930475
37546,6245030.076935631
37547,5182642.0386275705
37548,5767402.797417044
37549,4417602.025539889
37550,5471492.0708714705
37551,5171826.320680827
37552,6055363.897823149
37553,13387201.113427574
37554,15535220.813673088
37555,9983659.421930574
37556,6600684.158225297
37557,5736196.831012027
37558,5701242.641753528
37559,3085357.8252289253
37560,3966489.4365268373
37561,7222775.378451058
37562,5956514.449784903
37563,6910605.558927904
37564,6336394.257744341
37565,7313479.323219054
37566,20135734.739236623
37567,20098052.891180877
37568,4406785.829707959
37569,9067181.72751088
37570,6476003.074913466
37571,12049467.421486104
37572,5475133.7150363615
37573,4522108.024516421
37574,12337258.279982418
37575,4679856.037870838
37576,11081448.56623893
37577,13250268.462470183
37578,11176328.632036101
37579,10772341.152525099
37580,6753384.906496231
37581,6665745.201430711
37582,8019851.322693996
37583,7290237.962216879
37584,6102841.313800426
37585,6129071.490850197
37586,6858498.312301404
37587,7007842.059276308
37588,4673782.109825581
37589,9301158.094235092
37590,5021411.879480295
37591,10369573.620951755
37592,5061010.796151525
37593,4307740.887427829
37594,5249420.545174877
37595,6215721.612772093
37596,7789953.430035924
37597,5029467.56485808
37598,3687752.7313075582
37599,12894742.407327738
37600,5598653.188803626
37601,5053566.456882394
37602,7147314.125322057
37603,10975796.811475793
37604,20460652.799255274
37605,9757656.37093623
37606,11536499.045018304
37607,6212713.892231054
37608,8567324.338529496
37609,5566527.1968058655
37610,3842355.324837671
37611,5853466.887421747
37612,6192766.019583445
37613,5228298.781771836
37614,5881190.17524336
37615,6577853.7949728975
37616,4437496.286656835
37617,6763244.641250827
37618,10670335.285620166
37619,3692166.0932779773
37620,7394167.252321411
37621,10294742.150736637
37622,10564408.106346607
37623,6199636.059307039
37624,4766609.530499206
37625,12598437.640985338
37626,10224347.438977797
37627,5552881.742071959
37628,6127140.298563917
37629,8546042.501016103
37630,3702297.153992814
37631,6310282.311194377
37632,6718865.583971896
37633,5064551.146600897
37634,9847658.148760166
37635,11265228.88520376
37636,10735844.509803127
37637,6661447.370061306
37638,5112984.250523903
37639,6669181.724994605
37640,3377461.1045065676
37641,9836028.028531626
37642,10294742.150736637
37643,7933110.639065594
37644,7088337.807395847
37645,9255120.07808665
37646,7213017.812081849
37647,8603216.256088141
37648,9266745.88028158
37649,10187902.591422249
37650,5707292.593047713
37651,6017778.072820818
37652,6027576.23410944
37653,6376755.391666927
37654,6947019.98928804
37655,5902949.837359646
37656,5351249.6079935115
37657,7408135.169210197
37658,6743751.601097111
37659,6560061.160583037
37660,4752900.098329933
37661,7212820.410990317
37662,3974569.917847293
37663,7871054.220846274
37664,6079540.057872113
37665,15745333.041814905
37666,6433387.634222386
37667,6259582.9086673455
37668,4149853.5083437087
37669,8116421.403346121
37670,8739843.757518109
37671,7782999.094236969
37672,7404886.507106421
37673,5894203.118707405
37674,4521410.000292969
37675,6387841.500500199
37676,4898053.676805684
37677,4471285.768163726
37678,6002874.101360915
37679,6970167.851247131
37680,6165379.225064102
37681,17151420.339428905
37682,7048598.151449523
37683,3861026.7740457994
37684,10259801.382856062
37685,5461958.302370508
37686,14905551.48297726
37687,6388061.896124672
37688,5618916.883050836
37689,4564177.271891253
37690,5720890.845303997
37691,4432641.497083386
37692,7275233.621354806
37693,6074852.311911123
37694,6790426.318948721
37695,11916975.733299654
37696,4930367.320733353
37697,10094898.162460405
37698,5224195.637121998
37699,7844764.9307229975
37700,4429772.287848432
37701,5672834.502222735
37702,4442885.139961242
37703,5455069.211444173
37704,10357762.375913104
37705,6535182.45811165
37706,4160925.5925217317
37707,7690509.041377261
37708,5270162.891771954
37709,7712389.914527932
37710,11004692.509786693
37711,6659838.769156052
37712,6955236.077900715
37713,4097070.3822107753
37714,5637979.537336039
37715,6663657.682455569
37716,7059166.165371639
37717,10145148.711773336
37718,5749872.534392241
37719,6577477.878889342
37720,12762445.141756434
37721,7287373.272089155
37722,4977077.391472718
37723,11193953.63864373
37724,8916546.528881483
37725,4561723.054555163
37726,5309767.8971297005
37727,8755892.558379512
37728,6067565.479132692
37729,20155393.84670993
37730,17233930.902392432
37731,5743496.197880373
37732,5351501.245180724
37733,12404342.045896053
37734,6586617.325974509
37735,4816760.514803301
37736,5112523.267685971
37737,4128713.584873887
37738,6168716.900824375
37739,7665549.952447464
37740,6865838.3676075395
37741,8503563.365687681
37742,5309693.833056733
37743,5307892.10967653
37744,6280150.955424705
37745,5158374.42738753
37746,9236291.931583392
37747,7217170.023961404
37748,4765492.547520972
37749,5985290.925828042
37750,4836852.190878637
37751,7726874.699598483
37752,6653642.703430483
37753,30850614.360948782
37754,6383490.706234471
37755,4201860.6022245325
37756,7050026.647088112
37757,8034904.92452577
37758,4859319.813622909
37759,7296039.421648162
37760,6622389.450040193
37761,3887526.8068968086
37762,5697388.197692948
37763,10348887.198945194
37764,10595094.427327124
37765,4294872.259441805
37766,5767210.571359444
37767,6084117.186822163
37768,10317987.41856512
37769,9644442.481755456
37770,5332693.866383766
37771,7345759.549225421
37772,8377339.124026573
37773,7446510.591105344
37774,8547061.642169926
37775,4339141.218038234
37776,8511629.973298471
37777,7082063.215175
37778,7234686.677616353
37779,4963647.96020508
37780,4430063.199078416
37781,4204057.766127956
37782,7402472.589360474
37783,4723094.209668839
37784,10066656.834369637
37785,6240858.750298101
37786,6884363.791705988
37787,6424194.151243451
37788,4078313.5636936245
37789,10324858.285844985
37790,3235993.1769222645
37791,4050492.4943592255
37792,3323867.822218266
37793,6909176.537538286
37794,10283001.180720063
37795,11218916.705996485
37796,6206381.633297126
37797,4351072.260165622
37798,6994944.993234221
37799,5455467.281322251
37800,6070687.012816924
37801,5585938.26971577
37802,5061594.927698824
37803,6468441.204024588
37804,7773933.23030964
37805,6668912.0705747
37806,11054619.68081365
37807,4557961.139458069
37808,8604807.48712682
37809,4965081.627179129
37810,5650751.660245117
37811,6857119.114289422
37812,5068090.697289524
37813,6521327.718966689
37814,11634150.028407415
37815,13956449.545595992
37816,5814508.102965601
37817,5617363.923094627
37818,9501973.093094524
37819,8403250.037239453
37820,4935521.32817146
37821,3383518.7278874638
37822,6435332.667941529
37823,13458487.05142533
37824,5063930.126143689
37825,20083825.593213014
37826,4423487.252073876
37827,10756348.42678949
37828,6212853.048044583
37829,15557883.456391133
37830,4008978.1609156723
37831,5890349.538527527
37832,7031158.919422526
37833,3918100.332777905
37834,5606098.334878106
37835,9198568.239748102
37836,4564177.271891253
37837,6667308.496083247
37838,7783622.318322928
37839,7122630.184902145
37840,6063894.477702177
37841,5765286.771936019
37842,6325838.41305991
37843,5197681.753079196
37844,4493481.6240399135
37845,7124204.788994166
37846,5846937.415574869
37847,5205642.977435867
37848,6465536.311406456
37849,5374924.628039047
37850,9709050.058928031
37851,6033985.35827526
37852,6975439.211560406
37853,6124768.439586227
37854,5646918.501855516
37855,5351244.532171502
37856,8918331.589878077
37857,4378065.934448871
37858,6659075.808494508
37859,6357666.9991384605
37860,5645138.162813845
37861,6054084.330878703
37862,6214387.018164301
37863,6343882.747666827
37864,5544665.003914319
37865,10769450.076566953
37866,6293182.360018934
37867,4069949.381041029
37868,10906631.546168612
37869,18393893.107091296
37870,5129448.427951238
37871,10215800.604188569
37872,7143637.82134468
37873,4948016.231328861
37874,13024882.694246218
37875,7005368.665131481
37876,10628851.71747683
37877,5147145.494636423
37878,5060435.93699343
37879,8774309.091519063
37880,4879487.8657589005
37881,12355871.755155358
37882,4486001.738750758
37883,7176987.637470321
37884,5479524.293514525
37885,5118326.535058117
37886,4823230.518756582
37887,3483883.437211256
37888,9092586.429275004
37889,6704234.672217933
37890,6101926.977379514
37891,6631640.335201404
37892,9643726.434382444
37893,9407642.647424538
37894,3891868.8311649426
37895,8174071.0295273345
37896,7233133.704025211
37897,5597570.807550863
37898,11791820.634972146
37899,6346615.427601115
37900,5496724.575918811
37901,4397215.529798027
37902,5676906.172285941
37903,6624677.372969214
37904,4993976.695281374
37905,5878781.575370761
37906,8013269.035020091
37907,9893885.620433765
37908,7740831.269139545
37909,5707321.118452473
37910,9148419.173944173
37911,5187135.071201266
37912,7267844.208040547
37913,6864439.745094747
37914,6342706.010488846
37915,7835282.451183242
37916,15702250.387275854
37917,7656027.496633979
37918,5367895.255528709
37919,6165494.331588502
37920,5144108.720474994
37921,6284907.749526683
37922,4162787.6837344277
37923,7081166.12696278
37924,4525880.905286043
37925,4393052.9112168215
37926,6223089.634680503
37927,5065403.79407717
37928,14807478.84930813
37929,16070885.508590749
37930,3363674.060277457
37931,5123470.500408659
37932,5456583.3572525075
37933,6746415.297137748
37934,4844175.072737763
37935,7083214.39517297
37936,5627893.066092824
37937,5828345.093775039
37938,6323101.876229865
37939,10980178.059985604
37940,11197412.949819768
37941,30991424.769427244
37942,2878574.6570814317
37943,6558399.570090725
37944,7228496.127529726
37945,6758771.279743222
37946,5886651.81007779
37947,6096486.342458547
37948,23441020.551562946
37949,6557113.39150454
37950,8878389.142312957
37951,6849953.045297331
37952,5104403.032017949
37953,3213538.5503779063
37954,5304126.9793656
37955,8742781.191351771
37956,6445890.4812594475
37957,4272020.017369927
37958,8210878.211508643
37959,7081623.413720711
37960,5580862.734955885
37961,4761819.085962221
37962,3716507.333003595
37963,12248345.841991909
37964,7227070.081745796
37965,6739749.967681148
37966,7793372.760336803
37967,5725382.515406244
37968,6677541.660358432
37969,4735053.5550405
37970,5816596.111052692
37971,11613641.064114468
37972,5979834.860555936
37973,5503235.378803452
37974,10075253.984020362
37975,7645116.160211913
37976,4298904.895075923
37977,5004691.896062325
37978,10814162.60609709
37979,3256887.01025567
37980,11343523.575941484
37981,4570926.474944858
37982,4846421.158703844
37983,5611857.531164328
37984,4367681.016323992
37985,3904463.5052050888
37986,7380578.649196544
37987,7530036.53981354
37988,7800764.435002684
37989,11170295.753966585
37990,7793522.141874806
37991,5375734.480094686
37992,7306696.143689798
37993,4797263.8110984685
37994,4872333.763999387
37995,5788679.098905016
37996,5411113.785639232
37997,6780064.672337614
37998,6421275.182349693
37999,7410820.28645228
38000,3085029.433816071
38001,5143600.015050179
38002,4297665.661672075
38003,8685803.888734033
38004,6227022.328377873
38005,8704073.10080275
38006,4257760.171659591
38007,5470288.715500751
38008,4467024.502934802
38009,7524464.537405229
38010,9153892.017990008
38011,7803080.55268293
38012,7528694.637873167
38013,4762158.847750637
38014,6149767.983076261
38015,4176413.420516839
38016,6717455.719816503
38017,7868466.030013836
38018,7513675.635146113
38019,9163501.299515907
38020,5503944.272450693
38021,11000435.39637378
38022,6121051.341237215
38023,6486998.74554553
38024,7821485.714168356
38025,8450689.846152734
38026,5704786.298903423
38027,9407878.242131589
38028,7262241.477513854
38029,9062685.86602015
38030,4237922.960699841
38031,9432629.894668262
38032,5105612.199389156
38033,6613535.669526169
38034,7640735.004084872
38035,6097319.759427408
38036,6815092.418719435
38037,5340392.026174864
38038,9678675.653261676
38039,4790967.612361548
38040,6548331.2995593855
38041,7792595.437167549
38042,7796093.063876715
38043,14262841.429105107
38044,8539319.58393649
38045,6519885.618256843
38046,7018725.641785505
38047,5406242.214663884
38048,7075448.992451823
38049,6577433.461196434
38050,4404704.471487793
38051,5502975.250090845
38052,10869400.00077115
38053,6945554.851270243
38054,8422037.772774644
38055,7368414.43905818
38056,8152072.898056548
38057,4432641.497083386
38058,3937767.05111885
38059,8633933.339334747
38060,7847284.1871688245
38061,7021660.664671311
38062,5455467.281322251
38063,12525334.376076989
38064,8665847.825685142
38065,6758228.121410398
38066,6029915.339481337
38067,5324022.007412147
38068,15446456.135758255
38069,5711286.75097659
38070,8318111.952470715
38071,6110469.610771986
38072,8921025.000153378
38073,5972263.584607675
38074,5936699.640713288
38075,8986533.8202605
38076,6194937.683814159
38077,5720283.302877598
38078,13285043.479174618
38079,4190269.8286824664
38080,6771481.7765872395
38081,15820393.731701527
38082,5087906.939835714
38083,5909305.993537158
38084,4716138.328897208
38085,9151771.830021026
38086,5037363.246513907
38087,9379480.788538812
38088,7117062.267151442
38089,5325920.791285706
38090,5551862.187432646
38091,9981325.000527224
38092,11895053.547302693
38093,7005368.665131481
38094,7101549.879921664
38095,13464444.598662026
38096,3990860.7826508386
38097,7810863.199419652
38098,4620405.799010326
38099,14796342.72583057
38100,6493625.229027727
38101,7043955.484579054
38102,11545909.746545093
38103,15976037.676197058
38104,10991523.155995011
38105,6221455.097902687
38106,5353770.426575976
38107,3554360.860071932
38108,8783020.432423687
38109,5206226.854552813
38110,4528495.063427317
38111,5552881.742071959
38112,4046595.929110545
38113,6986594.227861809
38114,8318111.952470715
38115,3847594.253440597
38116,7359311.437510382
38117,5737152.21635441
38118,6688455.0765771745
38119,3981392.5746622346
38120,6687177.206896301
38121,4347982.580397134
38122,8267002.585715908
38123,4607184.076335513
38124,7082478.640519954
38125,7399116.282780739
38126,7962528.060188076
38127,6220587.937573984
38128,2842552.8858269295
38129,3781563.029282903
38130,5203748.267779409
38131,7895302.758167722
38132,5455467.281322251
38133,4557961.139458069
38134,5441255.543404717
38135,8783130.95290304
