id,price_doc
30474,5701533.486566054
30475,9231083.502529284
30476,5334027.530884645
30477,6582634.943053393
30478,5417033.129654217
30479,9140825.672527896
30480,4568818.328440529
30481,4524228.992125154
30482,4958353.071612196
30483,5060394.327130382
30484,7203789.205505127
30485,5347053.971981507
30486,4292857.344825992
30487,3904569.383660912
30488,6701915.5055943895
30489,6630158.814236857
30490,24779001.899572536
30491,20652163.53028534
30492,5597802.681018379
30493,15547059.552343743
30494,7623011.863285688
30495,9670495.130590126
30496,8582503.081823947
30497,8354277.811531811
30498,4471227.23799445
30499,7133917.021770578
30500,13063274.427426364
30501,6868944.987976137
30502,3210302.6350470562
30503,6129109.437551751
30504,5857103.476860501
30505,12273921.820165796
30506,3030123.3338014735
30507,5346848.636870348
30508,5821865.174644794
30509,7415333.44909525
30510,10157123.385943545
30511,6247941.089809005
30512,5990166.232883279
30513,4604758.276418674
30514,3667056.001879756
30515,10693820.05728182
30516,6344032.478225516
30517,11628025.381102163
30518,7526812.652342643
30519,4499604.644529704
30520,7656085.288136293
30521,5783185.455868628
30522,7732829.020254821
30523,6406389.693198451
30524,10327269.45843398
30525,10170128.594008567
30526,5271284.465110629
30527,5414580.64921395
30528,6827556.56170852
30529,6875945.279975618
30530,6253060.635368288
30531,16810460.201712176
30532,4913277.203166003
30533,9816358.203938482
30534,7766969.10136221
30535,10255797.058372196
30536,6113750.595591061
30537,11427265.024856135
30538,6839678.195054008
30539,10203267.503009176
30540,10580659.877459817
30541,6343014.818964231
30542,2180164.6246800222
30543,5993327.318183339
30544,6576543.143998985
30545,8714892.063864129
30546,4456527.200019616
30547,10546459.870000804
30548,4872939.405725108
30549,5475307.851665401
30550,12394014.096893901
30551,5536327.813336044
30552,2078964.331239389
30553,8092175.916800297
30554,10705885.038750552
30555,6695390.276030784
30556,9025300.645013673
30557,7388403.838548786
30558,9763802.97671694
30559,6126226.2200787375
30560,6017588.403646011
30561,7120635.865948442
30562,13741939.949837802
30563,4788696.259616403
30564,7418090.411583359
30565,6720993.776516294
30566,7846103.550207609
30567,2179188.288098146
30568,9373485.221675701
30569,10169823.904051764
30570,6976820.61590418
30571,8185159.40037827
30572,5444333.831900404
30573,7147898.055069425
30574,6015768.713753371
30575,7854430.678091028
30576,4594552.008092147
30577,4225673.339060799
30578,3158510.1510139857
30579,7306015.474450655
30580,4537978.4834749745
30581,5469732.143162959
30582,12623916.035060866
30583,7862277.136729679
30584,4381727.981296273
30585,3299545.8782586833
30586,9907154.40364908
30587,6369432.503575279
30588,7567431.758997679
30589,8031389.876047285
30590,12877524.72435959
30591,5454752.084085228
30592,6449828.9858709
30593,5235408.799483813
30594,8084870.850809497
30595,5527966.248673021
30596,7831035.827385195
30597,7179896.797722232
30598,10492341.963234942
30599,11698507.050225083
30600,5143251.3911443455
30601,6640156.766945134
30602,2005552.2546052244
30603,13798227.126512434
30604,4699370.318261684
30605,7248029.497238047
30606,22958415.724412344
30607,6152780.315383775
30608,10050131.778527496
30609,6764646.361746988
30610,3018212.3985453234
30611,5911778.371547154
30612,7323833.206236485
30613,9232991.073800357
30614,20604390.517014436
30615,7668046.725582354
30616,6073018.6452504285
30617,9495163.465585195
30618,5075634.898317602
30619,4256727.8763305005
30620,2933593.399461177
30621,9613544.108686648
30622,8715928.623838326
30623,5660300.836620463
30624,7214408.163644113
30625,8256365.789856192
30626,7024584.324652326
30627,6662792.402422934
30628,7036387.226397403
30629,5203626.658606231
30630,4495299.067157472
30631,6815512.089958456
30632,4400708.017544936
30633,6309010.2574201515
30634,11199439.438090751
30635,10636965.453966418
30636,5412228.506334845
30637,10812762.006529596
30638,6266379.088898307
30639,8042297.432189106
30640,4945326.575130246
30641,8237065.67313894
30642,6968677.537514176
30643,7589654.254707096
30644,10519261.439624073
30645,6116081.082376447
30646,5489106.169125991
30647,5464083.818832159
30648,25560696.506106902
30649,2727083.2145153373
30650,4907980.028638229
30651,3167470.7543904386
30652,4766512.49408938
30653,8474589.959012574
30654,5157002.384246249
30655,12621347.263047287
30656,4105494.4018716584
30657,6057464.215937081
30658,10872464.28979772
30659,5314993.6772694625
30660,8541787.8057686
30661,7198657.778603785
30662,9438815.919032132
30663,16687192.707549
30664,14931372.54128838
30665,6820407.917268575
30666,2732781.437857737
30667,4853092.561621214
30668,9798128.12395611
30669,5529765.312775878
30670,2517303.840518749
30671,7274910.753630536
30672,15643224.106480764
30673,9952358.248433312
30674,11288606.548884453
30675,2179869.1671327157
30676,6827721.836611434
30677,4377713.390615884
30678,17326037.993286565
30679,5405183.471794658
30680,5488889.291661779
30681,2483451.9124216754
30682,9007611.617465695
30683,10995509.15590933
30684,4512723.720746994
30685,6411786.63346372
30686,10579714.555166423
30687,5375251.944676944
30688,5045907.5757530825
30689,13868363.044473663
30690,26087966.47566583
30691,4631355.691608512
30692,6283894.894494215
30693,11110150.990059571
30694,5409837.687311533
30695,7259027.4491551295
30696,7423657.93847079
30697,12897329.52139162
30698,6543546.454844302
30699,5694286.749220126
30700,5430520.386504101
30701,10518855.311431805
30702,6164306.473183667
30703,4124332.5304851476
30704,12698842.196120113
30705,8981444.410778783
30706,25629875.230076216
30707,3666950.635698089
30708,15489702.899056774
30709,6830669.634870006
30710,7243752.933540456
30711,5328800.067718283
30712,4351404.625526015
30713,6015690.614400855
30714,7181551.670012467
30715,4295118.084271828
30716,10879355.686502665
30717,6525900.743782713
30718,8455967.52280801
30719,17236773.79919765
30720,6301162.7343069445
30721,4694361.237300805
30722,8160413.996488792
30723,7495415.339679401
30724,13675484.417008048
30725,6790952.035396099
30726,12357470.076526683
30727,10956447.66058363
30728,12525515.353036085
30729,3485818.120575805
30730,6088887.061754995
30731,6765031.132621374
30732,5001504.021306472
30733,9367447.107056135
30734,7764665.323486678
30735,6070407.825853446
30736,6194722.227457652
30737,6697087.143045513
30738,6141980.493017619
30739,4334320.479732165
30740,7596361.21245235
30741,13106350.609137988
30742,4466720.955642831
30743,5409199.098305788
30744,10645841.474280713
30745,7224408.846340458
30746,6163324.655265568
30747,17629528.461316857
30748,18552164.22855423
30749,5613493.668315443
30750,7276687.772916122
30751,3512395.6125703636
30752,8707542.407144135
30753,10986341.492049294
30754,5178285.531793594
30755,4168718.5589623842
30756,7050826.31191763
30757,5226751.64705338
30758,9949798.602738459
30759,6599548.66183063
30760,4076138.0635196967
30761,9792384.449539687
30762,7238138.28093422
30763,13238277.270386057
30764,6878947.475366769
30765,6100862.684965541
30766,4113564.8599513057
30767,10237988.894391524
30768,4951285.011405613
30769,7105236.604037457
30770,6821102.262614674
30771,2951867.8601144804
30772,8525162.66164921
30773,8406599.68658653
30774,5937355.664531559
30775,11794927.143778456
30776,5049724.098612634
30777,6685107.799599833
30778,9454461.997421065
30779,6735995.080441472
30780,8200044.502671033
30781,7409444.830221238
30782,5007973.1042350745
30783,5862937.222793207
30784,3968497.0560246515
30785,4881507.0848839935
30786,4616073.260035068
30787,6737164.734850658
30788,6015093.5335889645
30789,7301080.633146776
30790,6831405.453878263
30791,11620709.254020795
30792,7883935.943034264
30793,10853966.996597195
30794,14355075.628142925
30795,11785676.873986628
30796,10601149.813890314
30797,17125883.45020125
30798,3041379.5545226624
30799,10772837.306939134
30800,13023064.44590647
30801,6684871.9945281595
30802,21245833.865866978
30803,3192189.3575470513
30804,4078191.806756805
30805,15860237.610233748
30806,7806383.889871576
30807,6065523.488624427
30808,11325316.385430863
30809,5573663.610372177
30810,10995785.321686644
30811,4471359.045816694
30812,5128880.752113361
30813,4511870.627918463
30814,2879143.538851812
30815,4037957.7498674877
30816,8107926.614231592
30817,2057755.2271673994
30818,8120045.669810357
30819,7758213.101631367
30820,5059539.626283711
30821,24334970.984229825
30822,9084567.847908398
30823,6978002.2268167855
30824,3848181.2150614755
30825,5218082.854166301
30826,9815414.115549516
30827,5651898.824750497
30828,6062874.096822188
30829,5772015.137711697
30830,10402935.496207686
30831,6825326.779585776
30832,5742967.029971909
30833,5283842.359763712
30834,4437605.712561208
30835,6906020.228034775
30836,7118890.960685953
30837,5466010.006821065
30838,4059898.244990778
30839,5938722.795767569
30840,12561593.702666909
30841,11165769.120585069
30842,7941998.651264364
30843,5485040.028191863
30844,7787502.903094446
30845,10134356.247658482
30846,4771028.828930032
30847,5969695.360333757
30848,9377221.75999195
30849,4886803.4064160315
30850,4328720.087828816
30851,5671519.579437947
30852,6808820.8985172035
30853,3923365.0883230125
30854,5488596.649682155
30855,8307617.726699933
30856,8943887.191752972
30857,2472632.624323236
30858,4723872.471638571
30859,6287539.562079485
30860,6013291.594150744
30861,9267738.56091726
30862,7172194.039901141
30863,5596626.013207394
30864,6655109.262907933
30865,11253863.585605603
30866,6933537.429293118
30867,6141326.122852303
30868,8664351.97550208
30869,5511385.555709893
30870,4927401.672124455
30871,8565584.556343991
30872,5530967.167014396
30873,4459228.649672679
30874,4559637.716340021
30875,6795378.506909902
30876,5443188.096622815
30877,10005939.321831053
30878,6203586.754890511
30879,11188882.58352167
30880,6837361.688091404
30881,2065665.9705998455
30882,11157829.925714914
30883,3332398.705266171
30884,6267869.166095759
30885,5230866.071369596
30886,8237841.404459113
30887,5806640.990734073
30888,4431627.946251807
30889,4939175.451267516
30890,7159697.474950063
30891,4123983.1749089905
30892,4174143.0846665893
30893,4701904.82144591
30894,5580029.016886867
30895,4695135.257316848
30896,6941171.067157232
30897,7861205.333543069
30898,7713442.103963941
30899,7635435.788082825
30900,3421099.1601183033
30901,6683705.465546078
30902,2151249.9484313764
30903,7310108.528522028
30904,8170072.228741797
30905,6248910.9079666
30906,5651940.987002674
30907,13215874.727712732
30908,4487828.522571568
30909,14276218.520184409
30910,8142814.984301657
30911,4332414.335012194
30912,7102981.613506559
30913,16778747.13376463
30914,5891669.185961953
30915,7837778.095426917
30916,6471774.246826006
30917,9248052.268355167
30918,7022134.537213702
30919,4225657.741001781
30920,5096810.5708439
30921,4249492.3217016
30922,6046423.016475078
30923,3977591.0888464814
30924,5411241.063144483
30925,17269944.39006509
30926,7381747.226471455
30927,7976346.07618153
30928,5107581.559896288
30929,5378423.14000289
30930,9865200.549765483
30931,12420955.433087869
30932,4726358.883967102
30933,4800057.046675068
30934,14826401.107820464
30935,7613598.533116492
30936,7760663.327483693
30937,9526256.13989435
30938,4323218.945942027
30939,10115530.638706772
30940,7391547.759435633
30941,6675210.342120445
30942,3954754.136875393
30943,7366157.135284774
30944,5619129.572853718
30945,3817926.324905934
30946,14849280.344875172
30947,7615479.789865093
30948,9056452.39525091
30949,6909222.787370306
30950,5900937.964464091
30951,16280686.393193543
30952,8210597.5727077825
30953,10302975.560051862
30954,5383813.797011598
30955,6669735.0083944015
30956,7929773.474057185
30957,6025140.054498098
30958,30178369.8517472
30959,8902548.935203273
30960,7318737.578410638
30961,7796894.92212494
30962,10651831.65917413
30963,4300860.618960557
30964,4267173.048358168
30965,7695301.682597999
30966,13216999.71752384
30967,11607137.24162256
30968,3557432.4703129428
30969,3822594.238797948
30970,6807438.518159791
30971,11760754.842726251
30972,3841137.924355102
30973,5228236.706662015
30974,5499358.088299473
30975,8206828.054355401
30976,5636508.706245629
30977,7583975.047084128
30978,7843987.393884579
30979,3752686.506998466
30980,7771200.021973612
30981,6394555.692903516
30982,7394992.992253973
30983,4392886.32332637
30984,6268976.493680667
30985,4127821.738439649
30986,11118716.634805776
30987,9506215.198664429
30988,6814130.909116487
30989,7926422.788011324
30990,14008392.591386806
30991,8433815.239295715
30992,2937170.0587242455
30993,7600348.515136018
30994,5301230.90716227
30995,6765768.928696936
30996,6291098.30768142
30997,7854449.890309484
30998,6169060.721152294
30999,6545167.070337871
31000,7733318.949670247
31001,6862891.547873628
31002,10287788.947083442
31003,8555134.852758126
31004,4647755.481628978
31005,3156554.6121648215
31006,8035291.208160332
31007,4739826.504076155
31008,5326930.516268402
31009,6384673.887833464
31010,6511423.150275396
31011,4634527.008933421
31012,6560556.001004135
31013,8154374.012974103
31014,13210829.292086953
31015,7192139.789586749
31016,4600422.448218069
31017,10190341.311935168
31018,5381424.931794564
31019,4758868.082962087
31020,7958888.0035639135
31021,13632268.539119754
31022,26086984.23899012
31023,10843113.295676429
31024,4766419.19737521
31025,6590992.782947012
31026,6247541.611025268
31027,4898729.759234213
31028,4000315.1020747316
31029,8053275.564823291
31030,7679957.940373285
31031,10601026.707241816
31032,10404040.514832018
31033,8843127.100953456
31034,7405132.530517027
31035,11510492.775359312
31036,6519424.803467863
31037,28376929.042413697
31038,4613571.554844009
31039,8985413.037508408
31040,5896086.050340478
31041,4517952.143556877
31042,3468064.094003805
31043,6288832.988599105
31044,8263225.6461938545
31045,7345818.279263454
31046,15532055.705753189
31047,8196889.503098313
31048,6299182.375875815
31049,5724635.059623236
31050,7988058.857136119
31051,6945698.577515518
31052,4410518.606937746
31053,18038271.67873089
31054,6717027.124170923
31055,5542419.282142373
31056,14097600.640747929
31057,5402387.366239062
31058,7949820.396200572
31059,3111888.2999011916
31060,7833226.711548161
31061,6862992.122804705
31062,7013386.898353683
31063,3874014.0666871313
31064,5604192.712332251
31065,9735705.926615942
31066,4769209.745263141
31067,8268229.254624286
31068,4512605.758650668
31069,5030186.6805517385
31070,5403850.523896387
31071,3729773.6804054617
31072,8527952.895207705
31073,2073480.2210007668
31074,7133507.8970521875
31075,5288334.098004232
31076,6539953.109655117
31077,6223745.119214643
31078,4740321.712406342
31079,5816318.158355765
31080,7233481.042134875
31081,3050156.651700156
31082,11660966.922265349
31083,5642350.789890012
31084,10180684.614036132
31085,13335371.56510668
31086,4110747.0482335654
31087,5014562.196713527
31088,7500998.09542839
31089,6919106.006102059
31090,41923167.965262644
31091,3088532.357550846
31092,7744536.038275246
31093,6898547.7174556805
31094,6346898.513966419
31095,5247253.839232112
31096,20828727.211493168
31097,10958203.57709314
31098,11204936.980154786
31099,18704782.140690286
31100,5020482.581608657
31101,3959247.2028618045
31102,6498876.596433002
31103,10646968.07483106
31104,5204349.678913748
31105,8786935.886066295
31106,4744256.244038839
31107,9120949.554345774
31108,6904885.326942697
31109,6136576.767597676
31110,10017966.198629836
31111,10480215.211925419
31112,6203429.311106828
31113,3675135.5580995707
31114,4865666.658150557
31115,6130557.016861203
31116,6189569.044628474
31117,6350849.312750449
31118,4456691.736979744
31119,3383781.783918675
31120,5427330.408761538
31121,6086693.453426382
31122,5751026.000219196
31123,5701069.965835061
31124,5474376.69937069
31125,14134957.59146232
31126,19602854.712758984
31127,6075502.847128917
31128,6185881.75068933
31129,6295933.398731701
31130,13893897.330475627
31131,7909781.791536589
31132,9061516.973916994
31133,11408062.330655001
31134,6788276.3491686685
31135,9600223.245666012
31136,10227555.753875824
31137,5278935.05509375
31138,7699385.133180969
31139,4329298.094368069
31140,7518276.019862703
31141,5936163.762300401
31142,10403791.60076191
31143,5633912.837443145
31144,4268061.887104089
31145,6255505.936901241
31146,5585672.94129713
31147,12915516.220193917
31148,6799340.081195296
31149,2213502.3839112706
31150,9486999.71684497
31151,4957845.717246387
31152,8906181.201618642
31153,5902707.255362353
31154,17199051.46495167
31155,6019999.921564571
31156,7737116.58618192
31157,4522080.366874754
31158,9279922.1410304
31159,6567304.75297555
31160,5624698.220779177
31161,3788923.310470157
31162,5030404.897727562
31163,6199749.760676552
31164,6459102.856751606
31165,6812218.407555361
31166,6132518.437613439
31167,7248410.045331729
31168,11653026.191517657
31169,8289824.951477968
31170,5605463.245837062
31171,12197509.614150688
31172,5943894.962072932
31173,11277138.468487004
31174,8489281.96628694
31175,20087822.03762923
31176,5569456.008482478
31177,9400927.615816103
31178,4537687.034965389
31179,4630766.694766428
31180,4444194.2934558205
31181,9213174.487796614
31182,7384936.790093098
31183,9251743.399446078
31184,5780690.636302277
31185,4722211.811103367
31186,8970390.573130224
31187,3709647.761496662
31188,5707720.088227915
31189,5513066.961408862
31190,7673536.290077925
31191,14286902.928994088
31192,4173915.795137834
31193,5882961.5515338285
31194,9832983.871186258
31195,7622778.649484045
31196,5266013.868852079
31197,16314915.953034878
31198,6016854.293514274
31199,7364720.48645019
31200,11704927.698137216
31201,4466449.687338799
31202,4239853.506097029
31203,6960468.702513372
31204,3934562.0107677113
31205,9081450.056627724
31206,5971783.286453615
31207,4467172.303832537
31208,5073542.607505158
31209,4601130.9168199515
31210,6271827.386577808
31211,7471601.071380099
31212,5529689.160022096
31213,11705041.717124354
31214,7647522.537663867
31215,5551329.670672767
31216,6317948.295779169
31217,7934740.881465957
31218,9077212.972948823
31219,3926889.2185629345
31220,7164062.283114034
31221,4237684.068374366
31222,7058239.020815692
31223,10733694.94029139
31224,7510386.128254213
31225,13410141.472944546
31226,6692483.1167919785
31227,10354139.40431
31228,9292843.203571107
31229,4448870.876601304
31230,5785434.875978379
31231,4683062.939424513
31232,7998065.979421777
31233,7146789.346763185
31234,7067434.736346797
31235,6080117.461147454
31236,6854290.639046909
31237,11109128.171998812
31238,7332045.125348148
31239,11843395.363430042
31240,7019376.331752393
31241,7130863.754871759
31242,8081355.059800314
31243,4182295.3421644974
31244,8028180.781192892
31245,8802847.14247211
31246,10411175.153165845
31247,6354431.506527943
31248,6681701.073106333
31249,10888844.275703143
31250,6131636.071477024
31251,7846588.874278951
31252,6888896.181995391
31253,8709220.838742586
31254,5681026.308236406
31255,13426385.856071727
31256,6893833.664978913
31257,5701244.463205822
31258,9496248.360379484
31259,11625705.737639375
31260,7367051.139545508
31261,24739752.058967046
31262,6301276.89308005
31263,6816199.387264023
31264,4480807.252100795
31265,10705327.648388935
31266,7415569.220015863
31267,4478418.513750738
31268,4656621.069930966
31269,7750475.072355275
31270,4602084.503725411
31271,5886132.814197594
31272,18764478.505825613
31273,7597765.365601152
31274,5822073.994889302
31275,5825356.928831215
31276,5769590.446815548
31277,5097948.548663237
31278,15754361.011406224
31279,15555168.522075007
31280,7193307.309055497
31281,7745984.042124088
31282,13712260.918872753
31283,6931428.85733834
31284,4172571.2088036765
31285,5889219.722774411
31286,8173432.815779314
31287,11113527.566426607
31288,4648076.459109866
31289,8639868.191413898
31290,6348890.5174865555
31291,6161553.613697382
31292,4073398.391925101
31293,7965102.97849905
31294,4291890.365413189
31295,22130154.317356586
31296,10432707.289212191
31297,7367470.254748434
31298,3843436.2690654956
31299,10745662.306770284
31300,7179076.109435691
31301,7127816.589855842
31302,5253267.237014198
31303,7948558.80865327
31304,7714116.488443174
31305,8560952.477718808
31306,3060423.9040318015
31307,6902066.894162858
31308,8852544.707031287
31309,8831246.690736465
31310,59458202.94086104
31311,5417637.062057296
31312,5048636.969419585
31313,11649600.208101772
31314,7123471.75445366
31315,10963410.703705274
31316,13672346.83575323
31317,21463876.64057496
31318,8739557.98498186
31319,7461359.636264538
31320,6039053.043564457
31321,7899952.727611823
31322,7169595.801024242
31323,8261610.59453965
31324,6307395.753318156
31325,6196855.291816232
31326,5399948.90967988
31327,8145960.125752695
31328,14893551.449061794
31329,6123643.8157162005
31330,11502636.74731165
31331,9431738.662788784
31332,5608854.124772315
31333,5230808.73290642
31334,4654093.7902904395
31335,7623974.4139493555
31336,8570117.171376364
31337,7872081.245119617
31338,4932537.872355931
31339,4765537.888200308
31340,6428573.413231927
31341,10623587.30267459
31342,5018895.738106835
31343,3633346.55773179
31344,4130613.1839664746
31345,5306109.531383577
31346,4030479.7721840716
31347,8639941.724855226
31348,13288771.725764904
31349,11558901.316864932
31350,3630858.28207376
31351,5830949.22562611
31352,10537781.454826517
31353,5005024.215661512
31354,8250560.072894047
31355,10303933.437108822
31356,4730713.340407827
31357,5570580.764984297
31358,2775256.336837113
31359,7125061.7555834595
31360,10824320.057574734
31361,4424459.999280988
31362,11088725.1082092
31363,5955615.434920854
31364,3507013.5918774824
31365,3838483.449929689
31366,6958992.84469823
31367,10002999.768539254
31368,6411374.304101104
31369,5117728.966412949
31370,9700982.02778664
31371,9001546.631340377
31372,7783372.066685451
31373,4974112.688903145
31374,6568032.988023296
31375,6220839.184711941
31376,7289146.367787829
31377,8280640.151555952
31378,5624120.022834869
31379,27744086.55828839
31380,4539451.788315103
31381,6324455.834882046
31382,5124418.265331258
31383,8087068.043682514
31384,20747893.63246464
31385,14650116.21210688
31386,9806823.823501049
31387,11007417.00112535
31388,5354760.838404331
31389,4908237.823827561
31390,7299055.738181362
31391,5784290.136403568
31392,8367387.260707494
31393,9067484.62122427
31394,5309859.131472112
31395,4115528.748777735
31396,8844741.12021727
31397,7842786.509478534
31398,2417202.4312489172
31399,12264271.560182206
31400,4265832.154842027
31401,12498517.220539546
31402,11789670.281389723
31403,5618328.418863896
31404,4556906.595910786
31405,4285069.145402772
31406,6428411.9184303
31407,3490394.622577643
31408,6814474.821875046
31409,4296236.843094943
31410,10724087.63265321
31411,7733112.844812987
31412,11465499.331496175
31413,7467882.713562631
31414,4442675.906593435
31415,17692416.014742456
31416,6196587.917795265
31417,4541127.650185328
31418,7551128.01082012
31419,10001292.142190311
31420,10683278.486853682
31421,6639214.598781522
31422,6181823.64765942
31423,7889789.865877967
31424,20581008.99402698
31425,5993237.802992917
31426,4931437.661750208
31427,6247318.644414976
31428,7382985.391989658
31429,14031088.0644346
31430,5472652.225469667
31431,6225810.03359261
31432,5325671.164773906
31433,6243383.6176719135
31434,4275534.561302331
31435,11936042.504439022
31436,10115037.101607604
31437,13951883.674300203
31438,8791552.550356667
31439,10694239.354264883
31440,7216043.581599859
31441,7023293.378098482
31442,8058816.126716317
31443,12616027.075747354
31444,5883568.256649381
31445,11428699.006025843
31446,13200693.77164199
31447,6121905.454971513
31448,7803480.967067472
31449,8847923.30605504
31450,7015510.287930762
31451,7757441.567630955
31452,12623439.981846472
31453,2885082.320547994
31454,5586603.9462620765
31455,8133526.950385075
31456,5638853.117431229
31457,5335129.056531895
31458,18730343.89846477
31459,7395543.95179568
31460,5667028.743156232
31461,4544942.484201773
31462,3871534.3915836285
31463,6134810.556105775
31464,8283959.428151735
31465,5357041.643724514
31466,58481772.950255476
31467,3743428.4093687506
31468,14418275.931144726
31469,5465872.618961994
31470,6137551.4152266495
31471,14981156.224557394
31472,2778387.260747505
31473,7591376.702953034
31474,4024836.372974496
31475,8194627.0879664775
31476,25294305.311220426
31477,7239574.690014414
31478,5128609.1211672425
31479,6254469.955423971
31480,9914823.008417724
31481,9510988.924029801
31482,10723278.066049542
31483,9262953.343129346
31484,6531937.210505122
31485,3816482.7300949036
31486,2932456.0295922905
31487,4927182.668283268
31488,16933989.79134952
31489,8057856.474181319
31490,4601028.044382138
31491,6095147.572897138
31492,8101724.039307635
31493,8974469.869478373
31494,5465317.556138855
31495,5647971.6541535035
31496,7857810.547970356
31497,4988858.9713654565
31498,6575262.769530039
31499,11975637.339731868
31500,10780357.34118383
31501,9331121.784294862
31502,10256264.902670836
31503,5854852.5592754865
31504,9906261.840513516
31505,22196406.884660736
31506,7684300.216192885
31507,6846765.374211778
31508,7083604.313467072
31509,5846668.212480386
31510,6016567.041499051
31511,5525063.072645592
31512,6616126.559049037
31513,20397712.985596474
31514,28419958.744985554
31515,2309443.0333177918
31516,17266183.416295465
31517,6267973.499585132
31518,7803581.30586259
31519,6567018.75362633
31520,6995301.958998156
31521,4684185.302202077
31522,4653257.342044038
31523,6607804.407840037
31524,9957822.794951688
31525,12785466.210126694
31526,6337346.49319329
31527,6833571.378638871
31528,4473396.123304409
31529,6069331.835115899
31530,7192702.775411491
31531,9841409.355759569
31532,6309579.035726819
31533,16279087.484167382
31534,7601208.457893838
31535,10841275.515753713
31536,7293889.059721047
31537,4621110.989008266
31538,5794040.856702026
31539,3838895.7476911265
31540,10292390.318023
31541,2903095.4999822173
31542,5782479.492452551
31543,3893892.66308483
31544,5603419.6445918
31545,8371449.822631275
31546,14099988.066126518
31547,5940205.0623394605
31548,5213027.431712599
31549,6178585.137762095
31550,5279044.713669709
31551,5947342.857498063
31552,7477257.9601227045
31553,6876170.1773326425
31554,7885622.073754673
31555,4213731.58116538
31556,7865054.2313844925
31557,6280170.221788283
31558,11127787.168794494
31559,2977160.2737932233
31560,7786135.839265884
31561,7544247.636786856
31562,30184105.42402505
31563,3955872.8528691013
31564,8902019.905773655
31565,10060861.45800171
31566,5935410.612949071
31567,23035545.871796906
31568,5963906.750214342
31569,7698285.830695904
31570,7622063.4810516685
31571,6391332.489184295
31572,3854655.2389861504
31573,5770264.966175958
31574,11790039.431910634
31575,6278783.16162479
31576,6785633.3694404075
31577,5555657.770747602
31578,9451191.813134404
31579,6251951.897173016
31580,7495574.914830637
31581,5619856.318277611
31582,6267571.798335345
31583,8943516.912937714
31584,4736224.646130258
31585,7557710.5332692405
31586,14590035.743454892
31587,16681135.331585152
31588,9648476.965541098
31589,3736720.96930946
31590,5645716.251030409
31591,6696136.526557634
31592,8458966.076861955
31593,7979693.491218597
31594,8047747.242223467
31595,5201428.913720023
31596,3938620.26669401
31597,6074742.132689768
31598,3757320.3066892247
31599,6522672.39549908
31600,7339640.867454934
31601,16238689.381452024
31602,5942562.9987926725
31603,15668764.27047324
31604,4772161.423985152
31605,5671264.613170268
31606,7027522.444170663
31607,7519284.868962111
31608,5934028.252594831
31609,5441507.591347332
31610,7949446.592725041
31611,6098017.766768804
31612,5749142.905123131
31613,5584255.9404894505
31614,15396528.310478473
31615,10606174.185218908
31616,12326041.624274395
31617,4932598.232190429
31618,7735825.322002708
31619,10568839.506434282
31620,4681145.775491492
31621,6608991.41894026
31622,37019631.32652757
31623,10433147.955137283
31624,5612129.990524649
31625,10175674.752819423
31626,5325879.062046585
31627,7639351.722753958
31628,11676400.12249677
31629,10257574.21808913
31630,4168031.286960858
31631,6689909.114022498
31632,18126255.801005147
31633,5295772.522774094
31634,9173413.50329187
31635,14570113.136199094
31636,6141778.001546215
31637,6004050.640259789
31638,8061790.779623634
31639,4210180.370918399
31640,11673456.821029533
31641,4495085.174265183
31642,3130841.38341043
31643,5686490.381028589
31644,11088559.017749205
31645,6192508.759931443
31646,9566281.816413486
31647,5572282.074508553
31648,12653327.376476087
31649,6032786.177524886
31650,6271911.348742725
31651,12744903.002980908
31652,5837625.1432252405
31653,5534214.224708153
31654,5419612.70222206
31655,4404070.293828242
31656,22844504.285772525
31657,6870841.2399966
31658,4675940.8326512035
31659,8164859.127698874
31660,5436809.41948833
31661,5385649.954642565
31662,7692122.136553501
31663,4410576.209766374
31664,4096386.46043553
31665,4731384.476029185
31666,5500169.843117602
31667,8413304.936215093
31668,9680778.492363652
31669,11575949.737618065
31670,7753665.592368488
31671,6114620.695423126
31672,9347309.318157954
31673,7530888.98783041
31674,8631035.527214339
31675,8541276.832677135
31676,7706857.459323213
31677,5448029.708683137
31678,5120057.1739136875
31679,8539869.130728414
31680,7051683.770531371
31681,6669985.91740288
31682,3378765.6856342833
31683,7453155.944280855
31684,5677104.480890656
31685,3849378.0201648027
31686,11050181.303576495
31687,12553808.461230716
31688,11476977.397648482
31689,4331291.204531442
31690,7346636.963035708
31691,4062433.155341282
31692,4918654.704604807
31693,6048280.712859298
31694,8447762.51685911
31695,7784167.452596667
31696,3584907.3506379067
31697,5617470.032806893
31698,3604502.052464532
31699,5620720.246368054
31700,4929380.969601464
31701,9941921.438115703
31702,6070582.18521352
31703,8958585.628613632
31704,6234932.242663589
31705,9204338.697584126
31706,5250366.507695605
31707,13055423.248526849
31708,8168810.189384352
31709,5753455.10056006
31710,12585037.619127166
31711,7798688.870222176
31712,7101642.937860828
31713,6147429.307646007
31714,5999567.42564433
31715,5626036.7582049435
31716,6307987.356775858
31717,11189806.123353614
31718,5536810.749953958
31719,8284691.026550401
31720,3751767.8563635224
31721,5032152.285501873
31722,5772538.624918796
31723,5426641.075139338
31724,5897593.955393155
31725,5642635.307558455
31726,14177249.144272586
31727,5810598.455751205
31728,5026921.795542109
31729,7262906.225231893
31730,3623497.7914538933
31731,8049754.890487942
31732,7691154.012436649
31733,3819823.954959193
31734,4671475.69531699
31735,2895992.2246337947
31736,6513745.984946955
31737,5891301.052314404
31738,6034524.216482889
31739,6193934.674653135
31740,7512977.132360873
31741,11659607.507687418
31742,15181740.37812273
31743,8119936.098032474
31744,5624843.169940275
31745,4112817.903834292
31746,10477637.83837329
31747,5582786.8229762
31748,19399772.005079616
31749,6357725.856038603
31750,9330502.490576614
31751,8448538.142489316
31752,4689369.418597556
31753,3812274.460708656
31754,7732544.955839886
31755,10020784.41556783
31756,2204408.0127741513
31757,5927728.644096608
31758,5755921.664379598
31759,7110119.422547403
31760,6736218.8332792185
31761,16295282.394396992
31762,2769879.4960149927
31763,13203764.758943362
31764,6037544.650029742
31765,4096609.035503803
31766,8781192.027218265
31767,4083537.426911214
31768,7783758.353840201
31769,10635588.575604834
31770,3704503.60583775
31771,4361703.870659461
31772,8517596.902625086
31773,5553161.46003463
31774,7202583.500450831
31775,10636223.841232894
31776,2158339.2718722816
31777,4654077.300265264
31778,10607022.142236952
31779,9906606.609895268
31780,7702382.591566131
31781,7353212.417813859
31782,6815288.732339222
31783,3938706.6629644246
31784,5344370.620889348
31785,5271154.7198500745
31786,5462391.357964968
31787,7367309.981508731
31788,5851630.155924398
31789,6736065.357002493
31790,4233680.4227958135
31791,8985605.558991775
31792,7916976.314596126
31793,8795493.211122185
31794,7536682.030514397
31795,5782572.680168484
31796,5125425.960417157
31797,13212845.591342662
31798,8286502.806352982
31799,4804826.8527979385
31800,5817637.223394067
31801,3625861.9643099857
31802,6879571.330280931
31803,7708529.90581894
31804,5388990.673398149
31805,3471209.561601726
31806,7377210.242492932
31807,6892423.497003042
31808,8878846.079527501
31809,6826591.775571022
31810,4554935.49390724
31811,6968336.588934433
31812,6345737.37867708
31813,7119994.830581927
31814,5220835.580940733
31815,6644436.882870321
31816,4956203.961378589
31817,3782338.893377331
31818,6550118.913165897
31819,6513067.435221487
31820,10636424.114250794
31821,11577199.8327187
31822,5262909.541871948
31823,5521232.676430126
31824,4043134.527299728
31825,5445168.134491594
31826,6123190.976799617
31827,7877637.9762039315
31828,6080025.170311329
31829,8996651.384858254
31830,6529186.800394842
31831,3633249.6786998026
31832,10696904.020087859
31833,11453587.080117803
31834,7175811.548123735
31835,5208341.038222947
31836,7487973.905552184
31837,4159211.101551448
31838,8196918.162679678
31839,5330737.369176098
31840,9496458.099882327
31841,5606013.408703789
31842,7928934.17437719
31843,3888987.6659993962
31844,6705222.711552198
31845,9111329.16583577
31846,5432353.266759347
31847,4910086.857022307
31848,6162106.852188311
31849,9103001.796660647
31850,7111534.537064349
31851,13160882.858783774
31852,8450974.1518449
31853,10158599.518296642
31854,7010352.330978904
31855,5022391.016713987
31856,6025728.706048601
31857,8934485.613828389
31858,13575117.12920201
31859,43398380.29034456
31860,7817943.091428896
31861,16508814.013433134
31862,8030539.8845431805
31863,11312447.47863311
31864,3762472.177165732
31865,4872340.391844469
31866,3128452.8871376053
31867,7840308.265549696
31868,5308937.184297453
31869,10704611.783582322
31870,3556776.9223373826
31871,5534290.925336588
31872,11489850.901007077
31873,7056836.243270993
31874,5650700.538312038
31875,5979091.650985635
31876,5571122.251818488
31877,24930058.054005094
31878,3308204.897030533
31879,8959078.578480514
31880,9091375.059900075
31881,5242223.80081874
31882,12997957.776945347
31883,5571122.251818488
31884,5558258.819031499
31885,5812354.327257085
31886,8143990.94494397
31887,9276400.25027787
31888,4291325.797732935
31889,12838827.355329541
31890,5480719.701182144
31891,2955437.5134259006
31892,4294650.173759042
31893,19605113.946054433
31894,8124030.66309276
31895,3887486.00530949
31896,4282405.751830913
31897,3673187.3505984987
31898,4715148.954615909
31899,4520296.64427891
31900,5837998.274196466
31901,7777753.731924144
31902,7970284.43890879
31903,5916969.230602778
31904,4689571.631717656
31905,7305116.908712675
31906,4594550.56833173
31907,4364851.109163063
31908,4151809.637513665
31909,7194283.449797604
31910,4583984.86229095
31911,4322255.302903563
31912,6837828.363548834
31913,7112025.821640829
31914,6455024.593524976
31915,7776450.742330513
31916,4726210.897425639
31917,6253364.4407614255
31918,4680980.863532577
31919,7354562.336771835
31920,4415234.782963702
31921,5694209.006574887
31922,5724351.08670666
31923,11578160.585069358
31924,12522707.508161407
31925,6980140.216230802
31926,9861524.110287946
31927,10698479.43044187
31928,8026384.706132679
31929,15964057.554246427
31930,8935826.98001091
31931,6425753.994842728
31932,8601656.531052321
31933,7441464.2736356445
31934,5764719.737686718
31935,5722360.992737991
31936,3863926.955540784
31937,6815011.566729634
31938,5492941.40205527
31939,5816530.247147166
31940,7892551.8839433305
31941,31591308.159009304
31942,5878632.243956697
31943,7765811.390003836
31944,4414584.324997473
31945,5867715.003847315
31946,10228208.152142376
31947,8008911.033563823
31948,6998500.641406364
31949,9842391.051205002
31950,10640858.950326756
31951,5193339.467280114
31952,6195711.799602782
31953,3842788.136151059
31954,11143193.838909438
31955,5018147.171902662
31956,8685909.706553668
31957,4524822.271921761
31958,4297317.229105146
31959,12593642.454549184
31960,7358640.178358255
31961,8011209.4691681
31962,5015357.9073296795
31963,6821783.995218701
31964,5407280.445418683
31965,6577682.442657156
31966,15185553.321898729
31967,12303559.915895624
31968,7440546.831167335
31969,25457845.39002917
31970,5495484.482763248
31971,4577584.807040679
31972,5305426.173942167
31973,5534730.057665701
31974,7982662.17668327
31975,4368273.928481117
31976,4757657.499424716
31977,9670501.468424806
31978,5917369.537125691
31979,5399073.888345951
31980,5363622.617284169
31981,6412793.628354623
31982,9258055.26043624
31983,10317877.301923998
31984,7596598.865312342
31985,5408533.678711024
31986,4656663.883692836
31987,6317599.339450742
31988,7738688.0681188535
31989,13733518.633543275
31990,3600027.5462612896
31991,10353089.762971213
31992,5340834.498394994
31993,8294702.249071355
31994,7906552.817266542
31995,7435459.659432463
31996,11336823.873496858
31997,5810059.237911058
31998,4315328.212261185
31999,5855979.283709743
32000,6787953.311434287
32001,59692961.72759422
32002,15916093.752548326
32003,10072072.34983636
32004,7889831.089744256
32005,5413404.681561376
32006,14785645.273141515
32007,10766203.112959068
32008,6882723.935311907
32009,4367284.601787117
32010,7994997.251373816
32011,5873902.380542786
32012,2114975.0617317343
32013,6202410.661800065
32014,5532813.149282057
32015,7975974.320989426
32016,7389017.829983818
32017,10578967.716953384
32018,6782340.021042079
32019,6126266.444496604
32020,6170294.565928573
32021,8095182.50176292
32022,5394540.340123472
32023,4361368.574051834
32024,6487783.125904365
32025,6070720.247820577
32026,5030326.184348467
32027,7745708.348891013
32028,5584001.76300371
32029,18776736.425189767
32030,4108228.8921908843
32031,4312408.434648403
32032,8589926.381441973
32033,7386422.875613311
32034,4345485.0497387
32035,7061234.212392797
32036,7723758.403799886
32037,9273388.937523229
32038,6048341.047055419
32039,8493288.449020082
32040,16163451.878054839
32041,3547563.7325911466
32042,7046866.604715335
32043,40875430.24875293
32044,5966261.545648857
32045,3832850.0878115506
32046,8085601.6965027
32047,11478966.569821838
32048,13761894.812253222
32049,7666683.450840065
32050,10676531.611479279
32051,8110334.495926124
32052,6780440.403567748
32053,9433711.399786577
32054,6367699.098049427
32055,5008912.174144812
32056,8103877.724136089
32057,5322700.90591708
32058,5053937.83366006
32059,5835884.653266018
32060,6423108.8608823065
32061,8580083.951046733
32062,6796461.632165579
32063,6106538.069922012
32064,8992829.107113196
32065,5756364.589927803
32066,6839951.421421031
32067,3997908.8414001223
32068,5537077.8982464485
32069,3186184.63921064
32070,11190816.535450043
32071,5105190.49340534
32072,4417220.559102422
32073,3778172.7610408077
32074,6315425.602378808
32075,13315219.088232126
32076,21200961.976457205
32077,9414585.55667084
32078,4461496.181959596
32079,4652844.630983921
32080,5939529.949245113
32081,37359681.540922284
32082,5379678.743316554
32083,3977850.184598198
32084,6013238.09751969
32085,8566469.591633271
32086,8736436.216251716
32087,5722329.391869289
32088,26506405.933616824
32089,6310608.06754874
32090,15477839.929541742
32091,7716943.246500369
32092,6287296.930411877
32093,5511168.0807881085
32094,7994163.50027195
32095,6361491.731644098
32096,3770602.748274967
32097,15252687.287502361
32098,6762964.364260326
32099,8868277.493425509
32100,8039277.850801622
32101,5522206.183355255
32102,4606793.7410331
32103,4154908.8503213706
32104,6417920.333560138
32105,7485325.7463360345
32106,7766666.100175583
32107,6193570.335050181
32108,4088690.7122072387
32109,7088071.974633083
32110,4413061.430935639
32111,13344843.43885608
32112,20362339.041488074
32113,9320780.386911836
32114,7010571.761944134
32115,9105211.318819242
32116,5642187.660828358
32117,9388557.021578886
32118,7713143.999458843
32119,10275372.010878757
32120,11601803.234416183
32121,3263045.4681195393
32122,9099759.517877946
32123,19975668.792923864
32124,9048965.095927464
32125,11494227.753190232
32126,6348315.093325158
32127,8233188.85245013
32128,7217395.82382713
32129,5886035.150278298
32130,3628338.547650974
32131,13856429.629726276
32132,2144321.718722548
32133,4387725.8293120675
32134,4235416.287617649
32135,6808538.631989942
32136,11781635.046492605
32137,8080590.239414091
32138,7126685.114331088
32139,7112114.020193838
32140,6074011.321765031
32141,3053193.4749363144
32142,4747713.35014733
32143,6908397.204371103
32144,5102084.068438438
32145,25784700.880180094
32146,7983640.412736792
32147,5441481.323187141
32148,5583447.180963907
32149,11084108.7133133
32150,5596569.823710501
32151,10599182.749975834
32152,5766469.569640018
32153,7840399.007185583
32154,5097007.44484922
32155,7677050.676856822
32156,5100304.748655795
32157,14520656.870333133
32158,10948187.654866755
32159,16768679.865149098
32160,5606775.493601369
32161,9351799.911185913
32162,7668343.511577198
32163,9148239.150598029
32164,15268868.78322344
32165,11094079.709170852
32166,10632278.89369053
32167,11983175.718466168
32168,7141312.722889919
32169,4439379.966797825
32170,12254939.196667267
32171,17943562.333505612
32172,8492156.217586203
32173,6519723.939121646
32174,8769385.856116585
32175,19296531.354922444
32176,4873361.4933703225
32177,11444046.080302611
32178,6440208.708487359
32179,8179433.809697713
32180,6751016.312531249
32181,6824522.17009225
32182,4665758.327685466
32183,6351440.197384309
32184,13827497.527517946
32185,6385819.6122923605
32186,8448829.364901401
32187,4472181.779538926
32188,8447010.845650375
32189,4238774.062953593
32190,5824677.3428155435
32191,5253061.833009959
32192,18109481.901669618
32193,6421941.955138608
32194,3934443.084983713
32195,14697372.68205863
32196,13963387.089527324
32197,12562499.154075768
32198,7756347.665005481
32199,8759845.906320259
32200,8631292.551652484
32201,9454600.82655
32202,3859935.7334942264
32203,3448265.248610476
32204,6639105.805073982
32205,19247097.12759893
32206,9318634.19145485
32207,11065978.248990113
32208,6651350.920927719
32209,5514791.59429919
32210,6243115.316305745
32211,55347228.232884854
32212,6284312.772837276
32213,5879397.187232009
32214,8426006.144554868
32215,6830237.173881479
32216,7108886.572790992
32217,6238423.893820331
32218,6278275.511137383
32219,12362017.22087597
32220,6508973.9381903745
32221,8696700.789900107
32222,5005983.307154729
32223,4896545.595257166
32224,5955492.563730268
32225,7136771.932553173
32226,9199329.225953989
32227,21415538.50365486
32228,12031977.915916514
32229,23002889.794898756
32230,5511891.632320516
32231,19567529.191843614
32232,4321838.934090866
32233,5912348.580595839
32234,10493732.757382372
32235,26357757.287996206
32236,7319307.447666216
32237,52088527.37147975
32238,7336556.680668613
32239,16031633.751801407
32240,7380939.122662577
32241,5555641.482668134
32242,5294619.458253482
32243,7399139.457081067
32244,5118626.729429196
32245,7761682.667708088
32246,7270024.596201685
32247,7445630.306135244
32248,9603423.364298398
32249,7453923.374789857
32250,6176456.247576158
32251,4818425.032839366
32252,7046682.587751307
32253,9717371.74654468
32254,32115856.143304273
32255,6269522.866528322
32256,7252154.005297271
32257,4339792.256406926
32258,7190867.387170235
32259,6039687.63180923
32260,8941759.014524294
32261,28398751.82635346
32262,9429374.874468938
32263,5406195.396815027
32264,5305728.587963502
32265,10656546.507616924
32266,12771781.303197445
32267,7204736.953634909
32268,3961706.45738219
32269,6264370.626580826
32270,10911220.326971687
32271,7374924.095847056
32272,3826245.429604732
32273,8841663.011060322
32274,5568037.934382671
32275,7236695.601252667
32276,10492145.849899048
32277,13967734.210042303
32278,8201699.062345839
32279,4541426.579375107
32280,5801976.807337061
32281,6456258.527432137
32282,10161146.494638514
32283,7965157.949230878
32284,4578316.430667069
32285,11323350.363293013
32286,10884228.06428544
32287,5624830.399439223
32288,5250073.129581556
32289,4817059.524496174
32290,9034653.495807221
32291,4745417.797737274
32292,7991277.801677736
32293,4675504.833930077
32294,11626900.651340008
32295,6270931.759639054
32296,8383407.9962220555
32297,10901253.352396635
32298,8735371.287002318
32299,3286444.090755794
32300,6858943.290391821
32301,13985394.278747495
32302,9475665.58754806
32303,7005386.831917294
32304,5627072.893707952
32305,5494628.359673827
32306,7418769.833021291
32307,16390201.613329746
32308,5005959.293019925
32309,6778464.781136938
32310,5885694.686704767
32311,7597196.335410043
32312,4532723.376998399
32313,5842166.706712118
32314,7075990.335842635
32315,13057770.50989949
32316,6059324.337818719
32317,13103721.590139607
32318,10825075.90584997
32319,4986239.195568183
32320,9747890.3838548
32321,7282456.483080775
32322,4446592.629165371
32323,7857953.319969937
32324,7490038.428863524
32325,5071558.528789516
32326,5626924.5445525525
32327,5893499.957585477
32328,8414277.180958726
32329,5675318.223590689
32330,6173021.904969285
32331,6498731.437583871
32332,6833823.822856457
32333,8656751.747317798
32334,5016718.020197874
32335,7784716.845267919
32336,9344557.4932369
32337,6546515.307830615
32338,5586306.289345284
32339,8245904.78794937
32340,6690706.448170697
32341,5735953.929058782
32342,5713939.032794249
32343,6567931.007136366
32344,5263896.963123276
32345,5874825.621117462
32346,5894144.99674626
32347,4891915.250114366
32348,7199206.018695963
32349,6077865.277694405
32350,15248525.568823036
32351,7110105.2375511
32352,10323193.706156248
32353,5735932.823649102
32354,7338779.666637334
32355,5859598.30417185
32356,6149255.489663331
32357,8082322.618734777
32358,6777720.553515472
32359,22811102.791145656
32360,5360034.782705683
32361,8639153.820054436
32362,10056141.110814124
32363,7266358.443286749
32364,5017466.063339566
32365,8251450.928901826
32366,7580981.869986503
32367,4435192.534259777
32368,4942341.142919077
32369,7229045.9951588595
32370,5048576.164966038
32371,7748124.9420972
32372,11500246.331899296
32373,9612132.17647932
32374,21119441.445191674
32375,5962363.609495891
32376,6340430.008378625
32377,6549949.94833361
32378,5991479.4575006515
32379,5003608.038160971
32380,8874333.258826127
32381,5132705.162930824
32382,11476437.676423991
32383,14632605.936161928
32384,5541069.917410651
32385,7984452.058407234
32386,10623620.838370442
32387,4426587.497463883
32388,5346437.2899741195
32389,11483786.163403807
32390,5093404.59399708
32391,7949810.645931761
32392,7656845.672314572
32393,7870466.139127735
32394,5483363.806983476
32395,5619759.836204952
32396,5243999.120586781
32397,7978703.926114606
32398,5956925.438777551
32399,10899244.407037169
32400,6659381.199963855
32401,8913298.244381689
32402,4341028.982283361
32403,11773911.828716941
32404,5210924.113431191
32405,16134012.383140827
32406,7717566.667982812
32407,7396988.796704872
32408,4665938.6075022565
32409,19974436.616309647
32410,5663621.665673182
32411,7785745.60281314
32412,10980898.214851405
32413,11519429.527278628
32414,14516519.32685574
32415,5792092.516047477
32416,11712858.851566192
32417,8719118.803707235
32418,6320468.021800028
32419,6299459.649217562
32420,6993369.10992804
32421,2103595.550363833
32422,4431215.435853723
32423,6150294.390938729
32424,6873704.705882758
32425,4626662.193099948
32426,9587943.358608555
32427,11951466.55281068
32428,7604702.20828642
32429,9350500.940008337
32430,4435188.499205721
32431,7415174.919409315
32432,9906631.977303848
32433,3870134.0574359526
32434,12146749.890895942
32435,6963708.035472868
32436,8609386.612232737
32437,8487891.692618096
32438,6696605.030651077
32439,4738357.255059533
32440,5916220.590852563
32441,3685106.6658761734
32442,10459812.908551991
32443,5887974.127344248
32444,4963250.936719171
32445,9091737.077173838
32446,9469915.827100454
32447,8928196.924758594
32448,6028729.544994812
32449,13859468.548022171
32450,6322434.68467579
32451,10115418.335351825
32452,6527006.950099822
32453,7372091.992197579
32454,4531563.115788493
32455,8399873.988660263
32456,5931515.91445008
32457,5891382.9806893375
32458,7852179.10098316
32459,10882966.130830368
32460,5763507.292219581
32461,12842010.590810286
32462,8384208.8889450515
32463,5072123.72384058
32464,9725968.70305205
32465,4588199.638460073
32466,9298727.159648245
32467,6255228.711736634
32468,8340594.447782467
32469,7234182.79485664
32470,11826453.085156228
32471,21890843.12071785
32472,6648486.733619095
32473,6327939.580947682
32474,4283316.427402528
32475,15366382.253920438
32476,6642542.4362605065
32477,4111103.189686089
32478,7920095.071747734
32479,4030878.324195005
32480,10810738.420851205
32481,4860655.074608221
32482,5497804.126043929
32483,10842313.20968119
32484,15104089.024469182
32485,15868103.171505095
32486,7464730.448211683
32487,6963986.534541981
32488,12892076.35130581
32489,11823984.59855102
32490,5266360.005960007
32491,7102340.254980179
32492,11646743.451188669
32493,8253253.248990495
32494,6412323.426930555
32495,6356916.007473065
32496,6215601.950063341
32497,7355769.1131473025
32498,14481353.103175104
32499,12553481.056284716
32500,4761229.889798695
32501,10648314.89664456
32502,8210280.64356906
32503,5551549.888736083
32504,4075781.978541847
32505,11017530.43579331
32506,6529763.1102323225
32507,3191344.4581749886
32508,7168739.769724429
32509,4605079.8076348575
32510,14111780.488794785
32511,4694791.333418954
32512,5692836.094804156
32513,5693442.754281088
32514,7326606.085903231
32515,7670393.93273708
32516,7722303.028264111
32517,10420473.69413081
32518,5036129.533421814
32519,4637214.263401709
32520,2150785.8327724757
32521,6516365.031781133
32522,6505363.5171713885
32523,8487577.696067693
32524,7506664.676853612
32525,5821306.752272467
32526,7753183.959460946
32527,8047264.089872729
32528,5511214.287021027
32529,6902249.947148269
32530,5682067.336258368
32531,6682126.836512632
32532,14954683.34924406
32533,6952322.278643964
32534,5010060.515931383
32535,6256035.542166108
32536,12399170.424972622
32537,7499485.55138572
32538,10113341.415705131
32539,6027917.137870569
32540,6648186.659919486
32541,11345709.485662695
32542,6080349.962989986
32543,6869609.82216535
32544,5626179.061519703
32545,5537703.5526638655
32546,12215044.132096678
32547,6351650.132012768
32548,4578009.575281018
32549,3986499.3693909915
32550,6820888.867571529
32551,5707533.643837904
32552,6568618.625641508
32553,6488260.596118986
32554,9150212.133769931
32555,9178101.78436963
32556,8773123.094401367
32557,4173488.664552896
32558,7489712.658976522
32559,8218595.730995668
32560,5803932.047508972
32561,5926030.66156479
32562,10290708.99845896
32563,5874716.316093816
32564,5207775.169374017
32565,8088351.642588364
32566,4816150.420366796
32567,5320745.616958075
32568,11180211.154450627
32569,7600399.445745113
32570,6165941.082997934
32571,6606174.731196534
32572,7392834.475024724
32573,8257845.949789235
32574,6537911.987707019
32575,5421128.990526586
32576,7731979.2513493765
32577,4575795.856318704
32578,6873580.86946618
32579,9334463.47408113
32580,5227463.60524835
32581,5036199.936056175
32582,7956881.9848721875
32583,8758451.263098337
32584,5129707.948586762
32585,5079152.067220209
32586,6485490.461073339
32587,6197156.820513452
32588,7427132.946946995
32589,2932530.1304468648
32590,8646011.59361709
32591,9024025.30897316
32592,3992251.296846409
32593,4008898.100953211
32594,4687652.060138235
32595,7614803.0485381745
32596,11419111.381862864
32597,6082036.313190637
32598,11024527.78444659
32599,7374090.077756462
32600,6769032.832600163
32601,6229650.152565299
32602,7665244.014631531
32603,6520885.31232379
32604,4339846.332819356
32605,5562919.677144024
32606,6423846.786441546
32607,7977048.375389212
32608,7536799.786832428
32609,7847909.037170765
32610,6464790.764233606
32611,6776152.040034641
32612,4176828.831423375
32613,5461809.463625501
32614,9385985.255633313
32615,4342975.799421269
32616,6613284.708248291
32617,7429262.734014389
32618,6393659.699577833
32619,4139694.5547601073
32620,7122664.130292822
32621,6297351.3617077265
32622,17537339.06287514
32623,10470060.047290793
32624,13995376.603814417
32625,9336822.314313808
32626,7280730.5842946945
32627,7653677.9959433945
32628,8658156.052063724
32629,12320925.193829672
32630,5535553.7307772
32631,5661779.868856099
32632,6239321.677115373
32633,7604072.013729107
32634,6184095.59096172
32635,8000685.362707778
32636,4617801.081928724
32637,8208320.231105398
32638,7252194.923717577
32639,7458629.729207086
32640,6030358.827290397
32641,6418244.1571879815
32642,6446052.866771514
32643,12080318.87435708
32644,7697054.641984483
32645,6059438.622608223
32646,7045925.391299325
32647,14276997.375525039
32648,6465566.010070614
32649,6665321.717118384
32650,7783154.659346161
32651,2156155.8750112606
32652,9965676.064211572
32653,10984025.15083849
32654,5641249.344397629
32655,13769805.573457584
32656,4880085.408388423
32657,5684876.293319738
32658,8008603.241795448
32659,3962158.7518731146
32660,7973720.430006874
32661,7620133.575300113
32662,12598379.976317989
32663,9144041.383997194
32664,10227241.062271219
32665,13704875.907633433
32666,7180680.541789868
32667,5956499.069924632
32668,6461839.467868957
32669,10902756.968451502
32670,7104470.259476703
32671,6306526.978327529
32672,4342656.189043684
32673,9051252.512373082
32674,5684662.627548646
32675,5521229.602074883
32676,6950642.199703934
32677,4151537.3892912236
32678,8601466.057577668
32679,4634445.156953287
32680,20994778.46734959
32681,8405214.924337793
32682,5982626.620597362
32683,12126203.764286507
32684,6421885.841994272
32685,6044903.051752464
32686,6023740.132921726
32687,5431906.148743053
32688,6509906.722471116
32689,6495550.9549188465
32690,6547310.065389572
32691,7799826.543040647
32692,13268330.038246877
32693,7777886.956047514
32694,7365030.866036209
32695,8653179.996186156
32696,3754097.8102157316
32697,6888163.874558842
32698,6473094.982726731
32699,5877882.811713276
32700,9149618.746175893
32701,11591857.605312034
32702,14281450.324243288
32703,8894091.84731005
32704,9979904.609678961
32705,8083894.891536183
32706,4986747.532306309
32707,7950606.094890808
32708,6229117.787045584
32709,5426971.894044443
32710,10740174.266782861
32711,6495792.480822732
32712,7715832.209849613
32713,5634641.086275996
32714,7999667.749337256
32715,4211406.791480117
32716,4681624.981513676
32717,8185366.987955428
32718,9027576.133869346
32719,5516387.361022278
32720,4737979.3747536
32721,15574119.198985424
32722,7031006.541012978
32723,4539623.932152577
32724,7397628.7693378925
32725,16923678.842710935
32726,5006293.841915299
32727,4336747.98150756
32728,9435573.795469735
32729,5273110.736093727
32730,9972164.287026314
32731,5578796.4395905975
32732,5162144.0805007005
32733,6209448.803117159
32734,5261504.585627108
32735,6095092.493579563
32736,4088942.048792781
32737,4412313.672714439
32738,7741368.247865057
32739,29178238.016545534
32740,5800845.8856326
32741,6643245.56935369
32742,13357435.785403444
32743,7927464.002218355
32744,11814760.61968886
32745,5111922.335256204
32746,10919417.260752456
32747,7214928.917148291
32748,3745954.9589142073
32749,4192060.503013956
32750,8912812.890570857
32751,6914126.597657425
32752,29229411.39449728
32753,5812747.57138958
32754,7618765.29643192
32755,7715339.7557771485
32756,6725576.928257207
32757,11010005.62192977
32758,6885256.305181558
32759,5720141.223347543
32760,4980798.762065764
32761,5382685.390815581
32762,7537044.502843672
32763,6085581.098488066
32764,5726353.260933417
32765,5578271.713467976
32766,6969728.32636681
32767,6337097.736410394
32768,5990173.93493617
32769,5606430.47142748
32770,6230460.391786522
32771,11704618.303848526
32772,13324415.604258772
32773,5881589.6596277915
32774,5167553.533791177
32775,5704855.480669356
32776,5660442.133743483
32777,4671400.217736739
32778,5662882.999734539
32779,4113106.544495378
32780,7050472.582824685
32781,7216076.700623984
32782,5722089.989551785
32783,8783779.69316299
32784,9652565.152384877
32785,5908642.586879971
32786,5427765.530216687
32787,10472533.441784568
32788,4350182.236323731
32789,3908560.506730561
32790,4067949.8995231576
32791,6488872.429316947
32792,5277540.171829565
32793,17858349.378479656
32794,1981797.4843512196
32795,5192436.5447505405
32796,5213546.081824363
32797,6415883.083022199
32798,5611896.8308082055
32799,12766540.47465343
32800,4595274.885700199
32801,5930838.797455829
32802,7787193.1448442675
32803,4588179.890545432
32804,10757873.564248811
32805,8791157.29834969
32806,5693055.878788446
32807,5302065.873219136
32808,5620808.169053779
32809,9459416.776795354
32810,5964043.600563275
32811,8803602.706317933
32812,5494290.28257661
32813,6398837.112871862
32814,4372036.414925691
32815,4014770.6873776014
32816,4923683.128364106
32817,6554585.727412763
32818,8475512.411273206
32819,3375942.1593873487
32820,5335050.242546885
32821,9259693.46165153
32822,6252157.637097276
32823,9140663.064823315
32824,6677457.61918891
32825,6377958.313692648
32826,10328819.208986495
32827,8625001.568909867
32828,5641891.102049777
32829,6129270.005471473
32830,5852663.090178418
32831,6395160.782589354
32832,4163979.089968744
32833,14487324.70799316
32834,10525531.473105272
32835,5157605.359739431
32836,5981236.992565687
32837,5423333.024783742
32838,4892318.758310887
32839,19593993.838427074
32840,6661098.133459412
32841,5750402.999301841
32842,7409850.386505261
32843,4274250.781055612
32844,6257208.002713581
32845,7688258.387891929
32846,10728916.271521214
32847,4120440.630964076
32848,9852320.94349932
32849,4041312.1149122003
32850,7374913.538748591
32851,10512989.246262446
32852,4661169.2186170425
32853,5144973.96247241
32854,8418865.572825683
32855,10811500.977489954
32856,4391375.431874676
32857,7568553.56159622
32858,3854229.554696459
32859,6299210.578317461
32860,7797701.901165165
32861,6029330.067555258
32862,7315573.027077025
32863,7212013.04530274
32864,6920552.250752388
32865,7978324.723170868
32866,3941259.2873257804
32867,4138831.6359967776
32868,10965800.61691709
32869,5437542.558702481
32870,5282342.54736693
32871,5046303.561410118
32872,8334254.260188748
32873,4659739.037266959
32874,4054345.174440726
32875,7328742.755141876
32876,7406850.262849659
32877,9073960.879887389
32878,11664893.767225135
32879,4619822.712957209
32880,7976417.524820133
32881,7749488.466061934
32882,7944897.74886324
32883,3959738.503242735
32884,6671287.971154144
32885,5394395.271644494
32886,4582446.546872409
32887,5071729.692395259
32888,8901617.081509825
32889,4424133.55055291
32890,5573563.650615114
32891,7012442.825790427
32892,5209716.114714159
32893,9473435.797867546
32894,5688918.058218596
32895,7631391.041922074
32896,5926944.895960546
32897,3596339.1897841766
32898,11718917.017811384
32899,8408393.074464854
32900,6022045.270915548
32901,6506143.841022318
32902,7784822.600509767
32903,6789187.73901208
32904,10535343.560310852
32905,7009454.563297343
32906,6498640.422595076
32907,5326238.3054518495
32908,8017179.964549789
32909,3175105.340561497
32910,7447021.201344932
32911,10376804.743200112
32912,6526845.2463795645
32913,7450432.148277722
32914,5130641.958035417
32915,8227914.672361086
32916,11851071.644947797
32917,6251231.377863124
32918,9952412.739735302
32919,12349253.712243961
32920,5460924.105327139
32921,4734870.599757263
32922,4789725.992606852
32923,5646514.976643759
32924,2954640.9211657792
32925,4385614.607685971
32926,2712278.884431373
32927,9814199.960256722
32928,10333627.198599273
32929,10531099.315701358
32930,5457311.565049554
32931,5899307.269375846
32932,5894417.52739616
32933,5622817.445848013
32934,4400803.478671596
32935,9801450.698822059
32936,3901359.7762090983
32937,4730112.534177084
32938,7228860.594956686
32939,5553257.158460524
32940,7086918.069300959
32941,9627696.616802506
32942,7838710.7420465825
32943,5068887.258332654
32944,5903958.458544718
32945,5041762.8805917995
32946,7654782.427506636
32947,8349606.888114174
32948,12685266.643083215
32949,6163823.109015918
32950,4691132.852518357
32951,8310852.100210572
32952,7418675.165626389
32953,7199310.67630687
32954,7360946.370868191
32955,9085057.383875143
32956,5814120.152654845
32957,5513023.18962173
32958,10746736.317833716
32959,13606320.929461146
32960,6078394.909344414
32961,10336188.32325884
32962,5549853.875606246
32963,10464340.248691753
32964,4317685.5055027185
32965,8811055.915127516
32966,7777401.740384788
32967,6829280.32697736
32968,6030736.206212458
32969,6987177.521553934
32970,5585162.26189857
32971,5571235.497779317
32972,5268896.610844531
32973,5745122.857091251
32974,7615599.714080235
32975,7031088.560264797
32976,6476554.922175206
32977,5044560.004836838
32978,6924656.606777598
32979,5972365.239507777
32980,4552495.244339701
32981,5429192.673586311
32982,6371228.22340687
32983,7098395.297321618
32984,5063942.695055052
32985,4496670.758333632
32986,7353766.221737744
32987,9603312.632730767
32988,6646381.420446018
32989,4159604.8589887666
32990,8461468.726235177
32991,3937019.2866784115
32992,7149608.149380153
32993,5345499.569859927
32994,3999493.444444832
32995,7152284.595998448
32996,5858248.5348505555
32997,9419030.851016004
32998,21074383.9474836
32999,4352054.699338501
33000,6024551.74121013
33001,5028472.346073579
33002,6311135.602655693
33003,4745102.845827905
33004,6434366.509441562
33005,6753120.387019774
33006,13553376.116980694
33007,5168459.1170004215
33008,3861387.6643721405
33009,7840491.146438081
33010,6030115.363440932
33011,5347503.522146677
33012,5561466.574121833
33013,3942709.229932294
33014,6110688.952425574
33015,5351255.273776874
33016,4936570.999974603
33017,5350958.6835235935
33018,6169078.662638918
33019,6940305.827386174
33020,6110523.046302873
33021,7738454.939922337
33022,6325456.376451334
33023,8378729.486207345
33024,14631993.808454351
33025,4974444.881838615
33026,6291349.400835107
33027,4508035.760092739
33028,6926449.747335979
33029,6528384.701799681
33030,9178558.243868891
33031,4852600.187931824
33032,9024186.928855792
33033,7734825.933172541
33034,4093403.5013645133
33035,6345974.920518124
33036,5765416.132903899
33037,5970579.132834694
33038,7174210.365295794
33039,6716272.72523478
33040,11687882.153009424
33041,4262166.640814805
33042,9645195.819509842
33043,7398691.134145262
33044,6214632.644202917
33045,13270843.05887619
33046,7242339.697916587
33047,10458751.510382727
33048,8927060.600829782
33049,19506042.913172968
33050,9020721.94139738
33051,6461196.832534775
33052,9633614.794626895
33053,7549414.905690651
33054,4108496.3940395145
33055,11307054.553688373
33056,6114392.720579722
33057,8231012.933271664
33058,6137301.181547424
33059,10178789.88700208
33060,4451265.231340475
33061,4395691.862596358
33062,7534533.9182332065
33063,7168253.009880487
33064,5968675.70093883
33065,4976421.062535175
33066,9978254.192970503
33067,5452026.204731949
33068,7388848.895377815
33069,13923614.094840048
33070,10870100.790669423
33071,12937585.429935247
33072,5424683.311485381
33073,3889743.1431773184
33074,15092117.627762558
33075,6643598.660534953
33076,8251341.1586117465
33077,8311491.133774784
33078,5499570.400429595
33079,9256608.398625147
33080,7145283.367116486
33081,16665912.285525793
33082,9646395.05711821
33083,7357931.240636475
33084,5540528.352685264
33085,10474604.476548778
33086,11990171.625505732
33087,4754645.414517954
33088,4324370.930642104
33089,9574858.271677634
33090,8664551.135342412
33091,5440195.089105535
33092,5836082.131574205
33093,18848267.45244767
33094,5611504.540065526
33095,4372925.082840019
33096,7997725.0393931735
33097,5331409.602549683
33098,5852100.38463381
33099,5200806.943101727
33100,6370389.979421903
33101,5803917.628458151
33102,6016067.459843701
33103,3111136.9370441595
33104,4762955.924256495
33105,10048398.24111873
33106,4744850.340635293
33107,4609295.360224567
33108,10762843.565289296
33109,6326253.126830809
33110,6456128.892751003
33111,6115655.86237998
33112,5577892.508507504
33113,7272223.414415766
33114,5048226.365389477
33115,9437471.571529832
33116,6099586.957088585
33117,4814339.818815237
33118,11554891.572503988
33119,11299918.169217823
33120,3045470.531458749
33121,6774931.161670473
33122,5566479.448483823
33123,39641578.781655304
33124,3795867.5164932963
33125,6551941.156317363
33126,5905847.383158302
33127,6965023.77059692
33128,5810626.250127135
33129,14472301.648417948
33130,9431654.365761409
33131,9741456.949369144
33132,4613842.9006483145
33133,41257676.456971325
33134,8194383.371662673
33135,7030350.521290658
33136,6449091.459001868
33137,4905478.659734625
33138,11611914.658306891
33139,7382269.961779023
33140,6925236.205407338
33141,7040816.92401179
33142,8850972.92912366
33143,3739932.9039301504
33144,4213479.060439776
33145,6899836.900001824
33146,6708959.927473756
33147,3870944.539106639
33148,5740224.712042369
33149,17316190.851721082
33150,4853640.276210181
33151,5574297.19149684
33152,16374134.311946057
33153,8775521.198098699
33154,7976604.843923231
33155,12423470.803614566
33156,8620929.882022537
33157,6994321.607756112
33158,13077012.968260778
33159,4379874.97790552
33160,3896671.9815658093
33161,6679363.311034123
33162,8834519.267833553
33163,6056516.691751823
33164,6262692.785827407
33165,7699672.900120962
33166,5408363.762876199
33167,5570977.154616741
33168,7958068.773966564
33169,4198754.987937212
33170,6329973.4416849
33171,7883435.488897715
33172,11524935.084013687
33173,4422519.527553991
33174,5580089.4847929245
33175,4463533.985762881
33176,5577047.997842063
33177,6316314.971976738
33178,6976908.725994187
33179,15620685.457309013
33180,5392496.75295508
33181,5651674.830986054
33182,5559715.777409647
33183,4754634.000421266
33184,5805951.486547565
33185,7998366.299901973
33186,4585073.221385496
33187,6133300.3879199205
33188,6849614.26207149
33189,6793679.186845993
33190,5686412.751996272
33191,12527330.8464703
33192,9378244.510056857
33193,7976982.593866736
33194,5641661.374900352
33195,7308323.507889639
33196,5696319.074512732
33197,5496567.988496984
33198,5567141.257510829
33199,7451259.595444314
33200,3994805.9941966906
33201,6770902.838599251
33202,9490393.688344613
33203,7798048.184598308
33204,6279415.347354761
33205,7675135.874200023
33206,6143179.98211563
33207,12117847.847549146
33208,10245800.885278154
33209,5299824.73681693
33210,3017827.017329238
33211,6041732.82314054
33212,5667411.779840765
33213,4632789.16493284
33214,8671286.580750166
33215,5079130.054737503
33216,4362028.399267759
33217,5177893.943655886
33218,5453986.886573958
33219,4493520.440806308
33220,7945955.677397257
33221,6020318.536669985
33222,5570475.538732076
33223,2105772.700787189
33224,12196930.853781937
33225,7185485.3256208645
33226,5722366.504699605
33227,4260316.396553784
33228,4565381.648805783
33229,7005277.37599282
33230,6604659.958025143
33231,8119097.344062288
33232,8526209.30337257
33233,10868670.766099153
33234,10793495.890455132
33235,7205975.460717713
33236,7774548.464294216
33237,15196108.048178134
33238,8785082.262590995
33239,5563140.530196448
33240,6725385.644672427
33241,6395900.340361726
33242,4545844.559040576
33243,3869764.097439648
33244,13292559.434876433
33245,7686022.997667085
33246,6944948.859931013
33247,4672868.814336263
33248,11314066.275404721
33249,17992011.473726656
33250,11210606.758457625
33251,7750281.427379614
33252,10894239.987503175
33253,7135922.032117723
33254,4555152.340888407
33255,7373207.001317483
33256,9020247.510652151
33257,5633083.440691941
33258,23331048.439802703
33259,5912596.149469528
33260,5620671.399256776
33261,7258005.675950376
33262,7579151.036509767
33263,6497623.472589242
33264,8269496.787812539
33265,8191487.005372781
33266,6805214.707487877
33267,5857166.824675741
33268,6070767.299511007
33269,10480186.10111559
33270,3292911.102065022
33271,5146397.651484845
33272,5513752.155332271
33273,7568299.365533716
33274,7348985.619374154
33275,6746273.9900588645
33276,13089342.598383637
33277,6072616.735614937
33278,7744738.006202531
33279,6280520.004871553
33280,5694258.121952469
33281,5628768.066145808
33282,6891205.358350169
33283,6228417.029295922
33284,6704639.301586483
33285,10587972.329492016
33286,4877927.978725836
33287,4052690.6199962674
33288,10785499.06247375
33289,4924309.811168471
33290,6393794.363978123
33291,5233854.671805611
33292,8270585.835528262
33293,6876445.344830677
33294,6234856.972052753
33295,4608609.928053254
33296,4210435.555727656
33297,7463419.738085814
33298,8957217.371690165
33299,14380927.004693238
33300,4313274.20823555
33301,8194812.622556661
33302,4331984.918010403
33303,11402293.349550528
33304,12057153.981331913
33305,6077821.839014149
33306,6907529.431897073
33307,8569886.203242201
33308,6995926.789386341
33309,7277942.303177371
33310,17269889.20875938
33311,6435968.361533574
33312,5078392.823633635
33313,5691204.814476132
33314,8609075.822740512
33315,8557723.000702966
33316,7286127.087106636
33317,8539716.360810952
33318,7575610.862203812
33319,6617057.686950357
33320,8945265.682564504
33321,5855598.337081832
33322,4861791.589932764
33323,9103734.982646119
33324,12603915.913108177
33325,8175960.559723702
33326,7826401.276600666
33327,6212253.338588156
33328,6020922.47844775
33329,11009868.58770484
33330,3694809.2382673305
33331,23039531.970958564
33332,5031962.668636119
33333,9969570.156865858
33334,6062690.506206276
33335,11535032.626465237
33336,8992259.90160449
33337,4212110.494059302
33338,9593292.609587675
33339,5426907.92015827
33340,6973473.2351826355
33341,7816802.046507386
33342,17829779.759717923
33343,7165927.065002254
33344,5172565.766016316
33345,5935439.185744329
33346,15022667.882625345
33347,18280042.98256019
33348,5661621.9006733
33349,5494644.859311186
33350,5288468.600996294
33351,10561869.53480124
33352,5161571.549168966
33353,6554728.219237879
33354,6115326.534432689
33355,4688118.347988386
33356,7751137.693743978
33357,9843467.445771413
33358,3010214.263797454
33359,10279736.132822808
33360,4302720.488594337
33361,10102889.580910409
33362,2956201.612003724
33363,6656726.340130261
33364,6024799.085744015
33365,8884125.52776052
33366,14516242.366572611
33367,6616237.820884374
33368,9674318.137536932
33369,7382052.049529147
33370,5318365.556224706
33371,5822823.55751364
33372,5103985.650616075
33373,6092755.950727951
33374,6017046.490415697
33375,5685792.1278562425
33376,5078779.247790746
33377,6757923.200856075
33378,23457743.292646118
33379,5997532.348832753
33380,7335767.910676769
33381,6731733.333195435
33382,3944175.6125268326
33383,5531349.41505546
33384,9326021.977922015
33385,2429234.868049162
33386,11615268.432730481
33387,7464115.2378114825
33388,8428804.564808117
33389,4625918.631405739
33390,6562265.612614721
33391,6115035.878264954
33392,12002083.039963532
33393,5252484.847280977
33394,5479081.6913899295
33395,9454818.626725148
33396,7083355.498506477
33397,6505145.1839428
33398,5282221.6282614
33399,9661812.705730708
33400,21271095.21172765
33401,11561151.453944977
33402,3742115.0023686513
33403,6963084.365302602
33404,11218556.133281898
33405,9815602.349015092
33406,5082948.903678306
33407,7215731.00407888
33408,10698824.842904912
33409,9639865.292990047
33410,6658045.428942129
33411,5852089.078512949
33412,10752373.606060745
33413,5453480.634711951
33414,7452315.58443459
33415,24148001.15197542
33416,10487783.784382718
33417,7064881.230122431
33418,7950206.090989991
33419,7839247.019587444
33420,11744648.206754094
33421,7408410.588916369
33422,7998469.536481743
33423,3184362.906940602
33424,8335736.711676502
33425,6276456.1017608605
33426,6779763.591255625
33427,15120968.918502392
33428,4150441.443764384
33429,4678856.236784025
33430,4388320.596386906
33431,4552336.931195453
33432,5769105.6400983585
33433,5818162.564108851
33434,6894000.798637569
33435,8050407.717626629
33436,5496531.354044792
33437,4915856.265037854
33438,5566043.949254871
33439,3549297.6207455387
33440,6417451.4539527185
33441,5463113.425105325
33442,9656593.936400393
33443,6980274.0725007765
33444,15036228.136646315
33445,4652138.179777203
33446,8145527.315111361
33447,4836568.932610191
33448,7598720.528267801
33449,12682178.431031339
33450,6257441.303343271
33451,16435020.156887503
33452,9279704.771699525
33453,5111087.206589221
33454,5667756.428454317
33455,6669363.96101857
33456,4886546.6811433835
33457,5242035.10855158
33458,4394091.88510959
33459,23304538.599232275
33460,11134508.172765488
33461,10709951.476661187
33462,7558609.39971491
33463,5376929.572813918
33464,15367636.341969097
33465,5016565.353470356
33466,4169287.6021915856
33467,5812793.11770106
33468,4187962.890974145
33469,11217151.645002466
33470,6383159.199388624
33471,2101566.211283312
33472,10758370.771716518
33473,8097851.067396231
33474,4825310.87491466
33475,3676913.046480723
33476,5938334.844467323
33477,8590977.755066477
33478,6113439.534740056
33479,10960182.808518609
33480,8068237.8786693
33481,7548444.280620216
33482,5264966.9194673
33483,8173378.372599019
33484,7168181.839161577
33485,17214754.63911247
33486,13592035.938649502
33487,5925044.065769447
33488,13765562.583245633
33489,11051171.938613562
33490,10731408.416254612
33491,8284368.689962348
33492,6590562.583980439
33493,7682408.030334791
33494,6415449.268024849
33495,10767833.894203171
33496,7520144.825654737
33497,9720119.243442865
33498,7557560.169304289
33499,7018330.144109834
33500,5325095.474185475
33501,9068325.153396506
33502,5315225.356578707
33503,9132047.803533655
33504,10022459.722249184
33505,6788539.638759648
33506,9612816.911502883
33507,7435407.160856718
33508,5045748.902565897
33509,5892586.227043011
33510,9077878.991876177
33511,6581300.739974076
33512,5971587.861846216
33513,15072770.177012548
33514,4642291.131526397
33515,4665296.600978539
33516,5119912.559835839
33517,7096267.06755591
33518,7200894.841892183
33519,7169394.886210176
33520,5625824.121695261
33521,7873320.03658052
33522,4186898.029917083
33523,7387296.554251742
33524,6663948.69104388
33525,8295385.856125273
33526,9698509.163030738
33527,7133779.86992081
33528,6723508.764648713
33529,4467370.16052893
33530,6194641.459413992
33531,5752517.3280776
33532,4758586.111283726
33533,6639496.272746483
33534,4458736.901255471
33535,8403573.199500812
33536,7430093.672931678
33537,3875453.8837041203
33538,7710721.953731994
33539,9165340.576755384
33540,9503003.43412836
33541,13835699.113291724
33542,19811584.62399199
33543,9784394.61154243
33544,6443902.931585602
33545,8986425.312216515
33546,5837359.20843534
33547,7834061.6971420115
33548,8257770.292740034
33549,9102898.335209383
33550,14758027.050265916
33551,7738130.338459137
33552,7627778.9764104085
33553,5442938.85093009
33554,9067160.046336161
33555,15595044.83547916
33556,4595007.3627972435
33557,10348906.37486104
33558,31625742.648525476
33559,8623456.205126613
33560,5642225.3683580505
33561,2192883.302631827
33562,7223278.3245661585
33563,6170164.524203705
33564,5651671.209875756
33565,5676982.39079859
33566,8441817.537806353
33567,9781474.53977612
33568,2008940.7133768352
33569,5461915.528966972
33570,10042270.966543425
33571,2925292.802362974
33572,7463340.599300759
33573,3869912.7800107207
33574,7074501.625573069
33575,5982181.438260856
33576,5242272.11202499
33577,9493557.675020155
33578,12324634.76491926
33579,9036041.03611784
33580,9439664.79987981
33581,7660526.52845695
33582,7879281.385710875
33583,4578280.25655048
33584,3861617.743937203
33585,4549116.80996653
33586,5052434.562620435
33587,5946956.723248839
33588,10977589.521374373
33589,9628497.470142098
33590,5272035.473479607
33591,9844676.685020365
33592,7071352.5788969
33593,5335931.378667266
33594,12991962.204200765
33595,4298844.296866752
33596,7201084.6310996385
33597,6232233.595559639
33598,4128530.2719547804
33599,6121712.59223175
33600,5564634.626935521
33601,5361858.10884369
33602,7814389.098977061
33603,7227073.118448159
33604,3963102.518677813
33605,8678149.09810431
33606,5486179.060488045
33607,11109253.618554484
33608,9017757.290447496
33609,7258003.016699949
33610,10758183.364012465
33611,7195972.040646584
33612,5282258.0246716775
33613,5471272.221539405
33614,5084758.114382158
33615,5595731.2553189555
33616,12772722.624455735
33617,7117372.310111226
33618,3399597.6992822415
33619,11087059.981854318
33620,6915528.8967147395
33621,2158356.812801746
33622,7757487.229999762
33623,7369127.008580265
33624,6574238.3374179425
33625,2929757.58652108
33626,12700532.746767672
33627,4616428.753943102
33628,3961442.0064060045
33629,8690337.724980146
33630,6368679.81685884
33631,10327094.401235616
33632,5641063.398054567
33633,3841353.589559581
33634,15131011.108068053
33635,8048366.164751639
33636,6847699.3360564625
33637,4274876.926925148
33638,9163399.867222946
33639,8748414.991627822
33640,11676308.070734965
33641,7773655.711123123
33642,10185040.134770503
33643,4798702.626039669
33644,6874589.629533732
33645,6488212.656414372
33646,10678636.164940821
33647,6622811.65358885
33648,7871872.521470288
33649,5630387.65706506
33650,6309782.749573078
33651,6200534.529792764
33652,9160907.43294013
33653,7721344.779420242
33654,5874661.184068486
33655,5596331.451875765
33656,3763277.915085017
33657,7674398.908345673
33658,8292607.945552534
33659,7373583.915085615
33660,7102396.07123916
33661,4204232.84310226
33662,8112398.351305078
33663,6542050.987240127
33664,7434928.543841026
33665,8105740.983730079
33666,6381736.856336657
33667,3601516.545541517
33668,7266735.393346584
33669,19343174.490808856
33670,4701890.808335923
33671,5226586.732257456
33672,25926275.443109524
33673,12087137.164298773
33674,5912939.63657579
33675,9654137.38466305
33676,4312604.22725593
33677,6863468.921015841
33678,8935634.543466542
33679,14174605.648918817
33680,7343457.179618886
33681,9918747.906220892
33682,8307001.089964321
33683,6917522.958521328
33684,5063143.529938543
33685,7625956.885474062
33686,8603967.08524188
33687,6454772.903062241
33688,15986991.420540936
33689,4439912.466446617
33690,5178745.381749762
33691,7747995.151133022
33692,5341200.26624285
33693,9111611.50628259
33694,5938139.1308654165
33695,6964106.954414843
33696,7526985.0406762995
33697,5039204.5806437945
33698,7488019.622754026
33699,11581024.779325612
33700,3894259.532016641
33701,7854641.376983289
33702,6044732.951549698
33703,7867499.817844834
33704,4431247.243534372
33705,6820193.518695145
33706,7203943.142082599
33707,5176565.22906019
33708,3411618.860190147
33709,6516932.457300521
33710,6260619.827369235
33711,12197398.47176918
33712,10481701.262832899
33713,4246086.986033729
33714,5523915.837140469
33715,6921978.551123128
33716,4293277.248474805
33717,9139209.504965756
33718,5635627.1106172735
33719,6777598.322486017
33720,6072977.944419241
33721,7352482.747713374
33722,5593626.437331063
33723,4582936.777705609
33724,5731783.737264988
33725,5058075.394309756
33726,8201741.4119334975
33727,8696206.783831352
33728,7404643.117225104
33729,4958874.610141241
33730,5426789.156742582
33731,19170996.795824632
33732,7468241.061797104
33733,4422300.536049726
33734,6724190.442089208
33735,7847085.985212319
33736,6867963.302711634
33737,10746733.375240207
33738,5699374.3039905215
33739,6833940.457779496
33740,5310079.8558011195
33741,13086232.73035511
33742,5023184.549000379
33743,7013656.631814171
33744,4890027.891939318
33745,2143920.815220263
33746,9711139.394965816
33747,7965459.4163426
33748,5781641.379332464
33749,5187077.697845852
33750,9273218.573177971
33751,5019505.111622579
33752,4709982.107651
33753,9579423.00052905
33754,8259483.803840275
33755,10715728.096382353
33756,6382118.796323809
33757,5518797.171066002
33758,5965560.530877272
33759,3180517.218633932
33760,4769354.164111123
33761,6400048.702171112
33762,6046810.301203397
33763,5553320.540124872
33764,6757016.0774318
33765,6897164.747077945
33766,4995364.2596447235
33767,12089210.194555402
33768,6202303.404575861
33769,7658871.615491302
33770,3364132.2643431704
33771,4133007.1470110402
33772,7528913.772569404
33773,5888739.604791581
33774,6829041.749924216
33775,4581451.786688371
33776,6159860.077305339
33777,7965903.811478815
33778,8686372.442673737
33779,9101438.750751454
33780,16565863.47481333
33781,7366870.1500388505
33782,4931954.639601146
33783,7764918.086566833
33784,6756347.4107390195
33785,11165163.0419612
33786,7630708.899749916
33787,7593154.11753443
33788,5432337.233077758
33789,4774446.817208938
33790,5482163.098524465
33791,6904486.789817736
33792,5012585.540593168
33793,10050306.251456585
33794,5581904.069537429
33795,5596886.329898751
33796,8929867.286028765
33797,11181047.903679114
33798,8794936.568371408
33799,4582637.88941873
33800,6010373.031735623
33801,6446406.682862685
33802,6278246.852242489
33803,6539124.01926762
33804,6341620.861799899
33805,5034542.965369347
33806,7255823.324904361
33807,8644147.410201047
33808,6016634.812218828
33809,24372101.954776987
33810,6446546.340540832
33811,11521806.868875481
33812,11634101.353621926
33813,4246518.625409062
33814,14786755.103695652
33815,13221499.968122967
33816,4751093.406228794
33817,6998095.746728123
33818,7713179.85639494
33819,4508149.405432829
33820,6273777.471818693
33821,7246795.7265727
33822,4796405.796898146
33823,6548213.885117866
33824,9060680.191083616
33825,9244656.302419307
33826,9657285.803953486
33827,7033057.059545312
33828,5973652.487648469
33829,8510037.407962294
33830,5246222.9691523975
33831,10461346.942803904
33832,7610680.901581414
33833,9398996.592076505
33834,6676547.892871358
33835,8249804.7861469155
33836,7559155.684195664
33837,3455033.8762599323
33838,8758240.113186838
33839,6751219.521445614
33840,10269293.0230879
33841,12629299.754819958
33842,9772534.04062475
33843,7707469.433516588
33844,4435874.705845814
33845,5540743.8500167485
33846,5735464.799749878
33847,6077596.935074914
33848,7178673.922862113
33849,13834747.082457628
33850,4785933.873759288
33851,4957433.949792378
33852,7023835.535023563
33853,11412699.1374385
33854,5467148.0272432715
33855,5314764.041010834
33856,2151886.7784142685
33857,8166139.209674012
33858,8409620.70537494
33859,12910624.606247278
33860,3465300.374476458
33861,4957568.335458299
33862,5160907.035526155
33863,4522994.436366932
33864,6103699.079933274
33865,5423204.417979253
33866,7314210.573895697
33867,5683318.139002791
33868,10112610.020398313
33869,9538213.057493018
33870,6071605.604885736
33871,6704468.892049417
33872,6800779.0899864
33873,6889663.8290645415
33874,4817995.098341334
33875,12715587.826779494
33876,8444117.74023494
33877,8126937.76242836
33878,6065254.848134255
33879,6714611.83002093
33880,3870136.8376761265
33881,7353197.034979745
33882,5610074.952860992
33883,5274183.936714367
33884,5804197.4941427745
33885,7756548.859626742
33886,10386742.64102017
33887,8988024.411139617
33888,11407732.934548112
33889,5310118.410330994
33890,7619689.2843186855
33891,7140138.415568331
33892,4189551.957732444
33893,8935657.815154206
33894,4708324.364837136
33895,6423559.606931094
33896,5582923.54398619
33897,4718843.395966206
33898,5405728.983819233
33899,14186164.813808441
33900,10870622.040088225
33901,6430592.756250021
33902,6844076.013832025
33903,7288591.028871856
33904,6599445.102271526
33905,5893505.019117541
33906,5147693.063723983
33907,3304361.9110021098
33908,3857156.8594157724
33909,7621317.842588942
33910,4901486.622344634
33911,6290913.601942151
33912,4111513.103805611
33913,5954733.195250554
33914,3815423.6984911133
33915,29708498.33726757
33916,7735360.552623434
33917,6335803.471424577
33918,10120948.915176945
33919,8293213.465283247
33920,3815423.6984911133
33921,4660417.4263598155
33922,4543645.696848328
33923,11672240.357721755
33924,6028108.558928354
33925,9118788.822517516
33926,7512183.864881862
33927,10605438.701817177
33928,7537072.16498783
33929,7707813.456692865
33930,6041498.548854193
33931,7614579.824008302
33932,5686227.622831362
33933,8536387.772444844
33934,4792252.081452629
33935,2859486.7035735394
33936,6782496.971039926
33937,5983685.045868159
33938,8353432.618951274
33939,6761815.355019487
33940,15499409.036305256
33941,7673034.13983756
33942,9865515.08071423
33943,9414719.651766574
33944,6411129.945184979
33945,8745072.509240752
33946,6142932.457288536
33947,10419182.193960931
33948,7631940.153778888
33949,6144166.580987747
33950,6623930.668361604
33951,3853237.8165313504
33952,6645972.730332496
33953,5129526.744208467
33954,15792133.630370563
33955,6052352.228829409
33956,12792981.817545732
33957,3691747.928756621
33958,3963621.725815079
33959,5503728.660238697
33960,6065437.809311191
33961,7741605.124313957
33962,5843954.711049642
33963,7810179.2383082565
33964,6693414.887280509
33965,3561066.3666669894
33966,5387296.518734476
33967,7364495.482816913
33968,8299861.462872719
33969,5285080.8445826
33970,4049764.342952307
33971,5162554.081601065
33972,10928203.878814397
33973,7751816.482101688
33974,4229882.526990577
33975,8375505.9662464885
33976,13456454.75878633
33977,5890427.841605584
33978,9664833.85228401
33979,7701261.22724955
33980,11546548.157121241
33981,6820297.984650829
33982,4400616.194440806
33983,3839039.995871666
33984,4900010.435453455
33985,5370749.723341083
33986,7076276.937787692
33987,5323417.210963107
33988,2788359.9849895476
33989,6977782.50444008
33990,3469191.7301186845
33991,5098045.745774877
33992,2955458.324472688
33993,12251931.942942668
33994,7703692.975774646
33995,8155534.101740174
33996,8152434.375805334
33997,5919455.737682827
33998,10251318.388903981
33999,5878942.101082333
34000,4674307.179684636
34001,8850405.76333401
34002,8051349.754321743
34003,4713729.234401433
34004,5468282.971949099
34005,6506541.893140689
34006,18538748.92602953
34007,7688357.052698443
34008,6337166.108233865
34009,7507482.976370473
34010,6670685.448432044
34011,5046135.219061142
34012,10679680.383693945
34013,5154413.6601859005
34014,10339796.09731795
34015,7703590.0053083645
34016,3222986.3020609617
34017,10610258.97631762
34018,10269953.466005284
34019,9345669.02180442
34020,7269159.001479054
34021,6971763.473755911
34022,6195853.081459419
34023,6309441.462238739
34024,6496453.845695304
34025,6547510.54688435
34026,9602511.982854806
34027,7025562.841781991
34028,7318733.591892033
34029,2895085.038008941
34030,5352587.545369724
34031,19593516.855255526
34032,8780484.33492944
34033,9001246.572948689
34034,8582240.4628237
34035,4930631.791266551
34036,7877284.578807529
34037,4080212.33115411
34038,4552999.819414555
34039,5834473.393833007
34040,8730900.283113804
34041,5509605.667887495
34042,9276869.307297548
34043,4556260.857873627
34044,5136248.702113721
34045,8311012.8626934895
34046,5810136.279438413
34047,7660699.5159917
34048,8234136.111904816
34049,4540061.4090485405
34050,8650988.609456783
34051,8489660.717430629
34052,6988627.084914017
34053,12015597.21169144
34054,7081087.173647865
34055,4725706.435512085
34056,3657471.2283429126
34057,5636459.076193986
34058,11098442.656625804
34059,6610923.091424504
34060,3629358.2099059504
34061,5375911.027002308
34062,3785628.3445099443
34063,6936928.839845073
34064,3778107.6981020444
34065,5540322.93133372
34066,5418841.345134182
34067,6517414.223654597
34068,12221316.347183488
34069,6425897.758725478
34070,6810592.523242388
34071,4121283.942685778
34072,12614702.965715885
34073,5362049.927312517
34074,15291587.933079975
34075,5761929.8646098245
34076,6549586.942205439
34077,5480475.647612641
34078,11150542.346820027
34079,9293504.542875102
34080,6432571.76312976
34081,6047956.757587247
34082,7827805.371873438
34083,7089342.5991625795
34084,7723266.655685599
34085,5662130.795652444
34086,7768113.549374603
34087,5174471.788079379
34088,5370364.82175718
34089,4023075.1817966825
34090,5144704.205286711
34091,7626744.765631993
34092,6169606.990225835
34093,5875901.312812326
34094,5172972.732238325
34095,4108033.2387005095
34096,7723541.325687226
34097,12575093.163952367
34098,8872458.118870018
34099,7267027.909181898
34100,5598963.650113775
34101,10539081.724841403
34102,6830496.738911164
34103,7272722.724260255
34104,2158356.812801746
34105,4787459.082350569
34106,6001274.574052816
34107,7829575.23301961
34108,6600786.691774093
34109,9946026.184275305
34110,7579469.649219705
34111,4752739.433879886
34112,9319448.34623791
34113,6506437.045575575
34114,6771237.675969556
34115,3614023.7638416365
34116,9210302.096039573
34117,6452189.906084236
34118,4231844.035915061
34119,9075057.737565022
34120,3853996.575478935
34121,4193627.7693650997
34122,4829272.709138669
34123,4577227.094117556
34124,6829660.543193587
34125,4018916.917155038
34126,8717287.66048761
34127,3686616.831286
34128,8466627.893852431
34129,6950416.123577512
34130,6143713.666955516
34131,20030325.793371804
34132,10334043.191903234
34133,12865032.348067515
34134,6371327.2312699985
34135,7647955.0502746375
34136,7767305.297698223
34137,5082978.604686722
34138,6115668.188698404
34139,7505802.129754214
34140,7257608.051387362
34141,9317034.056793211
34142,6867975.369142813
34143,6049171.849849508
34144,10325288.396760965
34145,4113213.3670356846
34146,10597557.854085496
34147,7114783.395676109
34148,6331623.957539978
34149,4655260.653946115
34150,12621133.987967234
34151,5680368.004911892
34152,10441621.015467897
34153,4754348.525164791
34154,6972709.081039485
34155,5491405.045708571
34156,6489022.561417041
34157,8222461.4275391195
34158,5160612.724560087
34159,12701689.129886843
34160,6363025.30338186
34161,4501257.494564765
34162,6506444.552141997
34163,6436899.441233702
34164,3605135.0517853433
34165,6691526.328544869
34166,6263629.493953016
34167,9149948.893741904
34168,8602901.889568092
34169,7994572.685714258
34170,8198557.065246357
34171,6273086.824767046
34172,6500727.89022106
34173,8250431.184068569
34174,5177997.486194071
34175,5355918.011099361
34176,5075376.291187604
34177,5830456.10060688
34178,7042971.826816954
34179,5970330.517854743
34180,8192164.3797009215
34181,5460718.312446224
34182,6915764.2858470455
34183,4909413.783073567
34184,5645056.0479237875
34185,7363182.450809132
34186,9190205.42500227
34187,5424382.563563043
34188,3910072.459220824
34189,9021119.83975473
34190,6215862.289583987
34191,11280521.822243456
34192,6751218.012038726
34193,4933216.949516518
34194,6498743.076039616
34195,9676349.986033179
34196,3768101.4666682687
34197,8221238.6556774005
34198,6478272.822725806
34199,6559518.984161905
34200,8239398.3164628
34201,4473279.875696018
34202,11807557.27835063
34203,8859029.774612332
34204,7273565.687013507
34205,7481263.3104087245
34206,5116888.1007939195
34207,3749461.8697054717
34208,8918143.566718107
34209,5990579.404317221
34210,12387312.841189243
34211,7922234.828090765
34212,5056396.224865986
34213,13602646.797294963
34214,7844545.502987448
34215,3966743.5782285095
34216,23163145.368312225
34217,4876553.597890172
34218,5862697.12355119
34219,4696126.361922124
34220,4516457.248065587
34221,5419071.53021885
34222,6120174.262761644
34223,4356489.958272666
34224,8167662.021558099
34225,7550700.151885234
34226,6811958.451622511
34227,6456669.627468279
34228,9561443.81072896
34229,6063005.948908197
34230,4915340.492917137
34231,6269802.257189146
34232,4132004.940797084
34233,16578484.683318261
34234,4564520.843246245
34235,4143602.0152963893
34236,6074222.066663689
34237,17829395.85831396
34238,11792950.341550436
34239,5834291.992025662
34240,4635150.663709986
34241,3584845.1357418057
34242,5222629.1530577345
34243,7886957.076680798
34244,4264426.480954002
34245,5887475.45204992
34246,6644775.857485024
34247,12466315.642475963
34248,5088439.469183418
34249,3998692.4239487443
34250,6054923.557655826
34251,6575680.859202653
34252,10112367.857668683
34253,6872146.413449968
34254,10155531.151540542
34255,5453966.093782532
34256,12935986.930285476
34257,7946625.7438778505
34258,6080322.066208271
34259,14499712.19600073
34260,5592228.361423268
34261,7134557.036500298
34262,6956388.0150917135
34263,5718686.94695008
34264,5046877.6011604145
34265,6784797.0100330245
34266,3777857.3356119716
34267,8789020.235842392
34268,10109885.916122952
34269,6785505.229778017
34270,11159419.841234483
34271,4820396.651960106
34272,11902330.056787178
34273,4664570.870540499
34274,7897154.810227795
34275,6176825.583934745
34276,10551037.163677713
34277,18902134.92866247
34278,3440623.6789510264
34279,12667254.803120425
34280,5529637.651416477
34281,3799697.123753496
34282,6301986.28901981
34283,9081768.951793741
34284,9847118.229046311
34285,4484305.042626302
34286,5835762.73221723
34287,7221813.919077617
34288,5600314.204543544
34289,10669957.347066645
34290,6675327.290046486
34291,7202999.881175225
34292,3883512.8061984554
34293,39678531.33540709
34294,13177424.074869568
34295,7581755.735302157
34296,6963539.417376486
34297,7846090.053192843
34298,7541738.985973138
34299,6322287.457072076
34300,6558836.697780259
34301,6609502.598441568
34302,5671618.179551422
34303,6877743.771820608
34304,7230792.515473819
34305,11750075.12413075
34306,5649513.390315376
34307,9256013.994351368
34308,9918636.183483373
34309,5728962.117372358
34310,6821733.763215254
34311,7951989.727533371
34312,3384435.42421149
34313,7798191.037379608
34314,6947109.819375768
34315,13893714.072017543
34316,5829713.790866484
34317,7453377.359638564
34318,5480870.020013869
34319,4254437.095482451
34320,7512495.1389236795
34321,2808065.6002398618
34322,4759034.654090219
34323,5799846.200363086
34324,8650930.006025767
34325,6167387.5561423395
34326,8129917.678188885
34327,7376110.3023379035
34328,16773408.796861619
34329,12151255.650363185
34330,7316311.873204992
34331,8457775.91939128
34332,7678768.119870643
34333,5390865.88706044
34334,5059672.394158697
34335,9902952.401082177
34336,5401328.629861363
34337,4093431.006548244
34338,7765346.1745850565
34339,17121836.806287497
34340,8796113.078386286
34341,6520838.17995806
34342,6062669.00755305
34343,4395780.826818615
34344,10998065.29090892
34345,12573070.401841773
34346,8020620.824601963
34347,5664085.879179403
34348,5273537.158972126
34349,3822297.1649131402
34350,9628541.520208139
34351,4193820.5547573213
34352,7971435.005555673
34353,10604800.209425444
34354,3877290.240667706
34355,7440196.614889681
34356,7829537.746079051
34357,9130249.25191808
34358,6119554.660908729
34359,8246788.847417319
34360,13273996.893760111
34361,8164516.886933047
34362,5112313.398667993
34363,4318083.355178581
34364,5249085.426002502
34365,5025401.990124057
34366,6556489.011881223
34367,10299979.099455643
34368,4267097.152194211
34369,5529349.735233746
34370,6150321.050470462
34371,5791227.573016136
34372,4789342.94905797
34373,9932550.599795368
34374,10700322.995458718
34375,5414756.717223874
34376,8683509.227688398
34377,4425962.9018887095
34378,6377548.4961593505
34379,9578097.915415158
34380,8310378.178111096
34381,5404122.3397192275
34382,4574263.050182046
34383,5253963.861653925
34384,9201277.935885513
34385,4539025.228056793
34386,7600381.416971149
34387,5533395.287220323
34388,8467697.508315386
34389,5754666.186603277
34390,7293613.649471619
34391,5274253.2865583105
34392,5499878.086629808
34393,6060104.869059868
34394,5555045.295379436
34395,5168540.168779688
34396,13130916.36163029
34397,3090146.963684161
34398,10109185.763159206
34399,10322948.184563683
34400,9954443.68809662
34401,5265323.882618606
34402,4997471.256189934
34403,5981900.984537872
34404,7805549.799355745
34405,12632994.733124245
34406,9888316.035156095
34407,5359750.671030233
34408,3652575.428869093
34409,6950110.618954985
34410,10671434.415060777
34411,6594739.401923856
34412,5932940.305918849
34413,7546075.266115956
34414,12910911.574896296
34415,2820737.750793227
34416,10341114.07628478
34417,5843143.391500708
34418,4165528.036162279
34419,6588857.1541085625
34420,8993502.491670534
34421,3654957.543983738
34422,5734147.442877498
34423,4654078.075313107
34424,7384096.428078196
34425,4646128.921328245
34426,3989679.263064007
34427,6067906.553926355
34428,6868794.621264395
34429,7440659.9231084995
34430,7921215.600414862
34431,5191392.586616145
34432,6283673.730270637
34433,3532294.8602467654
34434,5447349.369723475
34435,5408520.40044311
34436,7263198.805344227
34437,5147089.625511323
34438,5357550.544552261
34439,6381333.2210960565
34440,5180947.183783058
34441,7880701.754873977
34442,6066090.074825296
34443,4651297.78550735
34444,5422217.685329926
34445,6397954.126708864
34446,6667409.41071991
34447,13784454.942246182
34448,6508909.65141082
34449,10802610.272337673
34450,4965456.989813505
34451,6141506.959929368
34452,6708688.364332992
34453,7645709.787769182
34454,7119711.806420316
34455,6124912.08538457
34456,6047810.370200678
34457,9893286.963446237
34458,5836893.970215832
34459,9910950.783760047
34460,6969923.543024998
34461,6441796.874866939
34462,6171195.940566478
34463,4740195.0523933275
34464,7528350.203189525
34465,15870225.346715415
34466,3363544.304207889
34467,8275781.376142792
34468,11744657.25998228
34469,6565314.193627402
34470,5354242.720345786
34471,9548841.07037003
34472,4732794.543181526
34473,4513666.082416095
34474,11764015.768165085
34475,6281532.731968169
34476,7788732.9772716155
34477,10626098.403926723
34478,14713124.201634113
34479,7559943.831385362
34480,7131990.822767994
34481,10359669.390204072
34482,9247748.941926735
34483,8370179.005984985
34484,8306858.084019303
34485,4090415.2466134173
34486,12636687.557385232
34487,11737342.660474183
34488,5398446.71476789
34489,5741738.952994237
34490,8007328.874776809
34491,7175781.471695925
34492,4539718.986855545
34493,4640198.012183475
34494,8357300.294171388
34495,5280397.930949501
34496,5309618.022431142
34497,5114342.778291451
34498,6473672.384957835
34499,10424657.393058209
34500,7636507.303808601
34501,14150278.49293949
34502,4390635.048246652
34503,9218370.800019847
34504,9083797.932419907
34505,5539990.922925321
34506,14174157.225873621
34507,5349629.72338623
34508,14836885.030349089
34509,5979318.180501472
34510,32729860.740796372
34511,9088522.349328281
34512,10720678.783505648
34513,5587166.435092223
34514,4959751.226026166
34515,3976982.938065519
34516,2490260.6117203156
34517,7552010.498548056
34518,5459192.838274924
34519,7739867.138555075
34520,4511451.265202163
34521,31156663.29648023
34522,6426833.548058054
34523,5616458.942957938
34524,6889558.355746967
34525,5396655.268077085
34526,5736179.425302849
34527,7026315.833048322
34528,16533361.085453415
34529,13156233.3606866
34530,8147239.7821687935
34531,5809053.658546554
34532,4749408.513008735
34533,5663393.565042006
34534,8799802.32356687
34535,3006292.708898606
34536,7022060.895063209
34537,3537974.518574036
34538,5877791.017764312
34539,7961595.821583431
34540,6781703.976787537
34541,9784853.516909307
34542,7307353.781896667
34543,6432731.410614434
34544,4956050.127853796
34545,5056457.629538551
34546,35254870.56495094
34547,4673801.025420988
34548,11948128.914125916
34549,5907774.549694425
34550,4086311.5375075457
34551,6776228.849572145
34552,8155774.872553863
34553,32274520.82212683
34554,4286031.9776316965
34555,10835077.564979386
34556,8858670.028468117
34557,11886024.667826036
34558,5237858.334547364
34559,7967834.657439122
34560,12413376.133435145
34561,5796460.165162827
34562,13042073.983503586
34563,3937059.9929934847
34564,11430736.475421656
34565,4877093.2244663695
34566,13057976.61048411
34567,5426733.617420375
34568,6004138.24716846
34569,8579298.191373993
34570,6048119.992669915
34571,9681421.735385152
34572,9971038.727376621
34573,12516311.148232047
34574,5974077.81492764
34575,6185171.934634188
34576,3445495.4330419153
34577,6640389.311558494
34578,5399981.759591353
34579,3860423.486137948
34580,4493959.478674785
34581,5292962.9116888
34582,6222241.975683855
34583,9929854.069130592
34584,6168604.468385582
34585,6735948.198294075
34586,2092790.3641800508
34587,11111779.963990161
34588,4878093.4027828295
34589,4493272.712831882
34590,8678693.741775641
34591,10282802.49666898
34592,5423142.389795776
34593,5453428.373556702
34594,8566207.35420729
34595,8398183.281635556
34596,8182783.1402573185
34597,11490156.746292366
34598,6684795.034405366
34599,4977729.274730454
34600,7856039.39050365
34601,6019353.972135148
34602,7362435.020062642
34603,6499682.901787838
34604,3897380.7170815812
34605,3978837.310521286
34606,4491025.990792733
34607,5636881.950613734
34608,10823873.555608153
34609,22314211.97142313
34610,7630374.922258701
34611,5870591.277815378
34612,6404500.681376151
34613,10491485.44744708
34614,5178788.907487809
34615,6516405.267979573
34616,9470215.0132577
34617,11568172.483825624
34618,11017861.194272336
34619,5057112.907035263
34620,4874698.248461866
34621,5336011.548135168
34622,5794495.009978755
34623,5381593.951888336
34624,6123807.102481074
34625,16184620.256260104
34626,9325126.086270245
34627,5341551.853644571
34628,4701240.759396824
34629,2921882.0572981453
34630,5597507.173262807
34631,6576685.703276087
34632,17329018.81438764
34633,5510152.133741762
34634,6052866.279350086
34635,5010271.414351362
34636,7242391.213278722
34637,6126838.8873462
34638,6186740.645753264
34639,5799090.835661944
34640,3695310.7775875814
34641,4619408.7083651265
34642,8847565.010914236
34643,4962517.015751741
34644,6760531.230889982
34645,5674308.6373349
34646,5805322.268764779
34647,5171004.769420014
34648,7619718.873578706
34649,11548331.522418434
34650,6951760.794389
34651,11153348.872813422
34652,5133241.257921361
34653,7595690.478920281
34654,4885652.711382722
34655,5709706.724214875
34656,5334888.073128626
34657,8072867.490582358
34658,3056261.1348057026
34659,4030392.870331472
34660,4839986.799091446
34661,7199562.255316345
34662,4317558.934818784
34663,13581904.655765818
34664,6694971.20265104
34665,9170538.409516528
34666,3751322.3284983705
34667,8057030.515199011
34668,4316716.772651716
34669,6896568.212730252
34670,9145226.81404148
34671,4693638.4180354485
34672,7018510.899746956
34673,8389032.639485948
34674,6471048.612330136
34675,7452123.879962791
34676,5375030.866319332
34677,11424388.524795981
34678,6382837.438994799
34679,9269728.099584404
34680,12006514.791119175
34681,5702081.237547649
34682,5761383.376359966
34683,5279084.858609198
34684,3141379.1372709456
34685,12244687.091785265
34686,6031200.36706862
34687,5417989.248318638
34688,14061097.361913042
34689,6634557.90789047
34690,11764342.754776228
34691,12650548.15750068
34692,15652032.375808313
34693,5207557.639621583
34694,7654592.708424245
34695,6183422.629898076
34696,6273987.746655053
34697,7575296.473036489
34698,6512962.065894751
34699,7090762.081938975
34700,8361127.514815049
34701,13915945.964412957
34702,9590379.224326622
34703,3516914.060707737
34704,5273214.712823338
34705,5939557.089715971
34706,6088754.908834521
34707,5321612.284157265
34708,4950665.965083285
34709,16893784.962221444
34710,4805745.0541817825
34711,10218877.552219547
34712,12430762.618496204
34713,5160261.652361407
34714,6262961.544147209
34715,4183125.147351901
34716,16132524.7018327
34717,5258545.47298711
34718,5748628.721208917
34719,6055513.957755356
34720,8614908.91413033
34721,7110899.433808744
34722,4945740.55183806
34723,8446685.643161517
34724,7128444.67169996
34725,7563375.740888439
34726,5212631.8591345055
34727,5787495.086611418
34728,6466369.465751402
34729,4938355.850631507
34730,10902439.88632471
34731,11669831.145078903
34732,10178685.12245137
34733,3768529.6890395433
34734,19034452.659012552
34735,4845795.696323505
34736,7273390.732007564
34737,11468954.278296454
34738,7410492.596030596
34739,6612898.660834445
34740,8605035.396735871
34741,5013569.094419659
34742,6987970.966100955
34743,5887714.112531175
34744,3381294.0529097044
34745,7443973.167487834
34746,9966378.19987767
34747,6629562.461963097
34748,7910328.344465768
34749,7053780.210379103
34750,4974322.642986896
34751,4961302.72619367
34752,35205497.98350556
34753,11158173.790104425
34754,9873244.378527962
34755,4327719.397243983
34756,4718613.76415994
34757,4742722.967844328
34758,4307129.437336918
34759,6607631.565596721
34760,4585849.497822454
34761,12323298.778833313
34762,5853649.42715371
34763,8047187.069596252
34764,6796256.7816130025
34765,7968874.5270369565
34766,22193094.444051206
34767,10247497.138377428
34768,4903719.251401978
34769,10019094.003569607
34770,5276502.050455767
34771,15160430.313664079
34772,7831302.578908142
34773,5431299.740975478
34774,10646678.943263283
34775,4626729.215936787
34776,9877819.291297872
34777,5894964.701843643
34778,6936497.586629788
34779,7337570.059231415
34780,7998876.315005336
34781,23910380.05359508
34782,5795073.117953895
34783,14229221.713751484
34784,4404239.9238393335
34785,8804162.287730237
34786,6802554.756538732
34787,3866480.8464266653
34788,5924087.385808295
34789,8128065.832199714
34790,5339653.789933039
34791,5552068.708201102
34792,8883242.1766436
34793,4096247.405437866
34794,22630271.296703022
34795,5659094.8825151725
34796,5674821.867396082
34797,8352565.119689889
34798,6985989.560182069
34799,7737355.74415392
34800,20356144.78510728
34801,6796280.660514107
34802,13440158.498254526
34803,7534711.170124279
34804,7682829.732821664
34805,7549398.162640353
34806,7622188.008335443
34807,4704082.53781036
34808,5638775.420608602
34809,9755601.259892793
34810,7826598.043491261
34811,5043310.42382119
34812,3902429.574948866
34813,4446917.19364179
34814,4523126.670261913
34815,10056515.562154032
34816,8401721.590617606
34817,7646820.110679754
34818,6884995.303516011
34819,7448817.820873005
34820,7251170.633165125
34821,3909706.047062635
34822,4899775.050948031
34823,6260504.500063114
34824,16881943.38574825
34825,11349219.192895664
34826,7657255.71539406
34827,4123009.7498823386
34828,3017301.269318174
34829,8418939.34496847
34830,6008506.223020915
34831,4128743.785119533
34832,7920286.563326047
34833,5842475.168924177
34834,8026911.588774329
34835,3975372.4296246036
34836,8193025.859157904
34837,6975007.69212245
34838,8807161.555638751
34839,5177203.596843643
34840,13223109.907914793
34841,8754762.116989803
34842,6436342.072916323
34843,7498330.558387716
34844,5745022.042419513
34845,6331311.381687149
34846,12272410.6962202
34847,5719176.691613684
34848,7516877.896582056
34849,4889083.414145637
34850,4261218.46927638
34851,3953685.03404832
34852,8538673.84546101
34853,3866480.8464266653
34854,3809382.9563674256
34855,16736816.92896802
34856,7503924.900976496
34857,9381400.457197562
34858,15936400.503351185
34859,13450209.988465598
34860,8745133.88867003
34861,6727087.43267665
34862,7113800.200026111
34863,11753022.462759996
34864,7812772.820973629
34865,4473452.613757431
34866,5750155.631075058
34867,6787046.14341167
34868,6285415.197432647
34869,8219641.60430027
34870,8236926.95801978
34871,5545241.501992978
34872,5890135.725482714
34873,6556230.295819469
34874,7710619.299407887
34875,8260080.986904806
34876,7678223.239436159
34877,6386047.693753496
34878,7021196.464742309
34879,6117347.211861936
34880,6072327.237093164
34881,6733465.657403094
34882,8401944.04610684
34883,4436126.376152755
34884,6421072.17917915
34885,8294398.244200607
34886,7692842.652581752
34887,5407462.782231935
34888,6888580.663667143
34889,5684383.110556006
34890,6530474.850320489
34891,6299382.853949892
34892,6953299.566687259
34893,6730791.193166555
34894,5463332.934099236
34895,4730235.87897948
34896,20403980.668988142
34897,7746071.252310721
34898,8093895.509340741
34899,8120862.877144712
34900,4518137.848009167
34901,5771916.747490791
34902,8469760.778782101
34903,7130276.3508552015
34904,7351325.436385598
34905,4871345.55285028
34906,9890056.067092456
34907,7613940.329343334
34908,11844350.842274155
34909,3908541.332945467
34910,8451973.225877823
34911,7827434.771443414
34912,7228193.496073369
34913,5342216.1216323925
34914,11237344.118467888
34915,6800935.50658248
34916,3902533.7938781977
34917,7193132.284238693
34918,13297026.41013538
34919,4500038.707019962
34920,4837857.576544115
34921,5955771.704845327
34922,7712155.900398476
34923,5693719.5006423015
34924,6502606.567394964
34925,11718683.67727327
34926,3809402.928310904
34927,10897610.027515689
34928,5141624.233468618
34929,8759157.19935652
34930,5043509.755641788
34931,8686941.707451267
34932,6742754.2772697285
34933,5138586.088405
34934,7830984.52838248
34935,5674792.455886982
34936,6044328.889876537
34937,9158160.042543352
34938,7765374.114595817
34939,6297301.003188529
34940,6860609.494245523
34941,16050854.105783872
34942,8506001.890347647
34943,5019763.567066224
34944,6322180.006833415
34945,7906254.208194688
34946,6965279.301588681
34947,4882720.514678823
34948,3951250.109113459
34949,4831193.58474718
34950,7827434.771443414
34951,7676268.568392943
34952,6749828.590707953
34953,21223968.801888905
34954,5551953.684830494
34955,7664391.80819238
34956,8280829.739652232
34957,5871325.31551296
34958,6553930.620604518
34959,5513660.055866311
34960,8507343.513734613
34961,5847332.135283796
34962,11725792.243065797
34963,7325484.31843202
34964,9551154.577617574
34965,6095537.660537451
34966,5365171.238114265
34967,6081122.080658218
34968,5862660.796243886
34969,7204464.578121384
34970,4962909.023581411
34971,3995804.604173641
34972,4334968.486632251
34973,4989886.351938381
34974,12352001.024333183
34975,13578601.110600587
34976,8199253.448881754
34977,5677709.826481661
34978,5790557.237579287
34979,8546253.287684266
34980,10774366.875783203
34981,4448150.701557372
34982,6683479.662427308
34983,5319935.09376401
34984,6075917.913234472
34985,6544308.414852541
34986,5243977.3003851995
34987,4298484.734099016
34988,15873768.745853052
34989,5254289.570487686
34990,2747791.5686336933
34991,5546152.143537532
34992,6993720.23493513
34993,4267414.148906442
34994,10427574.713625541
34995,7029628.745671972
34996,8508102.114888031
34997,10499874.001379656
34998,6346258.362053382
34999,4070211.8917859024
35000,8541043.148630714
35001,5905872.386179861
35002,6346224.968894175
35003,7470809.903063437
35004,6449736.642207756
35005,5187544.2150770575
35006,5854711.460526371
35007,9487289.24019272
35008,4891628.267278188
35009,5889380.020563116
35010,3328334.506455346
35011,7209706.785548062
35012,18933429.925425023
35013,10626745.759196881
35014,6419249.119996898
35015,9986960.06027669
35016,9053074.354065435
35017,4016328.767701467
35018,9229311.384138832
35019,11130198.432359079
35020,7708393.423853666
35021,5171802.702856151
35022,5266164.724216457
35023,4083969.596017492
35024,10585664.898306381
35025,7837676.296202264
35026,2140759.7964415103
35027,9543052.460313788
35028,5849247.631489473
35029,4521391.215403204
35030,8198415.664192304
35031,5404208.697593753
35032,4726808.505044234
35033,5706018.184822553
35034,10505098.818513429
35035,14842046.000755168
35036,7580244.360187227
35037,5751052.715126704
35038,6607246.329166923
35039,11918504.18126223
35040,6367043.650092662
35041,5959203.870793821
35042,10427342.559224049
35043,14240915.948067304
35044,6978601.915344318
35045,6460242.530727278
35046,6262263.593337013
35047,5466193.110941429
35048,5995483.504245759
35049,5287533.7035870785
35050,6210856.224872273
35051,8936269.912710166
35052,5780292.124578297
35053,9599492.012465283
35054,4866178.909906597
35055,6208991.46021498
35056,5814896.345310046
35057,7460680.38736397
35058,5360633.060101008
35059,8853374.627619196
35060,12957164.92912287
35061,5372172.039592086
35062,8817228.355779143
35063,4052170.320055937
35064,6736367.450769894
35065,6675828.625868493
35066,5147981.83581369
35067,5184712.538416663
35068,6872210.910261942
35069,3796998.1675994354
35070,8741778.69028534
35071,3869844.131430857
35072,3024258.7972022085
35073,9509522.607829824
35074,7528045.653903602
35075,5078317.435388421
35076,7622293.551037695
35077,7190179.35160967
35078,6886107.140838904
35079,8201934.869748119
35080,10119214.554150809
35081,5861246.525327949
35082,12306103.524733596
35083,5300147.030116046
35084,17893757.655635796
35085,5548967.855307767
35086,9004358.54678282
35087,6981442.602366493
35088,5141197.837231488
35089,5700628.959550879
35090,3462717.1689357273
35091,2141462.8138620835
35092,4452379.422722978
35093,7947677.117500204
35094,5980722.529329993
35095,7429069.196620543
35096,7266123.433199289
35097,4727288.6867180485
35098,11828275.229123887
35099,3921870.6420914866
35100,5890166.678201342
35101,5600880.803154987
35102,4256240.43244413
35103,31863442.9066101
35104,5404164.145333627
35105,7670675.954794625
35106,14535870.054434795
35107,3888181.4773433767
35108,19646500.25688741
35109,5028034.465397459
35110,6438159.452072187
35111,6697398.699247993
35112,11019948.61292743
35113,5585891.09039681
35114,7879235.067056428
35115,6844253.282548762
35116,5544453.249932458
35117,3885064.185749819
35118,7257132.130540593
35119,7371854.096786872
35120,5606475.112295774
35121,5713546.477772638
35122,3874838.3676683316
35123,7233581.362350096
35124,7618255.0511302315
35125,5271571.221434079
35126,6026999.530948858
35127,5233261.600725908
35128,4368640.542649291
35129,9262390.33995856
35130,11797519.961482275
35131,17044904.523619402
35132,6742177.591739163
35133,6687923.00249146
35134,49026489.992238924
35135,6046580.33720885
35136,5933447.674409324
35137,5850348.226023169
35138,6061644.207395205
35139,12880288.022282256
35140,5712405.676792377
35141,4745091.474261792
35142,7606238.580831149
35143,7897633.105099689
35144,4982548.772153508
35145,6506427.27391743
35146,7169930.1529506715
35147,4386934.576641357
35148,3806420.720451872
35149,9779205.116066474
35150,9686291.93985107
35151,6076206.917570989
35152,9512185.258289048
35153,5168846.350209912
35154,7074604.9060197715
35155,6362546.601259024
35156,4608308.4510496035
35157,3529162.252723075
35158,10345038.759956555
35159,10072362.15957386
35160,8378101.25892746
35161,7772847.118582604
35162,5277635.786262003
35163,3777592.040743571
35164,13979441.089387484
35165,7675632.520962526
35166,6035261.6613476975
35167,7339583.153451397
35168,4926126.363447911
35169,7814726.7928624805
35170,7458085.24848153
35171,2115083.816409614
35172,7638015.30622066
35173,10349787.205502437
35174,8298406.63820019
35175,7703270.645176775
35176,9045632.250743799
35177,10860449.000166493
35178,11850923.27135154
35179,4790063.732006297
35180,5928258.480645992
35181,4547768.0374516
35182,14028812.222496776
35183,11530692.281373685
35184,19058406.790507197
35185,7970031.865253664
35186,13753649.48278793
35187,6333487.464265123
35188,9493540.684180163
35189,7635376.6941834735
35190,6574066.483541961
35191,11556215.766193397
35192,6671842.300927815
35193,7419970.093565696
35194,4077813.8582986705
35195,12426009.746922644
35196,6430930.695316371
35197,11497748.039032653
35198,5862152.460995941
35199,5236097.200460971
35200,7008473.121982886
35201,7412251.021762177
35202,6959300.616436776
35203,5071990.623047579
35204,6940569.747551252
35205,5524403.899044109
35206,6816653.391032052
35207,6079764.863502013
35208,9590251.79115173
35209,6026865.669574668
35210,3248382.8981718146
35211,8945146.688310826
35212,6018868.929959504
35213,7423289.216761046
35214,5513776.129332969
35215,6524972.632663359
35216,7817538.7387593575
35217,7311743.550044149
35218,4428629.901634652
35219,8281184.588941972
35220,7586368.360718406
35221,8266730.548366688
35222,7205063.6110082995
35223,7624649.067552329
35224,4431582.56859762
35225,10007475.319511
35226,7247678.010874171
35227,6995905.257530669
35228,6904525.033111333
35229,5264767.52185863
35230,6669321.622337935
35231,6846552.535932645
35232,7205998.84766469
35233,7626135.492031857
35234,5609371.437061848
35235,7594547.34216682
35236,5394922.83751604
35237,7773653.206821644
35238,6318100.815328319
35239,9074989.87765343
35240,4097790.7760681617
35241,4395927.913126059
35242,15806376.573718408
35243,5931718.791913398
35244,6987950.982887117
35245,6457715.3765793545
35246,11788567.694677237
35247,4381083.544590274
35248,10929015.881084148
35249,4882127.043778854
35250,6745064.1904386
35251,3490945.0791101083
35252,5987750.973217617
35253,5553836.718200486
35254,4799719.722866176
35255,5076227.6297482485
35256,3986208.113646479
35257,4660256.400150508
35258,4162971.386225484
35259,11043313.77459725
35260,10333168.088963626
35261,4401266.827494886
35262,9315776.009248525
35263,6568110.923255236
35264,9203159.31312872
35265,9076234.473248342
35266,8696394.34798526
35267,5062859.884242548
35268,4894801.293704273
35269,4576520.921296676
35270,3508401.614435141
35271,4035332.779847739
35272,7630275.518441454
35273,4619903.170123979
35274,3972666.1906910497
35275,5010716.240710764
35276,5560919.3440782055
35277,4824230.0235118335
35278,7810593.6533202715
35279,7004629.75559845
35280,8151467.089774249
35281,7951769.779365731
35282,11537664.364604197
35283,9244064.330991516
35284,4079843.4918534295
35285,3433997.0700704535
35286,4910337.233789364
35287,7243821.40998632
35288,7185208.926834122
35289,14057335.685256392
35290,6397031.178114779
35291,21552113.018058803
35292,7161573.74426991
35293,6536914.4890407175
35294,5671657.3634468075
35295,6054569.860707139
35296,5297995.561672073
35297,7575349.005096382
35298,7284691.494342185
35299,8660318.052310007
35300,9175144.073827095
35301,11812215.137672324
35302,7020168.644814533
35303,6218536.255558282
35304,4235735.148159247
35305,10818957.32647765
35306,4202624.28415781
35307,6029506.338116581
35308,3882288.700469668
35309,7410771.791704947
35310,3465377.472804099
35311,4293866.663906945
35312,6642466.422184929
35313,3826101.8723385213
35314,6329597.041043768
35315,7900574.144094468
35316,4147769.8629419734
35317,6160240.992804465
35318,3707201.9201930156
35319,7659847.125643896
35320,4898738.964312608
35321,3975381.360766536
35322,7116775.918218844
35323,5316611.62681918
35324,4298888.322800268
35325,2950958.5814617104
35326,3027655.5964778354
35327,7058385.420574473
35328,15767257.096684437
35329,11277233.833084533
35330,4000845.026102882
35331,9596315.836278306
35332,9417284.95410361
35333,7145214.791458694
35334,17325162.842195902
35335,2929856.482327395
35336,10674703.644704077
35337,6963288.829536001
35338,9895574.639711317
35339,10413988.746207656
35340,6615329.587213739
35341,5626679.465913961
35342,9689455.346241413
35343,11350440.57869983
35344,9601789.312197516
35345,5260871.887403764
35346,3701361.64194827
35347,4491712.637296662
35348,6001699.021506409
35349,7227775.158956882
35350,5461029.822158353
35351,9065826.996603096
35352,4184240.0385201755
35353,6445595.03270089
35354,7184727.134781467
35355,12334110.771470238
35356,24428848.918174636
35357,5931296.65802099
35358,4814914.704667067
35359,11303259.716822581
35360,4775745.18781652
35361,6470616.121659232
35362,6202041.658899246
35363,5930402.13209353
35364,5313137.005649758
35365,9470950.532914124
35366,7802470.84840351
35367,7400708.936192595
35368,15642268.015391253
35369,6071868.506992181
35370,5182829.106816827
35371,7251864.589247899
35372,11334613.358261427
35373,6176704.606236842
35374,6018224.778100385
35375,5543982.516775081
35376,4496466.777763182
35377,3690527.2837863895
35378,10842444.719036518
35379,5413983.82967736
35380,7160123.7852578545
35381,5998223.327211347
35382,10300660.85670202
35383,6801952.1142425565
35384,5486357.919272892
35385,7639755.49504587
35386,5525040.891920474
35387,8366549.922655845
35388,3753066.772036515
35389,6986448.619040168
35390,7831970.621374848
35391,6289588.87641146
35392,9492779.319631321
35393,7263008.968092854
35394,13788275.799854904
35395,6957251.755304433
35396,7324398.643273775
35397,7265681.953098251
35398,4273582.547057227
35399,3757226.9312592833
35400,6487480.811122766
35401,5965316.918048177
35402,10971838.157621283
35403,7412912.748149094
35404,7255752.267945657
35405,6274753.866146888
35406,5382227.63579999
35407,9794365.295647949
35408,9755128.322950037
35409,6923162.072790179
35410,5158646.884210486
35411,10197516.209044756
35412,4969099.310086086
35413,13883587.132808099
35414,6428876.619080129
35415,6971270.5319464775
35416,8751557.982151905
35417,8852587.816806123
35418,4556666.985426834
35419,6369808.08726986
35420,8579895.266205078
35421,10140486.652408194
35422,8215097.671379825
35423,4158534.952975626
35424,7102056.2933033435
35425,5102555.183419729
35426,6097856.056010421
35427,5545785.661362921
35428,5662543.413612022
35429,5650904.963401077
35430,6828294.01714215
35431,7323260.032224661
35432,9804390.88488075
35433,8640590.95156633
35434,5180550.118483586
35435,7567782.675488104
35436,11838543.522534447
35437,11004556.997060213
35438,9996273.25240662
35439,5993207.72210886
35440,5444598.139334962
35441,4739396.469553163
35442,11500303.844920011
35443,21183271.773954406
35444,6674695.515023121
35445,12061040.541169737
35446,4433661.716218078
35447,7789690.9872077005
35448,7195602.874152717
35449,4700563.005446504
35450,5213733.826604886
35451,13746424.334477644
35452,5800980.83582616
35453,5359945.625831735
35454,4849892.686344979
35455,16908619.858182028
35456,7788032.976127982
35457,7905096.824418931
35458,6272091.464437315
35459,7544228.432318732
35460,6412772.075119571
35461,8940092.088881303
35462,8591152.228590196
35463,10016826.160661278
35464,24459023.88428205
35465,5247274.80970576
35466,5280716.203474907
35467,9379675.808585772
35468,4164807.471380484
35469,4208450.281703881
35470,5036346.890631804
35471,8123898.239737624
35472,3718479.176312259
35473,5812210.620467936
35474,9151305.997250337
35475,7643367.832086511
35476,10981786.783896837
35477,3638996.350462364
35478,5176536.618223874
35479,10658524.589429464
35480,6183178.837815485
35481,4220893.782139437
35482,13495642.578924082
35483,6582512.42256732
35484,8939675.746310133
35485,5999711.320396132
35486,8417987.165249644
35487,8921508.437441567
35488,6932040.159953308
35489,6540572.038345769
35490,10432775.728647372
35491,4080720.1395280818
35492,5144507.826536444
35493,15925819.49357297
35494,17017122.48941383
35495,16381825.640715342
35496,12196338.378490461
35497,5527924.464710006
35498,6002683.445216212
35499,10138520.51028487
35500,3858861.5414733323
35501,25392829.33017266
35502,4714723.107412342
35503,3882904.9121472207
35504,5158400.528718192
35505,10885443.771422483
35506,5633622.982064798
35507,7102217.168992835
35508,8935472.245145481
35509,9986276.191360055
35510,7702856.320874868
35511,3306147.758690977
35512,7023950.486016465
35513,17843671.745907545
35514,9173584.308706874
35515,5585402.280136887
35516,5061593.830310707
35517,15193748.302794904
35518,4039856.961673195
35519,8191142.719920639
35520,6490519.858004929
35521,8093187.042116266
35522,6645875.70936382
35523,12390183.307088979
35524,5284105.552768736
35525,9764356.015131302
35526,6808876.431847905
35527,5287782.922037056
35528,4228812.112085648
35529,4612883.679899936
35530,5611567.121850712
35531,16242620.5230521
35532,5351034.26494391
35533,6353736.303589954
35534,8697879.284122938
35535,9236040.143988548
35536,8372823.158626687
35537,4436385.136184249
35538,6114586.397667041
35539,7296448.016324645
35540,6132137.295152397
35541,3467519.3715945487
35542,4787876.0736590875
35543,5387448.7294620145
35544,7831084.716079999
35545,6504124.2159460625
35546,9656376.887701688
35547,5088886.826415435
35548,11384624.534379568
35549,5975931.064438591
35550,19693458.32233437
35551,5995736.632049672
35552,4057802.932785337
35553,7183179.683203135
35554,7371729.277935071
35555,8825123.517396484
35556,6523669.404100836
35557,7798841.992808984
35558,9429439.634003997
35559,10453637.475631349
35560,13724746.609872261
35561,8792954.228850054
35562,11348426.813326623
35563,6223717.816583974
35564,4919164.3342776755
35565,3430453.0772032826
35566,13758434.456352897
35567,6441973.9516663635
35568,7080232.001311178
35569,10087443.59868836
35570,5647990.486617644
35571,8991430.626920728
35572,6200538.911284642
35573,8288266.528840483
35574,4623326.787790181
35575,14064712.5710125
35576,4893826.400289651
35577,6183503.507280588
35578,2949703.9923530207
35579,4783488.96345523
35580,4945338.044665299
35581,6168745.699685292
35582,8823175.268927597
35583,9565350.371910648
35584,3871213.146649477
35585,7080320.524090533
35586,7146093.294533099
35587,6186600.879291236
35588,5462671.596011716
35589,5861744.83208125
35590,11314339.24264635
35591,5457741.191568952
35592,9060989.254564578
35593,5482964.678099043
35594,5529411.081311163
35595,7027977.303741146
35596,8321443.566700958
35597,22569834.192206472
35598,6184167.952588082
35599,8327305.196976515
35600,4154614.0986809703
35601,7185566.605081152
35602,6504656.689598523
35603,4957360.895626996
35604,8554592.729247177
35605,6092336.151436444
35606,5725346.666585193
35607,6808200.652196579
35608,5173928.415048991
35609,2963874.3179991976
35610,9694064.03967493
35611,4779268.990234853
35612,14756879.411101835
35613,6415786.184676048
35614,4296038.8937707385
35615,3764452.3153985236
35616,5306316.336237045
35617,2104948.6839654157
35618,6797685.402590138
35619,5158646.884210486
35620,5434751.692157666
35621,10773687.68707635
35622,7403169.8579438375
35623,11444603.238224657
35624,5220422.778123231
35625,4003831.8742995686
35626,3384504.7265261644
35627,4351917.90698287
35628,7003263.732564714
35629,3474860.9524151464
35630,5953765.536171915
35631,6737955.622680626
35632,7601338.900416391
35633,6571105.528375859
35634,5992913.839914616
35635,5876080.574832749
35636,5753400.000569357
35637,5576556.784066391
35638,7220459.231438823
35639,4779232.124760611
35640,2142265.5602196776
35641,11657068.709295629
35642,13593411.694425885
35643,8578210.027084881
35644,7632730.156646859
35645,3967707.9065750567
35646,8095296.679861557
35647,6249527.488041491
35648,9092692.383897394
35649,15444206.646388924
35650,5125363.247472382
35651,4730479.4496965185
35652,5383020.473944388
35653,5065339.651855884
35654,6437494.666116733
35655,3188003.1063270746
35656,2127560.0696698143
35657,7647699.800337908
35658,10148240.82465964
35659,3878952.600795321
35660,5703047.453473013
35661,6490377.256940746
35662,5172114.390842379
35663,7970031.865253664
35664,8119809.264438553
35665,9209809.018036751
35666,5737763.029189434
35667,6175067.669158
35668,5616906.801910832
35669,3265596.292162252
35670,6937479.89669204
35671,4217516.377684699
35672,12928277.407359194
35673,6148370.516255718
35674,5664218.88513237
35675,10612928.381603321
35676,5769561.8713151375
35677,5649917.6157090785
35678,7669320.902541387
35679,5110173.977983816
35680,26620755.42217085
35681,8676468.195247987
35682,6443478.795938926
35683,9383008.43865002
35684,3808141.3447706606
35685,5917079.9485662095
35686,7035855.975997553
35687,8737167.924973464
35688,4935238.469143047
35689,9130603.155591678
35690,6403852.827019771
35691,8839183.114101795
35692,6877291.798060222
35693,5334442.321443958
35694,6434897.751461967
35695,5718694.435380122
35696,6026898.42203812
35697,9818931.97139721
35698,5659146.05188068
35699,7354048.309721823
35700,6425431.905127346
35701,8624912.488555185
35702,6222463.23282957
35703,4858869.630922788
35704,6576785.866448439
35705,8269829.979447108
35706,4508081.407254518
35707,6564055.101936074
35708,7436633.146758619
35709,3876175.9672965477
35710,14413552.54561928
35711,7229528.390885406
35712,4165880.2111858414
35713,12301007.927445738
35714,6337435.470151517
35715,9206570.569349766
35716,7820408.727936126
35717,10640495.467640556
35718,7335187.864036972
35719,5475123.572913413
35720,3967707.9065750567
35721,8643942.398932086
35722,5596502.73586974
35723,4628759.579177876
35724,4243061.289266672
35725,5363446.80709548
35726,5985572.781907443
35727,8523380.869475504
35728,9314756.57647189
35729,5172114.390842379
35730,6938836.912682193
35731,14396739.923484804
35732,10517417.130837528
35733,6028721.366410226
35734,4707744.303555468
35735,13513098.663966779
35736,4925313.22738646
35737,5264189.491987742
35738,5367005.574938266
35739,5296173.744292578
35740,9220129.506417904
35741,7612049.746769651
35742,5177013.604737704
35743,10663641.360711897
35744,5237266.036078583
35745,4221723.958556769
35746,9390545.28960543
35747,5630091.462161688
35748,4365208.152459952
35749,8252385.603588811
35750,3824980.518625015
35751,12459761.569653876
35752,4783983.511674792
35753,8184170.308728898
35754,4257077.436365276
35755,4049445.3787843594
35756,8278325.789414032
35757,3714169.450139188
35758,4802989.980202589
35759,7617379.981562522
35760,4274414.172922017
35761,7528459.035870557
35762,8444570.48587111
35763,20908406.81872213
35764,9006698.261842452
35765,7984320.208958322
35766,4357363.383285977
35767,7162893.067603843
35768,4336799.254309762
35769,4921642.014259596
35770,3872522.221239013
35771,5545860.263027502
35772,6333495.118767775
35773,7260810.385737298
35774,4287005.967472472
35775,6681924.912909017
35776,6760808.986723757
35777,6987269.84550701
35778,14014527.671875548
35779,6638446.9929457195
35780,9685765.022418568
35781,19659144.917503282
35782,8327609.844537865
35783,3250948.8932943046
35784,7931598.280727214
35785,12887860.666812845
35786,7039017.344580443
35787,4121104.4388832585
35788,9176629.834846774
35789,5839942.468803472
35790,4036267.0359444683
35791,6010882.517743944
35792,6268453.968259904
35793,5063215.979277758
35794,12847544.165678822
35795,4468647.292202275
35796,5140758.79612768
35797,8593415.26502266
35798,3575083.912356045
35799,9638778.13631329
35800,6574566.986665273
35801,3271172.6596197514
35802,21490863.84745965
35803,4517324.199441825
35804,5652565.634968718
35805,4606387.949481512
35806,6343078.30434778
35807,5621293.437005373
35808,5489324.739035321
35809,6570279.712736226
35810,5920638.34174133
35811,4087364.115223599
35812,8775455.13794779
35813,6731738.373860211
35814,11674750.253686178
35815,7104902.861607506
35816,22244342.903787054
35817,5263365.302655139
35818,6277491.18329042
35819,8006214.548801412
35820,6877552.242831336
35821,4516042.696572224
35822,5711833.995035302
35823,5927970.241600459
35824,10993306.858379457
35825,5728034.0732126525
35826,9056843.684182907
35827,8105685.440630517
35828,11323990.582058907
35829,4498333.899786909
35830,3809367.9330287986
35831,6918968.105571789
35832,8599363.312791264
35833,5973303.256599452
35834,5561884.452048454
35835,5190682.7574088415
35836,9146288.268851018
35837,7153952.338388053
35838,6821712.923770298
35839,8507229.99179079
35840,4785837.534555604
35841,7784631.154619172
35842,17369591.052218456
35843,4186236.50464069
35844,6430456.723589459
35845,9396370.55555245
35846,11148123.96824685
35847,8053048.308626613
35848,5324222.5455458015
35849,4564651.07223139
35850,6940706.943176348
35851,7700748.098166068
35852,5289067.944376173
35853,6131592.392294722
35854,7794393.909176222
35855,5207063.182729048
35856,5848492.886767464
35857,8906496.864067309
35858,6619614.154088504
35859,6463953.038425926
35860,8316765.402983557
35861,5334838.617435809
35862,10354954.53749533
35863,9714078.136613138
35864,6119636.541097696
35865,7428537.081973575
35866,6866236.894753604
35867,5636503.592796408
35868,6465360.380514266
35869,9760214.13395626
35870,9326175.963965077
35871,7741103.506016465
35872,8282408.733212765
35873,11063669.99367604
35874,6500870.045535908
35875,5976738.598834076
35876,3508401.614435141
35877,4896744.560882782
35878,6689776.990380821
35879,4895068.438634111
35880,9010775.326484004
35881,5807513.4772026045
35882,12387843.603900533
35883,5398858.444011193
35884,4433449.346974273
35885,8042749.355710398
35886,5317051.0765299685
35887,4714091.119003918
35888,8939094.3415007
35889,18518578.426315956
35890,7005673.385121686
35891,5202326.491640838
35892,6207966.625073104
35893,4552644.509712864
35894,9825603.978943206
35895,4820674.264901444
35896,2140759.7964415103
35897,6400639.513290134
35898,4991379.4423831655
35899,8535999.2132147
35900,4852255.068093978
35901,11428670.630745066
35902,3704181.3881996386
35903,4185011.3116139597
35904,6002499.638922061
35905,4082220.498153108
35906,17615936.74679585
35907,6503025.497894601
35908,11699379.821133714
35909,7667587.034221401
35910,6808497.519353114
35911,7602144.483627794
35912,5392560.178643006
35913,8686680.62869526
35914,6290362.549901824
35915,6899091.997614391
35916,5425664.872906044
35917,5914220.346378936
35918,10419184.835321685
35919,4996118.357696419
35920,5260307.971051886
35921,5847750.805505818
35922,7586264.368599849
35923,5159917.740443665
35924,7702176.202833829
35925,30371863.154727593
35926,7341541.017478921
35927,4788223.516178174
35928,3248382.8981718146
35929,4977586.783705481
35930,5970817.158980721
35931,5223363.06200378
35932,5065317.289922576
35933,5543508.22317324
35934,4194844.134173105
35935,8560165.025514575
35936,12150299.87580939
35937,7677750.734472769
35938,5344292.1498483075
35939,5174991.739921091
35940,7671606.741449844
35941,7416583.253787133
35942,5098317.664197243
35943,3761737.603391044
35944,5350069.79921748
35945,5993120.50119923
35946,6181264.057531241
35947,14267652.85564529
35948,4142142.809529975
35949,8425026.662442144
35950,5517078.8456495255
35951,10567932.997295944
35952,6669871.064085637
35953,7190291.635169372
35954,7534726.826167916
35955,13670199.189239336
35956,5049206.506178566
35957,7549973.480066252
35958,12748031.547983035
35959,6048273.17061809
35960,8415643.321094748
35961,4331298.477408625
35962,17480208.890624437
35963,11076803.268959722
35964,4176659.474519281
35965,5950237.89406509
35966,5263805.410532278
35967,11311032.553323748
35968,6542420.695799458
35969,6677516.195203988
35970,10038546.221047558
35971,6003739.78604866
35972,6183895.02710284
35973,9243912.267283011
35974,7018210.465223108
35975,4309485.364102012
35976,7533155.234077096
35977,5168324.961415189
35978,5209619.020568169
35979,7227391.578314875
35980,6349319.947649707
35981,4645725.686182167
35982,8056705.984756521
35983,15487221.472501256
35984,9277147.547577515
35985,7359248.010380666
35986,4461869.040860337
35987,3656698.6781701753
35988,21105928.10105169
35989,10809070.871136805
35990,6413031.347891161
35991,14928450.400740353
35992,5598965.697630957
35993,5742904.217592434
35994,5395821.520666917
35995,8977432.498406913
35996,5413269.508657535
35997,7389775.501818958
35998,5520296.887791309
35999,11550984.188934697
36000,6096278.315126718
36001,9714922.805456635
36002,11532067.496372689
36003,9844200.182561615
36004,8106433.5930388495
36005,5803771.546920536
36006,7238363.260418764
36007,4118278.9380846797
36008,3506329.9537578486
36009,8584969.773306433
36010,10625123.07196709
36011,18364466.4265348
36012,7170574.120613949
36013,5964588.06179516
36014,7265041.229605397
36015,7147096.899856996
36016,6612257.931818355
36017,13851466.864408625
36018,4867239.883956361
36019,7769571.432237311
36020,8954442.811532248
36021,13950971.977384968
36022,7789818.691449729
36023,6024654.941599083
36024,7256583.238756905
36025,9423271.656385427
36026,6875672.196513663
36027,6339431.310748261
36028,6582001.934676793
36029,5890402.3593627885
36030,7008361.510345415
36031,7315544.092704423
36032,6831417.758885522
36033,8070561.412204745
36034,6154496.514188249
36035,6382934.753363448
36036,6517973.469697888
36037,6767576.042952257
36038,6446302.480114969
36039,6984612.200259822
36040,6726575.215738173
36041,6250773.736019946
36042,6938202.050611355
36043,7068729.330874624
36044,7593838.307552047
36045,4011613.036256795
36046,3907069.8656528327
36047,8117343.226771062
36048,7684252.2089331895
36049,7069101.282956678
36050,10908628.45130188
36051,6408710.797398748
36052,6358260.521058453
36053,8487205.101435242
36054,6050029.743438915
36055,3581224.5586070414
36056,9802270.749881117
36057,5591974.703758635
36058,5266885.295771413
36059,5882990.358355068
36060,10078893.512428822
36061,6052244.603292446
36062,14214155.780111393
36063,5294462.95494662
36064,3884996.031680478
36065,10406291.598871129
36066,6566874.545935198
36067,10457947.472486421
36068,4154253.32826375
36069,3662525.6203393415
36070,12407526.447473926
36071,8732440.882569537
36072,6288683.707514728
36073,12452562.36035199
36074,6710506.444917082
36075,6454602.866951265
36076,5630961.145478285
36077,7666760.666987476
36078,3023964.570592514
36079,7148282.666675621
36080,7481186.370859969
36081,4580673.769098676
36082,4789126.335798434
36083,6057665.380898151
36084,5057945.30777071
36085,5239902.614482267
36086,6409839.016163881
36087,5205251.04466869
36088,9795640.25070264
36089,9589859.868782898
36090,6390804.121978322
36091,7291453.699808874
36092,10347095.113624163
36093,7147143.0727874115
36094,4632121.401044959
36095,5513390.620709907
36096,8937420.954051763
36097,6631285.434558936
36098,5443763.392442358
36099,4824743.412995812
36100,9621985.04755199
36101,9437318.704523915
36102,12849767.298547778
36103,7067508.406574461
36104,3592454.7667406467
36105,9427476.137870733
36106,7373794.252712125
36107,17146010.032369748
36108,6923392.223093445
36109,6069926.90493386
36110,5725341.000357995
36111,4928655.142379772
36112,2154110.0149242627
36113,9086773.574905615
36114,7262360.484659726
36115,6459751.045122688
36116,5352650.06550247
36117,5581586.511450101
36118,5854569.204599086
36119,6149546.781792108
36120,7681141.41153715
36121,5176371.311709766
36122,3481735.8110407884
36123,8133388.089092644
36124,13018540.962359328
36125,3170798.1456040298
36126,7085138.120421881
36127,6076251.118696401
36128,5597773.634317994
36129,6596885.948676524
36130,7916341.839210159
36131,6466690.637794901
36132,13103746.853866676
36133,7428274.279889268
36134,6822257.413162785
36135,9611228.119329192
36136,7883392.51147712
36137,5468397.192953477
36138,10050630.64505026
36139,7150837.434080297
36140,3557221.4942123564
36141,5421223.961828167
36142,5497645.529811805
36143,6899787.174198197
36144,4376956.998491741
36145,12490345.893813478
36146,3576835.174477339
36147,6257834.572047065
36148,7128685.580530262
36149,7809790.53578204
36150,4742802.426089702
36151,2377216.0198843973
36152,7236468.023893325
36153,7532933.7728383215
36154,23745300.07464694
36155,6675774.510149214
36156,7418538.636745014
36157,5496086.422069985
36158,5826210.7459710715
36159,5503768.39163485
36160,9295882.045856727
36161,5228863.405640548
36162,4395203.842385287
36163,8786896.495261842
36164,2932898.3479574127
36165,8952358.867330173
36166,8843188.713767389
36167,5672755.569697992
36168,5853352.082918109
36169,5154835.420198678
36170,9382576.662079662
36171,7733463.404510781
36172,9152634.25034569
36173,16070291.646140974
36174,7635978.031713196
36175,7399638.264506249
36176,3679882.7634846754
36177,6554909.686689732
36178,8091699.02927436
36179,7633082.896717405
36180,5389233.685303097
36181,6996637.90892522
36182,6392371.78990831
36183,3694064.939612906
36184,17309261.60756034
36185,5676146.948604172
36186,6490373.891067585
36187,8280114.981699358
36188,6828703.00722462
36189,7735663.654740359
36190,5533137.0381082
36191,5508230.420189113
36192,10747941.41510532
36193,23306996.73448071
36194,7412969.714486716
36195,5423063.618216144
36196,7152311.455030129
36197,10472958.292106075
36198,8278061.594964264
36199,11301963.324157007
36200,7545558.394023562
36201,5847894.046352735
36202,6380205.474612149
36203,3836565.5970321167
36204,7408823.613863185
36205,5733451.609316049
36206,7676866.227342717
36207,5791766.671681656
36208,10783311.260438133
36209,8086388.845344204
36210,7127049.784918265
36211,8816988.640632698
36212,10466676.374720817
36213,5182066.2476446405
36214,6704859.186723738
36215,11047793.533743344
36216,4031059.485215159
36217,6622476.720284802
36218,8028579.67512292
36219,3547454.075302696
36220,5317356.858617217
36221,7278537.716386204
36222,6377593.633538845
36223,6136454.7631953545
36224,7246225.488974436
36225,2587795.086193053
36226,4067928.7471544575
36227,6054725.4478108715
36228,4365098.674403954
36229,8191046.336441612
36230,4527165.700822013
36231,3864063.5773711433
36232,7820122.427110653
36233,12572003.170305924
36234,8784512.173557715
36235,6306242.219689007
36236,24715488.369460274
36237,6577481.03841088
36238,5692333.369012808
36239,5338930.06404303
36240,6626650.355059633
36241,6471919.926297164
36242,13527732.828434106
36243,6800909.78716752
36244,7324431.676094452
36245,3848098.219623377
36246,9419037.322989058
36247,11376201.096263334
36248,4386129.652241275
36249,7543020.293282243
36250,8688107.53603054
36251,4037317.541663816
36252,6141992.872291014
36253,8757897.798270907
36254,5350165.991167927
36255,4605570.194679572
36256,5413361.684400162
36257,5627692.102658256
36258,7130655.043683183
36259,5866667.916803724
36260,6199208.469040857
36261,4426512.229041463
36262,6687796.921543436
36263,6504683.887134732
36264,6265667.891881796
36265,5337124.510816268
36266,7584992.090228434
36267,6298162.057740404
36268,17031798.490468875
36269,9921414.311476635
36270,6258693.260083166
36271,11234519.956722835
36272,3083419.400508679
36273,7195215.98429534
36274,5732529.128437136
36275,8892118.245383834
36276,6361041.470002238
36277,5783396.645954738
36278,5002954.062046442
36279,6443814.513795832
36280,7045434.255982535
36281,6977320.860223919
36282,3298543.212273473
36283,6248506.688879209
36284,16571569.89024419
36285,5680712.762185339
36286,5129307.8357667895
36287,8394652.529043648
36288,5110026.387044693
36289,8478412.452178031
36290,15928349.86740826
36291,6154581.530874912
36292,7043949.6852802755
36293,7114701.701328424
36294,16747184.70838003
36295,4585175.155761831
36296,6915890.824687723
36297,6712586.258017846
36298,10318340.295974934
36299,6724240.132801418
36300,4070292.839249597
36301,6709221.101799161
36302,8164847.584953117
36303,10454276.080285454
36304,9122098.107129943
36305,6877740.028565175
36306,10277685.040670428
36307,5071526.212839547
36308,7302794.741158281
36309,11079129.95080389
36310,3720260.04284195
36311,6039644.471484109
36312,5184886.786066211
36313,7086681.844792031
36314,6681367.372828604
36315,6012690.802962868
36316,4380991.833597146
36317,5858797.092756133
36318,3842918.6721444586
36319,7044560.286618754
36320,4855934.720548539
36321,6638533.9054475
36322,5226748.402381037
36323,5140860.890254616
36324,15977533.48448002
36325,7958708.166361203
36326,5250019.2526644245
36327,4940973.894501914
36328,10467286.84627743
36329,4885056.697617558
36330,6951165.682256647
36331,6189418.605140395
36332,7918454.788597964
36333,6303625.040851468
36334,7670887.107298118
36335,6602629.694019144
36336,8756269.490977364
36337,17157530.24558375
36338,6556729.073794168
36339,6156798.120506497
36340,6417931.8701112615
36341,2760515.3044083044
36342,15117916.005243983
36343,5481747.317472363
36344,6389524.182902532
36345,10495349.981025493
36346,3886886.1641633725
36347,6014608.138310158
36348,6512474.470797093
36349,8282741.688569689
36350,39563515.2910599
36351,4572211.345931283
36352,4648519.773840293
36353,7087808.491559023
36354,4745731.385905117
36355,6950277.5744328005
36356,6981440.166854467
36357,8154476.053486821
36358,9397710.286496632
36359,7416241.765326217
36360,6247849.737032708
36361,6820424.661610789
36362,7164387.9958722
36363,6509517.592910641
36364,5290060.438721512
36365,4156127.4532226925
36366,5752179.579620143
36367,10787251.445054492
36368,10238155.846193407
36369,8255296.1254435275
36370,4711563.137952092
36371,8137069.94298534
36372,11376344.81832126
36373,10892122.219295403
36374,4711509.155548246
36375,6048524.885231553
36376,5112765.301171538
36377,7297148.811613559
36378,16482698.960289009
36379,7882558.198805512
36380,10037332.553668952
36381,5376688.256816535
36382,10615363.774633877
36383,7493607.618304913
36384,5777102.167660083
36385,10394477.95893314
36386,5850873.059291931
36387,6881436.26449613
36388,6300482.238847987
36389,9657269.08843534
36390,6397960.985832068
36391,5025530.125217324
36392,4193971.893341417
36393,26317141.3164259
36394,4580408.345396828
36395,8389698.88831256
36396,10315563.93262387
36397,3735245.0027550706
36398,6210106.3022270305
36399,12143754.372642992
36400,6039426.325217066
36401,4482125.068127281
36402,10914039.156994775
36403,5305101.189357619
36404,8354030.588744298
36405,6349357.457851129
36406,14403916.047258826
36407,6732750.336928013
36408,8006018.8066963665
36409,6421160.718276227
36410,8267922.781659474
36411,4432941.215151755
36412,6868385.86655057
36413,6518614.525496608
36414,5586383.215749788
36415,5668355.616372274
36416,6276366.491087172
36417,7547050.190319138
36418,4575646.525437912
36419,4507027.414266836
36420,5370564.037819063
36421,5959347.142938994
36422,9203492.817414125
36423,8637471.766590046
36424,6866742.397577414
36425,4174258.180342511
36426,4954176.323312937
36427,4514130.10352316
36428,13518109.624127705
36429,5972290.11027828
36430,8689477.291849842
36431,4468142.20119373
36432,7321110.044880568
36433,9123538.90454796
36434,5238968.832778526
36435,7544818.717653655
36436,3101167.342755161
36437,6781137.951900038
36438,30380789.845967714
36439,4121603.907281043
36440,5834311.557070381
36441,6521628.819998532
36442,10129016.053820312
36443,8342671.854801055
36444,5908311.789376086
36445,11234859.589476421
36446,7149291.156128567
36447,5826734.452633123
36448,12867276.087382142
36449,11246702.822870243
36450,5941160.160335525
36451,12472847.733918013
36452,4569654.12721347
36453,9545983.925727472
36454,3464752.3939871127
36455,4922743.568715981
36456,5329583.686048906
36457,6610113.91846326
36458,28303453.473519225
36459,8952302.139860338
36460,14305105.07431596
36461,4789931.869691963
36462,5772916.831056576
36463,5266041.372285828
36464,10299550.13640535
36465,7937121.804043415
36466,5574913.212736555
36467,4705287.961473117
36468,5871692.397522729
36469,7910663.161323617
36470,8623780.673956402
36471,13019555.70622243
36472,7892425.7574953735
36473,5483938.649125092
36474,5146194.953355851
36475,5301038.032868711
36476,4078820.518632413
36477,5724413.558276505
36478,8094746.548122393
36479,5414910.65515352
36480,7370444.5737568475
36481,8515772.552469196
36482,5344530.219307122
36483,6324214.718522673
36484,7638331.4991034875
36485,11320074.510519432
36486,7475826.797131228
36487,10159599.860650424
36488,6066162.262969808
36489,7291659.511453292
36490,7322064.983453586
36491,11750908.199606633
36492,6130905.782305089
36493,5314745.809664077
36494,8371450.1905609425
36495,4856084.775694937
36496,5074969.08035984
36497,5566261.822025832
36498,7169668.053960101
36499,9228728.17346882
36500,4717242.794133174
36501,6656507.582395949
36502,7787487.850339099
36503,5955313.364170939
36504,6365705.322334169
36505,7558623.608342783
36506,11909419.931087876
36507,11547569.899167337
36508,7406356.635514506
36509,7100929.877288724
36510,15537972.68075939
36511,4000148.143909781
36512,5273213.997653279
36513,17282128.58656334
36514,7575030.360416338
36515,9804819.200278105
36516,4187609.831365023
36517,6006391.886123836
36518,8420616.613219678
36519,5941544.348036314
36520,10531399.981155638
36521,5618996.7458511535
36522,5799642.423865374
36523,6386638.697520964
36524,6904797.300296328
36525,5144615.121558791
36526,4081975.434407334
36527,6148627.50741165
36528,5058661.835997643
36529,6275181.302526283
36530,22886661.403531004
36531,6028256.875751916
36532,5499400.5883614775
36533,7086144.957279768
36534,12157207.680702217
36535,33111332.006415814
36536,4496857.4302140195
36537,3917147.198385703
36538,12046507.93053068
36539,6701876.248524637
36540,5009231.582996702
36541,5706571.037377974
36542,5281841.143983593
36543,6075554.378498843
36544,5786822.843341731
36545,6348486.968285546
36546,4647832.4683918
36547,10176070.394163955
36548,8447341.43257583
36549,6094143.208163985
36550,5416947.222165655
36551,5801363.231247562
36552,5386665.052270615
36553,5826860.843352256
36554,8585266.211737476
36555,4155539.006750736
36556,5488577.765387959
36557,5942857.691570995
36558,3864553.1216711625
36559,5292689.9653981775
36560,8516078.147676172
36561,4807918.74287903
36562,7727222.562871695
36563,8549858.863861606
36564,6833623.576145207
36565,8057975.750499192
36566,2061436.9695703646
36567,6681485.270430821
36568,10478259.422597418
36569,5209267.115899599
36570,5743436.400783415
36571,14434637.72024985
36572,5588080.981301734
36573,5769332.5733539695
36574,3807417.6609355477
36575,8760472.88428352
36576,6128661.31245191
36577,6610713.852393102
36578,9374739.858735848
36579,4777724.923201091
36580,8459420.22308417
36581,5496378.6974603925
36582,4802510.395928052
36583,5802354.947812978
36584,5721152.478389207
36585,7800729.100261413
36586,7315190.216378182
36587,12610005.783768263
36588,10135351.076041296
36589,7257516.569383604
36590,6459225.325916426
36591,4826998.205816358
36592,6873598.359401033
36593,6626333.464771039
36594,7692648.828644426
36595,7042389.648637466
36596,6040257.328747021
36597,3217256.9654847872
36598,4134371.2412397657
36599,5526090.5874667335
36600,4977436.494362025
36601,4452562.860917065
36602,6823601.0541981235
36603,4651414.472996305
36604,11221899.376132853
36605,12560014.597890923
36606,5718873.108803979
36607,6937682.34694664
36608,3907857.002400754
36609,10555859.266095445
36610,5824722.695619033
36611,8045618.628025127
36612,7455416.017815659
36613,9619266.520459047
36614,7814523.649398469
36615,13456714.004952244
36616,5946146.515842449
36617,6300644.183359713
36618,4797629.206264068
36619,7367193.54135461
36620,4362500.50993892
36621,5489103.811388574
36622,16001201.51036186
36623,9249012.8874648
36624,7633935.5340056
36625,11721652.48616187
36626,6203047.647693703
36627,5946408.655111177
36628,6375726.81411967
36629,8157388.51532714
36630,4996100.111258751
36631,4527380.589713778
36632,8209537.673524723
36633,6368011.646913549
36634,15445178.619124064
36635,12218945.302382117
36636,10810296.82069552
36637,12592838.301282162
36638,5606785.48391921
36639,4828057.606076525
36640,2762311.78695422
36641,7648593.703781954
36642,8445855.38787353
36643,5541185.350862863
36644,6957126.0770943705
36645,8899896.06813321
36646,7291563.392024162
36647,5904771.188946961
36648,8801615.38345965
36649,7472311.085633928
36650,4276145.305279335
36651,8064305.19881484
36652,9016251.052225487
36653,5317096.422592278
36654,14111133.240184918
36655,8509834.139963703
36656,13637834.911666973
36657,6021356.55758268
36658,3515320.646114671
36659,4032826.6578396815
36660,6338241.861979418
36661,6926832.880684458
36662,6593034.757696851
36663,12639307.174927676
36664,5861170.418568731
36665,5077507.444987101
36666,4751535.707642164
36667,4836108.327323346
36668,4532675.496222192
36669,13197616.669258434
36670,6344446.654880588
36671,10471214.569410669
36672,6467629.878033733
36673,5652710.099279802
36674,10205590.239523109
36675,8309007.357971296
36676,8376928.423428978
36677,15860093.603751319
36678,5623854.313429212
36679,8879672.950869968
36680,7892674.558915711
36681,6305097.9564589
36682,13672950.978101147
36683,5577206.557764814
36684,7285000.1795440335
36685,7831422.858353368
36686,8864572.425636569
36687,15486530.32643159
36688,7292002.089355056
36689,7444072.722948696
36690,4173982.2289942196
36691,9251925.595072087
36692,10942486.025296956
36693,4897935.078995827
36694,7112973.597373202
36695,7449921.304983374
36696,10633340.965345554
36697,6940555.512421201
36698,9174507.215889396
36699,6267100.149702825
36700,5112387.154843889
36701,6283598.024014533
36702,6520754.036861989
36703,6974011.121423426
36704,5364377.454216115
36705,8270649.587766321
36706,8747878.771084506
36707,4335156.436948294
36708,8275344.711159192
36709,7372915.321817493
36710,9248982.99141205
36711,5451332.942011337
36712,5518133.802693107
36713,5814838.013244456
36714,5579586.452838633
36715,8976956.611878665
36716,7278725.497741932
36717,7632079.728043666
36718,4386447.879663046
36719,18300463.07696109
36720,7591005.046073323
36721,5900012.451700363
36722,7351427.394450104
36723,3671424.633987765
36724,13241300.377919523
36725,6609873.534462538
36726,6161983.192702571
36727,10687688.380758356
36728,6660614.560703372
36729,3954581.4928101543
36730,5964113.872882742
36731,5203357.313096968
36732,7490298.988883291
36733,8311116.24254321
36734,9161646.170425592
36735,8511296.41596511
36736,7181970.527140518
36737,8044050.957283802
36738,8985876.278547047
36739,5705562.196384192
36740,4295449.625335678
36741,6425974.229127759
36742,12629315.621552724
36743,6557982.082419515
36744,7283315.408297328
36745,4095461.4674782446
36746,7107509.099206634
36747,10155704.84363877
36748,8555616.949231537
36749,6760190.7058917135
36750,12869788.79390275
36751,6444401.321506532
36752,8250921.258025754
36753,4982406.988811428
36754,9514433.274662936
36755,7499582.014322865
36756,6349028.219854917
36757,11131532.117752042
36758,5733913.691151932
36759,5479415.692267334
36760,6258005.321065393
36761,9083736.304772148
36762,7469598.0575941475
36763,3129317.7724491702
36764,8322971.263756844
36765,7449382.6690076925
36766,15057127.146336734
36767,5891405.289288346
36768,12099323.705068173
36769,5987485.371994824
36770,32469555.725014456
36771,5082236.158747703
36772,10454069.573492404
36773,9689093.310005005
36774,4376744.145851359
36775,7644979.729923239
36776,11816460.493311021
36777,7739051.348462188
36778,9976906.17570846
36779,5967639.116228739
36780,6835855.956941168
36781,4990420.567983231
36782,7184277.031926382
36783,4993116.30370926
36784,5776361.084602986
36785,6545510.140552521
36786,6048369.909130568
36787,4886776.346907471
36788,5083302.060796004
36789,6575676.028898647
36790,6537253.862380963
36791,5527961.402778172
36792,12175785.653285054
36793,4511821.2227085745
36794,4208776.794801695
36795,8245121.256803477
36796,7118294.678110881
36797,8946783.24849415
36798,6660377.232259872
36799,6394359.707120827
36800,9699005.245884992
36801,5665974.336834234
36802,6162312.561925493
36803,9754304.601770861
36804,5416568.599978945
36805,5012922.8433980085
36806,7019040.341731187
36807,7072396.676160823
36808,4685361.315394618
36809,18584516.030052915
36810,5680868.630617973
36811,5046629.926772234
36812,3269998.8351910207
36813,5451177.713979679
36814,9016235.970596
36815,19567852.379081663
36816,6675449.3548697615
36817,3743016.2185221775
36818,6830107.176859665
36819,6349326.976388177
36820,4585296.750697782
36821,5950346.811461702
36822,10841411.501119494
36823,6921735.839795374
36824,5471406.821261881
36825,15243155.558425559
36826,5568513.224904506
36827,6596434.468627473
36828,7785683.141563921
36829,5525068.256015887
36830,7393927.073385934
36831,10908670.092054805
36832,8590052.029450756
36833,8155939.608078086
36834,6174634.483776697
36835,3863687.6827993514
36836,4054856.507093571
36837,7477891.315207777
36838,7284939.761559085
36839,13252048.04506497
36840,5357093.510783047
36841,8780236.124532787
36842,8373846.454886012
36843,6222318.341531763
36844,6252183.652173716
36845,7754062.147357105
36846,10398170.432554074
36847,4943522.752991607
36848,8329253.2778934445
36849,7056651.2930464875
36850,6957130.176980622
36851,5954230.123539614
36852,5462667.909275851
36853,6005867.078264144
36854,12016726.78123163
36855,7412689.725812019
36856,5314496.24461272
36857,7372408.546543788
36858,5358665.0076334
36859,4511842.552169309
36860,9475506.696165143
36861,4506858.514448241
36862,7575542.426869236
36863,5271454.3390754545
36864,14297893.27244026
36865,5155665.328270096
36866,9046349.25164006
36867,5627211.634747809
36868,6419838.4444912635
36869,3503539.3563296837
36870,6369426.338111625
36871,7714870.815321791
36872,9193258.01826198
36873,11685923.834777482
36874,9194432.592679093
36875,5018699.923486808
36876,4255023.073884654
36877,7989157.213962403
36878,14402143.107046708
36879,8750133.81879429
36880,3695903.4663107265
36881,13548699.49176338
36882,9892978.232116742
36883,4242561.822767819
36884,7876115.442313766
36885,3894740.321157124
36886,7438752.674221984
36887,9797791.194197752
36888,6274657.972025277
36889,4734456.812917484
36890,10614140.612457167
36891,5984384.578689304
36892,5506715.571491292
36893,4672382.798817612
36894,4048120.625891244
36895,10769393.800580153
36896,6614219.135832364
36897,6858130.89587987
36898,10572402.638136243
36899,9790694.6768621
36900,5711111.8026644
36901,4581965.378782545
36902,5573611.667805265
36903,14612123.637712663
36904,6651404.272703559
36905,5092066.253078193
36906,5137865.940329297
36907,8109877.450332413
36908,10135017.667920206
36909,11690451.101669151
36910,5904339.185936577
36911,6511559.898200753
36912,11576754.567364726
36913,8443798.793841982
36914,6583698.168992076
36915,5755395.5637083575
36916,22543079.611848745
36917,5700822.3458710825
36918,8890804.30592967
36919,5459504.765164631
36920,5604108.955249078
36921,6518281.327220488
36922,4827095.228891128
36923,8433176.749017637
36924,6062509.098476997
36925,7905057.612842873
36926,6299565.097739911
36927,12716907.558413481
36928,4404355.211710764
36929,5343487.384597893
36930,7256759.091060046
36931,7968234.072373643
36932,8566223.83591049
36933,9037277.687144382
36934,11035851.370572578
36935,10397066.86698685
36936,4987742.657071618
36937,9435535.25706008
36938,7032130.854513301
36939,6373208.033253225
36940,8421527.30940208
36941,4741385.136183525
36942,5897140.6191625
36943,4551512.835735887
36944,6916713.845153133
36945,10903342.412100164
36946,5869466.474353054
36947,5241738.412241625
36948,7605820.414230534
36949,15239266.55113963
36950,5495178.09318095
36951,16343949.481584957
36952,9991861.681804204
36953,17440878.26565495
36954,3911857.082330551
36955,4557829.41613378
36956,6057245.932606893
36957,6293294.750937187
36958,6892250.040594042
36959,10649991.342175765
36960,8601025.33386771
36961,5643245.498057376
36962,7857777.336685025
36963,4802136.157488009
36964,15523474.754158761
36965,6279245.778380714
36966,6627232.249376212
36967,5966610.689480148
36968,6485927.323637968
36969,6341903.212696446
36970,6881392.423995842
36971,16257209.2717286
36972,5297062.62803709
36973,6877498.276449851
36974,9172884.724874094
36975,6133551.250304425
36976,14177183.453192927
36977,5391227.417014491
36978,7777436.911384043
36979,3587922.3075564275
36980,6291705.025294684
36981,4318546.522824523
36982,5293533.902444063
36983,5637008.595323986
36984,4240561.356557629
36985,5960771.05069834
36986,4910524.137559667
36987,6784904.074745109
36988,8473698.128001628
36989,4384083.936434634
36990,7683478.99318161
36991,6955600.604404559
36992,9470361.218167594
36993,4473347.339776675
36994,5913581.914784935
36995,6819517.0459880745
36996,9775474.324350461
36997,7131134.409738945
36998,12436303.141526332
36999,6817651.538688246
37000,8127080.203767174
37001,7188092.767556396
37002,5422304.7236946905
37003,7739428.004926375
37004,11556505.948439758
37005,5524288.450270104
37006,11128204.180281514
37007,6270985.115056971
37008,7315066.374566936
37009,6704878.206558466
37010,6081801.5736238975
37011,7006099.451429068
37012,6875978.248794506
37013,7408853.356449518
37014,9558163.741840564
37015,8070111.592847984
37016,10969953.757050136
37017,13577372.392894188
37018,6546962.181495519
37019,5194139.873630229
37020,3558373.6539323325
37021,13542925.725186693
37022,5724394.445764468
37023,5546234.330514091
37024,11511841.10573186
37025,6799650.781477029
37026,6368478.037369929
37027,5714846.29482358
37028,3914666.322519057
37029,10213256.71474385
37030,6907330.766065547
37031,5454626.893331596
37032,14632882.421136074
37033,46393794.827385776
37034,13752720.49257895
37035,15546959.05665668
37036,14470259.04612341
37037,8595876.471717713
37038,3885772.4731788915
37039,6692513.841331687
37040,8083741.189853532
37041,7737802.312061144
37042,3824361.352048269
37043,5974452.966429865
37044,10817687.482270358
37045,5720761.356974961
37046,5586058.3797566695
37047,9894963.183978524
37048,5961955.475559519
37049,4118384.772873051
37050,7115299.100223873
37051,10338568.868955277
37052,5806722.466877357
37053,10299911.586174203
37054,10401066.799251856
37055,5374163.1231880495
37056,4575324.722152184
37057,5058482.401738287
37058,5286861.672658126
37059,8983891.429885432
37060,5791750.057516427
37061,4575886.032707469
37062,7257858.477856621
37063,10495717.293579403
37064,13700258.808267554
37065,7220410.23230417
37066,5387026.2799592605
37067,6441776.741937861
37068,10685045.217509128
37069,6312179.940068474
37070,5936650.976453445
37071,9190709.303289125
37072,6499647.268547433
37073,5359799.020487159
37074,8522288.879297461
37075,5058467.577900839
37076,31827046.756792817
37077,5662945.223071592
37078,5779715.099206326
37079,6782468.721377939
37080,4665279.407395444
37081,4630628.368842435
37082,6736894.096278604
37083,3416580.340958383
37084,6789797.440744237
37085,5500669.938000649
37086,5163428.808752223
37087,6085568.813249361
37088,7030564.119823204
37089,10769450.417704439
37090,7551685.334232253
37091,9457919.223942854
37092,6867789.138839172
37093,4413230.146926806
37094,7411968.194823008
37095,5346748.526332337
37096,3890244.5212109652
37097,7281748.6459817095
37098,8896653.395686433
37099,6539170.850041455
37100,6983641.726478841
37101,6772557.193143645
37102,6161356.372256623
37103,5554333.646534465
37104,7672964.362775773
37105,8774563.024811257
37106,6318457.125579549
37107,5880801.794770329
37108,7754071.676904798
37109,7474712.304899166
37110,6887413.165622067
37111,5132967.88959011
37112,7947833.512156773
37113,4104654.4130199645
37114,6903784.684687084
37115,12551561.345444907
37116,6314426.296649005
37117,7483637.408803622
37118,4698386.149537093
37119,15147385.338758867
37120,5055811.357939623
37121,7138541.18836282
37122,7646997.0720080305
37123,7272722.033799713
37124,5236210.434197993
37125,9092630.771407949
37126,7696772.195508036
37127,5798105.917263825
37128,8499396.875473823
37129,6397610.850408766
37130,3559031.022363041
37131,11634387.314325118
37132,6282061.733540902
37133,4789756.639559784
37134,17691783.591893703
37135,3753158.4215666954
37136,7961701.034057211
37137,6528442.378935843
37138,4952110.86678
37139,5111213.333788979
37140,5416357.664053882
37141,6950108.906933485
37142,5412478.977893712
37143,17466029.43796428
37144,10943870.546885965
37145,3843758.9215282374
37146,6343884.202585437
37147,4591124.033938065
37148,7816281.32324441
37149,6254518.083100779
37150,10936083.054869477
37151,12539670.537210675
37152,19207294.195756666
37153,6500653.59445205
37154,6924900.7088049585
37155,11507682.089574354
37156,9531977.435725007
37157,9225010.16666233
37158,3746616.5633668643
37159,5099230.572243533
37160,10352236.936329253
37161,7890004.711758877
37162,6145298.688263824
37163,4921420.533353308
37164,8675200.886060508
37165,8974031.365406096
37166,4253725.135360585
37167,5394597.077182087
37168,5828846.911432438
37169,10082296.553136151
37170,7286051.734884746
37171,7391622.471214202
37172,6555873.639439157
37173,3949964.43635183
37174,7193438.369064525
37175,13575465.743677696
37176,5704026.763940215
37177,6628675.315565514
37178,8619108.416699782
37179,4219558.193395882
37180,4875298.416213173
37181,6481550.508253659
37182,6284000.169885336
37183,6560578.560728441
37184,6970287.851685044
37185,4853545.291806119
37186,6383013.227430389
37187,5581400.061116115
37188,5358977.253293874
37189,5358089.618107122
37190,6757544.545087572
37191,6356101.08857779
37192,10478275.489257986
37193,11691284.886990936
37194,4250586.857301479
37195,8601711.224072037
37196,7255774.190236814
37197,5681309.56257147
37198,42112909.947220534
37199,6933362.358012163
37200,5086195.670587068
37201,6710130.708462206
37202,16512910.337481441
37203,6828214.681082268
37204,5857214.88284376
37205,5899009.802112138
37206,10043497.800106473
37207,6749730.525580837
37208,8031158.82381514
37209,3664589.209171747
37210,8319492.904452026
37211,7800598.127309486
37212,10168259.31242944
37213,7927857.718768212
37214,11091498.407104464
37215,9178344.034437915
37216,7461061.273783329
37217,9187724.963625811
37218,5177479.04380624
37219,7197480.656929665
37220,8165670.877249728
37221,3495963.7035612287
37222,11855546.31184746
37223,4434253.706430727
37224,5169801.250066033
37225,5476241.6144429725
37226,12975081.242939597
37227,18220649.46277222
37228,5980065.105321647
37229,4216179.953786199
37230,5091925.805652367
37231,7506748.162931897
37232,15645118.899943836
37233,4389279.662675248
37234,5808581.562464452
37235,17752352.36686512
37236,7307377.769495935
37237,8291791.136886753
37238,5720675.679421557
37239,8226086.415565002
37240,6322165.23488152
37241,5485848.0823915815
37242,7911606.35359008
37243,5774086.8567287745
37244,6030158.809136763
37245,5424486.700608395
37246,4102836.859288033
37247,8600436.07711279
37248,7824499.530053464
37249,4645164.968638434
37250,7625417.01167497
37251,6427956.539194329
37252,5252987.0282111475
37253,4626212.3292238405
37254,6220373.594915664
37255,7250059.271396577
37256,7303698.27268727
37257,7025893.320475325
37258,6561140.070982923
37259,10546800.652800545
37260,11717453.757686643
37261,4960256.880342334
37262,6257498.8275126545
37263,6159620.490465069
37264,6606597.758590922
37265,5752673.941902873
37266,18940174.895627394
37267,5799927.688436583
37268,7696617.474307416
37269,6057974.342403118
37270,5940607.076417599
37271,7516122.726082264
37272,6251621.320115538
37273,4666621.089623227
37274,4987552.945604164
37275,9667368.67169056
37276,9747682.838738596
37277,6687381.549145658
37278,6282595.561583604
37279,8164314.051999699
37280,7335611.294850169
37281,5170506.770722912
37282,8747195.923127651
37283,4712415.402042343
37284,6145186.723518107
37285,4209321.427690728
37286,5451214.833959033
37287,10213045.471876098
37288,5884550.941309988
37289,6231983.398004622
37290,4439385.007449061
37291,4605340.824809002
37292,9712146.27080398
37293,3931091.671761088
37294,11356623.9386898
37295,6381284.463316741
37296,7804611.3672609385
37297,5332319.671765451
37298,6484342.100878172
37299,6475411.150669618
37300,7112441.310406568
37301,4477384.570649789
37302,7472209.773739275
37303,10555725.263818335
37304,4669372.698519083
37305,6036617.659180525
37306,3585024.227211495
37307,5740391.102445406
37308,7745496.916905298
37309,6984859.088926669
37310,6133906.603819431
37311,6552526.450313612
37312,3902579.9211320453
37313,6497068.396495376
37314,12194621.390362734
37315,7902002.349336241
37316,6857895.573786106
37317,6591606.007879641
37318,5498358.412085963
37319,6177014.186139941
37320,8484274.339369101
37321,6396781.575451201
37322,8602663.693985393
37323,13945011.189891187
37324,5660645.976718681
37325,7274774.507370955
37326,5923048.519381643
37327,8718450.67318293
37328,5904581.083770611
37329,5547967.751591356
37330,6312999.431625
37331,4066912.820183524
37332,15895863.45540422
37333,6112814.67929661
37334,5559439.544730596
37335,6311633.248131264
37336,8032040.913645454
37337,6727392.866280646
37338,5555458.727533422
37339,6373858.688209624
37340,7844068.557065875
37341,4566272.49013526
37342,5177038.4696816765
37343,4688878.5257195365
37344,10736198.092498425
37345,5575596.427489795
37346,3929043.0050376737
37347,8119821.943977609
37348,5005354.357766995
37349,7439639.199913829
37350,11892386.144380653
37351,5915711.611523838
37352,3881881.760275677
37353,5918429.629770694
37354,5877071.240565967
37355,8555351.303698352
37356,7001289.2782199895
37357,5681595.524324592
37358,7070490.23156121
37359,4820062.49393148
37360,4939687.641251638
37361,5744971.532962437
37362,12209000.374688199
37363,5230343.93035861
37364,4684652.195967921
37365,4544772.112342601
37366,7230631.7786253365
37367,8810202.149219409
37368,7497637.774273002
37369,5951215.399787274
37370,13552289.83594167
37371,3960247.961407117
37372,7526490.022584237
37373,10627863.44908493
37374,4880277.068544652
37375,4278235.723469724
37376,18607981.737174142
37377,6434009.498421692
37378,4107881.8447981095
37379,8443876.140395451
37380,7413180.231771791
37381,5960106.062999328
37382,9644544.823315656
37383,7952248.699069028
37384,5146480.647539569
37385,7766637.39185162
37386,12296267.459100414
37387,5731019.5444646785
37388,6339082.750660101
37389,5559980.582194289
37390,6532259.261180239
37391,8067622.165844975
37392,9563350.871092994
37393,7850122.47428042
37394,5441420.814562379
37395,7808935.933852545
37396,6296325.377951625
37397,3509478.2829544763
37398,6096539.130367315
37399,13733201.237926556
37400,5300832.585541224
37401,7864951.278893186
37402,10675764.983997013
37403,7863464.333910141
37404,5512220.3595994385
37405,5729967.02724711
37406,5213624.00097871
37407,4264844.373306326
37408,4752549.79220957
37409,12035530.552904563
37410,6692086.617712694
37411,5665003.62464249
37412,2150149.6851518275
37413,5440433.743871858
37414,4800698.118856162
37415,13301707.075349802
37416,4295485.579100631
37417,4018062.4063742496
37418,7251733.811958593
37419,5403838.098892437
37420,10533810.688425327
37421,10361192.621630723
37422,7049363.307193204
37423,7646039.736928314
37424,12676479.671110393
37425,8178945.323144
37426,5579017.552990146
37427,5233176.879235205
37428,8657136.078608796
37429,11170491.188905854
37430,5540652.9046129435
37431,4157908.7446893626
37432,7352634.413558624
37433,9456836.184296971
37434,5698449.051559646
37435,5973310.144408049
37436,7823565.508035755
37437,7757717.625981035
37438,4523969.828955075
37439,8740692.582676444
37440,7922865.972433062
37441,8666853.480294172
37442,8263426.36747618
37443,4419798.201886247
37444,4876624.066418004
37445,4603869.017373522
37446,8791452.728229044
37447,6182429.417080192
37448,13673553.929550266
37449,8039910.474255118
37450,10926709.677182233
37451,14907428.854846632
37452,6423779.475949906
37453,9427269.057334963
37454,4071724.582382614
37455,7650481.773801355
37456,7763480.978457067
37457,4053928.259070201
37458,7503046.188724103
37459,12819423.214673854
37460,19607542.262745205
37461,5651098.932247046
37462,5884717.700071136
37463,4359550.777357074
37464,11517748.923353327
37465,7176245.204440157
37466,5678638.89725259
37467,9949737.993806573
37468,4933069.875172051
37469,10064466.91064613
37470,4610660.28394846
37471,7645773.346260182
37472,5157869.732551675
37473,6432713.385965159
37474,7264789.000375166
37475,16187619.44291839
37476,8543180.41241964
37477,5246185.156664357
37478,3970065.6465505026
37479,4793398.6666063005
37480,9894905.21878812
37481,13988441.80867645
37482,6125189.720283932
37483,8435994.877480965
37484,25185792.150663007
37485,4763411.242612336
37486,6137634.357460303
37487,4880622.196482577
37488,6554365.598981037
37489,6665224.05740322
37490,18518454.413316965
37491,5632578.614638165
37492,5909891.477904284
37493,5105900.967823745
37494,5589012.793141484
37495,12266724.356489487
37496,4103083.5601784117
37497,7265412.1154194055
37498,4681621.356303336
37499,8220294.403414345
37500,3988906.4752925998
37501,4099805.4528583405
37502,5080710.73839625
37503,9103600.989957418
37504,7623798.568558535
37505,3369166.1020113192
37506,6900985.697836791
37507,8712830.183283988
37508,16732777.780845765
37509,13316596.719255663
37510,5461530.512573947
37511,6261881.359317362
37512,4667443.932717005
37513,7238831.291805087
37514,7637713.902800825
37515,6162606.762612873
37516,4445023.968885936
37517,5232003.350331139
37518,6471287.688841199
37519,5201119.301825845
37520,4489141.29948406
37521,7602729.633905038
37522,9355394.961458428
37523,3867231.389354683
37524,4032205.7839260055
37525,7551699.284215639
37526,12851370.952599987
37527,5350503.109763226
37528,5571116.310559629
37529,4349623.692200673
37530,10548330.58544468
37531,6963314.049591213
37532,15146075.729993971
37533,8445173.853626551
37534,5846922.657809275
37535,6168176.3775690785
37536,12918470.920306483
37537,13033662.10166585
37538,5572920.625973639
37539,10974347.881207572
37540,4166237.728628411
37541,4136716.427681239
37542,8627178.369781846
37543,8116530.231425939
37544,10341326.155995145
37545,6061392.108251568
37546,6675236.146712896
37547,5935728.238693763
37548,5966168.871299589
37549,4965315.706266009
37550,5548990.119258683
37551,5419619.970192543
37552,7476280.494477168
37553,14631796.217845727
37554,18213731.2569512
37555,12166578.666287774
37556,7012255.97824345
37557,6734987.502726143
37558,6094327.186315864
37559,3107634.847957665
37560,4085938.3675245973
37561,7846663.964333809
37562,6269292.876322655
37563,6543713.556802851
37564,7030290.113200076
37565,8741586.459861798
37566,22705547.424972076
37567,19795390.879759803
37568,4833132.769870351
37569,10243500.146758566
37570,6637741.069253341
37571,12150832.322357254
37572,6379595.951214729
37573,5257451.091566632
37574,13301803.406770937
37575,5049793.416269574
37576,11586429.950241754
37577,14273561.156583497
37578,11690959.326144405
37579,11492471.688829696
37580,6566685.13598811
37581,5714628.481386335
37582,8926127.413289234
37583,8685088.17590877
37584,6842482.3178892275
37585,7063683.849763196
37586,7746635.2731230315
37587,7025516.697956733
37588,4728077.994861462
37589,8724346.368823722
37590,5385764.355663918
37591,12199473.782824332
37592,5432829.28039284
37593,4351784.788126316
37594,5398510.824177721
37595,7393423.861409557
37596,8672268.803231545
37597,5910684.257048492
37598,4187853.087061451
37599,16407048.587208934
37600,5699139.93340022
37601,5442508.101921431
37602,7207377.385586346
37603,11889907.991893841
37604,26241250.894038223
37605,9766889.361788962
37606,12050382.623530315
37607,7284691.15546091
37608,9733023.227484096
37609,6115617.738966438
37610,3991321.7455937164
37611,6669291.479542817
37612,7473425.009714378
37613,5695041.6112446375
37614,5874722.8352599135
37615,6484657.326760366
37616,4735533.105688418
37617,6733450.0259323595
37618,12443987.072268363
37619,3635213.5477691973
37620,8021312.367947653
37621,10983308.38372246
37622,11132255.324765615
37623,6836483.819412561
37624,5099211.763972524
37625,14633529.91476624
37626,10600766.332101613
37627,5592000.983866612
37628,6046886.35882581
37629,9801291.926683657
37630,4202898.349032096
37631,7369797.434090896
37632,7157454.494703263
37633,4976381.965938626
37634,10305480.978163566
37635,13600699.629231581
37636,11506579.123655858
37637,6819937.561239425
37638,5153957.13781353
37639,7081442.542582388
37640,3849688.5807898114
37641,9640813.293649444
37642,10989688.104662806
37643,8314066.589114714
37644,7716952.20111259
37645,10448754.737977555
37646,7250841.68086673
37647,8762590.6267037
37648,9310818.73010741
37649,11367961.914037257
37650,6583631.33775786
37651,6573995.282393672
37652,6368314.4296891745
37653,6117598.10924526
37654,7624519.921922362
37655,6817338.90748486
37656,5134903.323751125
37657,6755135.673887822
37658,6925629.885523139
37659,6295069.561188147
37660,5271048.193126195
37661,7183340.120281521
37662,3938070.6424724283
37663,8689455.21521386
37664,6304208.950945419
37665,20159731.496983092
37666,6687342.720710229
37667,7754078.198389535
37668,4692914.0030614855
37669,8700199.518312642
37670,9526492.518693421
37671,8488868.41532918
37672,8112021.8749548895
37673,5880922.6685672235
37674,4912931.208650187
37675,6772722.892574309
37676,5606251.50943357
37677,4430793.36201703
37678,6897520.906227987
37679,7322569.372845436
37680,7145422.562491332
37681,21413280.011460375
37682,8139843.909381814
37683,3950690.7128222045
37684,11503876.295536442
37685,5949383.327486194
37686,17287713.887095228
37687,7242674.518015926
37688,5954297.591560096
37689,4755634.587717093
37690,5851218.045095764
37691,4255586.703892856
37692,7380663.653927591
37693,6415658.383311716
37694,7569405.9664669335
37695,11644570.2748035
37696,5046319.509226805
37697,11824841.59481706
37698,5977979.929309265
37699,9033797.81537621
37700,4337199.7156052
37701,6176489.274849013
37702,4499330.223392814
37703,6042618.782145636
37704,10493226.682764398
37705,6654883.90159905
37706,4474274.761732124
37707,7835517.929393436
37708,5511438.446220936
37709,8211423.833170414
37710,11765615.748501208
37711,7683321.145637998
37712,7593269.03051289
37713,4383921.133223697
37714,5960242.706543378
37715,6459761.508177561
37716,8094852.494432994
37717,10833022.770525973
37718,5734091.0701205935
37719,7083285.374584412
37720,15857442.046703966
37721,8655949.750952192
37722,5371103.272660549
37723,11744512.830582526
37724,9793956.121983742
37725,4879536.107736865
37726,5299347.941347077
37727,11359982.945548208
37728,7144373.621364283
37729,21348045.85008445
37730,21284983.18239923
37731,6096693.65739039
37732,5455321.570361672
37733,14780709.695918934
37734,6983571.387084025
37735,4962082.611679673
37736,5357428.195983656
37737,4345270.0905964095
37738,6878083.434610848
37739,7818814.057146501
37740,6923727.553921524
37741,9506311.360211195
37742,6142704.126525125
37743,5810589.771609913
37744,7463250.942414228
37745,5642274.577132876
37746,11786239.232167713
37747,7370511.8007218875
37748,4809790.459730645
37749,6556379.234073049
37750,5024155.961595881
37751,7429116.791100781
37752,7065761.003353366
37753,31923195.857463624
37754,6717170.576426071
37755,4218742.702139949
37756,6982815.322501563
37757,8197345.764406176
37758,5105107.27633279
37759,8870248.045444736
37760,7057056.77059659
37761,4099666.4077154566
37762,6141908.979808009
37763,12100176.237659764
37764,13999095.342461472
37765,4153770.1700974084
37766,7803713.904563996
37767,6617867.646634893
37768,10723896.619255152
37769,10891413.499989726
37770,6033584.499717471
37771,8015071.50356251
37772,8779530.547562262
37773,7887196.564966191
37774,10030368.042292407
37775,4369587.947776104
37776,8624207.982934268
37777,7721500.77717327
37778,7553332.410722301
37779,5552130.880370352
37780,4894484.713534904
37781,3944798.8262873846
37782,7372036.3025429
37783,5490243.560336973
37784,11244782.489114162
37785,6189665.665797828
37786,7276728.518961516
37787,6834826.572532511
37788,4152113.018819836
37789,10734134.703994775
37790,3340604.193456102
37791,3905290.49083819
37792,3143784.370651195
37793,7008439.836093004
37794,10514649.720142782
37795,12051963.63699427
37796,6203114.762347169
37797,5005305.51887121
37798,8355607.303485051
37799,5579650.692483879
37800,5969483.650361538
37801,5608128.901809857
37802,4773784.423192812
37803,7014604.174628409
37804,9424747.523991155
37805,7319230.757429629
37806,13393617.347353913
37807,4463266.43425115
37808,11077199.076325484
37809,5009131.806617313
37810,6449934.120361467
37811,7754599.856158935
37812,5226773.994838662
37813,6849563.84565901
37814,11687949.025216974
37815,15864684.71286723
37816,5904956.245995497
37817,6071728.844949324
37818,10371242.479325622
37819,8826756.926181862
37820,4879414.9796134895
37821,3402605.2317270353
37822,8087061.083518269
37823,15845374.047482694
37824,5383697.600602069
37825,22395146.886513185
37826,4690716.908701471
37827,12463158.73486757
37828,6207280.105988622
37829,19501228.224971496
37830,3784486.7182588554
37831,7209921.282749106
37832,7754786.033617062
37833,4022479.9395957096
37834,6015216.5784099065
37835,10026981.452461883
37836,4739827.68359392
37837,6614419.601158822
37838,7752450.49556603
37839,7072932.018241172
37840,6966796.519769082
37841,6288957.225802652
37842,7847786.12025405
37843,5690841.261519558
37844,5081243.103533816
37845,7367543.558548674
37846,6093754.0540544195
37847,5469806.607813395
37848,6408163.541426843
37849,5826298.551451405
37850,10451846.111894941
37851,6837527.38093735
37852,8238033.290883953
37853,6796741.966067862
37854,5777774.931677372
37855,5475612.833420618
37856,8756822.65241489
37857,5134801.82954555
37858,6938521.505277274
37859,6360530.696109848
37860,5848348.585588857
37861,6372873.578356937
37862,6976431.663945165
37863,6959622.08628881
37864,5759529.586806223
37865,11545878.097590145
37866,7840665.633151643
37867,4009251.313656012
37868,11937674.047053942
37869,22022029.158919893
37870,5388703.292305199
37871,10862625.048894253
37872,7683258.562497523
37873,5680140.511127443
37874,14489392.956592191
37875,7889017.150347599
37876,11887373.361496614
37877,5663915.686519838
37878,5272706.033824262
37879,9141815.096238576
37880,4884730.361972269
37881,15063252.314914936
37882,4715507.222243331
37883,7278883.613607568
37884,6287879.894747794
37885,5431969.396757959
37886,4819716.03834839
37887,3564316.733356946
37888,9783678.302096192
37889,7008749.329082537
37890,6236939.334336863
37891,7595211.404366072
37892,11283356.828580417
37893,10431438.70435809
37894,4018880.269227981
37895,8476395.415250085
37896,7697694.619943234
37897,5891434.054210876
37898,11934289.226544041
37899,7640861.293988444
37900,5549077.61593077
37901,4873969.3699133005
37902,5849754.524786035
37903,7116513.54409881
37904,5467173.879908062
37905,6609555.008793271
37906,8409348.985794516
37907,10977489.384682816
37908,8181128.956065979
37909,5763856.500735304
37910,10382364.702892298
37911,5360908.325254456
37912,7819047.225350606
37913,7268651.591109132
37914,7536771.51443281
37915,7970816.380161708
37916,17161886.137890596
37917,8866180.223628936
37918,5962057.093324954
37919,6822255.8367969375
37920,5241359.84680171
37921,6715382.363296541
37922,4384542.200866691
37923,7523446.900480885
37924,4765013.307609338
37925,4474032.75195403
37926,5994689.599414268
37927,5779991.227615292
37928,17974304.352893274
37929,21509769.455302525
37930,3401227.3513420173
37931,5486402.163994483
37932,5497055.775342469
37933,6804784.3012653105
37934,5027553.529478467
37935,7535890.430819894
37936,6134115.715559958
37937,5953520.591815209
37938,6214704.160615442
37939,11793650.982960645
37940,13042048.661500433
37941,36776002.287476666
37942,3118245.0396540295
37943,7038583.8025446385
37944,8119229.594218925
37945,7586054.4283589795
37946,6379001.280878401
37947,7029213.955479543
37948,26010937.4698509
37949,6849495.213448607
37950,9624079.511745464
37951,6619323.646419708
37952,5773132.411268133
37953,3574564.741717042
37954,5648061.877688297
37955,9627094.76794354
37956,7263903.310525601
37957,4665477.304732191
37958,8128735.996391112
37959,7517638.132651455
37960,5662668.864561846
37961,5331554.592688815
37962,3690869.68449351
37963,14745631.316483608
37964,8391384.131625315
37965,7648244.76137422
37966,7522813.843633737
37967,6483959.92146096
37968,7677505.499740698
37969,4901917.283559196
37970,5493237.379512582
37971,13854624.119033493
37972,5956461.366206762
37973,5982372.458798419
37974,10202568.921443306
37975,7767483.59039242
37976,4438349.408330916
37977,5464241.665183762
37978,11331890.557918759
37979,3378978.20267759
37980,13694094.675638767
37981,5031974.871672605
37982,4738729.599716451
37983,5807763.480268603
37984,4515441.819373833
37985,4183910.5999169797
37986,7393079.276240762
37987,7948150.094151843
37988,8367531.402797042
37989,11234701.97854917
37990,7201343.118430467
37991,5583713.271760638
37992,8034078.721778989
37993,4863449.023860953
37994,4671229.404822162
37995,5838492.305322467
37996,6099731.853019837
37997,6806945.399572609
37998,6529732.336761326
37999,7832987.800447759
38000,3093530.6203261795
38001,5984635.981254424
38002,4564519.909146013
38003,9521669.894014772
38004,7277704.352682884
38005,9145698.57070163
38006,4183231.257526857
38007,5548932.270232249
38008,4900722.03912505
38009,7860930.440610317
38010,9614742.692206841
38011,8831935.169595445
38012,8363871.698828168
38013,5356594.095250769
38014,6927368.407481906
38015,4575635.384870221
38016,8384730.482396244
38017,7336928.580449915
38018,7616186.9646514505
38019,10685281.183603551
38020,5253095.743209492
38021,12170036.266599383
38022,6146113.684813066
38023,8648684.572857598
38024,9280782.511254385
38025,9501899.518070169
38026,6452822.449107361
38027,11576435.11958939
38028,7888359.509519072
38029,9812635.46261514
38030,4332649.2794441655
38031,10599684.447562313
38032,5561059.852780474
38033,6565043.648290279
38034,7989400.286613247
38035,6252434.762119623
38036,6916291.21815668
38037,5487127.983388746
38038,10018731.944627842
38039,5258766.7892840775
38040,6665324.11972986
38041,8436870.764013058
38042,8920088.030760167
38043,14300489.674197663
38044,10218411.097739236
38045,7030451.000135901
38046,6948709.723051274
38047,6422626.56022706
38048,7686058.206386589
38049,6854336.928789627
38050,4545229.528310383
38051,5718503.795233568
38052,12377971.359553352
38053,7850808.276475754
38054,8685236.547527097
38055,7848310.6790049765
38056,7897150.048581064
38057,4250115.118853649
38058,4109048.228810327
38059,9514916.639561743
38060,8845119.796777487
38061,7613005.462797698
38062,5579677.813169718
38063,14776858.132586123
38064,10571958.343713438
38065,7424747.669160829
38066,6459421.557535088
38067,5384503.832246324
38068,18521485.73208778
38069,6059403.142156199
38070,8182390.642354713
38071,6777213.122387808
38072,9883042.588824062
38073,6745223.2040220285
38074,5815978.558675465
38075,9845791.728776297
38076,6093654.973354903
38077,6022985.363976358
38078,16056096.016090618
38079,4322914.727703102
38080,6816094.140827934
38081,19338168.595999897
38082,5867530.261576664
38083,7125280.446745233
38084,4649285.446000612
38085,10656720.717214799
38086,5098925.720226843
38087,10249792.93665188
38088,7110303.268080116
38089,5686286.318107786
38090,5201336.139791782
38091,11411961.09514386
38092,13898429.00458389
38093,7827502.808881729
38094,7643629.132406475
38095,13723034.06763307
38096,3532037.4675287693
38097,8273473.055361214
38098,4620023.614600894
38099,18887083.645445418
38100,6665246.387011666
38101,6815030.674051891
38102,13196747.541117273
38103,17751308.849250935
38104,11910925.672415396
38105,7435171.565965515
38106,5875452.58128825
38107,3560276.115097144
38108,10370695.68715496
38109,5516983.361416175
38110,4010174.075070598
38111,5589323.173639854
38112,3870211.4607231026
38113,7866581.718712685
38114,8044060.097169039
38115,3718878.0667833495
38116,7679311.03483511
38117,5920996.885583813
38118,7100275.066897689
38119,3477730.617483953
38120,7532392.904255634
38121,5093030.990172414
38122,6654297.090755792
38123,5201296.9671517275
38124,7818226.701106295
38125,8338746.262846614
38126,9142457.208011732
38127,5691594.87765993
38128,2535370.9094452662
38129,3717275.138868698
38130,5409626.617038261
38131,8404683.221083345
38132,5575458.971556456
38133,4515181.924290812
38134,5728549.716909768
38135,9803433.862561055
