id,price_doc
30474,5.5474155e+06
30475,8.820818e+06
30476,5.1405705e+06
30477,6.3937805e+06
30478,5.254412e+06
30479,9.231759e+06
30480,4.4189025e+06
30481,4.429273e+06
30482,5.1362045e+06
30483,5.0120355e+06
30484,6.9310175e+06
30485,5.1298405e+06
30486,4.1345725e+06
30487,3.7777018e+06
30488,6.4284535e+06
30489,6.358591e+06
30490,2.3283576e+07
30491,1.9593764e+07
30492,5.1692215e+06
30493,1.4078444e+07
30494,7.2424915e+06
30495,9.085064e+06
30496,8.582703e+06
30497,7.6951065e+06
30498,4.303238e+06
30499,6.5284605e+06
30500,1.2653073e+07
30501,6.667592e+06
30502,3.2094495e+06
30503,5.9712475e+06
30504,5.882777e+06
30505,1.0948713e+07
30506,2.9506582e+06
30507,5.1647375e+06
30508,5.813725e+06
30509,7.0535925e+06
30510,9.609183e+06
30511,6.1548285e+06
30512,5.545115e+06
30513,4.5048755e+06
30514,3.5494145e+06
30515,1.0182982e+07
30516,6.0969515e+06
30517,1.0691497e+07
30518,7.14737e+06
30519,4.322054e+06
30520,7.6488295e+06
30521,5.3944385e+06
30522,7.4467825e+06
30523,6.151396e+06
30524,1.0680063e+07
30525,9.094062e+06
30526,5.118108e+06
30527,5.190686e+06
30528,7.1466475e+06
30529,7.047944e+06
30530,6.100086e+06
30531,1.6556789e+07
30532,4.688933e+06
30533,8.614947e+06
30534,7.4152675e+06
30535,9.569366e+06
30536,6.011037e+06
30537,1.1370733e+07
30538,8.414467e+06
30539,9.467066e+06
30540,9.719913e+06
30541,5.593874e+06
30542,2.1448382e+06
30543,6.095649e+06
30544,6.277365e+06
30545,8.59908e+06
30546,4.322623e+06
30547,1.0189996e+07
30548,4.770542e+06
30549,5.3519435e+06
30550,1.1906248e+07
30551,5.3970065e+06
30552,2.0711742e+06
30553,7.577662e+06
30554,9.660676e+06
30555,6.5212485e+06
30556,8.980042e+06
30557,7.100499e+06
30558,9.358271e+06
30559,5.6743455e+06
30560,6.0253165e+06
30561,7.0542245e+06
30562,1.3021053e+07
30563,5.0935425e+06
30564,7.184506e+06
30565,6.116251e+06
30566,7.7722085e+06
30567,2.1345862e+06
30568,9.453082e+06
30569,9.880967e+06
30570,6.9920495e+06
30571,8.0904315e+06
30572,5.265709e+06
30573,6.619289e+06
30574,5.816298e+06
30575,7.8668175e+06
30576,4.5615825e+06
30577,4.0590288e+06
30578,3.0658678e+06
30579,7.0412595e+06
30580,4.437031e+06
30581,5.401548e+06
30582,1.3009287e+07
30583,7.557361e+06
30584,3.996103e+06
30585,3.1033595e+06
30586,9.308514e+06
30587,6.1595145e+06
30588,7.2179375e+06
30589,7.5511075e+06
30590,1.1700438e+07
30591,5.4883265e+06
30592,5.9877735e+06
30593,5.373249e+06
30594,7.4038695e+06
30595,5.1357685e+06
30596,7.425288e+06
30597,6.6953165e+06
30598,9.911924e+06
30599,1.0893077e+07
30600,4.9889785e+06
30601,6.7089625e+06
30602,1.9823896e+06
30603,1.2330978e+07
30604,4.5767295e+06
30605,6.689534e+06
30606,1.9578968e+07
30607,5.6608765e+06
30608,9.85928e+06
30609,6.53722e+06
30610,2.9463025e+06
30611,5.878812e+06
30612,7.3479055e+06
30613,9.178928e+06
30614,1.9698384e+07
30615,7.11143e+06
30616,6.08769e+06
30617,9.816011e+06
30618,4.9397365e+06
30619,4.114814e+06
30620,2.8815312e+06
30621,9.398124e+06
30622,8.509441e+06
30623,5.444167e+06
30624,6.9811555e+06
30625,8.1611595e+06
30626,7.20962e+06
30627,6.3774845e+06
30628,6.580894e+06
30629,4.994043e+06
30630,4.5689625e+06
30631,6.569826e+06
30632,4.3269825e+06
30633,6.349544e+06
30634,1.1424973e+07
30635,1.0074257e+07
30636,5.49503e+06
30637,1.0141793e+07
30638,6.1424325e+06
30639,7.48451e+06
30640,4.770665e+06
30641,7.741265e+06
30642,6.835533e+06
30643,7.4498155e+06
30644,9.988616e+06
30645,7.068771e+06
30646,5.423315e+06
30647,5.4738525e+06
30648,2.4304732e+07
30649,2.750287e+06
30650,4.7621875e+06
30651,3.1533068e+06
30652,4.5726195e+06
30653,8.620462e+06
30654,5.066654e+06
30655,1.211071e+07
30656,3.948436e+06
30657,6.067063e+06
30658,1.0397221e+07
30659,5.1665555e+06
30660,8.2775925e+06
30661,6.8249675e+06
30662,8.827424e+06
30663,1.6128614e+07
30664,1.5523196e+07
30665,6.565686e+06
30666,2.6368908e+06
30667,4.785625e+06
30668,9.36368e+06
30669,5.6620425e+06
30670,2.463778e+06
30671,6.7813685e+06
30672,1.5253934e+07
30673,9.93892e+06
30674,1.0383645e+07
30675,2.1939935e+06
30676,6.544269e+06
30677,4.2616215e+06
30678,1.5076048e+07
30679,5.4342285e+06
30680,5.480533e+06
30681,2.5250328e+06
30682,8.779485e+06
30683,1.0223364e+07
30684,4.1443668e+06
30685,6.5948665e+06
30686,1.027558e+07
30687,5.2440945e+06
30688,4.835903e+06
30689,1.3114496e+07
30690,2.5378568e+07
30691,4.4727435e+06
30692,5.806605e+06
30693,1.0351709e+07
30694,5.424039e+06
30695,7.074139e+06
30696,7.2077845e+06
30697,1.2404696e+07
30698,5.9989015e+06
30699,5.7480755e+06
30700,5.2992805e+06
30701,9.98974e+06
30702,6.087162e+06
30703,4.049799e+06
30704,1.2274941e+07
30705,9.084804e+06
30706,2.3011436e+07
30707,3.5711515e+06
30708,1.4650718e+07
30709,6.5333745e+06
30710,7.186082e+06
30711,5.2139395e+06
30712,4.262223e+06
30713,6.245937e+06
30714,6.952924e+06
30715,4.0258398e+06
30716,1.014814e+07
30717,6.5030395e+06
30718,6.9191825e+06
30719,1.5993763e+07
30720,5.8552615e+06
30721,4.5602515e+06
30722,7.8093425e+06
30723,7.1961495e+06
30724,1.2141193e+07
30725,6.555281e+06
30726,1.1939199e+07
30727,1.0300913e+07
30728,1.0973551e+07
30729,3.5554992e+06
30730,5.8238025e+06
30731,6.570039e+06
30732,4.7960785e+06
30733,8.862793e+06
30734,7.6247735e+06
30735,5.7743935e+06
30736,5.824119e+06
30737,6.243906e+06
30738,6.178264e+06
30739,4.203289e+06
30740,7.277109e+06
30741,1.2313093e+07
30742,4.3322055e+06
30743,5.216521e+06
30744,9.505424e+06
30745,6.907078e+06
30746,5.9355015e+06
30747,1.51354e+07
30748,1.7938732e+07
30749,5.6766135e+06
30750,7.1907025e+06
30751,3.4716758e+06
30752,8.522712e+06
30753,1.0433814e+07
30754,5.033956e+06
30755,4.028651e+06
30756,6.68375e+06
30757,4.839257e+06
30758,1.0329698e+07
30759,6.2503225e+06
30760,3.9288888e+06
30761,9.259605e+06
30762,6.88833e+06
30763,1.2602902e+07
30764,6.701206e+06
30765,5.9568005e+06
30766,4.1057512e+06
30767,9.628851e+06
30768,4.9791675e+06
30769,7.05066e+06
30770,6.5577445e+06
30771,2.9162208e+06
30772,7.9486485e+06
30773,7.994986e+06
30774,5.9192045e+06
30775,1.1844683e+07
30776,4.6068705e+06
30777,6.4378405e+06
30778,9.000945e+06
30779,6.308013e+06
30780,7.843153e+06
30781,7.067578e+06
30782,4.7943315e+06
30783,5.687424e+06
30784,3.8572245e+06
30785,4.7122125e+06
30786,4.4802575e+06
30787,6.623299e+06
30788,5.9387855e+06
30789,7.126176e+06
30790,6.690791e+06
30791,1.0858745e+07
30792,7.640154e+06
30793,9.688743e+06
30794,1.3361275e+07
30795,1.1351231e+07
30796,9.884511e+06
30797,1.5668687e+07
30798,2.9797735e+06
30799,1.0596788e+07
30800,1.1830437e+07
30801,6.421291e+06
30802,2.1150016e+07
30803,3.0251945e+06
30804,4.1258282e+06
30805,1.5023431e+07
30806,7.675303e+06
30807,5.8878905e+06
30808,1.0861956e+07
30809,5.524708e+06
30810,1.0568046e+07
30811,4.371329e+06
30812,4.927771e+06
30813,4.1860075e+06
30814,2.842349e+06
30815,3.9121348e+06
30816,7.39507e+06
30817,2.0670759e+06
30818,8.3312405e+06
30819,6.996572e+06
30820,5.0757755e+06
30821,2.5560252e+07
30822,8.52012e+06
30823,6.9702255e+06
30824,3.8533382e+06
30825,5.192389e+06
30826,9.674598e+06
30827,5.7483445e+06
30828,5.789607e+06
30829,5.4836595e+06
30830,9.541554e+06
30831,6.6780985e+06
30832,5.713573e+06
30833,5.236558e+06
30834,4.401431e+06
30835,6.358791e+06
30836,6.7797065e+06
30837,5.3756785e+06
30838,3.9278885e+06
30839,5.583763e+06
30840,1.1460068e+07
30841,1.0408908e+07
30842,8.057553e+06
30843,5.6301285e+06
30844,7.120293e+06
30845,9.333617e+06
30846,4.6765495e+06
30847,5.910174e+06
30848,8.914918e+06
30849,4.742753e+06
30850,4.260114e+06
30851,5.6836285e+06
30852,6.18964e+06
30853,3.9408445e+06
30854,5.0950535e+06
30855,8.321378e+06
30856,8.858399e+06
30857,2.5055e+06
30858,4.586499e+06
30859,6.0636325e+06
30860,5.8829845e+06
30861,8.999314e+06
30862,6.8242515e+06
30863,5.721452e+06
30864,7.096884e+06
30865,1.0647053e+07
30866,6.629928e+06
30867,5.7538455e+06
30868,8.679129e+06
30869,5.490452e+06
30870,4.938705e+06
30871,8.682598e+06
30872,5.62745e+06
30873,4.5183125e+06
30874,4.310561e+06
30875,6.6548295e+06
30876,5.260198e+06
30877,9.791403e+06
30878,5.915525e+06
30879,1.0031479e+07
30880,6.6238295e+06
30881,2.062415e+06
30882,1.0770358e+07
30883,3.3907402e+06
30884,6.0018775e+06
30885,5.0955005e+06
30886,7.993903e+06
30887,5.6690775e+06
30888,4.488858e+06
30889,4.529815e+06
30890,6.8142885e+06
30891,4.0902945e+06
30892,4.1660985e+06
30893,4.5818915e+06
30894,5.5312505e+06
30895,4.614649e+06
30896,7.0374595e+06
30897,7.139747e+06
30898,7.3783955e+06
30899,7.4401095e+06
30900,3.3588328e+06
30901,6.8082865e+06
30902,2.1176475e+06
30903,7.0590635e+06
30904,7.844582e+06
30905,5.9997885e+06
30906,5.5939435e+06
30907,1.2706157e+07
30908,4.3142665e+06
30909,1.2986404e+07
30910,7.6225415e+06
30911,4.116074e+06
30912,6.967846e+06
30913,1.5853173e+07
30914,5.7821745e+06
30915,7.5881045e+06
30916,6.3136825e+06
30917,9.070451e+06
30918,6.7709445e+06
30919,4.1156618e+06
30920,5.0239275e+06
30921,4.218171e+06
30922,6.08013e+06
30923,3.9529648e+06
30924,5.2061635e+06
30925,1.6096683e+07
30926,7.432004e+06
30927,7.843475e+06
30928,4.88774e+06
30929,5.1416835e+06
30930,9.017665e+06
30931,1.1573657e+07
30932,4.640931e+06
30933,4.6336205e+06
30934,1.3727107e+07
30935,7.249796e+06
30936,7.661883e+06
30937,8.927357e+06
30938,4.6312965e+06
30939,9.627951e+06
30940,6.765581e+06
30941,6.0787735e+06
30942,3.9606478e+06
30943,7.040353e+06
30944,5.5356885e+06
30945,4.0694822e+06
30946,1.3552155e+07
30947,7.6007645e+06
30948,9.061424e+06
30949,6.6832655e+06
30950,5.8915635e+06
30951,1.516178e+07
30952,7.795064e+06
30953,9.669174e+06
30954,5.3884435e+06
30955,6.5647655e+06
30956,7.710989e+06
30957,5.917551e+06
30958,2.8233536e+07
30959,8.640042e+06
30960,6.7063015e+06
30961,7.5804375e+06
30962,9.571283e+06
30963,4.1643902e+06
30964,4.2193295e+06
30965,7.442111e+06
30966,1.2883893e+07
30967,9.722249e+06
30968,3.465989e+06
30969,3.9106838e+06
30970,6.6557755e+06
30971,1.118625e+07
30972,3.9470542e+06
30973,5.023051e+06
30974,5.3796015e+06
30975,8.0786815e+06
30976,5.629581e+06
30977,7.6701445e+06
30978,7.1278205e+06
30979,3.7628338e+06
30980,6.873952e+06
30981,6.122116e+06
30982,7.0409035e+06
30983,4.329389e+06
30984,5.997123e+06
30985,4.0396505e+06
30986,1.0409682e+07
30987,9.225845e+06
30988,6.6980305e+06
30989,7.658917e+06
30990,1.3211179e+07
30991,7.6623215e+06
30992,2.9494568e+06
30993,7.4566535e+06
30994,5.2910545e+06
30995,6.658766e+06
30996,6.046903e+06
30997,7.746198e+06
30998,5.7116335e+06
30999,6.3037075e+06
31000,7.2961355e+06
31001,6.650528e+06
31002,9.739232e+06
31003,8.494571e+06
31004,4.5006375e+06
31005,3.2331472e+06
31006,7.5456295e+06
31007,4.2686055e+06
31008,5.2825435e+06
31009,5.6042595e+06
31010,6.0739925e+06
31011,4.58402e+06
31012,6.2807605e+06
31013,7.9973195e+06
31014,1.3947959e+07
31015,6.6983565e+06
31016,4.5369615e+06
31017,9.750663e+06
31018,4.974374e+06
31019,4.6825385e+06
31020,7.85161e+06
31021,1.2185946e+07
31022,2.260508e+07
31023,1.0268703e+07
31024,4.828949e+06
31025,6.4154025e+06
31026,5.70336e+06
31027,4.8208275e+06
31028,3.5388488e+06
31029,7.1891185e+06
31030,7.6558865e+06
31031,1.0033278e+07
31032,9.982388e+06
31033,8.686929e+06
31034,6.787625e+06
31035,1.0725627e+07
31036,6.4786255e+06
31037,2.7627628e+07
31038,4.504592e+06
31039,8.725704e+06
31040,5.971572e+06
31041,4.382474e+06
31042,3.2937508e+06
31043,5.960608e+06
31044,7.544744e+06
31045,6.9755455e+06
31046,1.4026928e+07
31047,7.563374e+06
31048,6.1318215e+06
31049,5.402264e+06
31050,7.869256e+06
31051,6.790519e+06
31052,4.368941e+06
31053,1.5799894e+07
31054,6.6579975e+06
31055,5.379817e+06
31056,1.287473e+07
31057,5.2609555e+06
31058,7.611246e+06
31059,3.0374172e+06
31060,7.502519e+06
31061,6.6069655e+06
31062,6.9880965e+06
31063,3.7980502e+06
31064,5.477889e+06
31065,8.214539e+06
31066,4.6388465e+06
31067,7.5682155e+06
31068,4.495863e+06
31069,4.8294185e+06
31070,5.4813645e+06
31071,3.6802768e+06
31072,8.503649e+06
31073,2.0734708e+06
31074,6.795203e+06
31075,5.834331e+06
31076,5.89957e+06
31077,5.9485575e+06
31078,4.6862105e+06
31079,5.645904e+06
31080,6.751388e+06
31081,3.1763022e+06
31082,1.2119468e+07
31083,5.602384e+06
31084,9.73691e+06
31085,1.2003842e+07
31086,4.0842878e+06
31087,4.894032e+06
31088,7.458353e+06
31089,6.5278255e+06
31090,3.883493e+07
31091,3.0689395e+06
31092,7.4574995e+06
31093,6.644854e+06
31094,6.5667065e+06
31095,5.144759e+06
31096,2.0812824e+07
31097,1.0115596e+07
31098,1.1041364e+07
31099,1.7120716e+07
31100,4.946039e+06
31101,3.6273855e+06
31102,6.1170795e+06
31103,9.638939e+06
31104,5.2248955e+06
31105,8.53847e+06
31106,4.6582775e+06
31107,1.0531544e+07
31108,7.04224e+06
31109,6.078014e+06
31110,9.520775e+06
31111,1.0031766e+07
31112,6.584805e+06
31113,3.541283e+06
31114,4.6939395e+06
31115,6.0765245e+06
31116,5.712342e+06
31117,6.0505375e+06
31118,4.5082795e+06
31119,3.2688668e+06
31120,5.383682e+06
31121,6.1356645e+06
31122,5.235904e+06
31123,5.9028005e+06
31124,5.1615515e+06
31125,1.3369892e+07
31126,1.7297472e+07
31127,6.0545315e+06
31128,6.022197e+06
31129,6.3808e+06
31130,1.2809575e+07
31131,7.4825975e+06
31132,8.634581e+06
31133,1.1570346e+07
31134,6.42659e+06
31135,9.26844e+06
31136,9.114953e+06
31137,5.4815945e+06
31138,7.7617125e+06
31139,4.182791e+06
31140,6.982101e+06
31141,5.876895e+06
31142,9.927041e+06
31143,5.6668825e+06
31144,4.196972e+06
31145,6.1647505e+06
31146,5.614349e+06
31147,1.3606494e+07
31148,6.506799e+06
31149,2.1635208e+06
31150,9.051043e+06
31151,5.315072e+06
31152,8.670294e+06
31153,5.945977e+06
31154,1.6997692e+07
31155,6.0196935e+06
31156,6.804463e+06
31157,4.4819755e+06
31158,9.302284e+06
31159,6.4476405e+06
31160,5.2804485e+06
31161,3.9138478e+06
31162,4.850702e+06
31163,6.140939e+06
31164,6.1620705e+06
31165,6.626812e+06
31166,6.009277e+06
31167,7.001378e+06
31168,1.1411318e+07
31169,8.351008e+06
31170,5.2154415e+06
31171,1.1555106e+07
31172,5.8852575e+06
31173,1.1494963e+07
31174,8.771158e+06
31175,1.942816e+07
31176,5.6339475e+06
31177,8.844243e+06
31178,4.4445015e+06
31179,4.4080095e+06
31180,4.440337e+06
31181,9.295846e+06
31182,7.0575085e+06
31183,8.742513e+06
31184,6.1062385e+06
31185,4.613672e+06
31186,8.546193e+06
31187,3.6243632e+06
31188,5.8813635e+06
31189,5.359932e+06
31190,7.547767e+06
31191,1.3549467e+07
31192,3.9243502e+06
31193,5.689247e+06
31194,8.666119e+06
31195,7.666627e+06
31196,5.181269e+06
31197,1.473926e+07
31198,6.007879e+06
31199,6.815153e+06
31200,1.0470935e+07
31201,4.4942595e+06
31202,4.1728105e+06
31203,6.686045e+06
31204,3.818352e+06
31205,9.004208e+06
31206,5.931761e+06
31207,4.376414e+06
31208,4.8814185e+06
31209,4.5006245e+06
31210,6.1577645e+06
31211,6.915066e+06
31212,5.411551e+06
31213,1.1235988e+07
31214,6.913622e+06
31215,5.600167e+06
31216,6.002444e+06
31217,7.576253e+06
31218,8.684039e+06
31219,3.7787178e+06
31220,6.953766e+06
31221,4.0731435e+06
31222,6.887798e+06
31223,1.0108055e+07
31224,7.453447e+06
31225,1.3140035e+07
31226,6.6017885e+06
31227,9.454543e+06
31228,8.747042e+06
31229,4.639488e+06
31230,5.6620315e+06
31231,4.5141175e+06
31232,7.615559e+06
31233,6.663276e+06
31234,6.9517505e+06
31235,5.852671e+06
31236,6.505533e+06
31237,1.025113e+07
31238,6.777153e+06
31239,1.0143882e+07
31240,6.870459e+06
31241,6.6115795e+06
31242,7.751053e+06
31243,4.109167e+06
31244,7.6602905e+06
31245,8.85627e+06
31246,1.0254513e+07
31247,6.367457e+06
31248,6.3331185e+06
31249,1.009068e+07
31250,6.074253e+06
31251,7.44718e+06
31252,6.634457e+06
31253,8.663706e+06
31254,5.2738705e+06
31255,1.30688e+07
31256,6.7888875e+06
31257,5.6177495e+06
31258,8.881484e+06
31259,1.1215947e+07
31260,6.970106e+06
31261,2.3971456e+07
31262,5.9890985e+06
31263,6.5735925e+06
31264,4.3607325e+06
31265,1.0529174e+07
31266,7.802829e+06
31267,4.388141e+06
31268,4.56388e+06
31269,7.871748e+06
31270,4.427056e+06
31271,5.735022e+06
31272,1.8395652e+07
31273,7.3209205e+06
31274,5.612186e+06
31275,5.438376e+06
31276,5.6012195e+06
31277,4.8483295e+06
31278,1.4510251e+07
31279,1.430484e+07
31280,6.543907e+06
31281,7.406998e+06
31282,1.242871e+07
31283,6.6783405e+06
31284,3.9809982e+06
31285,5.8279025e+06
31286,7.6604075e+06
31287,1.0216639e+07
31288,4.485191e+06
31289,8.704187e+06
31290,6.274654e+06
31291,5.9287805e+06
31292,3.8770252e+06
31293,7.596395e+06
31294,4.0861968e+06
31295,1.9578408e+07
31296,9.727517e+06
31297,7.0499005e+06
31298,3.765009e+06
31299,9.744286e+06
31300,6.766923e+06
31301,6.6409515e+06
31302,5.017813e+06
31303,7.964652e+06
31304,7.3395295e+06
31305,7.3657055e+06
31306,2.9959755e+06
31307,6.6778885e+06
31308,8.706387e+06
31309,8.606292e+06
31310,5.1174868e+07
31311,5.2315865e+06
31312,4.7751985e+06
31313,1.1395006e+07
31314,6.645228e+06
31315,1.0203999e+07
31316,1.2981823e+07
31317,1.9679644e+07
31318,8.33244e+06
31319,6.8223125e+06
31320,5.905841e+06
31321,7.385013e+06
31322,6.833278e+06
31323,7.827566e+06
31324,5.632384e+06
31325,5.99996e+06
31326,5.0461165e+06
31327,8.1083055e+06
31328,1.4059231e+07
31329,6.0071115e+06
31330,1.0985697e+07
31331,8.907423e+06
31332,5.484036e+06
31333,5.226879e+06
31334,4.596917e+06
31335,7.1326555e+06
31336,8.0475005e+06
31337,7.5921075e+06
31338,5.0666105e+06
31339,4.8367195e+06
31340,6.141976e+06
31341,9.861029e+06
31342,4.6864565e+06
31343,3.552869e+06
31344,3.9649862e+06
31345,5.2496085e+06
31346,4.0178005e+06
31347,7.759714e+06
31348,1.2515157e+07
31349,1.0752481e+07
31350,3.4851902e+06
31351,5.681656e+06
31352,1.0029757e+07
31353,4.9276115e+06
31354,7.8520295e+06
31355,9.518868e+06
31356,4.703565e+06
31357,5.387714e+06
31358,2.8224952e+06
31359,6.8776435e+06
31360,9.793663e+06
31361,4.207869e+06
31362,1.034857e+07
31363,5.8933225e+06
31364,3.5395475e+06
31365,3.8038138e+06
31366,6.5618425e+06
31367,9.479787e+06
31368,6.489249e+06
31369,5.154473e+06
31370,9.410985e+06
31371,7.815601e+06
31372,7.8336595e+06
31373,4.921318e+06
31374,6.509871e+06
31375,6.243364e+06
31376,6.803308e+06
31377,7.6849785e+06
31378,5.2372475e+06
31379,2.6369608e+07
31380,4.470509e+06
31381,7.3407965e+06
31382,4.7620145e+06
31383,8.0936885e+06
31384,1.8230228e+07
31385,1.3531001e+07
31386,9.542627e+06
31387,1.0477688e+07
31388,5.318733e+06
31389,4.8941255e+06
31390,6.833063e+06
31391,5.6441275e+06
31392,8.004324e+06
31393,8.737396e+06
31394,5.0851505e+06
31395,4.0727668e+06
31396,8.036058e+06
31397,7.7631115e+06
31398,2.3245835e+06
31399,1.1638695e+07
31400,4.2158625e+06
31401,1.1921405e+07
31402,1.1728457e+07
31403,5.4787565e+06
31404,4.231281e+06
31405,4.0601748e+06
31406,6.299771e+06
31407,3.496416e+06
31408,6.7098775e+06
31409,4.3475485e+06
31410,1.0527186e+07
31411,7.106664e+06
31412,1.0327472e+07
31413,6.94733e+06
31414,4.403967e+06
31415,1.6319231e+07
31416,5.849881e+06
31417,4.276898e+06
31418,6.835448e+06
31419,9.359163e+06
31420,1.0322627e+07
31421,6.217185e+06
31422,5.7473305e+06
31423,7.617818e+06
31424,1.8989188e+07
31425,5.844489e+06
31426,4.824737e+06
31427,5.73906e+06
31428,7.0466135e+06
31429,1.3287878e+07
31430,5.5328015e+06
31431,6.2075695e+06
31432,5.14035e+06
31433,6.1383395e+06
31434,4.1935472e+06
31435,1.1370885e+07
31436,9.264604e+06
31437,1.2386018e+07
31438,8.406615e+06
31439,1.091098e+07
31440,7.27115e+06
31441,7.2011475e+06
31442,7.8663225e+06
31443,1.1426455e+07
31444,5.5886005e+06
31445,1.0886825e+07
31446,1.2640336e+07
31447,5.7810885e+06
31448,6.8125275e+06
31449,8.390508e+06
31450,7.136207e+06
31451,7.305242e+06
31452,1.1658669e+07
31453,2.7740975e+06
31454,5.478542e+06
31455,7.8065655e+06
31456,5.484601e+06
31457,5.112566e+06
31458,1.7255192e+07
31459,6.679239e+06
31460,5.498448e+06
31461,4.483523e+06
31462,3.7538625e+06
31463,5.994258e+06
31464,8.0481145e+06
31465,5.2612965e+06
31466,4.84733e+07
31467,3.7465378e+06
31468,1.3026046e+07
31469,5.301722e+06
31470,6.1277935e+06
31471,1.2942315e+07
31472,2.736739e+06
31473,7.0147245e+06
31474,3.98205e+06
31475,7.9068545e+06
31476,2.2424076e+07
31477,7.238459e+06
31478,5.1483125e+06
31479,6.2644595e+06
31480,9.548454e+06
31481,8.603904e+06
31482,1.0347011e+07
31483,8.391252e+06
31484,6.4704995e+06
31485,3.8168592e+06
31486,2.8806245e+06
31487,4.91113e+06
31488,1.5408182e+07
31489,7.9205445e+06
31490,4.471012e+06
31491,5.8623745e+06
31492,7.542097e+06
31493,8.624762e+06
31494,5.5163265e+06
31495,5.5974335e+06
31496,6.8513075e+06
31497,4.8473265e+06
31498,6.505688e+06
31499,1.1845881e+07
31500,1.0422397e+07
31501,8.677408e+06
31502,1.0015038e+07
31503,5.8233245e+06
31504,1.0107862e+07
31505,2.0771856e+07
31506,7.2702065e+06
31507,6.8424465e+06
31508,6.8721755e+06
31509,5.712233e+06
31510,5.886812e+06
31511,5.3470965e+06
31512,6.4386815e+06
31513,1.8835016e+07
31514,2.5994332e+07
31515,2.4357595e+06
31516,1.719766e+07
31517,5.8836805e+06
31518,7.543694e+06
31519,5.960574e+06
31520,6.7884275e+06
31521,4.7399675e+06
31522,4.4987665e+06
31523,6.272841e+06
31524,9.702058e+06
31525,1.1901775e+07
31526,6.065813e+06
31527,6.251276e+06
31528,4.2686545e+06
31529,5.8926145e+06
31530,7.3263195e+06
31531,9.769987e+06
31532,6.0082515e+06
31533,1.554954e+07
31534,7.5195885e+06
31535,1.0731377e+07
31536,6.6509975e+06
31537,4.4529145e+06
31538,5.6496635e+06
31539,3.7737588e+06
31540,9.817097e+06
31541,2.7943222e+06
31542,5.7582645e+06
31543,3.8108542e+06
31544,5.4231905e+06
31545,7.685924e+06
31546,1.2633949e+07
31547,5.536201e+06
31548,4.4565895e+06
31549,6.173546e+06
31550,5.13264e+06
31551,5.787686e+06
31552,7.451052e+06
31553,6.9398205e+06
31554,8.150628e+06
31555,4.2112735e+06
31556,7.813127e+06
31557,6.2519975e+06
31558,1.0303468e+07
31559,2.8566185e+06
31560,7.609947e+06
31561,7.345019e+06
31562,2.5268684e+07
31563,3.9236318e+06
31564,8.399699e+06
31565,9.54361e+06
31566,5.6148895e+06
31567,2.1217208e+07
31568,5.426957e+06
31569,7.1747555e+06
31570,7.436045e+06
31571,6.7769915e+06
31572,3.8979532e+06
31573,5.633437e+06
31574,1.1231253e+07
31575,5.9347315e+06
31576,5.9242535e+06
31577,5.4519295e+06
31578,9.510157e+06
31579,6.1983415e+06
31580,7.207056e+06
31581,5.571922e+06
31582,5.862391e+06
31583,8.750246e+06
31584,4.6191885e+06
31585,6.8374235e+06
31586,1.2953478e+07
31587,1.6241972e+07
31588,8.9924e+06
31589,3.7082255e+06
31590,5.156656e+06
31591,6.129296e+06
31592,8.166719e+06
31593,7.2602085e+06
31594,7.1917035e+06
31595,5.0521645e+06
31596,3.9195252e+06
31597,6.1381695e+06
31598,3.6601125e+06
31599,5.8541895e+06
31600,7.401109e+06
31601,1.4978167e+07
31602,5.6039925e+06
31603,1.693756e+07
31604,4.1479098e+06
31605,5.491798e+06
31606,6.851366e+06
31607,7.745356e+06
31608,5.6039925e+06
31609,5.169749e+06
31610,7.437719e+06
31611,6.335529e+06
31612,5.8668935e+06
31613,5.736816e+06
31614,1.4078042e+07
31615,9.762107e+06
31616,1.0907734e+07
31617,4.74046e+06
31618,7.466395e+06
31619,9.877462e+06
31620,4.4907035e+06
31621,6.982008e+06
31622,3.646416e+07
31623,1.0960644e+07
31624,5.809075e+06
31625,9.702446e+06
31626,5.1123275e+06
31627,7.34895e+06
31628,1.1533484e+07
31629,9.817771e+06
31630,4.146466e+06
31631,6.493731e+06
31632,1.7791152e+07
31633,5.2371925e+06
31634,8.710182e+06
31635,1.3410551e+07
31636,6.084637e+06
31637,5.9922235e+06
31638,8.0763785e+06
31639,4.242785e+06
31640,1.1160868e+07
31641,4.499929e+06
31642,3.0941955e+06
31643,5.217461e+06
31644,1.1083332e+07
31645,6.257903e+06
31646,9.271516e+06
31647,5.1697e+06
31648,1.2110964e+07
31649,5.755234e+06
31650,6.146939e+06
31651,1.1745628e+07
31652,5.6196575e+06
31653,5.364872e+06
31654,5.2434545e+06
31655,4.32015e+06
31656,2.1724172e+07
31657,6.5761005e+06
31658,4.522128e+06
31659,7.978823e+06
31660,5.4749225e+06
31661,5.2667435e+06
31662,7.3224215e+06
31663,4.396749e+06
31664,4.0939745e+06
31665,4.6119125e+06
31666,5.263354e+06
31667,8.295136e+06
31668,9.408616e+06
31669,1.1406226e+07
31670,7.3137535e+06
31671,5.839057e+06
31672,9.515329e+06
31673,6.3514575e+06
31674,8.3517325e+06
31675,8.279353e+06
31676,7.387098e+06
31677,5.5679805e+06
31678,4.9234965e+06
31679,8.746041e+06
31680,7.3431e+06
31681,6.497584e+06
31682,3.268287e+06
31683,6.818761e+06
31684,5.574117e+06
31685,3.7950305e+06
31686,9.686156e+06
31687,1.1476714e+07
31688,1.100581e+07
31689,4.1503985e+06
31690,7.184999e+06
31691,4.030561e+06
31692,4.8160715e+06
31693,5.9666935e+06
31694,7.9843945e+06
31695,7.445277e+06
31696,3.550078e+06
31697,5.5766585e+06
31698,3.6647368e+06
31699,5.553625e+06
31700,4.3402365e+06
31701,9.538788e+06
31702,5.9475535e+06
31703,8.524427e+06
31704,6.10246e+06
31705,8.43477e+06
31706,5.1824405e+06
31707,1.1462035e+07
31708,7.9745475e+06
31709,5.633249e+06
31710,1.1654711e+07
31711,7.7497375e+06
31712,7.2943335e+06
31713,6.134009e+06
31714,6.05627e+06
31715,5.6318575e+06
31716,6.1732695e+06
31717,1.0865333e+07
31718,5.3340275e+06
31719,8.355931e+06
31720,3.3579328e+06
31721,5.0462515e+06
31722,5.2412945e+06
31723,5.1655505e+06
31724,5.924581e+06
31725,5.486338e+06
31726,1.3951923e+07
31727,5.754784e+06
31728,4.8701705e+06
31729,6.887949e+06
31730,3.4814068e+06
31731,7.6421725e+06
31732,7.9938115e+06
31733,3.6351428e+06
31734,4.53233e+06
31735,2.8607952e+06
31736,6.319773e+06
31737,5.883209e+06
31738,6.0452655e+06
31739,6.195487e+06
31740,7.271108e+06
31741,1.1226605e+07
31742,1.3670695e+07
31743,7.6706125e+06
31744,5.823075e+06
31745,4.0121108e+06
31746,1.0546198e+07
31747,5.3983035e+06
31748,1.8740984e+07
31749,6.4783845e+06
31750,9.074725e+06
31751,7.997243e+06
31752,4.596715e+06
31753,3.7969675e+06
31754,6.6831955e+06
31755,9.792654e+06
31756,2.170452e+06
31757,5.7447875e+06
31758,5.378109e+06
31759,7.0548165e+06
31760,6.7725075e+06
31761,1.3140386e+07
31762,2.7300892e+06
31763,1.1854719e+07
31764,5.8557195e+06
31765,4.115077e+06
31766,8.3143105e+06
31767,4.194303e+06
31768,7.432394e+06
31769,1.0145333e+07
31770,3.6311408e+06
31771,4.2713135e+06
31772,8.629781e+06
31773,5.210018e+06
31774,7.087408e+06
31775,9.350063e+06
31776,2.1161315e+06
31777,4.5061905e+06
31778,9.949048e+06
31779,9.202014e+06
31780,7.429205e+06
31781,6.8989215e+06
31782,6.817545e+06
31783,4.0201462e+06
31784,5.4364365e+06
31785,5.879827e+06
31786,5.358363e+06
31787,6.8063715e+06
31788,5.5528465e+06
31789,6.7670005e+06
31790,4.060895e+06
31791,8.905062e+06
31792,7.7525095e+06
31793,8.909258e+06
31794,7.348908e+06
31795,5.346434e+06
31796,5.023367e+06
31797,1.1968566e+07
31798,7.82003e+06
31799,4.8114805e+06
31800,5.833018e+06
31801,3.549428e+06
31802,6.4293795e+06
31803,7.370863e+06
31804,5.4849725e+06
31805,3.3668825e+06
31806,7.027822e+06
31807,6.7405475e+06
31808,8.508038e+06
31809,6.3668315e+06
31810,4.446579e+06
31811,6.1504455e+06
31812,6.4664285e+06
31813,7.0667355e+06
31814,4.861627e+06
31815,6.658512e+06
31816,5.021202e+06
31817,3.7489898e+06
31818,6.668966e+06
31819,6.150827e+06
31820,1.0124475e+07
31821,1.1076633e+07
31822,4.960787e+06
31823,5.608398e+06
31824,4.0535355e+06
31825,5.5318205e+06
31826,5.9870025e+06
31827,7.881799e+06
31828,6.0502605e+06
31829,8.732539e+06
31830,6.6981135e+06
31831,3.4463118e+06
31832,9.566428e+06
31833,1.0898626e+07
31834,6.894863e+06
31835,5.019311e+06
31836,6.868572e+06
31837,3.9832618e+06
31838,8.545338e+06
31839,5.4156965e+06
31840,8.816797e+06
31841,5.539153e+06
31842,7.766451e+06
31843,3.7891468e+06
31844,6.390684e+06
31845,8.2613625e+06
31846,5.29778e+06
31847,4.6437335e+06
31848,6.031445e+06
31849,8.475207e+06
31850,6.645469e+06
31851,1.1738259e+07
31852,7.966604e+06
31853,9.697636e+06
31854,6.537195e+06
31855,5.1488525e+06
31856,5.7873325e+06
31857,8.2775055e+06
31858,1.393182e+07
31859,3.8765216e+07
31860,7.679008e+06
31861,1.4968429e+07
31862,7.739597e+06
31863,1.0623339e+07
31864,3.7029635e+06
31865,4.549887e+06
31866,3.0243955e+06
31867,7.492523e+06
31868,4.9611085e+06
31869,9.893527e+06
31870,3.3556728e+06
31871,5.322386e+06
31872,1.052289e+07
31873,6.8059625e+06
31874,5.445673e+06
31875,5.8050765e+06
31876,5.537938e+06
31877,2.3843368e+07
31878,3.474521e+06
31879,8.08956e+06
31880,9.123545e+06
31881,5.081345e+06
31882,1.231671e+07
31883,5.537938e+06
31884,5.546437e+06
31885,5.3336715e+06
31886,8.0022785e+06
31887,8.485835e+06
31888,4.2431455e+06
31889,1.1397658e+07
31890,5.373741e+06
31891,2.724427e+06
31892,4.1740005e+06
31893,1.8396176e+07
31894,8.221522e+06
31895,3.765379e+06
31896,4.114712e+06
31897,3.6782068e+06
31898,4.608949e+06
31899,4.4816545e+06
31900,5.97662e+06
31901,7.460288e+06
31902,7.7190825e+06
31903,5.6416035e+06
31904,4.544969e+06
31905,6.989423e+06
31906,4.4251185e+06
31907,4.2345145e+06
31908,4.0293658e+06
31909,7.0765615e+06
31910,4.4992385e+06
31911,4.1524652e+06
31912,6.708355e+06
31913,6.895856e+06
31914,6.321268e+06
31915,7.564088e+06
31916,4.602334e+06
31917,6.224684e+06
31918,4.566022e+06
31919,7.2569e+06
31920,4.2242175e+06
31921,5.450531e+06
31922,5.746415e+06
31923,9.881231e+06
31924,1.1584677e+07
31925,6.863196e+06
31926,9.505442e+06
31927,1.1043976e+07
31928,7.6822675e+06
31929,1.5124607e+07
31930,8.687476e+06
31931,6.2570615e+06
31932,8.205566e+06
31933,7.5724535e+06
31934,5.9260275e+06
31935,5.686578e+06
31936,3.6919725e+06
31937,6.982474e+06
31938,5.2796175e+06
31939,5.5877905e+06
31940,7.748947e+06
31941,3.2093876e+07
31942,5.5560565e+06
31943,7.5066555e+06
31944,4.2729435e+06
31945,5.4155415e+06
31946,9.489465e+06
31947,7.0689325e+06
31948,6.823451e+06
31949,9.630835e+06
31950,9.87089e+06
31951,5.0101095e+06
31952,6.0630485e+06
31953,3.7769632e+06
31954,1.0455189e+07
31955,4.71148e+06
31956,8.3506175e+06
31957,4.562283e+06
31958,3.920101e+06
31959,1.212511e+07
31960,6.9235125e+06
31961,7.8026205e+06
31962,4.7299655e+06
31963,6.644607e+06
31964,5.224631e+06
31965,6.5585265e+06
31966,1.4259973e+07
31967,1.1447048e+07
31968,6.728204e+06
31969,2.1073064e+07
31970,5.4077485e+06
31971,4.464787e+06
31972,5.165319e+06
31973,5.579627e+06
31974,7.574844e+06
31975,4.34963e+06
31976,4.611165e+06
31977,9.406804e+06
31978,5.73143e+06
31979,5.1615175e+06
31980,5.1972935e+06
31981,6.62448e+06
31982,7.951598e+06
31983,9.433647e+06
31984,6.8344835e+06
31985,5.2773725e+06
31986,4.5929205e+06
31987,6.177221e+06
31988,7.310713e+06
31989,1.3396746e+07
31990,3.4570692e+06
31991,9.981817e+06
31992,5.0820575e+06
31993,7.6079295e+06
31994,7.594374e+06
31995,6.747597e+06
31996,1.0550846e+07
31997,5.815405e+06
31998,4.1766165e+06
31999,5.6663155e+06
32000,6.6796845e+06
32001,5.2404436e+07
32002,1.3365353e+07
32003,9.993361e+06
32004,7.570439e+06
32005,5.223022e+06
32006,1.3897503e+07
32007,1.0125035e+07
32008,7.001398e+06
32009,4.2778645e+06
32010,7.969583e+06
32011,5.831728e+06
32012,2.1083058e+06
32013,6.149038e+06
32014,5.131025e+06
32015,7.845667e+06
32016,7.219259e+06
32017,9.94402e+06
32018,6.3196405e+06
32019,5.779297e+06
32020,5.824208e+06
32021,7.734867e+06
32022,5.254382e+06
32023,4.2816035e+06
32024,6.1452215e+06
32025,5.9065055e+06
32026,4.8681505e+06
32027,7.243721e+06
32028,5.6137545e+06
32029,1.8882496e+07
32030,4.121864e+06
32031,4.160627e+06
32032,8.662987e+06
32033,7.6896925e+06
32034,4.3791735e+06
32035,6.675972e+06
32036,7.5391055e+06
32037,9.191192e+06
32038,5.5222745e+06
32039,7.8599185e+06
32040,1.4993173e+07
32041,3.3525668e+06
32042,6.6019145e+06
32043,3.598e+07
32044,6.04639e+06
32045,3.7056625e+06
32046,7.534419e+06
32047,1.1497967e+07
32048,1.2864789e+07
32049,7.2600355e+06
32050,1.0630028e+07
32051,7.7147995e+06
32052,6.6662125e+06
32053,8.977473e+06
32054,6.0512415e+06
32055,5.148357e+06
32056,7.443218e+06
32057,5.4398235e+06
32058,4.5913965e+06
32059,5.665024e+06
32060,6.2196465e+06
32061,8.43893e+06
32062,6.5065255e+06
32063,5.5066815e+06
32064,7.987898e+06
32065,5.2660855e+06
32066,7.024217e+06
32067,3.9044752e+06
32068,5.3526885e+06
32069,3.0955442e+06
32070,9.665966e+06
32071,5.249764e+06
32072,4.372121e+06
32073,3.8684345e+06
32074,6.3520695e+06
32075,1.2423638e+07
32076,1.9750376e+07
32077,9.102687e+06
32078,4.4986975e+06
32079,4.5571825e+06
32080,5.902018e+06
32081,3.9300348e+07
32082,5.295108e+06
32083,3.913034e+06
32084,5.9278025e+06
32085,8.77658e+06
32086,9.030058e+06
32087,5.7401055e+06
32088,2.6414108e+07
32089,5.3360935e+06
32090,1.4739035e+07
32091,7.4217765e+06
32092,6.343443e+06
32093,5.3312155e+06
32094,7.8806865e+06
32095,6.377691e+06
32096,3.803752e+06
32097,1.3972029e+07
32098,6.486174e+06
32099,9.286135e+06
32100,7.4554305e+06
32101,5.572172e+06
32102,4.5040895e+06
32103,4.0614372e+06
32104,6.172298e+06
32105,7.391784e+06
32106,7.421946e+06
32107,6.019085e+06
32108,4.005833e+06
32109,7.0403395e+06
32110,4.2688945e+06
32111,1.2093882e+07
32112,1.8365676e+07
32113,8.818841e+06
32114,6.326557e+06
32115,9.105934e+06
32116,5.457449e+06
32117,8.917588e+06
32118,7.3971085e+06
32119,9.456545e+06
32120,1.1063605e+07
32121,3.3301588e+06
32122,8.530047e+06
32123,1.7552148e+07
32124,8.769702e+06
32125,1.124362e+07
32126,5.825852e+06
32127,7.678539e+06
32128,6.605183e+06
32129,5.62979e+06
32130,3.514331e+06
32131,1.2726264e+07
32132,2.155458e+06
32133,4.2948615e+06
32134,4.1666468e+06
32135,6.6446575e+06
32136,1.112024e+07
32137,7.9572115e+06
32138,6.6665685e+06
32139,7.1690855e+06
32140,6.146001e+06
32141,2.994867e+06
32142,4.6301575e+06
32143,6.5374755e+06
32144,4.9567625e+06
32145,2.24921e+07
32146,7.673803e+06
32147,4.9884215e+06
32148,5.3813615e+06
32149,1.1436267e+07
32150,5.51639e+06
32151,9.760636e+06
32152,5.6088955e+06
32153,7.5251125e+06
32154,5.128378e+06
32155,7.391213e+06
32156,4.8755285e+06
32157,1.4385775e+07
32158,1.0982198e+07
32159,1.5336289e+07
32160,5.219591e+06
32161,9.028594e+06
32162,6.8555425e+06
32163,8.557424e+06
32164,1.4772471e+07
32165,1.0296926e+07
32166,1.0005281e+07
32167,1.1267557e+07
32168,6.8169405e+06
32169,4.1394688e+06
32170,1.1002137e+07
32171,1.704428e+07
32172,8.667425e+06
32173,6.464893e+06
32174,8.488716e+06
32175,1.6726413e+07
32176,4.4660645e+06
32177,1.1769107e+07
32178,6.2160825e+06
32179,7.6385295e+06
32180,6.587839e+06
32181,6.5814145e+06
32182,4.45599e+06
32183,6.0108305e+06
32184,1.3822611e+07
32185,6.186784e+06
32186,7.470369e+06
32187,4.459217e+06
32188,8.2863755e+06
32189,4.171947e+06
32190,5.873914e+06
32191,5.3958895e+06
32192,1.714578e+07
32193,6.061291e+06
32194,3.8369905e+06
32195,1.3981946e+07
32196,1.2781265e+07
32197,1.0237296e+07
32198,7.41087e+06
32199,8.65364e+06
32200,8.014544e+06
32201,8.998765e+06
32202,3.9240248e+06
32203,3.1945172e+06
32204,6.5481205e+06
32205,1.8507036e+07
32206,9.004105e+06
32207,1.0355817e+07
32208,6.607558e+06
32209,5.6020155e+06
32210,6.3367615e+06
32211,5.161363e+07
32212,6.354778e+06
32213,5.9262705e+06
32214,8.085495e+06
32215,6.4838795e+06
32216,6.99345e+06
32217,6.225658e+06
32218,6.023501e+06
32219,1.2281662e+07
32220,6.166409e+06
32221,8.253149e+06
32222,4.737274e+06
32223,4.846619e+06
32224,6.0746415e+06
32225,7.2710735e+06
32226,8.922471e+06
32227,2.0524296e+07
32228,1.1552748e+07
32229,2.0690048e+07
32230,5.2942745e+06
32231,1.7342796e+07
32232,4.1503195e+06
32233,5.652951e+06
32234,8.715093e+06
32235,2.5286328e+07
32236,7.2590455e+06
32237,4.977989e+07
32238,7.3713905e+06
32239,1.4565875e+07
32240,7.2317105e+06
32241,5.581623e+06
32242,5.021226e+06
32243,6.5966905e+06
32244,4.9721925e+06
32245,7.580821e+06
32246,6.976304e+06
32247,7.1038045e+06
32248,9.105048e+06
32249,7.2464225e+06
32250,5.4519505e+06
32251,4.5902495e+06
32252,6.980796e+06
32253,8.967308e+06
32254,3.11023e+07
32255,5.9829445e+06
32256,7.1130715e+06
32257,4.2888e+06
32258,7.254713e+06
32259,6.013829e+06
32260,8.3409395e+06
32261,2.6918284e+07
32262,8.968454e+06
32263,4.565047e+06
32264,5.007263e+06
32265,9.478557e+06
32266,1.2917973e+07
32267,6.5754675e+06
32268,4.0349338e+06
32269,6.2977525e+06
32270,1.005763e+07
32271,7.2283665e+06
32272,3.781663e+06
32273,8.46331e+06
32274,5.4230975e+06
32275,7.1070365e+06
32276,9.902551e+06
32277,1.4123063e+07
32278,7.9972735e+06
32279,4.3371705e+06
32280,5.6980105e+06
32281,6.6987395e+06
32282,9.586319e+06
32283,7.633308e+06
32284,4.4289055e+06
32285,1.1513131e+07
32286,1.0292606e+07
32287,5.2426445e+06
32288,4.74918e+06
32289,4.740433e+06
32290,8.925791e+06
32291,4.571739e+06
32292,7.2080045e+06
32293,4.2650575e+06
32294,1.1078323e+07
32295,6.10253e+06
32296,8.523387e+06
32297,1.0478108e+07
32298,8.152914e+06
32299,3.3822335e+06
32300,6.2112175e+06
32301,1.3097972e+07
32302,8.41332e+06
32303,7.013119e+06
32304,5.473038e+06
32305,5.504303e+06
32306,7.256983e+06
32307,1.5980986e+07
32308,5.035603e+06
32309,6.310372e+06
32310,5.755898e+06
32311,7.152307e+06
32312,4.4953485e+06
32313,5.815616e+06
32314,6.824805e+06
32315,1.2053513e+07
32316,6.2567635e+06
32317,1.17154e+07
32318,9.980008e+06
32319,5.0004435e+06
32320,9.478684e+06
32321,7.127814e+06
32322,4.513993e+06
32323,7.6271155e+06
32324,6.065119e+06
32325,5.1737295e+06
32326,5.462182e+06
32327,5.789784e+06
32328,7.9602705e+06
32329,5.6728685e+06
32330,6.0998305e+06
32331,6.562662e+06
32332,6.7578685e+06
32333,8.64352e+06
32334,4.836867e+06
32335,7.7579605e+06
32336,8.1633315e+06
32337,6.4537615e+06
32338,5.3894715e+06
32339,8.2918535e+06
32340,6.5321475e+06
32341,5.064036e+06
32342,5.6645755e+06
32343,5.934981e+06
32344,5.163664e+06
32345,5.7263925e+06
32346,5.4971425e+06
32347,4.3973025e+06
32348,7.2159e+06
32349,6.1127465e+06
32350,1.3720772e+07
32351,6.827155e+06
32352,9.717967e+06
32353,5.4527405e+06
32354,7.0205605e+06
32355,5.528308e+06
32356,5.8792155e+06
32357,8.350769e+06
32358,6.550819e+06
32359,2.0781448e+07
32360,5.2646345e+06
32361,8.3529115e+06
32362,9.216488e+06
32363,6.4729005e+06
32364,4.837665e+06
32365,8.383733e+06
32366,7.3785575e+06
32367,4.3231425e+06
32368,5.267095e+06
32369,6.6420855e+06
32370,5.3041195e+06
32371,7.832935e+06
32372,1.0837743e+07
32373,9.45925e+06
32374,1.9273552e+07
32375,5.999451e+06
32376,6.525535e+06
32377,6.102728e+06
32378,5.6054835e+06
32379,4.839908e+06
32380,8.0978655e+06
32381,5.2191185e+06
32382,1.0786744e+07
32383,1.3199115e+07
32384,5.2755255e+06
32385,8.433073e+06
32386,1.0047986e+07
32387,4.380652e+06
32388,5.37163e+06
32389,1.0866494e+07
32390,5.149226e+06
32391,7.6011705e+06
32392,7.4288575e+06
32393,7.3924325e+06
32394,5.307793e+06
32395,5.4700845e+06
32396,5.3105525e+06
32397,7.632209e+06
32398,5.667569e+06
32399,1.0169434e+07
32400,6.4494545e+06
32401,8.655571e+06
32402,4.1436475e+06
32403,1.0655606e+07
32404,5.0767e+06
32405,1.5452063e+07
32406,7.248109e+06
32407,6.85721e+06
32408,4.648545e+06
32409,1.8853744e+07
32410,5.557148e+06
32411,7.477226e+06
32412,1.0260813e+07
32413,1.0945665e+07
32414,1.3356536e+07
32415,5.5709445e+06
32416,1.131865e+07
32417,8.682101e+06
32418,6.3988865e+06
32419,6.125848e+06
32420,6.8293235e+06
32421,2.0965041e+06
32422,4.1056888e+06
32423,6.1081255e+06
32424,6.714954e+06
32425,4.565408e+06
32426,9.191069e+06
32427,1.2386349e+07
32428,7.496554e+06
32429,9.185286e+06
32430,4.520942e+06
32431,7.1956895e+06
32432,9.880138e+06
32433,3.8183772e+06
32434,1.1612906e+07
32435,7.0347085e+06
32436,8.810006e+06
32437,8.3693695e+06
32438,6.951346e+06
32439,4.470492e+06
32440,5.0271005e+06
32441,3.5189458e+06
32442,1.0751968e+07
32443,5.507527e+06
32444,4.9269675e+06
32445,8.881162e+06
32446,8.690716e+06
32447,8.52624e+06
32448,5.864891e+06
32449,1.2051099e+07
32450,6.2772815e+06
32451,9.214748e+06
32452,6.2483855e+06
32453,7.0379025e+06
32454,4.240071e+06
32455,7.9594885e+06
32456,5.745719e+06
32457,5.743725e+06
32458,7.6519085e+06
32459,1.0131604e+07
32460,5.55603e+06
32461,1.2075166e+07
32462,8.1197735e+06
32463,4.8589205e+06
32464,8.637677e+06
32465,4.4355165e+06
32466,8.202812e+06
32467,6.104835e+06
32468,7.973232e+06
32469,6.4657315e+06
32470,1.149641e+07
32471,1.9677804e+07
32472,6.6166385e+06
32473,6.3472615e+06
32474,4.0378018e+06
32475,1.3809171e+07
32476,6.3619395e+06
32477,3.9413482e+06
32478,7.543629e+06
32479,3.818574e+06
32480,1.0154103e+07
32481,4.5390735e+06
32482,5.371087e+06
32483,1.0045763e+07
32484,1.3576371e+07
32485,1.473007e+07
32486,7.5371285e+06
32487,6.702593e+06
32488,1.1517107e+07
32489,1.1146763e+07
32490,4.558304e+06
32491,6.562637e+06
32492,1.0837743e+07
32493,7.7730165e+06
32494,6.3113045e+06
32495,6.1423915e+06
32496,6.2453115e+06
32497,7.272835e+06
32498,1.3967793e+07
32499,1.1736021e+07
32500,4.6704435e+06
32501,1.1357836e+07
32502,7.566339e+06
32503,5.4058045e+06
32504,3.908443e+06
32505,1.1333599e+07
32506,6.1863825e+06
32507,3.0715892e+06
32508,6.584516e+06
32509,4.484113e+06
32510,1.2540007e+07
32511,4.7077205e+06
32512,5.287735e+06
32513,5.571821e+06
32514,7.133315e+06
32515,7.873137e+06
32516,7.5001365e+06
32517,9.889357e+06
32518,4.909997e+06
32519,4.5869675e+06
32520,2.1103615e+06
32521,6.470222e+06
32522,6.463734e+06
32523,8.038948e+06
32524,7.561975e+06
32525,5.702501e+06
32526,7.305242e+06
32527,7.564153e+06
32528,5.4036245e+06
32529,6.605101e+06
32530,5.3814235e+06
32531,6.419503e+06
32532,1.3641601e+07
32533,7.0816045e+06
32534,4.7796545e+06
32535,6.0338845e+06
32536,1.1806294e+07
32537,7.1969455e+06
32538,9.433431e+06
32539,5.925095e+06
32540,6.753558e+06
32541,1.1434718e+07
32542,5.9961105e+06
32543,6.650528e+06
32544,5.489656e+06
32545,5.403284e+06
32546,1.2190294e+07
32547,5.9267795e+06
32548,4.66726e+06
32549,4.004454e+06
32550,6.41875e+06
32551,5.86091e+06
32552,6.5209685e+06
32553,6.1887015e+06
32554,8.807478e+06
32555,8.610586e+06
32556,8.87515e+06
32557,4.149322e+06
32558,6.888238e+06
32559,7.490358e+06
32560,5.605425e+06
32561,5.7751975e+06
32562,9.578021e+06
32563,5.4293955e+06
32564,5.1421055e+06
32565,7.8424275e+06
32566,4.8257495e+06
32567,5.2609155e+06
32568,1.0428462e+07
32569,7.2254855e+06
32570,5.9981525e+06
32571,6.140705e+06
32572,6.9429385e+06
32573,8.068326e+06
32574,5.5816175e+06
32575,5.018928e+06
32576,7.4839605e+06
32577,4.4188515e+06
32578,6.535568e+06
32579,8.950783e+06
32580,4.7952505e+06
32581,4.959292e+06
32582,7.6479545e+06
32583,8.3359615e+06
32584,5.1659545e+06
32585,4.9869615e+06
32586,6.1967395e+06
32587,6.088149e+06
32588,6.770189e+06
32589,2.850259e+06
32590,8.82622e+06
32591,8.815814e+06
32592,3.7675772e+06
32593,3.8982842e+06
32594,4.556187e+06
32595,7.2708655e+06
32596,1.0556361e+07
32597,5.7144725e+06
32598,1.0292881e+07
32599,6.8423945e+06
32600,6.450691e+06
32601,6.3112565e+06
32602,7.5127575e+06
32603,6.084115e+06
32604,4.0898225e+06
32605,5.590274e+06
32606,6.2760245e+06
32607,7.4552455e+06
32608,7.154913e+06
32609,7.5886615e+06
32610,6.513889e+06
32611,6.7296925e+06
32612,4.207183e+06
32613,5.5526185e+06
32614,8.761477e+06
32615,4.243813e+06
32616,6.1985305e+06
32617,6.9969325e+06
32618,6.324144e+06
32619,3.9833148e+06
32620,6.6627805e+06
32621,6.0337405e+06
32622,1.7034368e+07
32623,1.0358424e+07
32624,1.1984396e+07
32625,9.36577e+06
32626,7.013634e+06
32627,7.5450465e+06
32628,8.39788e+06
32629,1.3230243e+07
32630,5.252418e+06
32631,5.6371935e+06
32632,5.911504e+06
32633,7.135411e+06
32634,5.990338e+06
32635,7.7612015e+06
32636,4.3776705e+06
32637,7.7244655e+06
32638,7.132288e+06
32639,7.4684315e+06
32640,5.7295935e+06
32641,6.6501285e+06
32642,6.332696e+06
32643,1.1783055e+07
32644,7.935553e+06
32645,5.6635385e+06
32646,6.952871e+06
32647,1.3499372e+07
32648,5.982391e+06
32649,6.0865115e+06
32650,7.8010355e+06
32651,2.1144068e+06
32652,9.560846e+06
32653,9.87686e+06
32654,5.555548e+06
32655,1.2638601e+07
32656,4.792398e+06
32657,5.614804e+06
32658,7.4524515e+06
32659,3.837598e+06
32660,7.7941275e+06
32661,7.552152e+06
32662,1.1332605e+07
32663,8.1994645e+06
32664,9.546432e+06
32665,1.282077e+07
32666,6.8311145e+06
32667,5.852018e+06
32668,6.3740185e+06
32669,9.112189e+06
32670,6.8113645e+06
32671,5.9461755e+06
32672,4.1844988e+06
32673,8.572077e+06
32674,5.8439815e+06
32675,5.44945e+06
32676,6.6488795e+06
32677,3.8561872e+06
32678,8.069734e+06
32679,4.7101905e+06
32680,1.9889836e+07
32681,8.1370525e+06
32682,5.809025e+06
32683,1.1596261e+07
32684,6.178547e+06
32685,5.9746255e+06
32686,5.958545e+06
32687,5.178829e+06
32688,6.464221e+06
32689,6.3302685e+06
32690,6.0177015e+06
32691,7.1676705e+06
32692,1.1716607e+07
32693,7.440358e+06
32694,7.0865295e+06
32695,8.235435e+06
32696,3.582456e+06
32697,6.850301e+06
32698,6.1732285e+06
32699,6.1579875e+06
32700,8.004446e+06
32701,1.1383232e+07
32702,1.3749747e+07
32703,8.855688e+06
32704,9.274222e+06
32705,7.5050735e+06
32706,4.630696e+06
32707,7.3736685e+06
32708,6.04345e+06
32709,4.894074e+06
32710,9.669894e+06
32711,6.3099685e+06
32712,7.5239645e+06
32713,5.7005325e+06
32714,8.0785355e+06
32715,4.1055712e+06
32716,4.5685135e+06
32717,8.0285435e+06
32718,7.7987595e+06
32719,5.2521025e+06
32720,4.607209e+06
32721,1.4673147e+07
32722,6.727158e+06
32723,4.3921725e+06
32724,7.429531e+06
32725,1.6662665e+07
32726,4.688392e+06
32727,4.2520855e+06
32728,8.469996e+06
32729,5.0059545e+06
32730,1.0143805e+07
32731,5.2989165e+06
32732,4.9511215e+06
32733,6.326889e+06
32734,5.1789375e+06
32735,5.574383e+06
32736,3.9059168e+06
32737,4.1849535e+06
32738,7.37485e+06
32739,2.7572144e+07
32740,5.6373225e+06
32741,6.3073455e+06
32742,1.2788288e+07
32743,8.005194e+06
32744,1.0355422e+07
32745,4.9538325e+06
32746,1.0113416e+07
32747,7.242837e+06
32748,3.6221345e+06
32749,4.1548142e+06
32750,8.504533e+06
32751,6.61134e+06
32752,2.758724e+07
32753,5.5224485e+06
32754,7.3812035e+06
32755,7.2918575e+06
32756,6.278491e+06
32757,1.0863986e+07
32758,6.461213e+06
32759,5.3695965e+06
32760,5.3284095e+06
32761,5.2373025e+06
32762,7.4933235e+06
32763,6.082647e+06
32764,5.773017e+06
32765,5.5937035e+06
32766,6.7701055e+06
32767,5.969004e+06
32768,5.8452525e+06
32769,5.431555e+06
32770,6.063245e+06
32771,1.1125055e+07
32772,1.2255711e+07
32773,5.797851e+06
32774,4.8813625e+06
32775,5.097328e+06
32776,5.5357045e+06
32777,4.3672415e+06
32778,5.625561e+06
32779,3.9127618e+06
32780,7.09392e+06
32781,6.364646e+06
32782,5.399704e+06
32783,8.287877e+06
32784,8.684411e+06
32785,5.236543e+06
32786,5.281083e+06
32787,9.676813e+06
32788,4.067096e+06
32789,3.598529e+06
32790,3.6184818e+06
32791,6.1989915e+06
32792,4.959141e+06
32793,1.7642604e+07
32794,2.0134119e+06
32795,5.072393e+06
32796,4.3790315e+06
32797,5.9225755e+06
32798,5.2494735e+06
32799,1.2313492e+07
32800,4.4261015e+06
32801,5.8762785e+06
32802,7.385048e+06
32803,4.3669915e+06
32804,9.885491e+06
32805,8.1456395e+06
32806,5.3439615e+06
32807,5.1127905e+06
32808,5.5828685e+06
32809,8.987787e+06
32810,5.7537685e+06
32811,8.423299e+06
32812,5.3576115e+06
32813,6.0220475e+06
32814,4.3339535e+06
32815,3.5338305e+06
32816,5.0342775e+06
32817,6.256865e+06
32818,7.753271e+06
32819,3.321899e+06
32820,5.1636345e+06
32821,8.524061e+06
32822,6.1860405e+06
32823,8.857934e+06
32824,6.905135e+06
32825,6.2073445e+06
32826,9.55432e+06
32827,8.1082435e+06
32828,5.3315865e+06
32829,6.0451275e+06
32830,5.61316e+06
32831,6.6440495e+06
32832,4.0220252e+06
32833,1.329769e+07
32834,1.0220303e+07
32835,5.205667e+06
32836,5.7817885e+06
32837,5.463844e+06
32838,4.7653265e+06
32839,1.5768072e+07
32840,6.6283985e+06
32841,5.3428405e+06
32842,7.3180935e+06
32843,4.2584855e+06
32844,5.982933e+06
32845,7.7503805e+06
32846,1.0760749e+07
32847,4.0895105e+06
32848,8.2856485e+06
32849,3.920471e+06
32850,7.4607365e+06
32851,1.0823428e+07
32852,4.547076e+06
32853,5.319702e+06
32854,8.582588e+06
32855,1.0416793e+07
32856,4.212796e+06
32857,7.1437995e+06
32858,3.779071e+06
32859,6.387771e+06
32860,7.4317915e+06
32861,5.922316e+06
32862,6.9672415e+06
32863,6.903884e+06
32864,6.426014e+06
32865,7.351866e+06
32866,3.8253682e+06
32867,4.0685662e+06
32868,1.0232357e+07
32869,4.6893225e+06
32870,5.0662e+06
32871,4.6426615e+06
32872,7.5734575e+06
32873,4.3299755e+06
32874,3.6353922e+06
32875,7.449652e+06
32876,7.0635755e+06
32877,8.501849e+06
32878,1.1461336e+07
32879,4.5146215e+06
32880,7.728813e+06
32881,7.4457245e+06
32882,7.587569e+06
32883,3.5159368e+06
32884,6.4075455e+06
32885,5.1079315e+06
32886,4.0628668e+06
32887,5.017057e+06
32888,8.653318e+06
32889,4.302971e+06
32890,5.5622645e+06
32891,6.8877585e+06
32892,5.34174e+06
32893,9.942522e+06
32894,5.723941e+06
32895,7.561391e+06
32896,5.763929e+06
32897,3.7177472e+06
32898,1.1035322e+07
32899,8.0566155e+06
32900,5.6626745e+06
32901,6.114659e+06
32902,7.4205805e+06
32903,6.7305205e+06
32904,1.0146688e+07
32905,6.859957e+06
32906,5.999886e+06
32907,5.126207e+06
32908,7.9961675e+06
32909,3.2297512e+06
32910,6.751723e+06
32911,1.0843368e+07
32912,6.2808745e+06
32913,6.9837925e+06
32914,5.14011e+06
32915,7.3600105e+06
32916,1.109323e+07
32917,6.1287695e+06
32918,8.937221e+06
32919,1.1579022e+07
32920,5.38646e+06
32921,4.4286265e+06
32922,4.5904115e+06
32923,5.359099e+06
32924,3.2183658e+06
32925,3.9129708e+06
32926,2.781913e+06
32927,9.410411e+06
32928,1.077973e+07
32929,9.674764e+06
32930,5.297406e+06
32931,5.2286335e+06
32932,5.8731915e+06
32933,5.5956185e+06
32934,4.435254e+06
32935,1.0020388e+07
32936,3.4909252e+06
32937,4.654991e+06
32938,6.8605915e+06
32939,5.516658e+06
32940,7.1789035e+06
32941,8.62853e+06
32942,7.4880155e+06
32943,5.0406045e+06
32944,5.8239855e+06
32945,4.9709455e+06
32946,7.4033895e+06
32947,8.0459425e+06
32948,1.1812083e+07
32949,6.1097045e+06
32950,4.624522e+06
32951,7.9258115e+06
32952,6.890505e+06
32953,7.11791e+06
32954,6.96768e+06
32955,8.367015e+06
32956,5.712135e+06
32957,4.995663e+06
32958,8.992571e+06
32959,1.2159455e+07
32960,5.854357e+06
32961,1.0335255e+07
32962,5.5983945e+06
32963,9.655242e+06
32964,4.346396e+06
32965,8.48649e+06
32966,7.934206e+06
32967,6.8174995e+06
32968,5.8446335e+06
32969,7.082442e+06
32970,5.687348e+06
32971,5.3895945e+06
32972,5.437225e+06
32973,5.52504e+06
32974,7.3859355e+06
32975,6.8656575e+06
32976,6.5423655e+06
32977,4.840374e+06
32978,6.9272505e+06
32979,5.66564e+06
32980,4.2994105e+06
32981,5.3642225e+06
32982,6.2363185e+06
32983,6.5051855e+06
32984,4.861646e+06
32985,4.4021995e+06
32986,7.1262165e+06
32987,9.173433e+06
32988,6.505254e+06
32989,4.144098e+06
32990,7.6292835e+06
32991,3.7713268e+06
32992,7.0827795e+06
32993,5.2424945e+06
32994,3.8321415e+06
32995,7.1954085e+06
32996,5.533604e+06
32997,8.3810785e+06
32998,2.223256e+07
32999,4.410053e+06
33000,6.0247475e+06
33001,4.606954e+06
33002,6.1298275e+06
33003,4.709701e+06
33004,6.288564e+06
33005,5.6578755e+06
33006,1.2615095e+07
33007,4.986914e+06
33008,3.596093e+06
33009,7.8661725e+06
33010,6.1287405e+06
33011,5.110085e+06
33012,5.031441e+06
33013,3.892229e+06
33014,5.9694825e+06
33015,5.415454e+06
33016,4.6819135e+06
33017,5.353444e+06
33018,6.1580695e+06
33019,6.7897225e+06
33020,5.6570985e+06
33021,7.321416e+06
33022,6.2373055e+06
33023,7.5270505e+06
33024,1.2434567e+07
33025,4.662842e+06
33026,5.9791225e+06
33027,4.3784345e+06
33028,7.0086395e+06
33029,5.8827825e+06
33030,8.68514e+06
33031,4.747563e+06
33032,7.709533e+06
33033,7.607516e+06
33034,4.016314e+06
33035,6.068324e+06
33036,5.9743745e+06
33037,5.515222e+06
33038,7.335429e+06
33039,6.1701205e+06
33040,1.074512e+07
33041,4.354648e+06
33042,9.644235e+06
33043,6.5970805e+06
33044,5.851845e+06
33045,1.2908491e+07
33046,7.0457935e+06
33047,9.61131e+06
33048,8.3396985e+06
33049,1.8390668e+07
33050,8.831036e+06
33051,5.961984e+06
33052,9.445314e+06
33053,7.3890565e+06
33054,4.0127688e+06
33055,1.0095223e+07
33056,6.06483e+06
33057,7.569515e+06
33058,6.204788e+06
33059,9.803662e+06
33060,4.1659118e+06
33061,4.2899495e+06
33062,7.259094e+06
33063,6.7791955e+06
33064,5.977532e+06
33065,4.501715e+06
33066,9.829388e+06
33067,5.513108e+06
33068,7.053821e+06
33069,1.3250067e+07
33070,1.0140284e+07
33071,1.2467031e+07
33072,5.5727935e+06
33073,3.7675845e+06
33074,1.4202834e+07
33075,6.896757e+06
33076,7.845502e+06
33077,8.380831e+06
33078,5.3488105e+06
33079,8.682308e+06
33080,6.891024e+06
33081,1.71381e+07
33082,9.376727e+06
33083,7.1922595e+06
33084,5.4030625e+06
33085,1.0124649e+07
33086,1.2740059e+07
33087,4.3392845e+06
33088,4.1266548e+06
33089,9.172313e+06
33090,8.177778e+06
33091,5.4238165e+06
33092,5.7944625e+06
33093,1.7732376e+07
33094,5.4551385e+06
33095,4.303993e+06
33096,8.199574e+06
33097,5.1731225e+06
33098,5.6504505e+06
33099,4.872182e+06
33100,5.9519285e+06
33101,5.1319595e+06
33102,6.050791e+06
33103,3.3619252e+06
33104,4.743341e+06
33105,8.989656e+06
33106,4.7946015e+06
33107,4.519752e+06
33108,1.0345255e+07
33109,6.055242e+06
33110,6.153743e+06
33111,6.019016e+06
33112,5.4985895e+06
33113,7.1708635e+06
33114,5.124897e+06
33115,8.865219e+06
33116,5.887604e+06
33117,4.381588e+06
33118,1.1458625e+07
33119,9.946183e+06
33120,2.9568272e+06
33121,6.7465285e+06
33122,5.4997065e+06
33123,4.079619e+07
33124,4.0131055e+06
33125,6.289146e+06
33126,6.0732165e+06
33127,7.0134335e+06
33128,5.8142905e+06
33129,1.3406613e+07
33130,8.983091e+06
33131,9.412816e+06
33132,4.4790955e+06
33133,4.448652e+07
33134,8.1722425e+06
33135,6.2747075e+06
33136,6.083198e+06
33137,4.8775375e+06
33138,1.0466522e+07
33139,7.440344e+06
33140,6.871389e+06
33141,7.6485305e+06
33142,8.3738645e+06
33143,3.6894522e+06
33144,3.8388718e+06
33145,6.348115e+06
33146,6.6981455e+06
33147,3.7499875e+06
33148,5.40878e+06
33149,1.6728678e+07
33150,4.836669e+06
33151,5.528382e+06
33152,1.540257e+07
33153,8.552186e+06
33154,7.245303e+06
33155,1.174565e+07
33156,7.50322e+06
33157,6.4505925e+06
33158,1.0773605e+07
33159,4.3760885e+06
33160,3.49278e+06
33161,6.528772e+06
33162,8.3571585e+06
33163,6.045894e+06
33164,6.477779e+06
33165,7.435116e+06
33166,4.922135e+06
33167,5.2525585e+06
33168,7.5217835e+06
33169,3.8971095e+06
33170,6.5316865e+06
33171,7.5590545e+06
33172,1.1109216e+07
33173,4.304112e+06
33174,5.0906625e+06
33175,4.370033e+06
33176,5.3636955e+06
33177,6.0973875e+06
33178,6.7863885e+06
33179,1.378546e+07
33180,5.24521e+06
33181,5.6064035e+06
33182,5.4586615e+06
33183,4.684669e+06
33184,5.4913735e+06
33185,7.873813e+06
33186,4.1858798e+06
33187,6.224987e+06
33188,6.575085e+06
33189,5.673729e+06
33190,5.5236965e+06
33191,1.0411191e+07
33192,8.869997e+06
33193,7.6226505e+06
33194,5.5137705e+06
33195,6.835129e+06
33196,5.3357675e+06
33197,5.2444195e+06
33198,5.839018e+06
33199,6.862581e+06
33200,3.8450932e+06
33201,6.539253e+06
33202,8.3206245e+06
33203,7.074753e+06
33204,5.9491875e+06
33205,7.55334e+06
33206,6.0713805e+06
33207,1.1605046e+07
33208,1.0363068e+07
33209,4.60269e+06
33210,2.9289415e+06
33211,5.996082e+06
33212,5.6210565e+06
33213,4.6947365e+06
33214,8.174363e+06
33215,5.1106165e+06
33216,4.3187785e+06
33217,5.353929e+06
33218,5.4776125e+06
33219,4.429704e+06
33220,7.587569e+06
33221,5.774107e+06
33222,5.4834035e+06
33223,2.0924514e+06
33224,1.1383297e+07
33225,7.0270175e+06
33226,5.6230135e+06
33227,4.2590905e+06
33228,4.4313345e+06
33229,7.1866235e+06
33230,6.3134175e+06
33231,7.2864975e+06
33232,8.1939145e+06
33233,1.0155439e+07
33234,1.0280677e+07
33235,6.857916e+06
33236,7.8272745e+06
33237,1.7031864e+07
33238,7.6263665e+06
33239,5.3387555e+06
33240,6.6403375e+06
33241,6.029524e+06
33242,4.4079045e+06
33243,3.7401228e+06
33244,1.2210795e+07
33245,7.814081e+06
33246,7.097615e+06
33247,4.532516e+06
33248,1.1307516e+07
33249,1.5478582e+07
33250,1.066443e+07
33251,7.400446e+06
33252,1.0273307e+07
33253,6.6447145e+06
33254,4.2083665e+06
33255,6.819756e+06
33256,8.692101e+06
33257,5.351448e+06
33258,2.2088004e+07
33259,5.891856e+06
33260,5.3797095e+06
33261,6.968936e+06
33262,7.2714755e+06
33263,6.3190015e+06
33264,7.3649255e+06
33265,7.7108125e+06
33266,6.7672455e+06
33267,5.1396445e+06
33268,5.648123e+06
33269,1.0132473e+07
33270,3.1741978e+06
33271,5.4390505e+06
33272,5.04783e+06
33273,7.454627e+06
33274,6.820979e+06
33275,6.2933815e+06
33276,1.3184119e+07
33277,6.066652e+06
33278,7.170542e+06
33279,6.0999525e+06
33280,5.6694395e+06
33281,5.17442e+06
33282,6.7155625e+06
33283,5.8013905e+06
33284,6.692367e+06
33285,9.371524e+06
33286,4.8168705e+06
33287,4.0120418e+06
33288,9.855031e+06
33289,4.7001125e+06
33290,5.8530565e+06
33291,5.022428e+06
33292,7.958418e+06
33293,6.719201e+06
33294,6.2007415e+06
33295,4.7302405e+06
33296,4.136734e+06
33297,7.22346e+06
33298,8.723774e+06
33299,1.3829625e+07
33300,4.2951075e+06
33301,7.4930305e+06
33302,4.198365e+06
33303,1.1103983e+07
33304,1.2140568e+07
33305,5.6840025e+06
33306,7.3542855e+06
33307,7.352946e+06
33308,6.6653605e+06
33309,7.109362e+06
33310,1.4324962e+07
33311,6.455664e+06
33312,4.9993945e+06
33313,5.5473365e+06
33314,8.0083325e+06
33315,8.078882e+06
33316,6.8071435e+06
33317,8.2665955e+06
33318,7.4032975e+06
33319,6.676029e+06
33320,8.405781e+06
33321,5.809596e+06
33322,4.5503555e+06
33323,8.838838e+06
33324,1.1760243e+07
33325,7.5144485e+06
33326,7.4743455e+06
33327,5.8963865e+06
33328,5.617589e+06
33329,1.0713932e+07
33330,3.4470612e+06
33331,2.198398e+07
33332,4.793582e+06
33333,8.810737e+06
33334,5.7156825e+06
33335,1.1261864e+07
33336,8.844715e+06
33337,4.022125e+06
33338,9.176477e+06
33339,5.5428465e+06
33340,6.9513395e+06
33341,7.8715905e+06
33342,1.548818e+07
33343,7.366429e+06
33344,5.2769595e+06
33345,5.82932e+06
33346,1.4936772e+07
33347,1.6391479e+07
33348,5.340497e+06
33349,5.307636e+06
33350,5.2853855e+06
33351,1.0518817e+07
33352,4.878333e+06
33353,6.127642e+06
33354,5.832523e+06
33355,4.4870475e+06
33356,7.307465e+06
33357,9.300297e+06
33358,2.911777e+06
33359,9.998337e+06
33360,4.400046e+06
33361,9.370523e+06
33362,3.2257188e+06
33363,6.542278e+06
33364,5.598597e+06
33365,8.34448e+06
33366,1.2812996e+07
33367,6.3077005e+06
33368,8.99204e+06
33369,7.1690995e+06
33370,5.2796125e+06
33371,5.738819e+06
33372,5.029714e+06
33373,5.953058e+06
33374,5.636414e+06
33375,6.0074895e+06
33376,4.8322565e+06
33377,6.5807555e+06
33378,2.2665004e+07
33379,5.5807605e+06
33380,6.9015405e+06
33381,6.1996595e+06
33382,3.6730468e+06
33383,5.120798e+06
33384,8.857199e+06
33385,2.392213e+06
33386,1.1785056e+07
33387,6.9558755e+06
33388,7.972867e+06
33389,4.429459e+06
33390,6.3428745e+06
33391,5.784083e+06
33392,1.1088428e+07
33393,5.0320215e+06
33394,5.2461705e+06
33395,8.214539e+06
33396,6.195091e+06
33397,6.028466e+06
33398,5.3743045e+06
33399,8.565115e+06
33400,1.9900268e+07
33401,1.0135779e+07
33402,3.6632308e+06
33403,6.7257725e+06
33404,1.0564358e+07
33405,1.0001828e+07
33406,4.605794e+06
33407,6.681851e+06
33408,9.818201e+06
33409,7.876344e+06
33410,6.3809215e+06
33411,5.7837685e+06
33412,9.897642e+06
33413,5.3758935e+06
33414,6.8554835e+06
33415,2.3409596e+07
33416,1.03802e+07
33417,6.729096e+06
33418,7.4234965e+06
33419,7.6602395e+06
33420,1.0792238e+07
33421,7.3566845e+06
33422,7.8402965e+06
33423,3.1775505e+06
33424,8.2447785e+06
33425,6.2909035e+06
33426,6.4525985e+06
33427,1.3257246e+07
33428,3.7876582e+06
33429,4.551193e+06
33430,4.352041e+06
33431,4.610989e+06
33432,5.7798205e+06
33433,5.740505e+06
33434,6.3844035e+06
33435,7.654514e+06
33436,5.2266045e+06
33437,4.6714725e+06
33438,5.3839435e+06
33439,3.455062e+06
33440,6.144038e+06
33441,5.2606145e+06
33442,9.349903e+06
33443,7.229373e+06
33444,1.3210549e+07
33445,4.4611095e+06
33446,8.008401e+06
33447,4.8865e+06
33448,7.31928e+06
33449,1.0653289e+07
33450,5.8750625e+06
33451,1.5129714e+07
33452,8.874532e+06
33453,5.019206e+06
33454,5.601289e+06
33455,6.413708e+06
33456,4.212137e+06
33457,5.131578e+06
33458,4.455e+06
33459,2.2814552e+07
33460,1.0747129e+07
33461,1.0283619e+07
33462,8.0631875e+06
33463,5.14657e+06
33464,1.4694768e+07
33465,4.927522e+06
33466,4.48496e+06
33467,5.575356e+06
33468,4.0923118e+06
33469,1.1095981e+07
33470,6.0634765e+06
33471,2.0431028e+06
33472,1.0465345e+07
33473,7.862205e+06
33474,4.758655e+06
33475,3.5915552e+06
33476,5.7364825e+06
33477,8.1866425e+06
33478,5.5869965e+06
33479,9.734366e+06
33480,7.509699e+06
33481,6.9269205e+06
33482,5.0786755e+06
33483,8.203915e+06
33484,7.455601e+06
33485,1.7126924e+07
33486,1.2544193e+07
33487,5.7286755e+06
33488,1.2383207e+07
33489,1.114672e+07
33490,1.0540427e+07
33491,7.821462e+06
33492,6.446675e+06
33493,7.555977e+06
33494,6.421885e+06
33495,1.0182419e+07
33496,7.3955915e+06
33497,8.98645e+06
33498,6.860245e+06
33499,6.274169e+06
33500,4.5271895e+06
33501,8.392604e+06
33502,5.249784e+06
33503,8.045206e+06
33504,9.409477e+06
33505,6.6495895e+06
33506,9.137547e+06
33507,7.1518225e+06
33508,4.9707275e+06
33509,6.0027015e+06
33510,7.615087e+06
33511,6.2358425e+06
33512,5.812899e+06
33513,1.4426909e+07
33514,4.4937495e+06
33515,4.526641e+06
33516,4.9093555e+06
33517,6.9581245e+06
33518,6.9155275e+06
33519,7.262189e+06
33520,5.199475e+06
33521,7.4749945e+06
33522,4.0121182e+06
33523,7.2838855e+06
33524,6.2025455e+06
33525,9.113649e+06
33526,9.219389e+06
33527,7.0609015e+06
33528,6.660106e+06
33529,4.6371745e+06
33530,5.933187e+06
33531,5.8317335e+06
33532,4.580393e+06
33533,6.751684e+06
33534,4.5670935e+06
33535,8.3692495e+06
33536,7.5279475e+06
33537,3.9314938e+06
33538,7.636672e+06
33539,8.3065435e+06
33540,9.613638e+06
33541,1.2285364e+07
33542,1.5745352e+07
33543,9.501708e+06
33544,6.149941e+06
33545,8.705399e+06
33546,5.7286755e+06
33547,7.333135e+06
33548,7.8315305e+06
33549,9.198908e+06
33550,1.3642486e+07
33551,7.293311e+06
33552,7.3137605e+06
33553,5.2487175e+06
33554,8.283073e+06
33555,1.5660262e+07
33556,4.3768105e+06
33557,9.585496e+06
33558,3.1302624e+07
33559,7.8463405e+06
33560,5.408739e+06
33561,2.141329e+06
33562,6.8376e+06
33563,5.888817e+06
33564,5.7988795e+06
33565,5.7303475e+06
33566,8.0645025e+06
33567,9.5016e+06
33568,2.0490484e+06
33569,5.42135e+06
33570,9.528641e+06
33571,2.912963e+06
33572,7.3360935e+06
33573,3.7630778e+06
33574,7.0646935e+06
33575,5.869496e+06
33576,4.8047265e+06
33577,9.102687e+06
33578,1.1693388e+07
33579,9.003847e+06
33580,8.99559e+06
33581,7.1480925e+06
33582,7.801378e+06
33583,4.6326795e+06
33584,3.4247108e+06
33585,4.3279855e+06
33586,4.69411e+06
33587,5.7711455e+06
33588,1.0140439e+07
33589,9.205209e+06
33590,5.2446295e+06
33591,9.342647e+06
33592,6.5715805e+06
33593,5.2208755e+06
33594,1.2514369e+07
33595,4.1171222e+06
33596,7.1574245e+06
33597,6.1334825e+06
33598,3.8223742e+06
33599,6.053891e+06
33600,5.2476565e+06
33601,5.42512e+06
33602,7.455686e+06
33603,6.416008e+06
33604,3.8191168e+06
33605,8.567002e+06
33606,5.2600875e+06
33607,1.0566292e+07
33608,8.188985e+06
33609,7.018144e+06
33610,9.870344e+06
33611,6.719701e+06
33612,5.364253e+06
33613,5.251221e+06
33614,4.6543385e+06
33615,5.4126965e+06
33616,1.1944939e+07
33617,7.2150125e+06
33618,3.4897468e+06
33619,1.0771201e+07
33620,6.71906e+06
33621,2.0840094e+06
33622,7.5873955e+06
33623,6.945581e+06
33624,6.3385145e+06
33625,2.8534548e+06
33626,1.1183391e+07
33627,4.510563e+06
33628,3.6551905e+06
33629,8.0764555e+06
33630,6.3139415e+06
33631,9.103694e+06
33632,5.1913e+06
33633,3.4742492e+06
33634,1.3898299e+07
33635,7.383851e+06
33636,6.5550125e+06
33637,4.286514e+06
33638,8.42215e+06
33639,8.616377e+06
33640,1.1253532e+07
33641,7.692201e+06
33642,1.0266881e+07
33643,4.7037265e+06
33644,6.6378995e+06
33645,6.2148615e+06
33646,1.0117236e+07
33647,6.7635295e+06
33648,7.5389905e+06
33649,5.2064365e+06
33650,6.171698e+06
33651,6.467372e+06
33652,8.602181e+06
33653,7.935984e+06
33654,5.7861575e+06
33655,5.4075525e+06
33656,3.627908e+06
33657,8.11061e+06
33658,8.1124205e+06
33659,7.103601e+06
33660,7.053236e+06
33661,4.06351e+06
33662,7.6548935e+06
33663,6.10338e+06
33664,7.1139875e+06
33665,7.5287875e+06
33666,5.8103495e+06
33667,3.5681762e+06
33668,7.001872e+06
33669,1.719366e+07
33670,4.4697675e+06
33671,4.933296e+06
33672,2.4389904e+07
33673,1.1219006e+07
33674,5.8216645e+06
33675,9.151448e+06
33676,4.2909885e+06
33677,6.6535985e+06
33678,9.048609e+06
33679,1.21361e+07
33680,7.28508e+06
33681,9.701725e+06
33682,8.150745e+06
33683,6.62654e+06
33684,4.9987655e+06
33685,7.460857e+06
33686,8.67342e+06
33687,6.3196525e+06
33688,1.3743428e+07
33689,4.877919e+06
33690,4.9223225e+06
33691,6.866142e+06
33692,4.88705e+06
33693,8.827003e+06
33694,5.821853e+06
33695,7.050956e+06
33696,7.354222e+06
33697,4.9387615e+06
33698,6.913536e+06
33699,1.0991041e+07
33700,3.7914458e+06
33701,7.537222e+06
33702,5.572007e+06
33703,7.621771e+06
33704,4.8213425e+06
33705,6.5036225e+06
33706,6.7663615e+06
33707,5.154311e+06
33708,3.7019572e+06
33709,6.550157e+06
33710,5.9881275e+06
33711,1.1386576e+07
33712,9.743189e+06
33713,4.034326e+06
33714,5.3915895e+06
33715,6.530036e+06
33716,4.202311e+06
33717,8.094275e+06
33718,5.7222655e+06
33719,6.713097e+06
33720,5.8947335e+06
33721,7.083685e+06
33722,5.5422125e+06
33723,4.39685e+06
33724,5.54466e+06
33725,5.0759255e+06
33726,7.7633635e+06
33727,7.8977505e+06
33728,6.9120265e+06
33729,5.0308655e+06
33730,4.994043e+06
33731,1.7882944e+07
33732,6.9366115e+06
33733,4.4084255e+06
33734,6.180869e+06
33735,7.4666015e+06
33736,6.833128e+06
33737,9.571337e+06
33738,5.629334e+06
33739,6.857609e+06
33740,5.1896365e+06
33741,1.1624895e+07
33742,4.904685e+06
33743,6.768872e+06
33744,4.89092e+06
33745,2.1875378e+06
33746,9.327869e+06
33747,7.7158295e+06
33748,5.7647205e+06
33749,4.9055225e+06
33750,7.923514e+06
33751,4.546768e+06
33752,4.6600905e+06
33753,8.949094e+06
33754,7.7881535e+06
33755,9.848529e+06
33756,6.1256145e+06
33757,5.4688695e+06
33758,5.8563785e+06
33759,3.1231152e+06
33760,4.624747e+06
33761,6.517947e+06
33762,5.804977e+06
33763,5.1959555e+06
33764,6.4901525e+06
33765,6.593439e+06
33766,5.0546515e+06
33767,1.1398201e+07
33768,6.054757e+06
33769,7.81701e+06
33770,3.3861095e+06
33771,3.551663e+06
33772,7.2681825e+06
33773,5.992852e+06
33774,6.651981e+06
33775,4.2310875e+06
33776,6.3689265e+06
33777,7.594142e+06
33778,8.2422315e+06
33779,8.581328e+06
33780,1.569447e+07
33781,7.03597e+06
33782,4.8177805e+06
33783,7.3411465e+06
33784,6.5563065e+06
33785,1.0397697e+07
33786,7.2709905e+06
33787,7.420375e+06
33788,5.194494e+06
33789,4.205867e+06
33790,5.123827e+06
33791,6.7637615e+06
33792,5.1639445e+06
33793,8.895097e+06
33794,5.4581775e+06
33795,5.792059e+06
33796,8.857943e+06
33797,9.391547e+06
33798,9.216418e+06
33799,4.4965015e+06
33800,5.503752e+06
33801,6.0897745e+06
33802,6.3483085e+06
33803,6.6060205e+06
33804,5.0497945e+06
33805,4.8779375e+06
33806,7.057623e+06
33807,7.606036e+06
33808,5.877506e+06
33809,2.2818732e+07
33810,6.2995485e+06
33811,1.0686991e+07
33812,1.1099177e+07
33813,4.142316e+06
33814,1.3927091e+07
33815,1.3359466e+07
33816,4.8100905e+06
33817,6.944786e+06
33818,7.2710945e+06
33819,4.3533485e+06
33820,6.0628985e+06
33821,6.507829e+06
33822,4.844965e+06
33823,6.509002e+06
33824,8.464755e+06
33825,8.782307e+06
33826,9.272754e+06
33827,6.565116e+06
33828,5.171327e+06
33829,7.6478665e+06
33830,5.0204695e+06
33831,9.734069e+06
33832,7.253883e+06
33833,8.896997e+06
33834,6.3700685e+06
33835,8.230002e+06
33836,7.1372075e+06
33837,3.32973e+06
33838,8.517585e+06
33839,6.966092e+06
33840,1.0402537e+07
33841,1.2278173e+07
33842,9.649535e+06
33843,7.3209625e+06
33844,4.407858e+06
33845,5.3433755e+06
33846,5.4662155e+06
33847,5.9855065e+06
33848,7.5224575e+06
33849,1.3577355e+07
33850,4.789606e+06
33851,4.9777955e+06
33852,6.856857e+06
33853,9.690924e+06
33854,5.727064e+06
33855,4.8981925e+06
33856,2.1473002e+06
33857,8.0797525e+06
33858,8.2022955e+06
33859,1.0406387e+07
33860,3.4006885e+06
33861,4.867352e+06
33862,4.9707795e+06
33863,4.4221485e+06
33864,5.702925e+06
33865,5.2342865e+06
33866,7.1449235e+06
33867,5.4353945e+06
33868,9.965856e+06
33869,9.16121e+06
33870,5.8950765e+06
33871,6.1702735e+06
33872,6.424078e+06
33873,6.4995485e+06
33874,4.6567805e+06
33875,1.1188149e+07
33876,8.0211965e+06
33877,7.496032e+06
33878,5.875382e+06
33879,5.5875135e+06
33880,3.2928808e+06
33881,7.4851025e+06
33882,5.777357e+06
33883,4.983239e+06
33884,5.1949595e+06
33885,7.3343165e+06
33886,8.788297e+06
33887,8.783915e+06
33888,9.836364e+06
33889,4.5271245e+06
33890,7.448132e+06
33891,6.7122775e+06
33892,4.208214e+06
33893,8.437602e+06
33894,4.543075e+06
33895,6.058101e+06
33896,5.376396e+06
33897,4.558008e+06
33898,5.052126e+06
33899,1.2838781e+07
33900,9.178491e+06
33901,5.9346185e+06
33902,6.8127875e+06
33903,6.7751885e+06
33904,6.4511835e+06
33905,5.7597805e+06
33906,4.8031275e+06
33907,3.5491438e+06
33908,3.7554092e+06
33909,7.1954085e+06
33910,5.022572e+06
33911,6.551806e+06
33912,4.133579e+06
33913,5.9656065e+06
33914,3.712146e+06
33915,3.2738548e+07
33916,7.3922845e+06
33917,6.428601e+06
33918,9.876916e+06
33919,7.7938745e+06
33920,3.712146e+06
33921,4.4612585e+06
33922,4.3658755e+06
33923,1.0115075e+07
33924,5.420166e+06
33925,8.414355e+06
33926,7.1525455e+06
33927,9.533386e+06
33928,7.2755615e+06
33929,7.0086395e+06
33930,5.8270745e+06
33931,7.048737e+06
33932,5.824891e+06
33933,8.256967e+06
33934,4.8007005e+06
33935,2.842902e+06
33936,6.6538715e+06
33937,6.04658e+06
33938,7.4283475e+06
33939,6.605063e+06
33940,1.3572901e+07
33941,7.626701e+06
33942,9.675225e+06
33943,9.212674e+06
33944,6.1112135e+06
33945,8.897388e+06
33946,5.9475595e+06
33947,8.768306e+06
33948,7.094475e+06
33949,6.0438935e+06
33950,6.501855e+06
33951,3.5418672e+06
33952,5.9770815e+06
33953,4.5379395e+06
33954,1.4427487e+07
33955,5.931201e+06
33956,1.2995151e+07
33957,3.6304482e+06
33958,4.2422065e+06
33959,5.2204325e+06
33960,5.692145e+06
33961,7.4578835e+06
33962,5.6445045e+06
33963,7.3334495e+06
33964,6.6180265e+06
33965,3.4292308e+06
33966,5.0997055e+06
33967,7.153289e+06
33968,8.333235e+06
33969,5.0826635e+06
33970,3.85325e+06
33971,5.18038e+06
33972,1.0100211e+07
33973,7.2249275e+06
33974,4.1118288e+06
33975,7.9007865e+06
33976,1.2945524e+07
33977,5.4153145e+06
33978,9.592355e+06
33979,7.277997e+06
33980,1.0639318e+07
33981,6.459451e+06
33982,4.443777e+06
33983,3.7844482e+06
33984,4.874236e+06
33985,4.5018005e+06
33986,7.0587e+06
33987,4.810696e+06
33988,2.6952402e+06
33989,7.3603265e+06
33990,3.4654205e+06
33991,4.9719125e+06
33992,2.89899e+06
33993,1.0681876e+07
33994,7.775997e+06
33995,7.571681e+06
33996,8.200035e+06
33997,5.682626e+06
33998,9.427927e+06
33999,5.588302e+06
34000,4.3690245e+06
34001,7.6535215e+06
34002,8.1074085e+06
34003,4.6024045e+06
34004,5.5192155e+06
34005,6.317423e+06
34006,1.835874e+07
34007,7.2013465e+06
34008,6.526431e+06
34009,6.935758e+06
34010,6.430649e+06
34011,4.89901e+06
34012,9.909826e+06
34013,4.4684205e+06
34014,1.0246946e+07
34015,7.255246e+06
34016,3.5428098e+06
34017,9.434655e+06
34018,9.683626e+06
34019,8.836251e+06
34020,6.8795985e+06
34021,6.5137525e+06
34022,6.0895365e+06
34023,6.0002465e+06
34024,6.24714e+06
34025,6.3787495e+06
34026,9.665026e+06
34027,6.4499775e+06
34028,7.0698495e+06
34029,3.1335155e+06
34030,5.167053e+06
34031,1.8061848e+07
34032,7.767192e+06
34033,8.682084e+06
34034,8.538617e+06
34035,4.9280155e+06
34036,7.7423355e+06
34037,3.5328095e+06
34038,4.4329875e+06
34039,5.6626635e+06
34040,8.059551e+06
34041,5.278047e+06
34042,8.811561e+06
34043,4.889213e+06
34044,5.022002e+06
34045,7.756747e+06
34046,5.449086e+06
34047,7.066998e+06
34048,7.832905e+06
34049,4.4522565e+06
34050,7.9497405e+06
34051,8.477446e+06
34052,6.810611e+06
34053,1.1786944e+07
34054,7.462145e+06
34055,4.632454e+06
34056,3.5602665e+06
34057,5.7028e+06
34058,1.0402259e+07
34059,6.6353745e+06
34060,3.5706475e+06
34061,5.3321305e+06
34062,3.6519885e+06
34063,7.089159e+06
34064,3.6139088e+06
34065,5.7141015e+06
34066,5.2208755e+06
34067,6.4650345e+06
34068,1.0865914e+07
34069,6.2352835e+06
34070,6.5214475e+06
34071,4.071031e+06
34072,1.2412246e+07
34073,5.135274e+06
34074,1.3960415e+07
34075,5.36345e+06
34076,6.547078e+06
34077,4.7605755e+06
34078,1.0490446e+07
34079,9.02899e+06
34080,6.4002655e+06
34081,5.863062e+06
34082,7.467926e+06
34083,6.904134e+06
34084,7.3006525e+06
34085,5.459901e+06
34086,7.2365815e+06
34087,4.857887e+06
34088,5.314702e+06
34089,3.5022595e+06
34090,4.8444195e+06
34091,7.1988815e+06
34092,6.2332385e+06
34093,5.713241e+06
34094,4.964379e+06
34095,3.9216902e+06
34096,7.105383e+06
34097,1.0861583e+07
34098,7.3267665e+06
34099,6.7300715e+06
34100,5.579409e+06
34101,1.0058532e+07
34102,6.931612e+06
34103,6.6841135e+06
34104,2.0840094e+06
34105,4.4087285e+06
34106,5.677496e+06
34107,7.364975e+06
34108,6.286885e+06
34109,9.434709e+06
34110,7.154135e+06
34111,4.577192e+06
34112,8.780724e+06
34113,6.24418e+06
34114,6.8143535e+06
34115,3.5739792e+06
34116,8.575258e+06
34117,6.003732e+06
34118,4.118803e+06
34119,8.853593e+06
34120,3.780675e+06
34121,3.9828742e+06
34122,4.8508595e+06
34123,4.464195e+06
34124,6.675698e+06
34125,4.0814688e+06
34126,7.8239685e+06
34127,3.599593e+06
34128,7.767081e+06
34129,6.510647e+06
34130,5.9126375e+06
34131,1.8416608e+07
34132,9.692662e+06
34133,1.1998485e+07
34134,6.128074e+06
34135,7.1948045e+06
34136,7.142103e+06
34137,4.947586e+06
34138,5.929606e+06
34139,6.923948e+06
34140,7.104895e+06
34141,8.835745e+06
34142,6.494499e+06
34143,5.6288935e+06
34144,1.0408729e+07
34145,4.0775432e+06
34146,1.0631914e+07
34147,6.71997e+06
34148,6.191807e+06
34149,4.596281e+06
34150,1.1585274e+07
34151,5.5665525e+06
34152,9.982369e+06
34153,5.020345e+06
34154,6.504832e+06
34155,5.2995335e+06
34156,6.1532675e+06
34157,7.4912655e+06
34158,4.9527415e+06
34159,1.1085256e+07
34160,6.500032e+06
34161,4.5177095e+06
34162,5.765738e+06
34163,6.123103e+06
34164,3.460051e+06
34165,6.7010525e+06
34166,5.974215e+06
34167,8.620305e+06
34168,8.619352e+06
34169,7.5942145e+06
34170,8.1110435e+06
34171,6.467298e+06
34172,6.4681365e+06
34173,7.8053445e+06
34174,5.4742595e+06
34175,5.63964e+06
34176,4.908728e+06
34177,5.799991e+06
34178,6.510082e+06
34179,5.927124e+06
34180,8.1717205e+06
34181,5.267125e+06
34182,6.6545695e+06
34183,5.0501945e+06
34184,5.456132e+06
34185,6.8279425e+06
34186,8.3803995e+06
34187,5.3058445e+06
34188,3.849397e+06
34189,8.230669e+06
34190,6.069071e+06
34191,1.0727796e+07
34192,6.1868135e+06
34193,4.791365e+06
34194,6.3402075e+06
34195,9.333137e+06
34196,3.7762105e+06
34197,8.35833e+06
34198,6.0971725e+06
34199,6.4099045e+06
34200,8.1718375e+06
34201,4.0914728e+06
34202,1.112792e+07
34203,8.961067e+06
34204,6.587242e+06
34205,7.1020635e+06
34206,5.1085845e+06
34207,3.6054402e+06
34208,8.401645e+06
34209,5.844801e+06
34210,1.1591374e+07
34211,7.7753445e+06
34212,4.838459e+06
34213,1.2127307e+07
34214,7.742284e+06
34215,3.7480568e+06
34216,2.0354052e+07
34217,4.2342805e+06
34218,5.745237e+06
34219,4.667411e+06
34220,4.401599e+06
34221,5.224133e+06
34222,5.9882075e+06
34223,4.40864e+06
34224,7.800515e+06
34225,7.3315335e+06
34226,6.6150865e+06
34227,6.30669e+06
34228,9.036122e+06
34229,5.617814e+06
34230,5.3094535e+06
34231,5.953268e+06
34232,3.852438e+06
34233,1.521047e+07
34234,4.5877985e+06
34235,3.851358e+06
34236,5.745149e+06
34237,1.7798248e+07
34238,1.1807803e+07
34239,5.4519765e+06
34240,4.1848938e+06
34241,3.4807892e+06
34242,4.9024355e+06
34243,7.635172e+06
34244,4.1266548e+06
34245,6.0595745e+06
34246,6.1126185e+06
34247,1.1775372e+07
34248,4.9015895e+06
34249,3.6487682e+06
34250,5.860211e+06
34251,6.124405e+06
34252,9.120239e+06
34253,6.614424e+06
34254,8.413737e+06
34255,5.2156205e+06
34256,1.2171707e+07
34257,7.6322305e+06
34258,5.8762e+06
34259,1.3072191e+07
34260,5.4751575e+06
34261,6.786117e+06
34262,6.7320675e+06
34263,5.612352e+06
34264,4.6926685e+06
34265,6.1047185e+06
34266,3.6868495e+06
34267,8.002057e+06
34268,8.920089e+06
34269,6.4009185e+06
34270,1.1178422e+07
34271,4.6468035e+06
34272,1.1557266e+07
34273,4.567372e+06
34274,7.974213e+06
34275,6.0244375e+06
34276,1.0438412e+07
34277,1.6757004e+07
34278,3.401746e+06
34279,1.0486605e+07
34280,5.3677275e+06
34281,3.538535e+06
34282,6.2436025e+06
34283,9.143666e+06
34284,9.309295e+06
34285,4.251161e+06
34286,5.5497335e+06
34287,6.5602155e+06
34288,5.5593425e+06
34289,9.958199e+06
34290,6.721111e+06
34291,6.249667e+06
34292,3.8431578e+06
34293,3.4806424e+07
34294,1.1556958e+07
34295,7.2463605e+06
34296,6.7232775e+06
34297,7.2903e+06
34298,7.061669e+06
34299,5.7863005e+06
34300,6.5333125e+06
34301,6.6857075e+06
34302,5.3805455e+06
34303,6.3752405e+06
34304,6.61262e+06
34305,1.1575069e+07
34306,5.2554895e+06
34307,8.892858e+06
34308,9.738117e+06
34309,5.520495e+06
34310,6.573693e+06
34311,7.2617875e+06
34312,3.113005e+06
34313,7.4296725e+06
34314,6.3177965e+06
34315,1.1646223e+07
34316,5.576978e+06
34317,7.369366e+06
34318,5.6096495e+06
34319,4.1094532e+06
34320,7.299483e+06
34321,2.8697115e+06
34322,4.62656e+06
34323,5.6486885e+06
34324,8.556869e+06
34325,5.800976e+06
34326,7.9120365e+06
34327,6.6577305e+06
34328,1.5680766e+07
34329,1.1810574e+07
34330,6.7654065e+06
34331,8.2006685e+06
34332,7.29537e+06
34333,6.1254565e+06
34334,4.676398e+06
34335,9.664565e+06
34336,5.328872e+06
34337,3.91287e+06
34338,7.675464e+06
34339,1.6048492e+07
34340,8.099472e+06
34341,6.2578555e+06
34342,7.3402575e+06
34343,4.2869515e+06
34344,9.881947e+06
34345,1.1830888e+07
34346,7.6207535e+06
34347,5.7418955e+06
34348,5.115141e+06
34349,3.6436498e+06
34350,9.234102e+06
34351,4.229712e+06
34352,8.299108e+06
34353,9.74752e+06
34354,3.8311255e+06
34355,6.752296e+06
34356,7.251241e+06
34357,8.965461e+06
34358,5.9419975e+06
34359,8.2114605e+06
34360,1.3257651e+07
34361,8.024999e+06
34362,5.0580125e+06
34363,4.024976e+06
34364,5.0019315e+06
34365,5.0014115e+06
34366,5.9584765e+06
34367,9.851855e+06
34368,4.1347068e+06
34369,5.3056625e+06
34370,5.9690555e+06
34371,5.1617635e+06
34372,4.8630045e+06
34373,9.719023e+06
34374,9.73225e+06
34375,5.1906065e+06
34376,8.553727e+06
34377,4.1342218e+06
34378,5.962035e+06
34379,9.192787e+06
34380,7.8786275e+06
34381,5.5051535e+06
34382,4.5108255e+06
34383,4.556552e+06
34384,8.803077e+06
34385,4.8484085e+06
34386,7.521145e+06
34387,5.614113e+06
34388,8.419042e+06
34389,5.640033e+06
34390,6.6739095e+06
34391,5.39413e+06
34392,5.4966185e+06
34393,5.928854e+06
34394,5.4788245e+06
34395,4.4609605e+06
34396,1.1646534e+07
34397,2.9789665e+06
34398,9.649811e+06
34399,9.36168e+06
34400,9.42568e+06
34401,4.9999525e+06
34402,5.0384565e+06
34403,5.708372e+06
34404,6.9641325e+06
34405,1.2656693e+07
34406,9.974452e+06
34407,5.317698e+06
34408,3.5696228e+06
34409,6.650287e+06
34410,9.736799e+06
34411,6.328977e+06
34412,6.064818e+06
34413,7.112332e+06
34414,1.1443795e+07
34415,2.8689452e+06
34416,9.817303e+06
34417,5.747215e+06
34418,4.1047295e+06
34419,5.796463e+06
34420,8.578039e+06
34421,3.5460178e+06
34422,5.8161815e+06
34423,4.5983505e+06
34424,6.9073675e+06
34425,4.8004025e+06
34426,3.9172682e+06
34427,5.8556415e+06
34428,6.4517615e+06
34429,6.848975e+06
34430,7.5371285e+06
34431,4.7248755e+06
34432,6.09143e+06
34433,3.5824048e+06
34434,5.3695655e+06
34435,5.1431695e+06
34436,7.187994e+06
34437,5.0279875e+06
34438,5.253891e+06
34439,6.093737e+06
34440,4.364206e+06
34441,7.9855825e+06
34442,5.8843595e+06
34443,4.635888e+06
34444,5.4193805e+06
34445,6.056004e+06
34446,6.398404e+06
34447,1.2251341e+07
34448,6.3001555e+06
34449,1.0522288e+07
34450,4.5560785e+06
34451,6.266306e+06
34452,6.2575035e+06
34453,7.3500855e+06
34454,6.5423155e+06
34455,5.880943e+06
34456,5.7493915e+06
34457,9.56464e+06
34458,5.804036e+06
34459,9.534986e+06
34460,6.69448e+06
34461,5.9588175e+06
34462,5.9880015e+06
34463,4.364997e+06
34464,7.3197755e+06
34465,1.4474813e+07
34466,3.543124e+06
34467,7.7589445e+06
34468,1.0218256e+07
34469,6.4600305e+06
34470,5.227412e+06
34471,8.900324e+06
34472,4.2440275e+06
34473,4.460599e+06
34474,1.3095075e+07
34475,6.4836445e+06
34476,7.500716e+06
34477,9.966978e+06
34478,1.4874765e+07
34479,7.667914e+06
34480,6.77959e+06
34481,9.69488e+06
34482,8.551615e+06
34483,8.0919055e+06
34484,7.8669675e+06
34485,3.9795975e+06
34486,1.2236348e+07
34487,1.1333621e+07
34488,5.010726e+06
34489,5.703828e+06
34490,7.606065e+06
34491,6.975632e+06
34492,4.8317035e+06
34493,4.564176e+06
34494,7.8982625e+06
34495,5.1196945e+06
34496,4.5517445e+06
34497,4.9867285e+06
34498,6.532839e+06
34499,9.964089e+06
34500,7.3262215e+06
34501,1.2668552e+07
34502,4.232734e+06
34503,8.846512e+06
34504,8.719083e+06
34505,5.347275e+06
34506,1.2698574e+07
34507,5.154026e+06
34508,1.4469155e+07
34509,5.930856e+06
34510,3.1671004e+07
34511,8.433571e+06
34512,1.0117835e+07
34513,5.480826e+06
34514,4.852183e+06
34515,3.7589315e+06
34516,2.549856e+06
34517,7.491923e+06
34518,5.592279e+06
34519,7.219135e+06
34520,4.453004e+06
34521,3.2433936e+07
34522,5.921525e+06
34523,5.390042e+06
34524,6.7367625e+06
34525,5.3321865e+06
34526,5.7831725e+06
34527,6.6032745e+06
34528,1.4790797e+07
34529,1.2065428e+07
34530,8.2274125e+06
34531,4.9922815e+06
34532,4.6545695e+06
34533,5.598779e+06
34534,8.556452e+06
34535,3.3991712e+06
34536,6.2858e+06
34537,3.3975572e+06
34538,5.6258885e+06
34539,7.9292435e+06
34540,6.332219e+06
34541,9.398016e+06
34542,6.708003e+06
34543,6.03929e+06
34544,4.5596475e+06
34545,5.091697e+06
34546,3.396533e+07
34547,4.6119345e+06
34548,1.1020325e+07
34549,5.67735e+06
34550,3.8340205e+06
34551,6.2078715e+06
34552,7.8208875e+06
34553,3.4643824e+07
34554,4.2287235e+06
34555,1.0702413e+07
34556,8.541834e+06
34557,1.1160527e+07
34558,4.9946765e+06
34559,7.9772325e+06
34560,1.2179789e+07
34561,5.8116575e+06
34562,1.1555525e+07
34563,3.5044712e+06
34564,1.0272033e+07
34565,4.8600235e+06
34566,1.2552858e+07
34567,5.087639e+06
34568,6.182148e+06
34569,8.0790515e+06
34570,6.001614e+06
34571,9.170074e+06
34572,9.771459e+06
34573,1.2535846e+07
34574,5.9414425e+06
34575,6.093644e+06
34576,3.4049755e+06
34577,6.312081e+06
34578,5.205692e+06
34579,3.3655985e+06
34580,4.703462e+06
34581,5.106329e+06
34582,5.879126e+06
34583,7.7688515e+06
34584,5.7006305e+06
34585,6.84556e+06
34586,2.0868116e+06
34587,1.0271543e+07
34588,4.77646e+06
34589,4.719723e+06
34590,7.658048e+06
34591,1.0195576e+07
34592,4.8111455e+06
34593,5.336465e+06
34594,8.692598e+06
34595,8.329985e+06
34596,6.9732575e+06
34597,1.1161081e+07
34598,6.402738e+06
34599,5.015679e+06
34600,7.669486e+06
34601,5.960341e+06
34602,7.296511e+06
34603,6.298179e+06
34604,3.795331e+06
34605,3.992945e+06
34606,4.290915e+06
34607,5.629887e+06
34608,9.437229e+06
34609,1.9568368e+07
34610,6.6151935e+06
34611,5.6901745e+06
34612,6.692597e+06
34613,1.0266979e+07
34614,5.4553985e+06
34615,6.4275405e+06
34616,8.0814405e+06
34617,1.0388578e+07
34618,9.765906e+06
34619,4.8875205e+06
34620,4.9410555e+06
34621,4.9449165e+06
34622,5.215541e+06
34623,5.1569515e+06
34624,5.629076e+06
34625,1.4856052e+07
34626,8.584324e+06
34627,5.068181e+06
34628,4.587186e+06
34629,2.8930575e+06
34630,5.510543e+06
34631,6.5470215e+06
34632,1.555577e+07
34633,5.2648855e+06
34634,5.2706425e+06
34635,4.7430105e+06
34636,6.334617e+06
34637,5.733414e+06
34638,6.1582695e+06
34639,5.819039e+06
34640,3.7690758e+06
34641,4.521623e+06
34642,8.2605665e+06
34643,4.852067e+06
34644,6.4817215e+06
34645,5.6445315e+06
34646,5.6220425e+06
34647,5.1603705e+06
34648,6.900652e+06
34649,1.0682487e+07
34650,6.7111385e+06
34651,1.0669292e+07
34652,4.6903465e+06
34653,7.148202e+06
34654,4.7626415e+06
34655,5.3687925e+06
34656,5.30757e+06
34657,7.745563e+06
34658,3.4035405e+06
34659,3.9885568e+06
34660,4.9458975e+06
34661,6.6296245e+06
34662,4.3243545e+06
34663,1.2547759e+07
34664,6.4792865e+06
34665,8.818748e+06
34666,3.657642e+06
34667,7.5202625e+06
34668,3.8903588e+06
34669,6.525933e+06
34670,9.056448e+06
34671,4.648071e+06
34672,6.521802e+06
34673,8.323172e+06
34674,6.3053305e+06
34675,7.460089e+06
34676,5.2330185e+06
34677,1.1172816e+07
34678,6.19908e+06
34679,9.24815e+06
34680,1.1154781e+07
34681,5.6990105e+06
34682,5.6723815e+06
34683,4.813693e+06
34684,3.0294472e+06
34685,9.844341e+06
34686,5.9645655e+06
34687,5.007392e+06
34688,1.2387743e+07
34689,6.494982e+06
34690,1.1945645e+07
34691,1.0875617e+07
34692,1.3745945e+07
34693,5.1084285e+06
34694,6.964053e+06
34695,6.1306055e+06
34696,5.9544265e+06
34697,7.41514e+06
34698,6.457622e+06
34699,6.6909055e+06
34700,8.178511e+06
34701,1.3272174e+07
34702,9.844529e+06
34703,3.8551688e+06
34704,5.1745385e+06
34705,5.733704e+06
34706,5.6417435e+06
34707,5.2439845e+06
34708,4.89106e+06
34709,1.6285028e+07
34710,4.8563815e+06
34711,8.947267e+06
34712,1.1071669e+07
34713,5.3256205e+06
34714,5.9537335e+06
34715,3.8331942e+06
34716,1.5269799e+07
34717,5.146501e+06
34718,5.3601925e+06
34719,6.089165e+06
34720,8.042322e+06
34721,7.34724e+06
34722,4.9511025e+06
34723,8.170201e+06
34724,7.440415e+06
34725,7.2105415e+06
34726,5.162369e+06
34727,5.6413775e+06
34728,6.589931e+06
34729,5.1783895e+06
34730,1.0154781e+07
34731,1.1136265e+07
34732,9.21742e+06
34733,3.615498e+06
34734,1.920958e+07
34735,4.582005e+06
34736,6.723002e+06
34737,1.0616736e+07
34738,6.5032565e+06
34739,6.4789035e+06
34740,8.1526495e+06
34741,5.152625e+06
34742,6.6379695e+06
34743,5.8291035e+06
34744,3.241616e+06
34745,7.2927125e+06
34746,9.33725e+06
34747,6.4227915e+06
34748,7.460658e+06
34749,6.7660585e+06
34750,4.942903e+06
34751,4.8051295e+06
34752,3.2830468e+07
34753,1.0389093e+07
34754,9.432226e+06
34755,4.0603605e+06
34756,4.70457e+06
34757,4.441387e+06
34758,4.5085805e+06
34759,6.243876e+06
34760,4.507901e+06
34761,1.058592e+07
34762,5.8292425e+06
34763,7.566296e+06
34764,6.7941595e+06
34765,8.3282775e+06
34766,2.0612608e+07
34767,9.933822e+06
34768,4.739538e+06
34769,9.785447e+06
34770,4.543335e+06
34771,1.4066205e+07
34772,7.9453595e+06
34773,5.0719045e+06
34774,9.882023e+06
34775,4.513059e+06
34776,8.661484e+06
34777,5.2084775e+06
34778,7.214992e+06
34779,6.9456275e+06
34780,7.895898e+06
34781,2.1508252e+07
34782,5.750428e+06
34783,1.3372162e+07
34784,4.392977e+06
34785,7.8334655e+06
34786,6.6625895e+06
34787,3.8147012e+06
34788,5.6167375e+06
34789,8.123189e+06
34790,5.3569475e+06
34791,5.2735285e+06
34792,8.736054e+06
34793,3.9501838e+06
34794,2.0820168e+07
34795,5.660941e+06
34796,5.684577e+06
34797,8.2757375e+06
34798,6.7305655e+06
34799,6.9189515e+06
34800,1.8202188e+07
34801,6.700254e+06
34802,1.2201925e+07
34803,7.0816045e+06
34804,7.4096615e+06
34805,6.9076775e+06
34806,7.588401e+06
34807,4.7111115e+06
34808,5.0078405e+06
34809,9.407145e+06
34810,7.114598e+06
34811,5.0721945e+06
34812,3.795331e+06
34813,4.1070358e+06
34814,4.561822e+06
34815,9.460026e+06
34816,8.054933e+06
34817,7.1492585e+06
34818,6.879546e+06
34819,6.27314e+06
34820,6.8405675e+06
34821,3.7877918e+06
34822,4.838219e+06
34823,6.394421e+06
34824,1.7111868e+07
34825,1.0461054e+07
34826,7.1318595e+06
34827,3.865676e+06
34828,3.2938952e+06
34829,7.3468335e+06
34830,5.788961e+06
34831,3.6987212e+06
34832,7.513345e+06
34833,5.72262e+06
34834,7.6720905e+06
34835,3.4117365e+06
34836,7.666634e+06
34837,6.3614965e+06
34838,8.574734e+06
34839,5.557021e+06
34840,1.1356385e+07
34841,7.5483715e+06
34842,6.1438855e+06
34843,7.696545e+06
34844,5.4960835e+06
34845,6.535325e+06
34846,1.2057813e+07
34847,5.3408435e+06
34848,7.173531e+06
34849,4.756405e+06
34850,3.776214e+06
34851,4.0678175e+06
34852,9.063308e+06
34853,3.8147012e+06
34854,3.704235e+06
34855,1.4779827e+07
34856,6.691512e+06
34857,8.1712375e+06
34858,1.4003939e+07
34859,1.3635878e+07
34860,8.43868e+06
34861,6.394293e+06
34862,6.8868195e+06
34863,1.1408489e+07
34864,7.309737e+06
34865,4.4089175e+06
34866,5.468885e+06
34867,6.351797e+06
34868,6.0774515e+06
34869,8.00195e+06
34870,8.781176e+06
34871,5.303998e+06
34872,5.656451e+06
34873,6.2034035e+06
34874,7.497019e+06
34875,7.12214e+06
34876,7.0634405e+06
34877,6.425426e+06
34878,7.0163035e+06
34879,5.591378e+06
34880,5.847884e+06
34881,6.5883225e+06
34882,8.0603815e+06
34883,4.5369355e+06
34884,6.210258e+06
34885,7.918113e+06
34886,7.439989e+06
34887,5.384529e+06
34888,6.594093e+06
34889,5.5799515e+06
34890,6.240245e+06
34891,6.267991e+06
34892,7.2786705e+06
34893,6.2931295e+06
34894,5.660871e+06
34895,4.608171e+06
34896,1.8288808e+07
34897,7.539623e+06
34898,7.5750755e+06
34899,7.2842815e+06
34900,4.318177e+06
34901,5.8939015e+06
34902,8.268133e+06
34903,7.323469e+06
34904,7.3583615e+06
34905,4.925826e+06
34906,1.0064769e+07
34907,7.107857e+06
34908,1.0985592e+07
34909,3.8104472e+06
34910,8.233786e+06
34911,7.617324e+06
34912,6.9475815e+06
34913,5.151387e+06
34914,1.083855e+07
34915,6.443682e+06
34916,3.7090815e+06
34917,7.4977125e+06
34918,1.2350844e+07
34919,4.4661455e+06
34920,4.80965e+06
34921,6.0638755e+06
34922,7.2814475e+06
34923,5.513192e+06
34924,6.3551535e+06
34925,1.0796253e+07
34926,3.6978218e+06
34927,1.0241124e+07
34928,4.8858805e+06
34929,7.870142e+06
34930,4.963958e+06
34931,8.549829e+06
34932,6.520552e+06
34933,4.832395e+06
34934,7.1635295e+06
34935,5.706309e+06
34936,6.275713e+06
34937,8.537558e+06
34938,8.113813e+06
34939,6.030036e+06
34940,6.2222925e+06
34941,1.493549e+07
34942,8.546845e+06
34943,4.7928365e+06
34944,5.8680685e+06
34945,7.067497e+06
34946,6.9518435e+06
34947,5.047936e+06
34948,3.7342955e+06
34949,4.4453365e+06
34950,7.617324e+06
34951,7.075826e+06
34952,6.542191e+06
34953,1.8926416e+07
34954,5.6350275e+06
34955,7.041508e+06
34956,7.423624e+06
34957,5.7570675e+06
34958,6.4426435e+06
34959,5.3666425e+06
34960,7.9683975e+06
34961,5.6334475e+06
34962,9.415043e+06
34963,6.570515e+06
34964,8.864594e+06
34965,6.0137145e+06
34966,5.202813e+06
34967,6.024851e+06
34968,5.6421685e+06
34969,6.244555e+06
34970,4.8737245e+06
34971,3.871856e+06
34972,4.128922e+06
34973,6.1792305e+06
34974,1.166986e+07
34975,1.2120231e+07
34976,6.8815805e+06
34977,5.144759e+06
34978,5.3957715e+06
34979,7.7714525e+06
34980,9.616848e+06
34981,4.342207e+06
34982,6.6541695e+06
34983,5.596985e+06
34984,5.818473e+06
34985,5.84114e+06
34986,5.0612985e+06
34987,4.1122838e+06
34988,1.5733344e+07
34989,4.9778335e+06
34990,2.706509e+06
34991,5.541557e+06
34992,6.471987e+06
34993,4.2355565e+06
34994,9.586941e+06
34995,6.974594e+06
34996,8.266067e+06
34997,9.72518e+06
34998,5.828603e+06
34999,3.7871128e+06
35000,8.314215e+06
35001,5.546363e+06
35002,5.636054e+06
35003,6.8250845e+06
35004,6.2900455e+06
35005,4.830805e+06
35006,5.55789e+06
35007,9.497342e+06
35008,4.6405415e+06
35009,5.841112e+06
35010,3.099272e+06
35011,6.618841e+06
35012,1.783056e+07
35013,9.780595e+06
35014,6.100482e+06
35015,9.418455e+06
35016,8.756256e+06
35017,3.915371e+06
35018,8.922216e+06
35019,1.0004232e+07
35020,7.2418075e+06
35021,4.402661e+06
35022,5.095855e+06
35023,3.8984105e+06
35024,1.0064136e+07
35025,7.28941e+06
35026,2.1323482e+06
35027,9.416551e+06
35028,5.0473825e+06
35029,4.376685e+06
35030,7.820589e+06
35031,5.369868e+06
35032,4.5614915e+06
35033,5.375253e+06
35034,1.0642647e+07
35035,1.3161481e+07
35036,7.21493e+06
35037,5.334231e+06
35038,6.1153005e+06
35039,9.330111e+06
35040,5.88629e+06
35041,5.7464205e+06
35042,9.972454e+06
35043,1.2728473e+07
35044,6.4821175e+06
35045,5.981729e+06
35046,6.0623665e+06
35047,5.7719105e+06
35048,5.8380155e+06
35049,5.2031505e+06
35050,6.1299975e+06
35051,9.040967e+06
35052,5.52786e+06
35053,9.365985e+06
35054,4.909037e+06
35055,5.978638e+06
35056,5.58289e+06
35057,6.5406685e+06
35058,5.097401e+06
35059,8.668814e+06
35060,1.1744799e+07
35061,5.1497515e+06
35062,8.847212e+06
35063,4.0399355e+06
35064,6.4161365e+06
35065,6.6107725e+06
35066,4.7789935e+06
35067,4.382917e+06
35068,6.5606535e+06
35069,3.6785082e+06
35070,8.792338e+06
35071,3.755524e+06
35072,2.9412042e+06
35073,8.5344e+06
35074,7.2045405e+06
35075,4.6704165e+06
35076,7.3829565e+06
35077,6.7323885e+06
35078,6.7135645e+06
35079,8.0969925e+06
35080,8.98465e+06
35081,5.5245185e+06
35082,1.1139898e+07
35083,5.0470405e+06
35084,1.7761148e+07
35085,5.1877365e+06
35086,8.529607e+06
35087,7.0060265e+06
35088,4.9989035e+06
35089,5.489656e+06
35090,3.3008355e+06
35091,2.0904588e+06
35092,4.378952e+06
35093,7.601823e+06
35094,5.7172415e+06
35095,7.3060225e+06
35096,7.4932945e+06
35097,4.5244055e+06
35098,1.0879663e+07
35099,3.9197758e+06
35100,5.42645e+06
35101,5.31817e+06
35102,4.179075e+06
35103,2.8170064e+07
35104,5.0927995e+06
35105,7.164322e+06
35106,1.2992449e+07
35107,3.779853e+06
35108,1.9994664e+07
35109,5.0387015e+06
35110,6.074149e+06
35111,6.7131485e+06
35112,1.0578573e+07
35113,5.237392e+06
35114,7.055187e+06
35115,6.5477025e+06
35116,5.5949355e+06
35117,3.7930188e+06
35118,6.7689625e+06
35119,7.648837e+06
35120,5.345557e+06
35121,5.545337e+06
35122,3.755524e+06
35123,7.3478985e+06
35124,7.2062585e+06
35125,4.698463e+06
35126,6.030381e+06
35127,5.1885625e+06
35128,4.289311e+06
35129,9.128784e+06
35130,1.1810529e+07
35131,1.6519472e+07
35132,6.3327985e+06
35133,6.4394125e+06
35134,4.2464236e+07
35135,5.7717455e+06
35136,6.085409e+06
35137,5.328516e+06
35138,6.1452625e+06
35139,1.1381821e+07
35140,5.970365e+06
35141,4.4810735e+06
35142,7.2819545e+06
35143,7.0420385e+06
35144,4.883481e+06
35145,5.737199e+06
35146,6.65469e+06
35147,4.1811518e+06
35148,3.8175218e+06
35149,9.20888e+06
35150,9.66875e+06
35151,6.2041785e+06
35152,9.511718e+06
35153,4.907146e+06
35154,6.755104e+06
35155,6.544668e+06
35156,4.5769825e+06
35157,3.412986e+06
35158,1.0090372e+07
35159,9.319315e+06
35160,7.217655e+06
35161,7.6495955e+06
35162,5.0591315e+06
35163,3.4748722e+06
35164,1.2444485e+07
35165,7.523132e+06
35166,5.4118965e+06
35167,6.5864125e+06
35168,4.8270655e+06
35169,7.6867085e+06
35170,7.5891685e+06
35171,2.1347798e+06
35172,7.1033575e+06
35173,9.74555e+06
35174,8.104664e+06
35175,7.6332205e+06
35176,8.875235e+06
35177,9.912283e+06
35178,1.0556704e+07
35179,4.877835e+06
35180,5.614938e+06
35181,4.3910085e+06
35182,1.3642798e+07
35183,1.1246859e+07
35184,1.6204654e+07
35185,7.8268045e+06
35186,1.2754526e+07
35187,6.244454e+06
35188,8.984908e+06
35189,7.758937e+06
35190,6.117418e+06
35191,1.1001088e+07
35192,6.4793485e+06
35193,6.876122e+06
35194,3.9859825e+06
35195,1.2265533e+07
35196,6.253679e+06
35197,1.0470955e+07
35198,5.622799e+06
35199,5.090818e+06
35200,7.0423475e+06
35201,7.0993685e+06
35202,6.760144e+06
35203,4.603761e+06
35204,6.9215185e+06
35205,5.3130855e+06
35206,6.183221e+06
35207,5.893772e+06
35208,8.713888e+06
35209,5.4992715e+06
35210,3.550989e+06
35211,8.3414405e+06
35212,5.7803715e+06
35213,7.195477e+06
35214,5.327109e+06
35215,6.275444e+06
35216,7.6733785e+06
35217,6.7943995e+06
35218,4.2907145e+06
35219,8.036579e+06
35220,7.154367e+06
35221,7.6526675e+06
35222,6.558908e+06
35223,7.586129e+06
35224,4.5117765e+06
35225,9.274081e+06
35226,7.02933e+06
35227,7.1796635e+06
35228,6.781116e+06
35229,5.67859e+06
35230,6.5492075e+06
35231,6.4021275e+06
35232,6.7440135e+06
35233,7.503299e+06
35234,5.450874e+06
35235,7.444922e+06
35236,4.982512e+06
35237,7.565466e+06
35238,5.9796185e+06
35239,8.524484e+06
35240,3.9155612e+06
35241,4.379119e+06
35242,1.3368489e+07
35243,5.4392475e+06
35244,6.908514e+06
35245,5.892474e+06
35246,1.0670452e+07
35247,4.3223055e+06
35248,9.851423e+06
35249,5.252839e+06
35250,6.249303e+06
35251,3.3734938e+06
35252,5.1669005e+06
35253,5.4246495e+06
35254,4.683021e+06
35255,4.9784935e+06
35256,3.8620352e+06
35257,4.5294135e+06
35258,4.321275e+06
35259,1.0762144e+07
35260,9.553791e+06
35261,4.3787015e+06
35262,8.780263e+06
35263,6.061366e+06
35264,8.713788e+06
35265,8.575642e+06
35266,7.9902445e+06
35267,4.704063e+06
35268,4.992586e+06
35269,4.3466985e+06
35270,3.5425565e+06
35271,3.8615638e+06
35272,7.2024315e+06
35273,4.5296035e+06
35274,4.1302928e+06
35275,5.20811e+06
35276,5.4397245e+06
35277,4.1032265e+06
35278,7.3654595e+06
35279,6.280952e+06
35280,7.9725855e+06
35281,7.7812045e+06
35282,1.0881635e+07
35283,8.610914e+06
35284,3.9791612e+06
35285,3.369992e+06
35286,4.885242e+06
35287,7.0356545e+06
35288,6.392787e+06
35289,1.3352359e+07
35290,6.111441e+06
35291,1.8897088e+07
35292,6.7666715e+06
35293,6.3468195e+06
35294,5.4802875e+06
35295,5.603538e+06
35296,4.8878935e+06
35297,7.214861e+06
35298,7.083935e+06
35299,8.620519e+06
35300,8.263663e+06
35301,1.1640826e+07
35302,6.19632e+06
35303,5.932536e+06
35304,4.2530875e+06
35305,1.026185e+07
35306,4.1750395e+06
35307,6.1682025e+06
35308,3.7652785e+06
35309,7.078296e+06
35310,3.4270108e+06
35311,4.507063e+06
35312,6.3921465e+06
35313,3.688418e+06
35314,6.2631335e+06
35315,7.383069e+06
35316,4.0259202e+06
35317,5.7808955e+06
35318,3.5667678e+06
35319,7.294883e+06
35320,4.624879e+06
35321,3.8776205e+06
35322,6.8252085e+06
35323,5.156794e+06
35324,3.9914108e+06
35325,2.898354e+06
35326,3.0316728e+06
35327,6.5692305e+06
35328,1.5265489e+07
35329,1.0274247e+07
35330,3.9435702e+06
35331,9.317449e+06
35332,8.395094e+06
35333,6.931751e+06
35334,1.5605428e+07
35335,2.8313812e+06
35336,1.0370463e+07
35337,6.7482855e+06
35338,9.538897e+06
35339,9.44699e+06
35340,6.2229865e+06
35341,5.36279e+06
35342,9.956964e+06
35343,1.0975518e+07
35344,9.310023e+06
35345,4.9870185e+06
35346,3.56226e+06
35347,4.4220305e+06
35348,5.7733695e+06
35349,7.2155765e+06
35350,5.2392255e+06
35351,7.8222375e+06
35352,4.010963e+06
35353,6.128203e+06
35354,6.7900595e+06
35355,1.1185951e+07
35356,2.24263e+07
35357,5.5598835e+06
35358,4.804488e+06
35359,1.0628224e+07
35360,4.5547535e+06
35361,6.401627e+06
35362,6.2154895e+06
35363,5.758693e+06
35364,5.6005785e+06
35365,8.937767e+06
35366,7.3543205e+06
35367,7.440216e+06
35368,1.3783883e+07
35369,5.405526e+06
35370,4.697576e+06
35371,7.1130715e+06
35372,1.1390312e+07
35373,6.170256e+06
35374,5.6187515e+06
35375,4.828769e+06
35376,4.4212925e+06
35377,3.5026135e+06
35378,9.99359e+06
35379,5.065881e+06
35380,6.8596495e+06
35381,5.491955e+06
35382,9.667496e+06
35383,6.521093e+06
35384,5.288653e+06
35385,7.6125675e+06
35386,5.3277795e+06
35387,7.48015e+06
35388,3.6557762e+06
35389,6.6940395e+06
35390,7.257931e+06
35391,5.8720655e+06
35392,8.923918e+06
35393,7.4822835e+06
35394,1.3006681e+07
35395,6.5718e+06
35396,6.594049e+06
35397,6.655274e+06
35398,4.1937152e+06
35399,3.7190628e+06
35400,6.464529e+06
35401,5.5228275e+06
35402,1.0793329e+07
35403,6.328627e+06
35404,7.431444e+06
35405,6.111709e+06
35406,5.061636e+06
35407,9.335647e+06
35408,9.372561e+06
35409,6.581986e+06
35410,5.155491e+06
35411,9.805101e+06
35412,4.820184e+06
35413,1.4024922e+07
35414,5.716467e+06
35415,6.686281e+06
35416,8.432405e+06
35417,8.1669215e+06
35418,4.2110845e+06
35419,6.7158375e+06
35420,7.651573e+06
35421,9.064242e+06
35422,7.9688685e+06
35423,3.9625782e+06
35424,6.7207775e+06
35425,4.7960235e+06
35426,5.859781e+06
35427,5.3132575e+06
35428,5.559735e+06
35429,5.299134e+06
35430,7.1703435e+06
35431,6.930647e+06
35432,9.951287e+06
35433,7.8108545e+06
35434,5.0892455e+06
35435,7.2138085e+06
35436,1.0944078e+07
35437,1.0970119e+07
35438,9.574277e+06
35439,5.6056335e+06
35440,5.1257085e+06
35441,4.6715525e+06
35442,1.0665752e+07
35443,1.7886968e+07
35444,5.891474e+06
35445,1.1397658e+07
35446,4.4170105e+06
35447,7.874481e+06
35448,6.994904e+06
35449,4.5069685e+06
35450,5.0775185e+06
35451,1.2099927e+07
35452,5.703208e+06
35453,5.1749335e+06
35454,4.5824595e+06
35455,1.5396725e+07
35456,7.7467375e+06
35457,7.442558e+06
35458,6.259115e+06
35459,7.294229e+06
35460,6.0800315e+06
35461,8.655241e+06
35462,7.974844e+06
35463,8.481652e+06
35464,2.209576e+07
35465,4.481599e+06
35466,5.175817e+06
35467,8.899985e+06
35468,4.1864705e+06
35469,4.107079e+06
35470,5.1598045e+06
35471,7.6514925e+06
35472,3.568115e+06
35473,5.5785685e+06
35474,8.405869e+06
35475,7.4225195e+06
35476,1.0345669e+07
35477,3.4752732e+06
35478,5.316618e+06
35479,9.755016e+06
35480,5.641964e+06
35481,4.372555e+06
35482,1.1882676e+07
35483,6.402146e+06
35484,8.560199e+06
35485,5.3948965e+06
35486,7.8526885e+06
35487,8.672766e+06
35488,6.843634e+06
35489,6.235801e+06
35490,9.770005e+06
35491,4.0236328e+06
35492,4.7312015e+06
35493,1.4889525e+07
35494,1.6502498e+07
35495,1.447658e+07
35496,9.836045e+06
35497,5.0399655e+06
35498,5.962672e+06
35499,9.961352e+06
35500,3.7987278e+06
35501,2.345442e+07
35502,4.9015145e+06
35503,3.758849e+06
35504,5.288537e+06
35505,1.0907277e+07
35506,5.0253075e+06
35507,6.78756e+06
35508,7.3947385e+06
35509,9.314979e+06
35510,7.337738e+06
35511,3.3356352e+06
35512,6.989196e+06
35513,1.6095885e+07
35514,8.398778e+06
35515,5.273227e+06
35516,4.533225e+06
35517,1.6239308e+07
35518,3.8913272e+06
35519,7.6118195e+06
35520,6.2098905e+06
35521,7.6713005e+06
35522,6.2874725e+06
35523,1.2321033e+07
35524,5.25572e+06
35525,8.65383e+06
35526,6.5803415e+06
35527,5.19772e+06
35528,3.948918e+06
35529,4.3760465e+06
35530,5.6017055e+06
35531,1.4785889e+07
35532,4.935588e+06
35533,6.6298525e+06
35534,7.8134995e+06
35535,7.6584715e+06
35536,7.8783345e+06
35537,4.6068705e+06
35538,5.9017535e+06
35539,7.459285e+06
35540,6.120359e+06
35541,3.438354e+06
35542,4.5734655e+06
35543,5.3520605e+06
35544,7.884265e+06
35545,6.1241305e+06
35546,9.69207e+06
35547,4.8397e+06
35548,1.0074218e+07
35549,5.70311e+06
35550,1.777796e+07
35551,5.3556705e+06
35552,4.1721978e+06
35553,6.8719985e+06
35554,6.9458325e+06
35555,7.9256075e+06
35556,6.370178e+06
35557,7.473255e+06
35558,8.59294e+06
35559,1.0773749e+07
35560,1.2197201e+07
35561,8.1280635e+06
35562,1.080507e+07
35563,6.095876e+06
35564,4.4326325e+06
35565,3.3582915e+06
35566,1.2296898e+07
35567,6.438227e+06
35568,6.2601595e+06
35569,9.294498e+06
35570,5.6520995e+06
35571,8.449076e+06
35572,5.752057e+06
35573,8.3697445e+06
35574,4.393903e+06
35575,1.2859171e+07
35576,4.46414e+06
35577,5.6697315e+06
35578,2.8313812e+06
35579,4.656705e+06
35580,4.886817e+06
35581,6.2249335e+06
35582,8.459582e+06
35583,9.183166e+06
35584,3.755524e+06
35585,6.9088765e+06
35586,7.157902e+06
35587,6.047157e+06
35588,4.9176025e+06
35589,5.654337e+06
35590,1.0050037e+07
35591,5.216297e+06
35592,8.434762e+06
35593,5.358128e+06
35594,5.73593e+06
35595,6.872595e+06
35596,7.574642e+06
35597,2.107986e+07
35598,5.4974205e+06
35599,7.5017105e+06
35600,3.9351735e+06
35601,6.8969345e+06
35602,5.9414595e+06
35603,5.0121455e+06
35604,8.232522e+06
35605,5.914301e+06
35606,5.5371565e+06
35607,6.336544e+06
35608,5.1015785e+06
35609,2.9257282e+06
35610,8.657478e+06
35611,4.779855e+06
35612,1.4344812e+07
35613,6.1450165e+06
35614,3.7204428e+06
35615,3.6655512e+06
35616,4.909374e+06
35617,2.124361e+06
35618,6.1564315e+06
35619,5.155491e+06
35620,5.4903265e+06
35621,1.0310093e+07
35622,6.3744985e+06
35623,1.1099875e+07
35624,5.374361e+06
35625,3.8543782e+06
35626,3.2699142e+06
35627,4.5502385e+06
35628,6.7830825e+06
35629,3.439551e+06
35630,5.8929235e+06
35631,6.109815e+06
35632,7.326515e+06
35633,6.530173e+06
35634,5.8716235e+06
35635,5.904844e+06
35636,5.2684465e+06
35637,5.787327e+06
35638,6.8226965e+06
35639,4.716308e+06
35640,2.1361708e+06
35641,1.0934314e+07
35642,1.385661e+07
35643,8.095742e+06
35644,7.51485e+06
35645,4.2243465e+06
35646,7.519897e+06
35647,6.284535e+06
35648,8.531657e+06
35649,1.359718e+07
35650,4.969277e+06
35651,5.8710575e+06
35652,5.2408595e+06
35653,5.002986e+06
35654,6.5055825e+06
35655,3.0788215e+06
35656,2.1064465e+06
35657,6.824707e+06
35658,1.0122274e+07
35659,3.779853e+06
35660,5.2393655e+06
35661,6.9225685e+06
35662,5.433021e+06
35663,7.8268045e+06
35664,8.703838e+06
35665,8.793395e+06
35666,5.1301245e+06
35667,6.334617e+06
35668,5.5274645e+06
35669,3.5428402e+06
35670,6.348478e+06
35671,4.212784e+06
35672,1.2193433e+07
35673,6.224981e+06
35674,5.5933885e+06
35675,9.955806e+06
35676,5.767162e+06
35677,5.071411e+06
35678,7.513395e+06
35679,5.1168195e+06
35680,2.483824e+07
35681,8.505766e+06
35682,6.3750825e+06
35683,9.09689e+06
35684,3.721071e+06
35685,5.8416135e+06
35686,6.579601e+06
35687,7.981692e+06
35688,5.2694565e+06
35689,8.310442e+06
35690,6.0987365e+06
35691,8.676563e+06
35692,6.386547e+06
35693,4.566832e+06
35694,6.465275e+06
35695,5.0245985e+06
35696,5.3004735e+06
35697,9.454471e+06
35698,5.5586215e+06
35699,7.407189e+06
35700,6.3299365e+06
35701,8.149167e+06
35702,6.1567365e+06
35703,4.6725955e+06
35704,6.5876505e+06
35705,7.799719e+06
35706,4.423473e+06
35707,6.414222e+06
35708,7.02194e+06
35709,3.7721575e+06
35710,1.2820159e+07
35711,6.824245e+06
35712,3.8834528e+06
35713,1.1531108e+07
35714,5.918059e+06
35715,8.585977e+06
35716,7.3867735e+06
35717,1.0017464e+07
35718,7.2113115e+06
35719,5.3775805e+06
35720,4.2243465e+06
35721,8.218488e+06
35722,5.283365e+06
35723,4.4122785e+06
35724,4.355375e+06
35725,5.261723e+06
35726,6.3652165e+06
35727,7.7702815e+06
35728,8.716398e+06
35729,5.433021e+06
35730,6.5307645e+06
35731,1.29646e+07
35732,1.0246477e+07
35733,5.804667e+06
35734,4.2768775e+06
35735,1.2395921e+07
35736,5.028486e+06
35737,5.2182225e+06
35738,5.2444095e+06
35739,5.783443e+06
35740,8.695931e+06
35741,6.737167e+06
35742,5.080182e+06
35743,1.0508429e+07
35744,4.92802e+06
35745,4.0640562e+06
35746,8.2783345e+06
35747,5.4168585e+06
35748,4.3916785e+06
35749,8.051139e+06
35750,3.784701e+06
35751,1.1704344e+07
35752,4.643277e+06
35753,8.461752e+06
35754,3.737338e+06
35755,3.7673112e+06
35756,7.6723175e+06
35757,3.5677542e+06
35758,4.6124975e+06
35759,6.922337e+06
35760,4.339111e+06
35761,7.168853e+06
35762,8.223804e+06
35763,1.6662124e+07
35764,8.600261e+06
35765,7.8358785e+06
35766,4.1688765e+06
35767,7.038614e+06
35768,4.216136e+06
35769,4.650474e+06
35770,3.3073392e+06
35771,5.4246495e+06
35772,6.4600795e+06
35773,7.311745e+06
35774,4.167847e+06
35775,6.538299e+06
35776,6.1398205e+06
35777,6.352245e+06
35778,1.2787702e+07
35779,6.2254915e+06
35780,9.762182e+06
35781,1.7740832e+07
35782,7.3689795e+06
35783,3.5581382e+06
35784,7.2767825e+06
35785,1.146748e+07
35786,5.848715e+06
35787,4.0357112e+06
35788,8.3031775e+06
35789,5.6053235e+06
35790,3.6880698e+06
35791,5.775181e+06
35792,6.073083e+06
35793,4.7756675e+06
35794,1.1857432e+07
35795,4.3351155e+06
35796,4.5996795e+06
35797,8.258936e+06
35798,3.4087412e+06
35799,9.201137e+06
35800,5.7838125e+06
35801,3.3337908e+06
35802,1.889518e+07
35803,4.3999415e+06
35804,5.616223e+06
35805,4.4098175e+06
35806,6.1732225e+06
35807,5.820199e+06
35808,5.8549825e+06
35809,6.1580755e+06
35810,5.8594905e+06
35811,3.9680768e+06
35812,8.0517765e+06
35813,6.0814695e+06
35814,1.0420012e+07
35815,6.7757765e+06
35816,1.9571948e+07
35817,5.324163e+06
35818,6.3776485e+06
35819,7.8514675e+06
35820,6.6634665e+06
35821,3.6473452e+06
35822,5.135426e+06
35823,5.796596e+06
35824,1.0083427e+07
35825,5.370467e+06
35826,8.637933e+06
35827,7.699746e+06
35828,1.0433953e+07
35829,4.456908e+06
35830,3.6193688e+06
35831,6.378202e+06
35832,8.14376e+06
35833,5.632137e+06
35834,5.45037e+06
35835,4.8401385e+06
35836,1.0359985e+07
35837,6.904562e+06
35838,6.4768465e+06
35839,8.3328535e+06
35840,4.4971705e+06
35841,7.441827e+06
35842,1.722182e+07
35843,4.1690832e+06
35844,6.361205e+06
35845,9.677625e+06
35846,1.0863468e+07
35847,8.13315e+06
35848,5.20813e+06
35849,4.3973405e+06
35850,6.7820795e+06
35851,7.0186925e+06
35852,4.6445085e+06
35853,6.03507e+06
35854,7.5069205e+06
35855,5.285396e+06
35856,5.5638615e+06
35857,9.157786e+06
35858,6.5203715e+06
35859,6.30915e+06
35860,8.666425e+06
35861,5.131837e+06
35862,1.033153e+07
35863,9.003023e+06
35864,6.0442625e+06
35865,7.2225645e+06
35866,6.7350535e+06
35867,5.6166355e+06
35868,6.4654355e+06
35869,8.929928e+06
35870,9.601232e+06
35871,7.39373e+06
35872,7.7214755e+06
35873,1.0352104e+07
35874,6.480084e+06
35875,5.8989795e+06
35876,3.5425565e+06
35877,4.618651e+06
35878,6.0665765e+06
35879,4.775012e+06
35880,8.302433e+06
35881,5.739016e+06
35882,1.107995e+07
35883,4.6224495e+06
35884,4.3787015e+06
35885,7.50385e+06
35886,5.1230695e+06
35887,4.532261e+06
35888,7.814677e+06
35889,1.7202288e+07
35890,6.365872e+06
35891,5.3072765e+06
35892,6.294084e+06
35893,5.0007965e+06
35894,9.072337e+06
35895,4.6065235e+06
35896,2.1323482e+06
35897,5.65916e+06
35898,4.7750665e+06
35899,8.004652e+06
35900,4.6764605e+06
35901,1.0432819e+07
35902,3.5615875e+06
35903,4.0240662e+06
35904,5.6630305e+06
35905,3.942615e+06
35906,1.6662379e+07
35907,6.255749e+06
35908,1.0538979e+07
35909,7.328178e+06
35910,6.183221e+06
35911,7.3243635e+06
35912,5.337834e+06
35913,8.3811505e+06
35914,6.0157565e+06
35915,6.7669745e+06
35916,5.4594685e+06
35917,5.8882945e+06
35918,9.835426e+06
35919,4.6006445e+06
35920,4.991986e+06
35921,5.8505395e+06
35922,7.3716155e+06
35923,5.1293515e+06
35924,7.429708e+06
35925,3.3469244e+07
35926,6.976457e+06
35927,4.7513995e+06
35928,3.550989e+06
35929,4.4613055e+06
35930,5.6945445e+06
35931,4.5326455e+06
35932,4.880348e+06
35933,5.3655575e+06
35934,4.1255292e+06
35935,7.8410365e+06
35936,1.184561e+07
35937,7.845749e+06
35938,5.292422e+06
35939,4.7513995e+06
35940,7.1301595e+06
35941,5.876032e+06
35942,5.1872465e+06
35943,3.5945365e+06
35944,5.4271175e+06
35945,5.8172525e+06
35946,6.024173e+06
35947,1.3226105e+07
35948,4.2256075e+06
35949,8.111546e+06
35950,5.013996e+06
35951,9.594898e+06
35952,6.333602e+06
35953,6.725599e+06
35954,7.390156e+06
35955,1.2731848e+07
35956,4.628259e+06
35957,6.8743125e+06
35958,1.0839914e+07
35959,5.775363e+06
35960,7.705792e+06
35961,4.339649e+06
35962,1.6782656e+07
35963,1.0261439e+07
35964,3.8972582e+06
35965,5.750971e+06
35966,4.930051e+06
35967,1.0929768e+07
35968,5.772494e+06
35969,6.041462e+06
35970,9.519758e+06
35971,5.3949325e+06
35972,5.9514575e+06
35973,9.249737e+06
35974,6.777418e+06
35975,4.208796e+06
35976,7.141136e+06
35977,5.085049e+06
35978,4.972937e+06
35979,6.849269e+06
35980,6.3676815e+06
35981,3.8583135e+06
35982,7.8688585e+06
35983,1.440211e+07
35984,8.873652e+06
35985,6.658175e+06
35986,4.2989555e+06
35987,3.8762782e+06
35988,1.9806436e+07
35989,1.0358958e+07
35990,6.3902815e+06
35991,1.3795113e+07
35992,5.375063e+06
35993,5.648473e+06
35994,5.157699e+06
35995,8.631378e+06
35996,5.046593e+06
35997,6.970744e+06
35998,5.452205e+06
35999,1.1720228e+07
36000,5.4562885e+06
36001,9.605335e+06
36002,1.0728799e+07
36003,9.643868e+06
36004,7.644731e+06
36005,5.6876085e+06
36006,6.3841355e+06
36007,4.0326602e+06
36008,3.3047255e+06
36009,8.2871735e+06
36010,1.0062696e+07
36011,1.6367829e+07
36012,6.614197e+06
36013,5.795507e+06
36014,7.209661e+06
36015,6.7030405e+06
36016,5.8450405e+06
36017,1.2207907e+07
36018,4.910835e+06
36019,7.7339595e+06
36020,8.3864595e+06
36021,1.3024332e+07
36022,7.2986335e+06
36023,5.9266325e+06
36024,6.909456e+06
36025,8.3742e+06
36026,6.7128985e+06
36027,5.8082775e+06
36028,6.427663e+06
36029,5.303497e+06
36030,6.4946415e+06
36031,6.896711e+06
36032,6.529295e+06
36033,7.267101e+06
36034,6.1299915e+06
36035,6.3111905e+06
36036,6.2337615e+06
36037,6.5322595e+06
36038,6.405578e+06
36039,7.0047975e+06
36040,6.4372635e+06
36041,5.9288595e+06
36042,6.2664195e+06
36043,6.415023e+06
36044,7.1090565e+06
36045,3.8739982e+06
36046,3.7867155e+06
36047,7.9409885e+06
36048,7.412616e+06
36049,6.17665e+06
36050,1.0212352e+07
36051,6.1675085e+06
36052,6.4532325e+06
36053,8.2490965e+06
36054,5.9266325e+06
36055,3.4570165e+06
36056,9.41086e+06
36057,5.2948955e+06
36058,5.265282e+06
36059,5.8701565e+06
36060,9.858641e+06
36061,5.970097e+06
36062,1.3392581e+07
36063,4.5470805e+06
36064,3.7518975e+06
36065,9.774851e+06
36066,6.368149e+06
36067,9.953413e+06
36068,3.666086e+06
36069,3.4359808e+06
36070,1.1627889e+07
36071,7.958251e+06
36072,6.014747e+06
36073,1.171911e+07
36074,6.9549865e+06
36075,5.660574e+06
36076,5.329985e+06
36077,7.4749445e+06
36078,3.0425808e+06
36079,6.8049045e+06
36080,7.24216e+06
36081,4.38671e+06
36082,4.503677e+06
36083,5.818839e+06
36084,5.1180545e+06
36085,5.2973855e+06
36086,6.636488e+06
36087,5.11967e+06
36088,9.190736e+06
36089,8.800568e+06
36090,6.2418995e+06
36091,6.83479e+06
36092,9.527678e+06
36093,6.547615e+06
36094,4.5119745e+06
36095,5.319225e+06
36096,8.655282e+06
36097,6.7212905e+06
36098,5.2144915e+06
36099,4.820901e+06
36100,8.484774e+06
36101,8.4683e+06
36102,1.2604584e+07
36103,7.067133e+06
36104,3.5535365e+06
36105,8.769661e+06
36106,6.691901e+06
36107,1.560769e+07
36108,6.479435e+06
36109,6.051501e+06
36110,5.193979e+06
36111,5.076143e+06
36112,2.0770609e+06
36113,8.803035e+06
36114,6.3933845e+06
36115,6.595049e+06
36116,5.3569065e+06
36117,5.356692e+06
36118,5.86096e+06
36119,5.487311e+06
36120,7.5452405e+06
36121,5.115668e+06
36122,3.246396e+06
36123,7.8474775e+06
36124,1.179738e+07
36125,3.1432368e+06
36126,6.8239915e+06
36127,5.576159e+06
36128,5.4145295e+06
36129,6.670359e+06
36130,7.301321e+06
36131,5.964867e+06
36132,1.2966628e+07
36133,7.096918e+06
36134,6.5909305e+06
36135,9.650363e+06
36136,7.1315605e+06
36137,5.278112e+06
36138,9.615289e+06
36139,7.1121965e+06
36140,3.7330882e+06
36141,5.1672105e+06
36142,5.4604685e+06
36143,6.9366445e+06
36144,4.2470685e+06
36145,1.1837976e+07
36146,3.5920898e+06
36147,6.412393e+06
36148,6.5377565e+06
36149,6.9114465e+06
36150,4.8045475e+06
36151,3.0164942e+06
36152,6.2934115e+06
36153,6.798029e+06
36154,2.3172196e+07
36155,6.2763415e+06
36156,6.3688415e+06
36157,5.0228065e+06
36158,5.172654e+06
36159,5.1008485e+06
36160,9.09101e+06
36161,4.913435e+06
36162,4.5524865e+06
36163,9.088374e+06
36164,2.8931678e+06
36165,9.082188e+06
36166,7.4060305e+06
36167,5.5626465e+06
36168,5.2993765e+06
36169,4.796225e+06
36170,9.395041e+06
36171,7.115568e+06
36172,8.965255e+06
36173,1.4197905e+07
36174,7.0014245e+06
36175,7.1367855e+06
36176,3.5458992e+06
36177,6.120207e+06
36178,7.232435e+06
36179,7.6524485e+06
36180,5.183844e+06
36181,7.229766e+06
36182,5.5452575e+06
36183,3.6641918e+06
36184,1.6018705e+07
36185,5.6728955e+06
36186,6.2127875e+06
36187,8.0768175e+06
36188,7.037473e+06
36189,7.057064e+06
36190,5.5334085e+06
36191,5.327109e+06
36192,1.0154471e+07
36193,2.217898e+07
36194,6.94039e+06
36195,4.9346135e+06
36196,6.967906e+06
36197,9.513133e+06
36198,7.7827405e+06
36199,1.0589555e+07
36200,7.3679255e+06
36201,5.896842e+06
36202,6.4676805e+06
36203,3.7487002e+06
36204,6.909351e+06
36205,5.802143e+06
36206,7.011728e+06
36207,5.937647e+06
36208,1.0215937e+07
36209,7.716256e+06
36210,6.6664225e+06
36211,8.0919055e+06
36212,9.360145e+06
36213,4.92615e+06
36214,6.7967905e+06
36215,1.1042965e+07
36216,3.88419e+06
36217,6.2931055e+06
36218,7.909049e+06
36219,3.4483205e+06
36220,4.677357e+06
36221,6.866974e+06
36222,5.9616655e+06
36223,5.794617e+06
36224,6.8800185e+06
36225,2.4627305e+06
36226,4.1049292e+06
36227,5.805708e+06
36228,4.234236e+06
36229,7.653514e+06
36230,4.3262355e+06
36231,3.606252e+06
36232,7.746213e+06
36233,1.2571355e+07
36234,8.511073e+06
36235,6.047745e+06
36236,2.400884e+07
36237,5.850863e+06
36238,5.521674e+06
36239,4.9673865e+06
36240,6.213113e+06
36241,6.3130745e+06
36242,1.3131041e+07
36243,6.040874e+06
36244,6.645114e+06
36245,3.7380795e+06
36246,9.286949e+06
36247,1.0910897e+07
36248,4.348494e+06
36249,6.7641165e+06
36250,7.9503545e+06
36251,3.9845078e+06
36252,6.1828675e+06
36253,8.550408e+06
36254,5.5894e+06
36255,4.608347e+06
36256,5.2160035e+06
36257,5.5188105e+06
36258,7.0319585e+06
36259,5.6031375e+06
36260,6.3854385e+06
36261,4.1767998e+06
36262,6.5859105e+06
36263,6.1099315e+06
36264,5.5807285e+06
36265,5.226535e+06
36266,7.4605725e+06
36267,5.6175355e+06
36268,1.6455696e+07
36269,9.259499e+06
36270,6.207854e+06
36271,1.0275109e+07
36272,2.972516e+06
36273,6.7083355e+06
36274,5.419163e+06
36275,8.63729e+06
36276,6.312659e+06
36277,5.2106885e+06
36278,4.7809265e+06
36279,6.087928e+06
36280,6.9994885e+06
36281,6.146816e+06
36282,3.0754145e+06
36283,6.013462e+06
36284,1.5237679e+07
36285,5.4993605e+06
36286,5.0803375e+06
36287,7.8733475e+06
36288,5.0549115e+06
36289,8.439211e+06
36290,1.506728e+07
36291,5.992612e+06
36292,6.7693305e+06
36293,5.9955845e+06
36294,1.6347487e+07
36295,4.6556615e+06
36296,6.7139485e+06
36297,5.9551305e+06
36298,9.246421e+06
36299,6.645019e+06
36300,4.1526752e+06
36301,7.06749e+06
36302,7.7535005e+06
36303,1.0125731e+07
36304,9.369755e+06
36305,6.649e+06
36306,9.674026e+06
36307,4.727111e+06
36308,6.753571e+06
36309,1.0060374e+07
36310,3.541131e+06
36311,5.597679e+06
36312,4.585769e+06
36313,6.8969015e+06
36314,6.545898e+06
36315,5.356079e+06
36316,4.122088e+06
36317,5.5080735e+06
36318,3.7383752e+06
36319,6.623419e+06
36320,4.5078455e+06
36321,6.476204e+06
36322,4.517072e+06
36323,5.1821835e+06
36324,1.4579189e+07
36325,7.6405475e+06
36326,5.1832215e+06
36327,4.1973805e+06
36328,9.816703e+06
36329,4.69159e+06
36330,6.747082e+06
36331,5.884713e+06
36332,7.406179e+06
36333,6.3172905e+06
36334,7.4658325e+06
36335,6.330329e+06
36336,8.3033515e+06
36337,1.5624489e+07
36338,6.465312e+06
36339,6.111231e+06
36340,6.152217e+06
36341,2.7600165e+06
36342,1.299753e+07
36343,5.5309445e+06
36344,6.6992955e+06
36345,9.652259e+06
36346,3.371741e+06
36347,5.9267795e+06
36348,6.091436e+06
36349,7.5630855e+06
36350,3.5181196e+07
36351,4.253562e+06
36352,4.558556e+06
36353,6.525504e+06
36354,4.5369185e+06
36355,6.648854e+06
36356,6.970485e+06
36357,8.847314e+06
36358,9.014742e+06
36359,6.9540845e+06
36360,6.1976675e+06
36361,6.6043135e+06
36362,6.0158025e+06
36363,6.421652e+06
36364,5.3532805e+06
36365,3.7083988e+06
36366,5.0246465e+06
36367,9.866748e+06
36368,9.381683e+06
36369,8.102106e+06
36370,4.6054735e+06
36371,7.96229e+06
36372,1.1678432e+07
36373,1.1300638e+07
36374,4.292896e+06
36375,5.9383495e+06
36376,5.4328035e+06
36377,6.7274145e+06
36378,1.4518473e+07
36379,7.4601455e+06
36380,9.335558e+06
36381,5.352275e+06
36382,9.88964e+06
36383,7.3116895e+06
36384,5.5723315e+06
36385,9.731507e+06
36386,5.762132e+06
36387,6.6556485e+06
36388,5.88944e+06
36389,9.413157e+06
36390,6.634223e+06
36391,4.8443085e+06
36392,4.092417e+06
36393,2.792484e+07
36394,4.4480165e+06
36395,8.684444e+06
36396,9.681982e+06
36397,3.9588162e+06
36398,5.968583e+06
36399,1.1067763e+07
36400,5.2382615e+06
36401,4.3980365e+06
36402,1.0794379e+07
36403,4.724569e+06
36404,8.3418065e+06
36405,6.1586215e+06
36406,1.3267997e+07
36407,6.4273195e+06
36408,8.0536655e+06
36409,6.375605e+06
36410,8.1209815e+06
36411,4.364431e+06
36412,6.5500445e+06
36413,6.356675e+06
36414,5.0760805e+06
36415,5.4195455e+06
36416,6.4545865e+06
36417,6.584265e+06
36418,4.0573025e+06
36419,4.391733e+06
36420,5.1423015e+06
36421,5.8905355e+06
36422,8.572764e+06
36423,8.586084e+06
36424,6.547565e+06
36425,4.013473e+06
36426,4.7855975e+06
36427,4.4017835e+06
36428,1.469177e+07
36429,5.919594e+06
36430,8.3068285e+06
36431,4.1119895e+06
36432,6.8989015e+06
36433,8.905928e+06
36434,4.573553e+06
36435,7.5005585e+06
36436,2.8768495e+06
36437,7.079349e+06
36438,2.8626944e+07
36439,4.0033048e+06
36440,5.815028e+06
36441,6.4556085e+06
36442,9.456094e+06
36443,8.0418695e+06
36444,5.744963e+06
36445,1.0242139e+07
36446,6.8393345e+06
36447,5.588787e+06
36448,1.1975028e+07
36449,1.0201645e+07
36450,4.9939335e+06
36451,1.3317768e+07
36452,4.498955e+06
36453,8.81167e+06
36454,3.3805728e+06
36455,4.8871525e+06
36456,4.907029e+06
36457,6.3620485e+06
36458,2.3868304e+07
36459,8.265807e+06
36460,1.5367005e+07
36461,4.874766e+06
36462,5.5804785e+06
36463,5.095544e+06
36464,1.0324064e+07
36465,7.89251e+06
36466,5.1922405e+06
36467,4.5152025e+06
36468,6.1108e+06
36469,7.9414125e+06
36470,8.590269e+06
36471,1.1034543e+07
36472,7.581269e+06
36473,5.254016e+06
36474,4.97547e+06
36475,5.4333785e+06
36476,3.6346505e+06
36477,5.546305e+06
36478,7.9026555e+06
36479,5.219367e+06
36480,6.871278e+06
36481,8.2207925e+06
36482,4.9229515e+06
36483,6.2282825e+06
36484,7.6331915e+06
36485,9.357949e+06
36486,7.3940685e+06
36487,9.238594e+06
36488,5.9616655e+06
36489,6.8658935e+06
36490,7.02482e+06
36491,1.1769264e+07
36492,5.506461e+06
36493,5.2983455e+06
36494,7.7918975e+06
36495,4.8676395e+06
36496,4.524401e+06
36497,5.4065985e+06
36498,7.043234e+06
36499,8.739846e+06
36500,4.5547925e+06
36501,6.1945295e+06
36502,7.7415235e+06
36503,5.692704e+06
36504,6.01827e+06
36505,7.191169e+06
36506,1.1181536e+07
36507,1.096332e+07
36508,7.3060225e+06
36509,6.7921575e+06
36510,1.4551519e+07
36511,3.6190098e+06
36512,5.2917455e+06
36513,1.7806056e+07
36514,7.546745e+06
36515,8.529884e+06
36516,4.1172162e+06
36517,6.0557445e+06
36518,8.415679e+06
36519,5.5750635e+06
36520,9.610393e+06
36521,5.4364625e+06
36522,5.509271e+06
36523,5.9424285e+06
36524,6.5774745e+06
36525,5.05577e+06
36526,3.9389695e+06
36527,5.578201e+06
36528,4.992091e+06
36529,5.6361345e+06
36530,2.1362908e+07
36531,5.9589595e+06
36532,5.1414485e+06
36533,7.5049735e+06
36534,1.0747601e+07
36535,2.9064776e+07
36536,4.849902e+06
36537,3.6360095e+06
36538,1.1495643e+07
36539,6.6082195e+06
36540,4.190273e+06
36541,5.8500595e+06
36542,5.1276595e+06
36543,5.8875255e+06
36544,5.13739e+06
36545,6.481765e+06
36546,4.335665e+06
36547,1.0410099e+07
36548,7.93351e+06
36549,5.656489e+06
36550,4.6902345e+06
36551,5.6047995e+06
36552,5.2651065e+06
36553,5.755415e+06
36554,7.547803e+06
36555,3.7083988e+06
36556,5.2913115e+06
36557,5.559019e+06
36558,3.7534438e+06
36559,4.8990005e+06
36560,8.3868115e+06
36561,4.833842e+06
36562,7.432507e+06
36563,8.610044e+06
36564,6.6672995e+06
36565,7.573804e+06
36566,2.0266639e+06
36567,6.2387335e+06
36568,1.0921287e+07
36569,4.983039e+06
36570,5.7316485e+06
36571,1.4303858e+07
36572,5.385695e+06
36573,5.423051e+06
36574,3.6636815e+06
36575,8.461317e+06
36576,5.502928e+06
36577,6.2674475e+06
36578,8.749995e+06
36579,4.5351925e+06
36580,7.904012e+06
36581,5.314778e+06
36582,4.5583605e+06
36583,5.856775e+06
36584,5.7627365e+06
36585,7.4679475e+06
36586,7.4671355e+06
36587,1.1755041e+07
36588,9.922308e+06
36589,7.121678e+06
36590,6.4656145e+06
36591,4.515823e+06
36592,6.4671065e+06
36593,6.2603565e+06
36594,7.4017375e+06
36595,6.671326e+06
36596,5.769852e+06
36597,3.38766e+06
36598,3.98807e+06
36599,5.4459535e+06
36600,4.770483e+06
36601,4.67882e+06
36602,6.406739e+06
36603,5.17077e+06
36604,1.1144807e+07
36605,1.1800711e+07
36606,5.7091015e+06
36607,6.6805445e+06
36608,4.156134e+06
36609,9.798091e+06
36610,5.503684e+06
36611,7.72857e+06
36612,7.1125015e+06
36613,8.478627e+06
36614,7.477597e+06
36615,1.3655059e+07
36616,5.8060565e+06
36617,6.509058e+06
36618,4.672047e+06
36619,6.3635835e+06
36620,4.402044e+06
36621,5.4033205e+06
36622,1.5727763e+07
36623,8.647849e+06
36624,7.2638445e+06
36625,1.1440347e+07
36626,5.919882e+06
36627,6.2099915e+06
36628,6.1188005e+06
36629,8.0082485e+06
36630,5.143871e+06
36631,4.0682755e+06
36632,7.000997e+06
36633,5.8626485e+06
36634,1.5284018e+07
36635,1.2362558e+07
36636,1.0144385e+07
36637,1.229657e+07
36638,5.6186875e+06
36639,4.563284e+06
36640,2.6980485e+06
36641,7.000937e+06
36642,8.088025e+06
36643,5.376191e+06
36644,7.1974945e+06
36645,8.2825595e+06
36646,6.94129e+06
36647,5.686594e+06
36648,8.026193e+06
36649,7.5512945e+06
36650,4.1563718e+06
36651,8.245746e+06
36652,8.808964e+06
36653,4.6774775e+06
36654,1.1697091e+07
36655,8.53291e+06
36656,1.260848e+07
36657,5.9499535e+06
36658,3.3984095e+06
36659,3.9623062e+06
36660,6.435342e+06
36661,6.1277935e+06
36662,6.4534355e+06
36663,1.194993e+07
36664,5.6620045e+06
36665,4.5933235e+06
36666,4.46586e+06
36667,4.8856335e+06
36668,4.4729955e+06
36669,1.1465534e+07
36670,6.064367e+06
36671,1.0977319e+07
36672,6.469642e+06
36673,5.2420845e+06
36674,9.117648e+06
36675,8.0991395e+06
36676,8.1591985e+06
36677,1.4470066e+07
36678,5.5597775e+06
36679,8.207444e+06
36680,7.785235e+06
36681,5.749249e+06
36682,1.3077602e+07
36683,4.916871e+06
36684,6.793609e+06
36685,7.7779475e+06
36686,8.265626e+06
36687,1.4182883e+07
36688,6.788648e+06
36689,7.280184e+06
36690,4.255213e+06
36691,8.722659e+06
36692,1.0163093e+07
36693,4.79467e+06
36694,6.9097065e+06
36695,6.7803205e+06
36696,1.0143128e+07
36697,5.7823785e+06
36698,8.85665e+06
36699,6.028081e+06
36700,5.2384115e+06
36701,6.171698e+06
36702,6.3551175e+06
36703,7.2126735e+06
36704,5.1369195e+06
36705,7.574382e+06
36706,8.213489e+06
36707,4.2579655e+06
36708,7.745489e+06
36709,7.2822115e+06
36710,9.37299e+06
36711,5.2116975e+06
36712,5.5784195e+06
36713,5.587167e+06
36714,5.164629e+06
36715,7.9787465e+06
36716,7.2687095e+06
36717,7.8717555e+06
36718,4.2166545e+06
36719,1.8864892e+07
36720,7.383921e+06
36721,5.6738855e+06
36722,7.3101835e+06
36723,3.5782322e+06
36724,1.2972021e+07
36725,6.6331285e+06
36726,6.061505e+06
36727,1.0592302e+07
36728,6.495682e+06
36729,3.8215578e+06
36730,5.1901065e+06
36731,5.2148245e+06
36732,7.3501135e+06
36733,8.1437055e+06
36734,9.034847e+06
36735,8.0324645e+06
36736,6.871671e+06
36737,8.1575725e+06
36738,8.843855e+06
36739,5.283259e+06
36740,4.196768e+06
36741,6.0947715e+06
36742,1.1443271e+07
36743,6.4471365e+06
36744,6.611939e+06
36745,3.695065e+06
36746,6.736589e+06
36747,9.552406e+06
36748,7.6969855e+06
36749,6.1059645e+06
36750,1.2123421e+07
36751,6.243495e+06
36752,8.443092e+06
36753,4.629685e+06
36754,9.357485e+06
36755,7.354622e+06
36756,5.8678225e+06
36757,1.0364076e+07
36758,5.4240855e+06
36759,5.3852225e+06
36760,5.9350715e+06
36761,8.528363e+06
36762,6.563983e+06
36763,2.806747e+06
36764,8.000615e+06
36765,6.9675935e+06
36766,1.3997663e+07
36767,5.4264395e+06
36768,1.1415106e+07
36769,5.3626215e+06
36770,3.0621912e+07
36771,4.8183315e+06
36772,9.446017e+06
36773,9.493828e+06
36774,4.204648e+06
36775,6.9966185e+06
36776,1.1510057e+07
36777,7.504723e+06
36778,8.363808e+06
36779,5.2903935e+06
36780,6.7752015e+06
36781,4.6045555e+06
36782,6.947913e+06
36783,4.816154e+06
36784,5.579164e+06
36785,6.321262e+06
36786,5.9295835e+06
36787,4.315098e+06
36788,4.843334e+06
36789,6.4017e+06
36790,6.717708e+06
36791,5.153859e+06
36792,1.1520336e+07
36793,4.2672705e+06
36794,4.1728262e+06
36795,7.517244e+06
36796,6.420709e+06
36797,8.383085e+06
36798,6.171186e+06
36799,6.535836e+06
36800,1.0317627e+07
36801,5.5731815e+06
36802,5.791236e+06
36803,9.141225e+06
36804,5.281778e+06
36805,4.8937055e+06
36806,6.952838e+06
36807,6.7667745e+06
36808,4.518735e+06
36809,1.8506084e+07
36810,5.221732e+06
36811,5.615216e+06
36812,3.579577e+06
36813,5.3397435e+06
36814,7.753508e+06
36815,1.7040084e+07
36816,6.441851e+06
36817,3.5980552e+06
36818,6.543882e+06
36819,6.225373e+06
36820,4.332846e+06
36821,5.7846125e+06
36822,9.778506e+06
36823,6.8956785e+06
36824,5.9061115e+06
36825,1.4933012e+07
36826,5.56e+06
36827,6.3073515e+06
36828,7.082712e+06
36829,5.4369865e+06
36830,6.417691e+06
36831,1.004264e+07
36832,8.979083e+06
36833,7.019871e+06
36834,6.3632015e+06
36835,3.7213832e+06
36836,3.6796872e+06
36837,7.327766e+06
36838,6.9197105e+06
36839,1.2468957e+07
36840,5.143984e+06
36841,8.879002e+06
36842,7.906937e+06
36843,6.2597295e+06
36844,6.171833e+06
36845,7.333778e+06
36846,1.0171258e+07
36847,5.171697e+06
36848,7.966095e+06
36849,6.746921e+06
36850,7.0008305e+06
36851,5.839157e+06
36852,5.5092605e+06
36853,5.834092e+06
36854,1.1379672e+07
36855,7.5896245e+06
36856,5.210137e+06
36857,7.419986e+06
36858,5.048456e+06
36859,4.4394225e+06
36860,8.960041e+06
36861,4.7844565e+06
36862,7.9133265e+06
36863,5.1335795e+06
36864,1.3608519e+07
36865,5.006136e+06
36866,9.137529e+06
36867,5.3306765e+06
36868,6.440143e+06
36869,3.3597908e+06
36870,6.04733e+06
36871,7.8628425e+06
36872,8.808948e+06
36873,1.1200768e+07
36874,8.633444e+06
36875,4.4368445e+06
36876,4.10836e+06
36877,7.61272e+06
36878,1.3024779e+07
36879,8.300327e+06
36880,3.5193752e+06
36881,1.2969646e+07
36882,9.399289e+06
36883,4.1764812e+06
36884,8.210803e+06
36885,3.7893815e+06
36886,6.9549735e+06
36887,9.06566e+06
36888,5.9194415e+06
36889,4.402531e+06
36890,9.822865e+06
36891,5.994218e+06
36892,5.233872e+06
36893,4.4870005e+06
36894,3.9223822e+06
36895,1.012548e+07
36896,6.30072e+06
36897,6.897007e+06
36898,1.035795e+07
36899,9.154276e+06
36900,5.6155375e+06
36901,4.413507e+06
36902,4.988279e+06
36903,1.3187388e+07
36904,6.8695745e+06
36905,4.692964e+06
36906,4.859092e+06
36907,8.016302e+06
36908,9.252066e+06
36909,1.172253e+07
36910,5.6572495e+06
36911,6.1786235e+06
36912,1.1162997e+07
36913,7.304873e+06
36914,6.2976745e+06
36915,5.70441e+06
36916,2.3729944e+07
36917,5.3260215e+06
36918,8.621152e+06
36919,5.198176e+06
36920,5.1241545e+06
36921,6.4598085e+06
36922,4.739267e+06
36923,8.1344765e+06
36924,5.403238e+06
36925,7.4886155e+06
36926,6.2903935e+06
36927,1.2260948e+07
36928,4.2200175e+06
36929,5.0363905e+06
36930,6.43255e+06
36931,7.72367e+06
36932,8.0129925e+06
36933,8.2669265e+06
36934,1.0290525e+07
36935,1.0636254e+07
36936,4.622035e+06
36937,9.552279e+06
36938,7.17232e+06
36939,6.3879235e+06
36940,7.784574e+06
36941,4.9513575e+06
36942,5.7396785e+06
36943,4.3060665e+06
36944,6.4309125e+06
36945,9.996621e+06
36946,5.443757e+06
36947,5.2035375e+06
36948,7.365839e+06
36949,1.5366184e+07
36950,5.7592145e+06
36951,1.6991664e+07
36952,1.0077447e+07
36953,1.6737263e+07
36954,3.7736688e+06
36955,4.284908e+06
36956,5.9308675e+06
36957,6.6736485e+06
36958,6.7504805e+06
36959,9.814794e+06
36960,8.178121e+06
36961,5.293608e+06
36962,7.7504695e+06
36963,4.0729378e+06
36964,1.6263516e+07
36965,6.3645185e+06
36966,6.211567e+06
36967,6.2633065e+06
36968,6.143786e+06
36969,6.1875625e+06
36970,7.717559e+06
36971,1.546368e+07
36972,5.423946e+06
36973,6.450882e+06
36974,8.760875e+06
36975,6.228437e+06
36976,1.5013663e+07
36977,5.3589455e+06
36978,7.554104e+06
36979,3.5211078e+06
36980,5.930494e+06
36981,3.9975095e+06
36982,5.013293e+06
36983,5.826841e+06
36984,3.7263728e+06
36985,5.9308445e+06
36986,4.7557835e+06
36987,6.394104e+06
36988,7.850367e+06
36989,4.2950215e+06
36990,7.8473805e+06
36991,6.166597e+06
36992,8.937255e+06
36993,4.272149e+06
36994,5.2702655e+06
36995,6.3257185e+06
36996,9.415617e+06
36997,6.4152435e+06
36998,1.2252813e+07
36999,7.157868e+06
37000,7.798544e+06
37001,7.3840975e+06
37002,4.842489e+06
37003,7.1983735e+06
37004,1.0422397e+07
37005,5.3763345e+06
37006,1.0362535e+07
37007,5.961921e+06
37008,7.209441e+06
37009,6.4638755e+06
37010,6.0101195e+06
37011,7.269375e+06
37012,6.518581e+06
37013,7.2954815e+06
37014,9.443171e+06
37015,7.3633875e+06
37016,1.1347854e+07
37017,1.1891587e+07
37018,6.208671e+06
37019,4.7538065e+06
37020,3.4278932e+06
37021,1.2518165e+07
37022,5.669948e+06
37023,5.3753605e+06
37024,1.071851e+07
37025,6.730283e+06
37026,6.4111455e+06
37027,5.4371935e+06
37028,3.6360962e+06
37029,1.0599618e+07
37030,7.022951e+06
37031,5.0905025e+06
37032,1.3197151e+07
37033,4.1442196e+07
37034,1.231671e+07
37035,1.4830062e+07
37036,1.3278023e+07
37037,8.0964755e+06
37038,3.8326898e+06
37039,6.3599615e+06
37040,7.9472085e+06
37041,7.076676e+06
37042,3.6075798e+06
37043,5.2276815e+06
37044,1.0723173e+07
37045,5.2448845e+06
37046,5.1760785e+06
37047,9.721341e+06
37048,6.074995e+06
37049,4.0486985e+06
37050,6.86535e+06
37051,9.597387e+06
37052,5.5851e+06
37053,9.611823e+06
37054,1.0640029e+07
37055,5.29635e+06
37056,4.429919e+06
37057,5.037529e+06
37058,5.326423e+06
37059,8.711694e+06
37060,5.462531e+06
37061,4.4826165e+06
37062,7.442139e+06
37063,1.0047602e+07
37064,1.3664673e+07
37065,7.0393995e+06
37066,5.0399175e+06
37067,6.2661385e+06
37068,1.1027516e+07
37069,6.137643e+06
37070,5.5725385e+06
37071,8.012794e+06
37072,6.103828e+06
37073,5.178231e+06
37074,8.077395e+06
37075,4.873669e+06
37076,3.119534e+07
37077,5.5229595e+06
37078,5.4879655e+06
37079,6.499933e+06
37080,4.521744e+06
37081,4.4193615e+06
37082,6.4603075e+06
37083,3.643316e+06
37084,6.4953535e+06
37085,5.3543325e+06
37086,4.7654855e+06
37087,5.9328245e+06
37088,6.1553275e+06
37089,1.0140652e+07
37090,7.244398e+06
37091,8.749461e+06
37092,6.4049855e+06
37093,4.3011905e+06
37094,6.7905775e+06
37095,5.2876745e+06
37096,3.7967538e+06
37097,7.0003365e+06
37098,8.3749985e+06
37099,6.4391235e+06
37100,7.177801e+06
37101,6.6868805e+06
37102,5.6259795e+06
37103,5.663225e+06
37104,7.494724e+06
37105,8.2200635e+06
37106,6.187368e+06
37107,5.6274285e+06
37108,7.437939e+06
37109,6.9932965e+06
37110,6.876437e+06
37111,4.853525e+06
37112,7.7169185e+06
37113,3.6789468e+06
37114,6.700388e+06
37115,1.2621136e+07
37116,6.6134965e+06
37117,6.896619e+06
37118,4.4364595e+06
37119,1.4458975e+07
37120,4.9328775e+06
37121,6.728332e+06
37122,6.6773215e+06
37123,7.132567e+06
37124,5.012576e+06
37125,8.253204e+06
37126,6.68022e+06
37127,5.7262725e+06
37128,7.9567105e+06
37129,6.231283e+06
37130,3.40468e+06
37131,1.1329644e+07
37132,5.954381e+06
37133,4.0481928e+06
37134,1.5566009e+07
37135,4.1441495e+06
37136,7.600047e+06
37137,6.321491e+06
37138,4.6241075e+06
37139,4.6500925e+06
37140,5.238811e+06
37141,6.6933375e+06
37142,5.20525e+06
37143,1.6903384e+07
37144,1.0432063e+07
37145,3.7172438e+06
37146,5.935213e+06
37147,4.4923355e+06
37148,7.548818e+06
37149,6.3480725e+06
37150,1.130206e+07
37151,1.2478735e+07
37152,1.79554e+07
37153,6.1208665e+06
37154,6.3158985e+06
37155,1.1457358e+07
37156,9.70141e+06
37157,8.489728e+06
37158,4.0871048e+06
37159,4.498569e+06
37160,9.464231e+06
37161,7.7128645e+06
37162,5.434467e+06
37163,4.738345e+06
37164,7.8102735e+06
37165,8.955053e+06
37166,4.360433e+06
37167,5.109203e+06
37168,5.59397e+06
37169,9.520775e+06
37170,6.6303455e+06
37171,6.4865945e+06
37172,6.2134865e+06
37173,3.889932e+06
37174,6.484232e+06
37175,1.2990417e+07
37176,5.0178655e+06
37177,6.26001e+06
37178,9.013865e+06
37179,3.7295478e+06
37180,4.919948e+06
37181,6.6006805e+06
37182,5.9304375e+06
37183,6.4112495e+06
37184,6.9004545e+06
37185,4.6155075e+06
37186,5.7158895e+06
37187,5.526384e+06
37188,5.195797e+06
37189,5.1758365e+06
37190,6.7755825e+06
37191,5.9718965e+06
37192,9.712222e+06
37193,1.1144233e+07
37194,4.0865475e+06
37195,8.292874e+06
37196,7.001845e+06
37197,5.230564e+06
37198,3.932937e+07
37199,6.644835e+06
37200,5.266392e+06
37201,6.351791e+06
37202,1.4161177e+07
37203,6.8285615e+06
37204,5.8483305e+06
37205,5.1580925e+06
37206,9.577784e+06
37207,6.556713e+06
37208,8.1034275e+06
37209,3.7877955e+06
37210,7.9660875e+06
37211,7.4877015e+06
37212,1.0170133e+07
37213,7.601185e+06
37214,1.0642221e+07
37215,8.185612e+06
37216,6.5846605e+06
37217,8.3715885e+06
37218,4.715013e+06
37219,7.2070145e+06
37220,7.804347e+06
37221,3.4477975e+06
37222,1.125115e+07
37223,4.389522e+06
37224,5.1378605e+06
37225,5.425653e+06
37226,1.2459067e+07
37227,1.6271273e+07
37228,5.6929375e+06
37229,4.161885e+06
37230,4.7070875e+06
37231,7.4994785e+06
37232,1.4596913e+07
37233,4.1924195e+06
37234,5.320539e+06
37235,1.6780064e+07
37236,7.025892e+06
37237,7.9262045e+06
37238,5.660034e+06
37239,8.236362e+06
37240,6.0980505e+06
37241,5.1319545e+06
37242,8.144218e+06
37243,5.4372665e+06
37244,5.923355e+06
37245,5.117171e+06
37246,3.84119e+06
37247,8.278216e+06
37248,7.5409965e+06
37249,4.960333e+06
37250,7.3406635e+06
37251,6.111989e+06
37252,4.8901875e+06
37253,4.5187825e+06
37254,5.9214405e+06
37255,6.193419e+06
37256,6.611687e+06
37257,6.4303055e+06
37258,6.330335e+06
37259,1.0009557e+07
37260,1.042349e+07
37261,4.6045075e+06
37262,5.89966e+06
37263,5.7499345e+06
37264,6.274606e+06
37265,5.53037e+06
37266,1.7764468e+07
37267,5.323574e+06
37268,7.6057025e+06
37269,5.8020325e+06
37270,6.102268e+06
37271,6.9856845e+06
37272,5.900234e+06
37273,4.425739e+06
37274,4.596544e+06
37275,9.404364e+06
37276,9.615582e+06
37277,5.9444405e+06
37278,6.2913235e+06
37279,7.7003335e+06
37280,7.1978105e+06
37281,5.173611e+06
37282,8.167934e+06
37283,4.430312e+06
37284,5.478657e+06
37285,4.1398518e+06
37286,5.425798e+06
37287,9.31274e+06
37288,5.84518e+06
37289,6.1632695e+06
37290,4.4845365e+06
37291,4.481642e+06
37292,9.510103e+06
37293,3.7185272e+06
37294,1.0053277e+07
37295,6.5166295e+06
37296,7.4844815e+06
37297,5.445268e+06
37298,6.084086e+06
37299,6.0979925e+06
37300,6.6085535e+06
37301,4.2700715e+06
37302,6.7165935e+06
37303,1.0501717e+07
37304,4.642998e+06
37305,6.0185855e+06
37306,3.4281288e+06
37307,5.420843e+06
37308,7.648122e+06
37309,6.342076e+06
37310,5.838684e+06
37311,6.395592e+06
37312,3.5230692e+06
37313,6.384397e+06
37314,1.1859965e+07
37315,8.3423315e+06
37316,6.340588e+06
37317,6.378415e+06
37318,5.4321195e+06
37319,5.8893955e+06
37320,7.7538185e+06
37321,6.4099415e+06
37322,8.808645e+06
37323,1.2546802e+07
37324,5.7091665e+06
37325,6.6141335e+06
37326,5.5413405e+06
37327,8.0934415e+06
37328,5.4991715e+06
37329,5.0430375e+06
37330,6.17387e+06
37331,3.740929e+06
37332,1.6098894e+07
37333,6.109419e+06
37334,5.401584e+06
37335,6.013703e+06
37336,7.4534755e+06
37337,6.459913e+06
37338,5.4066915e+06
37339,6.1184155e+06
37340,7.6405475e+06
37341,4.3311025e+06
37342,4.722033e+06
37343,4.1047372e+06
37344,1.0650688e+07
37345,5.0984755e+06
37346,3.8048985e+06
37347,7.641881e+06
37348,4.669869e+06
37349,6.287101e+06
37350,1.2004116e+07
37351,5.5965795e+06
37352,3.5952222e+06
37353,5.764561e+06
37354,5.6735125e+06
37355,7.914421e+06
37356,6.708054e+06
37357,5.4473455e+06
37358,6.6734955e+06
37359,4.78851e+06
37360,4.310113e+06
37361,5.843023e+06
37362,1.2550871e+07
37363,4.552348e+06
37364,4.5761095e+06
37365,4.230575e+06
37366,7.0160625e+06
37367,8.264278e+06
37368,7.080936e+06
37369,5.7466835e+06
37370,1.304641e+07
37371,3.8680065e+06
37372,6.850791e+06
37373,1.0797633e+07
37374,4.55923e+06
37375,4.377157e+06
37376,1.830898e+07
37377,6.606701e+06
37378,3.7207515e+06
37379,7.9857195e+06
37380,7.0507005e+06
37381,5.957238e+06
37382,9.26494e+06
37383,7.7029775e+06
37384,5.117566e+06
37385,7.553643e+06
37386,1.166848e+07
37387,5.226176e+06
37388,6.3558205e+06
37389,5.489473e+06
37390,6.419607e+06
37391,7.95838e+06
37392,9.530677e+06
37393,7.607799e+06
37394,5.4734505e+06
37395,7.444588e+06
37396,6.4250825e+06
37397,3.5363185e+06
37398,5.748043e+06
37399,1.185845e+07
37400,5.1988405e+06
37401,7.798462e+06
37402,1.0254591e+07
37403,8.268748e+06
37404,5.7460205e+06
37405,5.832573e+06
37406,5.160287e+06
37407,3.8643195e+06
37408,4.6754615e+06
37409,1.1060545e+07
37410,6.744129e+06
37411,5.786792e+06
37412,2.0855045e+06
37413,5.777561e+06
37414,4.4948465e+06
37415,1.2755864e+07
37416,4.1540695e+06
37417,3.9491515e+06
37418,7.0725065e+06
37419,5.178488e+06
37420,1.017021e+07
37421,1.0186595e+07
37422,6.8752765e+06
37423,7.261725e+06
37424,1.0848001e+07
37425,8.1151285e+06
37426,5.185461e+06
37427,5.0146605e+06
37428,8.0019195e+06
37429,1.1764394e+07
37430,5.303401e+06
37431,4.0141085e+06
37432,7.1702e+06
37433,1.0076736e+07
37434,5.459599e+06
37435,6.087986e+06
37436,7.5738545e+06
37437,7.4972835e+06
37438,4.48995e+06
37439,7.7320055e+06
37440,7.86648e+06
37441,8.3251565e+06
37442,7.72644e+06
37443,4.421107e+06
37444,4.9812335e+06
37445,4.499633e+06
37446,8.378849e+06
37447,5.8125165e+06
37448,1.4503085e+07
37449,8.043273e+06
37450,1.0142334e+07
37451,1.3138807e+07
37452,6.531923e+06
37453,8.796179e+06
37454,4.0455028e+06
37455,7.4124325e+06
37456,7.62521e+06
37457,3.8846568e+06
37458,7.3474575e+06
37459,1.2376242e+07
37460,1.7312192e+07
37461,5.4128205e+06
37462,6.0360655e+06
37463,4.229115e+06
37464,1.0258621e+07
37465,6.869633e+06
37466,5.2901715e+06
37467,9.742799e+06
37468,4.8564325e+06
37469,1.0096109e+07
37470,4.298984e+06
37471,7.4990355e+06
37472,4.943714e+06
37473,6.186772e+06
37474,7.2976105e+06
37475,1.591601e+07
37476,8.51687e+06
37477,4.8153455e+06
37478,3.823468e+06
37479,4.852803e+06
37480,9.308301e+06
37481,1.3561153e+07
37482,5.870302e+06
37483,8.1720635e+06
37484,2.2623584e+07
37485,4.243016e+06
37486,5.917184e+06
37487,4.768809e+06
37488,6.4507405e+06
37489,6.807585e+06
37490,1.7097676e+07
37491,5.2695015e+06
37492,5.8668545e+06
37493,4.9425875e+06
37494,5.756381e+06
37495,1.2283654e+07
37496,4.1636558e+06
37497,6.933179e+06
37498,4.350128e+06
37499,7.6736855e+06
37500,3.6658065e+06
37501,4.1183748e+06
37502,4.484502e+06
37503,8.3748225e+06
37504,7.3805065e+06
37505,3.3901228e+06
37506,6.507798e+06
37507,7.9855595e+06
37508,1.5077572e+07
37509,1.2350373e+07
37510,5.3338905e+06
37511,6.2976445e+06
37512,4.7327085e+06
37513,6.872418e+06
37514,7.4487425e+06
37515,5.9717545e+06
37516,4.5129555e+06
37517,5.3897335e+06
37518,6.343298e+06
37519,5.012982e+06
37520,4.410953e+06
37521,7.475529e+06
37522,9.337178e+06
37523,3.6798802e+06
37524,4.0133698e+06
37525,7.6197435e+06
37526,1.1790249e+07
37527,5.072451e+06
37528,5.756919e+06
37529,3.9774615e+06
37530,9.441208e+06
37531,6.148088e+06
37532,1.5064406e+07
37533,7.9576365e+06
37534,5.409987e+06
37535,5.466007e+06
37536,1.2027952e+07
37537,1.3454311e+07
37538,5.235854e+06
37539,1.0109443e+07
37540,4.0363078e+06
37541,3.7399872e+06
37542,8.601131e+06
37543,8.0706115e+06
37544,9.335202e+06
37545,6.322932e+06
37546,5.8798325e+06
37547,5.908962e+06
37548,6.1581285e+06
37549,4.767645e+06
37550,5.047647e+06
37551,5.310365e+06
37552,7.2476735e+06
37553,1.3871286e+07
37554,1.6100153e+07
37555,1.188084e+07
37556,6.3957075e+06
37557,6.412748e+06
37558,5.9110305e+06
37559,3.056071e+06
37560,3.7678502e+06
37561,7.368122e+06
37562,5.848141e+06
37563,6.954058e+06
37564,6.887726e+06
37565,8.389579e+06
37566,2.2508924e+07
37567,1.9289328e+07
37568,4.553863e+06
37569,9.596307e+06
37570,6.3105705e+06
37571,1.1228425e+07
37572,6.4099415e+06
37573,4.9578265e+06
37574,1.313079e+07
37575,5.1751455e+06
37576,1.0998192e+07
37577,1.2386822e+07
37578,1.1353829e+07
37579,1.0724032e+07
37580,6.4024695e+06
37581,5.3927105e+06
37582,8.535743e+06
37583,8.425323e+06
37584,6.818293e+06
37585,6.92171e+06
37586,7.076926e+06
37587,7.016297e+06
37588,4.5960445e+06
37589,8.800316e+06
37590,5.02102e+06
37591,1.0649084e+07
37592,5.277745e+06
37593,4.1799995e+06
37594,4.9698265e+06
37595,7.0262875e+06
37596,8.421668e+06
37597,5.987145e+06
37598,3.7650162e+06
37599,1.5826013e+07
37600,5.428251e+06
37601,5.0665625e+06
37602,6.4401555e+06
37603,1.1623632e+07
37604,2.4911304e+07
37605,9.403288e+06
37606,1.1656735e+07
37607,7.3045875e+06
37608,9.179436e+06
37609,6.2193025e+06
37610,3.828631e+06
37611,6.506563e+06
37612,6.694327e+06
37613,5.4354775e+06
37614,5.951656e+06
37615,6.3629585e+06
37616,4.470974e+06
37617,6.6386595e+06
37618,1.1455544e+07
37619,3.688812e+06
37620,8.1480325e+06
37621,1.0180108e+07
37622,1.0180108e+07
37623,6.551656e+06
37624,5.0654125e+06
37625,1.3703929e+07
37626,1.0500655e+07
37627,5.5152275e+06
37628,5.9936295e+06
37629,9.505533e+06
37630,3.750513e+06
37631,7.3660075e+06
37632,6.9783665e+06
37633,5.151161e+06
37634,1.0480566e+07
37635,1.2593482e+07
37636,9.898453e+06
37637,6.479849e+06
37638,5.3226805e+06
37639,6.882322e+06
37640,3.5766695e+06
37641,9.824889e+06
37642,1.0180108e+07
37643,8.403064e+06
37644,7.36119e+06
37645,1.041423e+07
37646,6.267059e+06
37647,8.3086665e+06
37648,9.160459e+06
37649,1.0895799e+07
37650,5.886453e+06
37651,6.191618e+06
37652,6.3124785e+06
37653,5.944775e+06
37654,7.636949e+06
37655,6.594181e+06
37656,5.213005e+06
37657,6.9611645e+06
37658,6.6215685e+06
37659,5.8889125e+06
37660,5.136905e+06
37661,6.802627e+06
37662,3.8930532e+06
37663,8.61378e+06
37664,5.941754e+06
37665,1.8446244e+07
37666,6.630946e+06
37667,7.748252e+06
37668,4.656665e+06
37669,8.3010555e+06
37670,8.817748e+06
37671,8.2598815e+06
37672,7.9090265e+06
37673,5.3718295e+06
37674,4.784694e+06
37675,6.5545935e+06
37676,5.6056015e+06
37677,4.368616e+06
37678,6.4998215e+06
37679,7.0020655e+06
37680,6.8634255e+06
37681,1.9770276e+07
37682,7.04703e+06
37683,3.9299005e+06
37684,9.200628e+06
37685,5.785236e+06
37686,1.6335175e+07
37687,7.246927e+06
37688,6.2723445e+06
37689,4.5152715e+06
37690,5.649184e+06
37691,4.490275e+06
37692,7.5811025e+06
37693,6.43633e+06
37694,7.3181145e+06
37695,9.76464e+06
37696,5.1546305e+06
37697,1.1268524e+07
37698,5.8511755e+06
37699,8.476856e+06
37700,4.2937315e+06
37701,6.0921795e+06
37702,4.3669455e+06
37703,5.947673e+06
37704,1.1867342e+07
37705,6.6127965e+06
37706,4.346371e+06
37707,8.11249e+06
37708,5.525757e+06
37709,7.7547425e+06
37710,1.139142e+07
37711,7.778823e+06
37712,6.815816e+06
37713,4.294878e+06
37714,5.9853355e+06
37715,6.344859e+06
37716,8.1179305e+06
37717,9.749194e+06
37718,5.677117e+06
37719,6.743261e+06
37720,1.3028755e+07
37721,8.3276815e+06
37722,5.263535e+06
37723,1.1387206e+07
37724,9.349386e+06
37725,4.9183105e+06
37726,5.123485e+06
37727,1.0814266e+07
37728,7.2430025e+06
37729,2.2393728e+07
37730,2.0130316e+07
37731,5.9115155e+06
37732,4.9292565e+06
37733,1.4773119e+07
37734,6.332412e+06
37735,4.790611e+06
37736,4.9976975e+06
37737,3.969621e+06
37738,6.367293e+06
37739,7.411167e+06
37740,6.931817e+06
37741,9.393339e+06
37742,5.8096125e+06
37743,5.556528e+06
37744,6.88835e+06
37745,5.5440945e+06
37746,1.2293873e+07
37747,7.0892535e+06
37748,4.834469e+06
37749,6.319622e+06
37750,5.2102465e+06
37751,6.9120595e+06
37752,6.4842505e+06
37753,3.2530896e+07
37754,6.589636e+06
37755,4.205037e+06
37756,6.1270165e+06
37757,8.1614245e+06
37758,5.030069e+06
37759,8.270956e+06
37760,6.6264455e+06
37761,3.9918408e+06
37762,5.555654e+06
37763,1.0470476e+07
37764,1.262742e+07
37765,4.0921478e+06
37766,7.1850815e+06
37767,6.4302625e+06
37768,9.41939e+06
37769,1.0190346e+07
37770,5.9354845e+06
37771,7.6697935e+06
37772,8.3400245e+06
37773,7.646481e+06
37774,9.637358e+06
37775,4.1906208e+06
37776,8.755964e+06
37777,6.8830635e+06
37778,7.5021255e+06
37779,5.301793e+06
37780,4.330855e+06
37781,3.8201548e+06
37782,6.911163e+06
37783,5.1657425e+06
37784,1.0122776e+07
37785,6.142257e+06
37786,7.045088e+06
37787,6.2357e+06
37788,4.2588305e+06
37789,1.042695e+07
37790,3.208302e+06
37791,3.8017828e+06
37792,3.0412345e+06
37793,5.940162e+06
37794,9.60343e+06
37795,1.0558315e+07
37796,6.1254975e+06
37797,4.243542e+06
37798,7.9577655e+06
37799,5.4848575e+06
37800,5.4233305e+06
37801,5.5152275e+06
37802,4.789373e+06
37803,6.4058165e+06
37804,8.95244e+06
37805,7.0484145e+06
37806,1.2512555e+07
37807,4.793742e+06
37808,1.0029298e+07
37809,4.6897115e+06
37810,6.6184625e+06
37811,7.5762025e+06
37812,4.7692135e+06
37813,6.6835145e+06
37814,1.1992102e+07
37815,1.5138691e+07
37816,5.6359895e+06
37817,6.025638e+06
37818,1.0166991e+07
37819,8.664954e+06
37820,4.9410605e+06
37821,3.4099768e+06
37822,8.142486e+06
37823,1.5203306e+07
37824,5.2211195e+06
37825,2.3612736e+07
37826,4.4450525e+06
37827,1.1017277e+07
37828,6.20873e+06
37829,1.7527624e+07
37830,4.1860472e+06
37831,6.5028905e+06
37832,7.506126e+06
37833,3.661439e+06
37834,5.473007e+06
37835,9.612721e+06
37836,4.5152715e+06
37837,7.314772e+06
37838,7.793347e+06
37839,6.444751e+06
37840,7.1982225e+06
37841,6.192368e+06
37842,7.9361355e+06
37843,5.516953e+06
37844,4.771402e+06
37845,7.065657e+06
37846,5.9991075e+06
37847,5.3205135e+06
37848,5.7363455e+06
37849,5.775297e+06
37850,9.749398e+06
37851,6.751884e+06
37852,7.6497705e+06
37853,6.807397e+06
37854,5.641819e+06
37855,5.0995305e+06
37856,8.3613755e+06
37857,5.3099345e+06
37858,6.519588e+06
37859,6.115662e+06
37860,5.656683e+06
37861,6.0254545e+06
37862,6.8746995e+06
37863,6.413922e+06
37864,5.804584e+06
37865,1.0370641e+07
37866,7.5830695e+06
37867,3.7933842e+06
37868,1.1776001e+07
37869,2.314834e+07
37870,4.8824475e+06
37871,1.0072893e+07
37872,7.4182595e+06
37873,5.7447165e+06
37874,1.4332013e+07
37875,7.6393015e+06
37876,1.1606374e+07
37877,5.628824e+06
37878,4.971467e+06
37879,8.976891e+06
37880,4.918306e+06
37881,1.4208877e+07
37882,4.3896855e+06
37883,6.3710345e+06
37884,6.05906e+06
37885,5.553217e+06
37886,4.730606e+06
37887,3.4428132e+06
37888,9.417342e+06
37889,7.010946e+06
37890,5.958562e+06
37891,7.622004e+06
37892,1.0088236e+07
37893,9.838222e+06
37894,3.9754402e+06
37895,7.633599e+06
37896,7.1558955e+06
37897,5.6473905e+06
37898,1.103869e+07
37899,7.5764335e+06
37900,5.467253e+06
37901,4.290645e+06
37902,5.3964915e+06
37903,6.752077e+06
37904,5.4302135e+06
37905,6.459377e+06
37906,8.0319435e+06
37907,1.0432879e+07
37908,8.451163e+06
37909,5.917596e+06
37910,9.882098e+06
37911,5.1318175e+06
37912,7.743517e+06
37913,7.130044e+06
37914,7.7680955e+06
37915,8.1370525e+06
37916,1.6825316e+07
37917,8.793655e+06
37918,5.322158e+06
37919,6.864407e+06
37920,5.1605525e+06
37921,6.655033e+06
37922,4.1159955e+06
37923,7.6317065e+06
37924,4.774438e+06
37925,4.421638e+06
37926,6.2338745e+06
37927,5.30374e+06
37928,1.6304981e+07
37929,1.940468e+07
37930,3.2786952e+06
37931,5.196263e+06
37932,5.487133e+06
37933,6.6623485e+06
37934,4.907614e+06
37935,6.7384715e+06
37936,6.1005865e+06
37937,5.27011e+06
37938,6.059332e+06
37939,1.1644468e+07
37940,1.1649355e+07
37941,3.2845124e+07
37942,2.9649e+06
37943,7.02127e+06
37944,7.683689e+06
37945,7.280316e+06
37946,5.949335e+06
37947,6.8493865e+06
37948,2.6421716e+07
37949,6.8057935e+06
37950,9.313806e+06
37951,5.9751665e+06
37952,5.6363175e+06
37953,3.3881832e+06
37954,5.5187525e+06
37955,9.311799e+06
37956,7.250577e+06
37957,4.3497505e+06
37958,7.993522e+06
37959,7.3844845e+06
37960,5.4445775e+06
37961,5.037697e+06
37962,3.5580532e+06
37963,1.3589843e+07
37964,8.0995105e+06
37965,7.6274575e+06
37966,7.682729e+06
37967,6.1877045e+06
37968,7.117428e+06
37969,4.778957e+06
37970,5.460286e+06
37971,1.332074e+07
37972,6.209032e+06
37973,5.6741565e+06
37974,9.936683e+06
37975,7.949475e+06
37976,4.331904e+06
37977,5.081786e+06
37978,1.0393553e+07
37979,3.3511505e+06
37980,1.3098347e+07
37981,4.9685185e+06
37982,4.5614695e+06
37983,5.1689555e+06
37984,4.793422e+06
37985,3.8475472e+06
37986,7.02685e+06
37987,7.385668e+06
37988,8.089367e+06
37989,1.085301e+07
37990,6.7465095e+06
37991,5.236573e+06
37992,7.2343665e+06
37993,4.9146675e+06
37994,4.698396e+06
37995,5.5647745e+06
37996,5.9038755e+06
37997,7.0341585e+06
37998,6.3644575e+06
37999,7.464665e+06
38000,2.9823635e+06
38001,5.5842795e+06
38002,4.612902e+06
38003,9.02682e+06
38004,6.6878625e+06
38005,8.508451e+06
38006,3.9621285e+06
38007,5.466262e+06
38008,5.0030385e+06
38009,7.415204e+06
38010,9.593581e+06
38011,8.2972405e+06
38012,8.304983e+06
38013,5.1785475e+06
38014,6.683884e+06
38015,4.3914315e+06
38016,8.140747e+06
38017,7.8062675e+06
38018,7.316572e+06
38019,1.0702188e+07
38020,5.5789195e+06
38021,1.2410541e+07
38022,6.360004e+06
38023,7.526232e+06
38024,8.848537e+06
38025,9.631055e+06
38026,6.215857e+06
38027,1.0916018e+07
38028,8.1127915e+06
38029,9.908181e+06
38030,4.5074155e+06
38031,1.0365776e+07
38032,5.317673e+06
38033,6.3390645e+06
38034,7.871718e+06
38035,6.0088185e+06
38036,6.384245e+06
38037,5.188909e+06
38038,9.182518e+06
38039,5.1900475e+06
38040,6.4421395e+06
38041,7.9444045e+06
38042,9.570352e+06
38043,1.3217884e+07
38044,9.47778e+06
38045,6.9390795e+06
38046,6.7378995e+06
38047,6.318911e+06
38048,7.391735e+06
38049,6.650541e+06
38050,4.508254e+06
38051,5.2098735e+06
38052,1.2752288e+07
38053,6.950027e+06
38054,8.956487e+06
38055,7.6623945e+06
38056,7.543953e+06
38057,4.4694095e+06
38058,4.0224548e+06
38059,9.048989e+06
38060,8.976018e+06
38061,7.2999215e+06
38062,5.475027e+06
38063,1.3855051e+07
38064,9.102114e+06
38065,7.148604e+06
38066,6.601077e+06
38067,5.209019e+06
38068,1.7195728e+07
38069,5.85806e+06
38070,8.0404275e+06
38071,6.4420845e+06
38072,8.561138e+06
38073,6.3945e+06
38074,5.35939e+06
38075,9.45274e+06
38076,5.77163e+06
38077,6.132775e+06
38078,1.3100146e+07
38079,4.274651e+06
38080,6.576546e+06
38081,1.6609262e+07
38082,5.832779e+06
38083,6.548333e+06
38084,4.6320165e+06
38085,8.948735e+06
38086,5.225847e+06
38087,9.927741e+06
38088,6.9327625e+06
38089,5.6712675e+06
38090,5.6039175e+06
38091,1.152693e+07
38092,1.291248e+07
38093,7.6357615e+06
38094,7.3567195e+06
38095,1.2465533e+07
38096,3.825576e+06
38097,7.231145e+06
38098,4.4871715e+06
38099,1.4918948e+07
38100,6.447911e+06
38101,6.702331e+06
38102,1.1862522e+07
38103,1.5886439e+07
38104,1.1649355e+07
38105,7.47374e+06
38106,5.654024e+06
38107,3.4053555e+06
38108,8.886432e+06
38109,5.18423e+06
38110,4.2368615e+06
38111,5.504429e+06
38112,3.8007498e+06
38113,7.7246055e+06
38114,8.0404275e+06
38115,3.6231918e+06
38116,7.7129235e+06
38117,5.234002e+06
38118,6.995491e+06
38119,3.82881e+06
38120,7.1597385e+06
38121,4.8009065e+06
38122,6.6950035e+06
38123,4.7315355e+06
38124,7.506799e+06
38125,8.21888e+06
38126,7.95709e+06
38127,5.0950925e+06
38128,2.7686398e+06
38129,3.643608e+06
38130,5.1294495e+06
38131,8.236307e+06
38132,5.475027e+06
38133,4.7714655e+06
38134,5.4881435e+06
38135,9.725013e+06
