,timestamp,oil_urals,gdp_quart,gdp_quart_growth,cpi,ppi,gdp_deflator,balance_trade,balance_trade_growth,usdrub,eurrub,brent,net_capital_export,gdp_annual,gdp_annual_growth,average_provision_of_build_contract,average_provision_of_build_contract_moscow,rts,micex,micex_rgbi_tr,micex_cbi_tr,deposits_value,deposits_growth,deposits_rate,mortgage_value,mortgage_growth,mortgage_rate,grp,grp_growth,income_per_cap,real_dispos_income_per_cap_growth,salary,salary_growth,fixed_basket,retail_trade_turnover,retail_trade_turnover_per_cap,retail_trade_turnover_growth,labor_force,unemployment,employment,invest_fixed_capital_per_cap,invest_fixed_assets,profitable_enterpr_share,unprofitable_enterpr_share,share_own_revenues,overdue_wages_per_cap,fin_res_per_cap,marriages_per_1000_cap,divorce_rate,construction_value,invest_fixed_assets_phys,pop_natural_increase,pop_migration,pop_total_inc,childbirth,mortality,housing_fund_sqm,lodging_sqm_per_cap,water_pipes_share,baths_share,sewerage_share,gas_share,hot_water_share,electric_stove_share,heating_share,old_house_share,average_life_exp,infant_mortarity_per_1000_cap,perinatal_mort_per_1000_cap,incidence_population,rent_price_4+room_bus,rent_price_3room_bus,rent_price_2room_bus,rent_price_1room_bus,rent_price_3room_eco,rent_price_2room_eco,rent_price_1room_eco,load_of_teachers_preschool_per_teacher,child_on_acc_pre_school,load_of_teachers_school_per_teacher,students_state_oneshift,modern_education_share,old_education_build_share,provision_doctors,provision_nurse,load_on_doctors,power_clinics,hospital_beds_available_per_cap,hospital_bed_occupancy_per_year,provision_retail_space_sqm,provision_retail_space_modern_sqm,turnover_catering_per_cap,theaters_viewers_per_1000_cap,seats_theather_rfmin_per_100000_cap,museum_visitis_per_100_cap,bandwidth_sports,population_reg_sports_share,students_reg_sports_share,apartment_build,apartment_fund_sqm
596,2011-08-20,109.31,14313.7,3.3,354.0,420.7,86.721,15.459,10.1,29.0048,41.7681,108.62,0.301810526,46308.5,0.045037137,5.76,6.74,1575.33,1438.74,131.16,204.78,10618898,0.009740346,4.1,323275,1.051914337,11.84,9948.7728,0.187790661,42688.6,-0.005,44898.7,0.168917353,12838.36,3322.047,286.952,106.6,6643.626,0.014,0.708,73976.19863,856.424079,0.708,0.292,0.891477685,53636.0,226.2141565,8.5,3.8,549075.8,106.6,1.1,5.1,6.2,10.8,9.7,218.0,18.77206579,99.9,99.8,99.5,43.9,95.7,55.3,99.9,0.3,75.79,6.2,5.53,715.1,136.11,77.93,62.89,47.85,41.8,36.77,29.07,793.3195607,#!,1391.710938,89.0495,,,65.9,99.6,8180.755454,375.8,846.0,302.0,741.0,271.0,6943.0,565.0,0.45356,1240.0,269768.0,22.37,64.12,23587.0,230310.0
597,2011-08-21,109.31,14313.7,3.3,354.0,420.7,86.721,15.459,10.1,29.0048,41.7681,108.62,0.301810526,46308.5,0.045037137,5.76,6.74,1575.33,1438.74,131.16,204.78,10618898,0.009740346,4.1,323275,1.051914337,11.84,9948.7728,0.187790661,42688.6,-0.005,44898.7,0.168917353,12838.36,3322.047,286.952,106.6,6643.626,0.014,0.708,73976.19863,856.424079,0.708,0.292,0.891477685,53636.0,226.2141565,8.5,3.8,549075.8,106.6,1.1,5.1,6.2,10.8,9.7,218.0,18.77206579,99.9,99.8,99.5,43.9,95.7,55.3,99.9,0.3,75.79,6.2,5.53,715.1,136.11,77.93,62.89,47.85,41.8,36.77,29.07,793.3195607,#!,1391.710938,89.0495,,,65.9,99.6,8180.755454,375.8,846.0,302.0,741.0,271.0,6943.0,565.0,0.45356,1240.0,269768.0,22.37,64.12,23587.0,230310.0
598,2011-08-22,109.31,14313.7,3.3,354.0,420.7,86.721,15.459,10.1,29.1005,41.87,108.36,0.301810526,46308.5,0.045037137,5.76,6.74,1578.45,1443.93,131.31,204.91,10618898,0.009740346,4.1,323275,1.051914337,11.84,9948.7728,0.187790661,42688.6,-0.005,44898.7,0.168917353,12838.36,3322.047,286.952,106.6,6643.626,0.014,0.708,73976.19863,856.424079,0.708,0.292,0.891477685,53636.0,226.2141565,8.5,3.8,549075.8,106.6,1.1,5.1,6.2,10.8,9.7,218.0,18.77206579,99.9,99.8,99.5,43.9,95.7,55.3,99.9,0.3,75.79,6.2,5.53,715.1,136.11,77.93,62.89,47.85,41.8,36.77,29.07,793.3195607,#!,1391.710938,89.0495,,,65.9,99.6,8180.755454,375.8,846.0,302.0,741.0,271.0,6943.0,565.0,0.45356,1240.0,269768.0,22.37,64.12,23587.0,230310.0
599,2011-08-23,109.31,14313.7,3.3,354.0,420.7,86.721,15.459,10.1,28.9525,41.7537,109.31,0.301810526,46308.5,0.045037137,5.76,6.74,1578.91,1444.11,131.45,204.92,10618898,0.009740346,4.1,323275,1.051914337,11.84,9948.7728,0.187790661,42688.6,-0.005,44898.7,0.168917353,12838.36,3322.047,286.952,106.6,6643.626,0.014,0.708,73976.19863,856.424079,0.708,0.292,0.891477685,53636.0,226.2141565,8.5,3.8,549075.8,106.6,1.1,5.1,6.2,10.8,9.7,218.0,18.77206579,99.9,99.8,99.5,43.9,95.7,55.3,99.9,0.3,75.79,6.2,5.53,715.1,136.11,77.93,62.89,47.85,41.8,36.77,29.07,793.3195607,#!,1391.710938,89.0495,,,65.9,99.6,8180.755454,375.8,846.0,302.0,741.0,271.0,6943.0,565.0,0.45356,1240.0,269768.0,22.37,64.12,23587.0,230310.0
600,2011-08-24,109.31,14313.7,3.3,354.0,420.7,86.721,15.459,10.1,28.9506,41.7409,110.15,0.301810526,46308.5,0.045037137,5.76,6.74,1601.03,1461.62,131.29,204.96,10618898,0.009740346,4.1,323275,1.051914337,11.84,9948.7728,0.187790661,42688.6,-0.005,44898.7,0.168917353,12838.36,3322.047,286.952,106.6,6643.626,0.014,0.708,73976.19863,856.424079,0.708,0.292,0.891477685,53636.0,226.2141565,8.5,3.8,549075.8,106.6,1.1,5.1,6.2,10.8,9.7,218.0,18.77206579,99.9,99.8,99.5,43.9,95.7,55.3,99.9,0.3,75.79,6.2,5.53,715.1,136.11,77.93,62.89,47.85,41.8,36.77,29.07,793.3195607,#!,1391.710938,89.0495,,,65.9,99.6,8180.755454,375.8,846.0,302.0,741.0,271.0,6943.0,565.0,0.45356,1240.0,269768.0,22.37,64.12,23587.0,230310.0
601,2011-08-25,109.31,14313.7,3.3,354.0,420.7,86.721,15.459,10.1,28.9342,41.5769,110.62,0.301810526,46308.5,0.045037137,5.76,6.74,1583.97,1442.51,131.13,204.96,10618898,0.009740346,4.1,323275,1.051914337,11.84,9948.7728,0.187790661,42688.6,-0.005,44898.7,0.168917353,12838.36,3322.047,286.952,106.6,6643.626,0.014,0.708,73976.19863,856.424079,0.708,0.292,0.891477685,53636.0,226.2141565,8.5,3.8,549075.8,106.6,1.1,5.1,6.2,10.8,9.7,218.0,18.77206579,99.9,99.8,99.5,43.9,95.7,55.3,99.9,0.3,75.79,6.2,5.53,715.1,136.11,77.93,62.89,47.85,41.8,36.77,29.07,793.3195607,#!,1391.710938,89.0495,,,65.9,99.6,8180.755454,375.8,846.0,302.0,741.0,271.0,6943.0,565.0,0.45356,1240.0,269768.0,22.37,64.12,23587.0,230310.0
602,2011-08-26,109.31,14313.7,3.3,354.0,420.7,86.721,15.459,10.1,28.8082,41.7114,111.36,0.301810526,46308.5,0.045037137,5.76,6.74,1596.17,1458.84,131.08,204.84,10618898,0.009740346,4.1,323275,1.051914337,11.84,9948.7728,0.187790661,42688.6,-0.005,44898.7,0.168917353,12838.36,3322.047,286.952,106.6,6643.626,0.014,0.708,73976.19863,856.424079,0.708,0.292,0.891477685,53636.0,226.2141565,8.5,3.8,549075.8,106.6,1.1,5.1,6.2,10.8,9.7,218.0,18.77206579,99.9,99.8,99.5,43.9,95.7,55.3,99.9,0.3,75.79,6.2,5.53,715.1,136.11,77.93,62.89,47.85,41.8,36.77,29.07,793.3195607,#!,1391.710938,89.0495,,,65.9,99.6,8180.755454,375.8,846.0,302.0,741.0,271.0,6943.0,565.0,0.45356,1240.0,269768.0,22.37,64.12,23587.0,230310.0
603,2011-08-27,109.31,14313.7,3.3,354.0,420.7,86.721,15.459,10.1,28.8082,41.7114,111.36,0.301810526,46308.5,0.045037137,5.76,6.74,1596.17,1458.84,131.08,204.84,10618898,0.009740346,4.1,323275,1.051914337,11.84,9948.7728,0.187790661,42688.6,-0.005,44898.7,0.168917353,12838.36,3322.047,286.952,106.6,6643.626,0.014,0.708,73976.19863,856.424079,0.708,0.292,0.891477685,53636.0,226.2141565,8.5,3.8,549075.8,106.6,1.1,5.1,6.2,10.8,9.7,218.0,18.77206579,99.9,99.8,99.5,43.9,95.7,55.3,99.9,0.3,75.79,6.2,5.53,715.1,136.11,77.93,62.89,47.85,41.8,36.77,29.07,793.3195607,#!,1391.710938,89.0495,,,65.9,99.6,8180.755454,375.8,846.0,302.0,741.0,271.0,6943.0,565.0,0.45356,1240.0,269768.0,22.37,64.12,23587.0,230310.0
604,2011-08-28,109.31,14313.7,3.3,354.0,420.7,86.721,15.459,10.1,28.8082,41.7114,111.36,0.301810526,46308.5,0.045037137,5.76,6.74,1596.17,1458.84,131.08,204.84,10618898,0.009740346,4.1,323275,1.051914337,11.84,9948.7728,0.187790661,42688.6,-0.005,44898.7,0.168917353,12838.36,3322.047,286.952,106.6,6643.626,0.014,0.708,73976.19863,856.424079,0.708,0.292,0.891477685,53636.0,226.2141565,8.5,3.8,549075.8,106.6,1.1,5.1,6.2,10.8,9.7,218.0,18.77206579,99.9,99.8,99.5,43.9,95.7,55.3,99.9,0.3,75.79,6.2,5.53,715.1,136.11,77.93,62.89,47.85,41.8,36.77,29.07,793.3195607,#!,1391.710938,89.0495,,,65.9,99.6,8180.755454,375.8,846.0,302.0,741.0,271.0,6943.0,565.0,0.45356,1240.0,269768.0,22.37,64.12,23587.0,230310.0
605,2011-08-29,109.31,14313.7,3.3,354.0,420.7,86.721,15.459,10.1,28.792,41.7637,111.88,0.301810526,46308.5,0.045037137,5.76,6.74,1667.66,1512.36,131.34,205.04,10618898,0.009740346,4.1,323275,1.051914337,11.84,9948.7728,0.187790661,42688.6,-0.005,44898.7,0.168917353,12838.36,3322.047,286.952,106.6,6643.626,0.014,0.708,73976.19863,856.424079,0.708,0.292,0.891477685,53636.0,226.2141565,8.5,3.8,549075.8,106.6,1.1,5.1,6.2,10.8,9.7,218.0,18.77206579,99.9,99.8,99.5,43.9,95.7,55.3,99.9,0.3,75.79,6.2,5.53,715.1,136.11,77.93,62.89,47.85,41.8,36.77,29.07,793.3195607,#!,1391.710938,89.0495,,,65.9,99.6,8180.755454,375.8,846.0,302.0,741.0,271.0,6943.0,565.0,0.45356,1240.0,269768.0,22.37,64.12,23587.0,230310.0
606,2011-08-30,109.31,14313.7,3.3,354.0,420.7,86.721,15.459,10.1,28.9127,41.6961,114.02,0.301810526,46308.5,0.045037137,5.76,6.74,1662.35,1514.1,131.54,205.09,10618898,0.009740346,4.1,323275,1.051914337,11.84,9948.7728,0.187790661,42688.6,-0.005,44898.7,0.168917353,12838.36,3322.047,286.952,106.6,6643.626,0.014,0.708,73976.19863,856.424079,0.708,0.292,0.891477685,53636.0,226.2141565,8.5,3.8,549075.8,106.6,1.1,5.1,6.2,10.8,9.7,218.0,18.77206579,99.9,99.8,99.5,43.9,95.7,55.3,99.9,0.3,75.79,6.2,5.53,715.1,136.11,77.93,62.89,47.85,41.8,36.77,29.07,793.3195607,#!,1391.710938,89.0495,,,65.9,99.6,8180.755454,375.8,846.0,302.0,741.0,271.0,6943.0,565.0,0.45356,1240.0,269768.0,22.37,64.12,23587.0,230310.0
607,2011-08-31,109.31,14313.7,3.3,354.0,420.7,86.721,15.459,10.1,28.8287,41.5207,114.85,0.301810526,46308.5,0.045037137,5.76,6.74,1702.28,1546.05,131.57,205.42,10618898,0.009740346,4.1,323275,1.051914337,11.84,9948.7728,0.187790661,42688.6,-0.005,44898.7,0.168917353,12838.36,3322.047,286.952,106.6,6643.626,0.014,0.708,73976.19863,856.424079,0.708,0.292,0.891477685,53636.0,226.2141565,8.5,3.8,549075.8,106.6,1.1,5.1,6.2,10.8,9.7,218.0,18.77206579,99.9,99.8,99.5,43.9,95.7,55.3,99.9,0.3,75.79,6.2,5.53,715.1,136.11,77.93,62.89,47.85,41.8,36.77,29.07,793.3195607,#!,1391.710938,89.0495,,,65.9,99.6,8180.755454,375.8,846.0,302.0,741.0,271.0,6943.0,565.0,0.45356,1240.0,269768.0,22.37,64.12,23587.0,230310.0
608,2011-09-01,111.29,14313.7,3.3,353.2,434.4,86.721,15.386,10.1,28.9655,41.4014,114.29,0.599708879,46308.5,0.045037137,5.76,6.74,1703.86,1551.58,131.45,205.42,10720911,0.009606741,4.0,386388,1.049542764,11.92,9948.7728,0.187790661,40311.3,-0.005,44898.7,0.168917353,12856.97,3322.047,286.952,106.6,6643.626,0.014,0.708,73976.19863,856.424079,0.708,0.292,0.891477685,53636.0,226.2141565,8.5,3.8,549075.8,106.6,1.1,5.1,6.2,10.8,9.7,218.0,18.77206579,99.9,99.8,99.5,43.9,95.7,55.3,99.9,0.3,75.79,6.2,5.53,715.1,155.22,94.02,66.28,51.15,44.25,37.73,30.63,793.3195607,#!,1391.710938,89.0495,,,65.9,99.6,8180.755454,375.8,846.0,302.0,741.0,271.0,6943.0,565.0,0.45356,1240.0,269768.0,22.37,64.12,23587.0,230310.0
609,2011-09-02,111.29,14313.7,3.3,353.2,434.4,86.721,15.386,10.1,29.1651,41.4302,112.33,0.599708879,46308.5,0.045037137,5.76,6.74,1657.25,1515.89,131.55,196.89,10920215,0.018590211,4.0,386388,1.049542764,11.92,9948.7728,0.187790661,40311.3,-0.005,44898.7,0.168917353,12856.97,3322.047,286.952,106.6,6643.626,0.014,0.708,73976.19863,856.424079,0.708,0.292,0.891477685,53636.0,226.2141565,8.5,3.8,549075.8,106.6,1.1,5.1,6.2,10.8,9.7,218.0,18.77206579,99.9,99.8,99.5,43.9,95.7,55.3,99.9,0.3,75.79,6.2,5.53,715.1,155.22,94.02,66.28,51.15,44.25,37.73,30.63,793.3195607,#!,1391.710938,89.0495,,,65.9,99.6,8180.755454,375.8,846.0,302.0,741.0,271.0,6943.0,565.0,0.45356,1240.0,269768.0,22.37,64.12,23587.0,230310.0
610,2011-09-03,111.29,14313.7,3.3,353.2,434.4,86.721,15.386,10.1,29.1651,41.4302,112.33,0.599708879,46308.5,0.045037137,5.76,6.74,1657.25,1515.89,131.55,198.24,10920215,0.018590211,4.0,386388,1.049542764,11.92,9948.7728,0.187790661,40311.3,-0.005,44898.7,0.168917353,12856.97,3322.047,286.952,106.6,6643.626,0.014,0.708,73976.19863,856.424079,0.708,0.292,0.891477685,53636.0,226.2141565,8.5,3.8,549075.8,106.6,1.1,5.1,6.2,10.8,9.7,218.0,18.77206579,99.9,99.8,99.5,43.9,95.7,55.3,99.9,0.3,75.79,6.2,5.53,715.1,155.22,94.02,66.28,51.15,44.25,37.73,30.63,793.3195607,#!,1391.710938,89.0495,,,65.9,99.6,8180.755454,375.8,846.0,302.0,741.0,271.0,6943.0,565.0,0.45356,1240.0,269768.0,22.37,64.12,23587.0,230310.0
611,2011-09-04,111.29,14313.7,3.3,353.2,434.4,86.721,15.386,10.1,29.1651,41.4302,112.33,0.599708879,46308.5,0.045037137,5.76,6.74,1657.25,1515.89,131.55,198.24,10920215,0.018590211,4.0,386388,1.049542764,11.92,9948.7728,0.187790661,40311.3,-0.005,44898.7,0.168917353,12856.97,3322.047,286.952,106.6,6643.626,0.014,0.708,73976.19863,856.424079,0.708,0.292,0.891477685,53636.0,226.2141565,8.5,3.8,549075.8,106.6,1.1,5.1,6.2,10.8,9.7,218.0,18.77206579,99.9,99.8,99.5,43.9,95.7,55.3,99.9,0.3,75.79,6.2,5.53,715.1,155.22,94.02,66.28,51.15,44.25,37.73,30.63,793.3195607,#!,1391.710938,89.0495,,,65.9,99.6,8180.755454,375.8,846.0,302.0,741.0,271.0,6943.0,565.0,0.45356,1240.0,269768.0,22.37,64.12,23587.0,230310.0
612,2011-09-05,111.29,14313.7,3.3,353.2,434.4,86.721,15.386,10.1,29.4625,41.5902,110.08,0.599708879,46308.5,0.045037137,5.76,6.74,1617.01,1492.83,131.19,198.24,10920215,0.018590211,4.0,386388,1.049542764,11.92,9948.7728,0.187790661,40311.3,-0.005,44898.7,0.168917353,12856.97,3322.047,286.952,106.6,6643.626,0.014,0.708,73976.19863,856.424079,0.708,0.292,0.891477685,53636.0,226.2141565,8.5,3.8,549075.8,106.6,1.1,5.1,6.2,10.8,9.7,218.0,18.77206579,99.9,99.8,99.5,43.9,95.7,55.3,99.9,0.3,75.79,6.2,5.53,715.1,155.22,94.02,66.28,51.15,44.25,37.73,30.63,793.3195607,#!,1391.710938,89.0495,,,65.9,99.6,8180.755454,375.8,846.0,302.0,741.0,271.0,6943.0,565.0,0.45356,1240.0,269768.0,22.37,64.12,23587.0,230310.0
613,2011-09-06,111.29,14313.7,3.3,353.2,434.4,86.721,15.386,10.1,29.6676,41.5031,112.89,0.599708879,46308.5,0.045037137,5.76,6.74,1618.63,1499.7,131.24,203.16,10920215,0.018590211,4.0,386388,1.049542764,11.92,9948.7728,0.187790661,40311.3,-0.005,44898.7,0.168917353,12856.97,3322.047,286.952,106.6,6643.626,0.014,0.708,73976.19863,856.424079,0.708,0.292,0.891477685,53636.0,226.2141565,8.5,3.8,549075.8,106.6,1.1,5.1,6.2,10.8,9.7,218.0,18.77206579,99.9,99.8,99.5,43.9,95.7,55.3,99.9,0.3,75.79,6.2,5.53,715.1,155.22,94.02,66.28,51.15,44.25,37.73,30.63,793.3195607,#!,1391.710938,89.0495,,,65.9,99.6,8180.755454,375.8,846.0,302.0,741.0,271.0,6943.0,565.0,0.45356,1240.0,269768.0,22.37,64.12,23587.0,230310.0
614,2011-09-07,111.29,14313.7,3.3,353.2,434.4,86.721,15.386,10.1,29.4833,41.4596,115.8,0.599708879,46308.5,0.045037137,5.76,6.74,1669.75,1546.52,131.28,203.16,10920215,0.018590211,4.0,386388,1.049542764,11.92,9948.7728,0.187790661,40311.3,-0.005,44898.7,0.168917353,12856.97,3322.047,286.952,106.6,6643.626,0.014,0.708,73976.19863,856.424079,0.708,0.292,0.891477685,53636.0,226.2141565,8.5,3.8,549075.8,106.6,1.1,5.1,6.2,10.8,9.7,218.0,18.77206579,99.9,99.8,99.5,43.9,95.7,55.3,99.9,0.3,75.79,6.2,5.53,715.1,155.22,94.02,66.28,51.15,44.25,37.73,30.63,793.3195607,#!,1391.710938,89.0495,,,65.9,99.6,8180.755454,375.8,846.0,302.0,741.0,271.0,6943.0,565.0,0.45356,1240.0,269768.0,22.37,64.12,23587.0,230310.0
615,2011-09-08,111.29,14313.7,3.3,353.2,434.4,86.721,15.386,10.1,29.6304,41.2839,114.55,0.599708879,46308.5,0.045037137,5.76,6.74,1675.14,1556.46,131.41,205.19,10920215,0.018590211,4.0,386388,1.049542764,11.92,9948.7728,0.187790661,40311.3,-0.005,44898.7,0.168917353,12856.97,3322.047,286.952,106.6,6643.626,0.014,0.708,73976.19863,856.424079,0.708,0.292,0.891477685,53636.0,226.2141565,8.5,3.8,549075.8,106.6,1.1,5.1,6.2,10.8,9.7,218.0,18.77206579,99.9,99.8,99.5,43.9,95.7,55.3,99.9,0.3,75.79,6.2,5.53,715.1,155.22,94.02,66.28,51.15,44.25,37.73,30.63,793.3195607,#!,1391.710938,89.0495,,,65.9,99.6,8180.755454,375.8,846.0,302.0,741.0,271.0,6943.0,565.0,0.45356,1240.0,269768.0,22.37,64.12,23587.0,230310.0
616,2011-09-09,111.29,14313.7,3.3,353.2,434.4,86.721,15.386,10.1,30.0495,41.1192,112.77,0.599708879,46308.5,0.045037137,5.76,6.74,1625.29,1518.22,131.33,205.75,10920215,0.018590211,4.0,386388,1.049542764,11.92,9948.7728,0.187790661,40311.3,-0.005,44898.7,0.168917353,12856.97,3322.047,286.952,106.6,6643.626,0.014,0.708,73976.19863,856.424079,0.708,0.292,0.891477685,53636.0,226.2141565,8.5,3.8,549075.8,106.6,1.1,5.1,6.2,10.8,9.7,218.0,18.77206579,99.9,99.8,99.5,43.9,95.7,55.3,99.9,0.3,75.79,6.2,5.53,715.1,155.22,94.02,66.28,51.15,44.25,37.73,30.63,793.3195607,#!,1391.710938,89.0495,,,65.9,99.6,8180.755454,375.8,846.0,302.0,741.0,271.0,6943.0,565.0,0.45356,1240.0,269768.0,22.37,64.12,23587.0,230310.0
617,2011-09-10,111.29,14313.7,3.3,353.2,434.4,86.721,15.386,10.1,30.0495,41.1192,112.77,0.599708879,46308.5,0.045037137,5.76,6.74,1625.29,1518.22,131.33,205.75,10920215,0.018590211,4.0,386388,1.049542764,11.92,9948.7728,0.187790661,40311.3,-0.005,44898.7,0.168917353,12856.97,3322.047,286.952,106.6,6643.626,0.014,0.708,73976.19863,856.424079,0.708,0.292,0.891477685,53636.0,226.2141565,8.5,3.8,549075.8,106.6,1.1,5.1,6.2,10.8,9.7,218.0,18.77206579,99.9,99.8,99.5,43.9,95.7,55.3,99.9,0.3,75.79,6.2,5.53,715.1,155.22,94.02,66.28,51.15,44.25,37.73,30.63,793.3195607,#!,1391.710938,89.0495,,,65.9,99.6,8180.755454,375.8,846.0,302.0,741.0,271.0,6943.0,565.0,0.45356,1240.0,269768.0,22.37,64.12,23587.0,230310.0
618,2011-09-11,111.29,14313.7,3.3,353.2,434.4,86.721,15.386,10.1,30.0495,41.1192,112.77,0.599708879,46308.5,0.045037137,5.76,6.74,1625.29,1518.22,131.33,205.46,10920215,0.018590211,4.0,386388,1.049542764,11.92,9948.7728,0.187790661,40311.3,-0.005,44898.7,0.168917353,12856.97,3322.047,286.952,106.6,6643.626,0.014,0.708,73976.19863,856.424079,0.708,0.292,0.891477685,53636.0,226.2141565,8.5,3.8,549075.8,106.6,1.1,5.1,6.2,10.8,9.7,218.0,18.77206579,99.9,99.8,99.5,43.9,95.7,55.3,99.9,0.3,75.79,6.2,5.53,715.1,155.22,94.02,66.28,51.15,44.25,37.73,30.63,793.3195607,#!,1391.710938,89.0495,,,65.9,99.6,8180.755454,375.8,846.0,302.0,741.0,271.0,6943.0,565.0,0.45356,1240.0,269768.0,22.37,64.12,23587.0,230310.0
619,2011-09-12,111.29,14313.7,3.3,353.2,434.4,86.721,15.386,10.1,30.3381,41.2856,112.25,0.599708879,46308.5,0.045037137,5.76,6.74,1566.64,1493.19,131.3,205.99,10920215,0.018590211,4.0,386388,1.049542764,11.92,9948.7728,0.187790661,40311.3,-0.005,44898.7,0.168917353,12856.97,3322.047,286.952,106.6,6643.626,0.014,0.708,73976.19863,856.424079,0.708,0.292,0.891477685,53636.0,226.2141565,8.5,3.8,549075.8,106.6,1.1,5.1,6.2,10.8,9.7,218.0,18.77206579,99.9,99.8,99.5,43.9,95.7,55.3,99.9,0.3,75.79,6.2,5.53,715.1,155.22,94.02,66.28,51.15,44.25,37.73,30.63,793.3195607,#!,1391.710938,89.0495,,,65.9,99.6,8180.755454,375.8,846.0,302.0,741.0,271.0,6943.0,565.0,0.45356,1240.0,269768.0,22.37,64.12,23587.0,230310.0
620,2011-09-13,111.29,14313.7,3.3,353.2,434.4,86.721,15.386,10.1,30.2323,41.4451,111.89,0.599708879,46308.5,0.045037137,5.76,6.74,1572.0,1498.16,131.19,205.94,10920215,0.018590211,4.0,386388,1.049542764,11.92,9948.7728,0.187790661,40311.3,-0.005,44898.7,0.168917353,12856.97,3322.047,286.952,106.6,6643.626,0.014,0.708,73976.19863,856.424079,0.708,0.292,0.891477685,53636.0,226.2141565,8.5,3.8,549075.8,106.6,1.1,5.1,6.2,10.8,9.7,218.0,18.77206579,99.9,99.8,99.5,43.9,95.7,55.3,99.9,0.3,75.79,6.2,5.53,715.1,155.22,94.02,66.28,51.15,44.25,37.73,30.63,793.3195607,#!,1391.710938,89.0495,,,65.9,99.6,8180.755454,375.8,846.0,302.0,741.0,271.0,6943.0,565.0,0.45356,1240.0,269768.0,22.37,64.12,23587.0,230310.0
621,2011-09-14,111.29,14313.7,3.3,353.2,434.4,86.721,15.386,10.1,30.4699,41.7872,112.4,0.599708879,46308.5,0.045037137,5.76,6.74,1570.38,1504.92,131.03,205.93,10920215,0.018590211,4.0,386388,1.049542764,11.92,9948.7728,0.187790661,40311.3,-0.005,44898.7,0.168917353,12856.97,3322.047,286.952,106.6,6643.626,0.014,0.708,73976.19863,856.424079,0.708,0.292,0.891477685,53636.0,226.2141565,8.5,3.8,549075.8,106.6,1.1,5.1,6.2,10.8,9.7,218.0,18.77206579,99.9,99.8,99.5,43.9,95.7,55.3,99.9,0.3,75.79,6.2,5.53,715.1,155.22,94.02,66.28,51.15,44.25,37.73,30.63,793.3195607,#!,1391.710938,89.0495,,,65.9,99.6,8180.755454,375.8,846.0,302.0,741.0,271.0,6943.0,565.0,0.45356,1240.0,269768.0,22.37,64.12,23587.0,230310.0
622,2011-09-15,111.29,14313.7,3.3,353.2,434.4,86.721,15.386,10.1,30.41,42.1656,115.34,0.599708879,46308.5,0.045037137,5.76,6.74,1603.39,1525.28,130.5,205.8,10920215,0.018590211,4.0,386388,1.049542764,11.92,9948.7728,0.187790661,40311.3,-0.005,44898.7,0.168917353,12856.97,3322.047,286.952,106.6,6643.626,0.014,0.708,73976.19863,856.424079,0.708,0.292,0.891477685,53636.0,226.2141565,8.5,3.8,549075.8,106.6,1.1,5.1,6.2,10.8,9.7,218.0,18.77206579,99.9,99.8,99.5,43.9,95.7,55.3,99.9,0.3,75.79,6.2,5.53,715.1,155.22,94.02,66.28,51.15,44.25,37.73,30.63,793.3195607,#!,1391.710938,89.0495,,,65.9,99.6,8180.755454,375.8,846.0,302.0,741.0,271.0,6943.0,565.0,0.45356,1240.0,269768.0,22.37,64.12,23587.0,230310.0
623,2011-09-16,111.29,14313.7,3.3,353.2,434.4,86.721,15.386,10.1,30.5518,42.1544,112.22,0.599708879,46308.5,0.045037137,5.76,6.74,1574.94,1511.5,130.44,205.73,10920215,0.018590211,4.0,386388,1.049542764,11.92,9948.7728,0.187790661,40311.3,-0.005,44898.7,0.168917353,12856.97,3322.047,286.952,106.6,6643.626,0.014,0.708,73976.19863,856.424079,0.708,0.292,0.891477685,53636.0,226.2141565,8.5,3.8,549075.8,106.6,1.1,5.1,6.2,10.8,9.7,218.0,18.77206579,99.9,99.8,99.5,43.9,95.7,55.3,99.9,0.3,75.79,6.2,5.53,715.1,155.22,94.02,66.28,51.15,44.25,37.73,30.63,793.3195607,#!,1391.710938,89.0495,,,65.9,99.6,8180.755454,375.8,846.0,302.0,741.0,271.0,6943.0,565.0,0.45356,1240.0,269768.0,22.37,64.12,23587.0,230310.0
624,2011-09-17,111.29,14313.7,3.3,353.2,434.4,86.721,15.386,10.1,30.5518,42.1544,112.22,0.599708879,46308.5,0.045037137,5.76,6.74,1574.94,1511.5,130.44,205.73,10920215,0.018590211,4.0,386388,1.049542764,11.92,9948.7728,0.187790661,40311.3,-0.005,44898.7,0.168917353,12856.97,3322.047,286.952,106.6,6643.626,0.014,0.708,73976.19863,856.424079,0.708,0.292,0.891477685,53636.0,226.2141565,8.5,3.8,549075.8,106.6,1.1,5.1,6.2,10.8,9.7,218.0,18.77206579,99.9,99.8,99.5,43.9,95.7,55.3,99.9,0.3,75.79,6.2,5.53,715.1,155.22,94.02,66.28,51.15,44.25,37.73,30.63,793.3195607,#!,1391.710938,89.0495,,,65.9,99.6,8180.755454,375.8,846.0,302.0,741.0,271.0,6943.0,565.0,0.45356,1240.0,269768.0,22.37,64.12,23587.0,230310.0
625,2011-09-18,111.29,14313.7,3.3,353.2,434.4,86.721,15.386,10.1,30.5518,42.1544,112.22,0.599708879,46308.5,0.045037137,5.76,6.74,1574.94,1511.5,130.44,205.73,10920215,0.018590211,4.0,386388,1.049542764,11.92,9948.7728,0.187790661,40311.3,-0.005,44898.7,0.168917353,12856.97,3322.047,286.952,106.6,6643.626,0.014,0.708,73976.19863,856.424079,0.708,0.292,0.891477685,53636.0,226.2141565,8.5,3.8,549075.8,106.6,1.1,5.1,6.2,10.8,9.7,218.0,18.77206579,99.9,99.8,99.5,43.9,95.7,55.3,99.9,0.3,75.79,6.2,5.53,715.1,155.22,94.02,66.28,51.15,44.25,37.73,30.63,793.3195607,#!,1391.710938,89.0495,,,65.9,99.6,8180.755454,375.8,846.0,302.0,741.0,271.0,6943.0,565.0,0.45356,1240.0,269768.0,22.37,64.12,23587.0,230310.0
626,2011-09-19,111.29,14313.7,3.3,353.2,434.4,86.721,15.386,10.1,31.2841,42.6944,109.14,0.599708879,46308.5,0.045037137,5.76,6.74,1526.01,1493.19,129.84,205.8,10920215,0.018590211,4.0,386388,1.049542764,11.92,9948.7728,0.187790661,40311.3,-0.005,44898.7,0.168917353,12856.97,3322.047,286.952,106.6,6643.626,0.014,0.708,73976.19863,856.424079,0.708,0.292,0.891477685,53636.0,226.2141565,8.5,3.8,549075.8,106.6,1.1,5.1,6.2,10.8,9.7,218.0,18.77206579,99.9,99.8,99.5,43.9,95.7,55.3,99.9,0.3,75.79,6.2,5.53,715.1,155.22,94.02,66.28,51.15,44.25,37.73,30.63,793.3195607,#!,1391.710938,89.0495,,,65.9,99.6,8180.755454,375.8,846.0,302.0,741.0,271.0,6943.0,565.0,0.45356,1240.0,269768.0,22.37,64.12,23587.0,230310.0
627,2011-09-20,111.29,14313.7,3.3,353.2,434.4,86.721,15.386,10.1,31.375,42.9244,110.54,0.599708879,46308.5,0.045037137,5.76,6.74,1535.62,1519.95,129.36,205.54,10920215,0.018590211,4.0,386388,1.049542764,11.92,9948.7728,0.187790661,40311.3,-0.005,44898.7,0.168917353,12856.97,3322.047,286.952,106.6,6643.626,0.014,0.708,73976.19863,856.424079,0.708,0.292,0.891477685,53636.0,226.2141565,8.5,3.8,549075.8,106.6,1.1,5.1,6.2,10.8,9.7,218.0,18.77206579,99.9,99.8,99.5,43.9,95.7,55.3,99.9,0.3,75.79,6.2,5.53,715.1,155.22,94.02,66.28,51.15,44.25,37.73,30.63,793.3195607,#!,1391.710938,89.0495,,,65.9,99.6,8180.755454,375.8,846.0,302.0,741.0,271.0,6943.0,565.0,0.45356,1240.0,269768.0,22.37,64.12,23587.0,230310.0
628,2011-09-21,111.29,14313.7,3.3,353.2,434.4,86.721,15.386,10.1,31.4041,43.1669,110.36,0.599708879,46308.5,0.045037137,5.76,6.74,1518.64,1507.25,129.55,205.46,10920215,0.018590211,4.0,386388,1.049542764,11.92,9948.7728,0.187790661,40311.3,-0.005,44898.7,0.168917353,12856.97,3322.047,286.952,106.6,6643.626,0.014,0.708,73976.19863,856.424079,0.708,0.292,0.891477685,53636.0,226.2141565,8.5,3.8,549075.8,106.6,1.1,5.1,6.2,10.8,9.7,218.0,18.77206579,99.9,99.8,99.5,43.9,95.7,55.3,99.9,0.3,75.79,6.2,5.53,715.1,155.22,94.02,66.28,51.15,44.25,37.73,30.63,793.3195607,#!,1391.710938,89.0495,,,65.9,99.6,8180.755454,375.8,846.0,302.0,741.0,271.0,6943.0,565.0,0.45356,1240.0,269768.0,22.37,64.12,23587.0,230310.0
629,2011-09-22,111.29,14313.7,3.3,353.2,434.4,86.721,15.386,10.1,32.0984,43.3568,105.49,0.599708879,46308.5,0.045037137,5.76,6.74,1387.86,1389.43,128.72,205.12,10920215,0.018590211,4.0,386388,1.049542764,11.92,9948.7728,0.187790661,40311.3,-0.005,44898.7,0.168917353,12856.97,3322.047,286.952,106.6,6643.626,0.014,0.708,73976.19863,856.424079,0.708,0.292,0.891477685,53636.0,226.2141565,8.5,3.8,549075.8,106.6,1.1,5.1,6.2,10.8,9.7,218.0,18.77206579,99.9,99.8,99.5,43.9,95.7,55.3,99.9,0.3,75.79,6.2,5.53,715.1,155.22,94.02,66.28,51.15,44.25,37.73,30.63,793.3195607,#!,1391.710938,89.0495,,,65.9,99.6,8180.755454,375.8,846.0,302.0,741.0,271.0,6943.0,565.0,0.45356,1240.0,269768.0,22.37,64.12,23587.0,230310.0
630,2011-09-23,111.29,14313.7,3.3,353.2,434.4,86.721,15.386,10.1,32.0776,43.2046,103.97,0.599708879,46308.5,0.045037137,5.76,6.74,1315.95,1327.19,127.39,204.45,10920215,0.018590211,4.0,386388,1.049542764,11.92,9948.7728,0.187790661,40311.3,-0.005,44898.7,0.168917353,12856.97,3322.047,286.952,106.6,6643.626,0.014,0.708,73976.19863,856.424079,0.708,0.292,0.891477685,53636.0,226.2141565,8.5,3.8,549075.8,106.6,1.1,5.1,6.2,10.8,9.7,218.0,18.77206579,99.9,99.8,99.5,43.9,95.7,55.3,99.9,0.3,75.79,6.2,5.53,715.1,155.22,94.02,66.28,51.15,44.25,37.73,30.63,793.3195607,#!,1391.710938,89.0495,,,65.9,99.6,8180.755454,375.8,846.0,302.0,741.0,271.0,6943.0,565.0,0.45356,1240.0,269768.0,22.37,64.12,23587.0,230310.0
631,2011-09-24,111.29,14313.7,3.3,353.2,434.4,86.721,15.386,10.1,32.0776,43.2046,103.97,0.599708879,46308.5,0.045037137,5.76,6.74,1315.95,1327.19,127.39,204.45,10920215,0.018590211,4.0,386388,1.049542764,11.92,9948.7728,0.187790661,40311.3,-0.005,44898.7,0.168917353,12856.97,3322.047,286.952,106.6,6643.626,0.014,0.708,73976.19863,856.424079,0.708,0.292,0.891477685,53636.0,226.2141565,8.5,3.8,549075.8,106.6,1.1,5.1,6.2,10.8,9.7,218.0,18.77206579,99.9,99.8,99.5,43.9,95.7,55.3,99.9,0.3,75.79,6.2,5.53,715.1,155.22,94.02,66.28,51.15,44.25,37.73,30.63,793.3195607,#!,1391.710938,89.0495,,,65.9,99.6,8180.755454,375.8,846.0,302.0,741.0,271.0,6943.0,565.0,0.45356,1240.0,269768.0,22.37,64.12,23587.0,230310.0
632,2011-09-25,111.29,14313.7,3.3,353.2,434.4,86.721,15.386,10.1,32.0776,43.2046,103.97,0.599708879,46308.5,0.045037137,5.76,6.74,1315.95,1327.19,127.39,204.45,10920215,0.018590211,4.0,386388,1.049542764,11.92,9948.7728,0.187790661,40311.3,-0.005,44898.7,0.168917353,12856.97,3322.047,286.952,106.6,6643.626,0.014,0.708,73976.19863,856.424079,0.708,0.292,0.891477685,53636.0,226.2141565,8.5,3.8,549075.8,106.6,1.1,5.1,6.2,10.8,9.7,218.0,18.77206579,99.9,99.8,99.5,43.9,95.7,55.3,99.9,0.3,75.79,6.2,5.53,715.1,155.22,94.02,66.28,51.15,44.25,37.73,30.63,793.3195607,#!,1391.710938,89.0495,,,65.9,99.6,8180.755454,375.8,846.0,302.0,741.0,271.0,6943.0,565.0,0.45356,1240.0,269768.0,22.37,64.12,23587.0,230310.0
633,2011-09-26,111.29,14313.7,3.3,353.2,434.4,86.721,15.386,10.1,32.404,43.6354,103.94,0.599708879,46308.5,0.045037137,5.76,6.74,1315.25,1346.86,126.35,204.26,10920215,0.018590211,4.0,386388,1.049542764,11.92,9948.7728,0.187790661,40311.3,-0.005,44898.7,0.168917353,12856.97,3322.047,286.952,106.6,6643.626,0.014,0.708,73976.19863,856.424079,0.708,0.292,0.891477685,53636.0,226.2141565,8.5,3.8,549075.8,106.6,1.1,5.1,6.2,10.8,9.7,218.0,18.77206579,99.9,99.8,99.5,43.9,95.7,55.3,99.9,0.3,75.79,6.2,5.53,715.1,155.22,94.02,66.28,51.15,44.25,37.73,30.63,793.3195607,#!,1391.710938,89.0495,,,65.9,99.6,8180.755454,375.8,846.0,302.0,741.0,271.0,6943.0,565.0,0.45356,1240.0,269768.0,22.37,64.12,23587.0,230310.0
634,2011-09-27,111.29,14313.7,3.3,353.2,434.4,86.721,15.386,10.1,31.6992,43.0939,107.14,0.599708879,46308.5,0.045037137,5.76,6.74,1369.93,1380.42,126.84,204.13,10920215,0.018590211,4.0,386388,1.049542764,11.92,9948.7728,0.187790661,40311.3,-0.005,44898.7,0.168917353,12856.97,3322.047,286.952,106.6,6643.626,0.014,0.708,73976.19863,856.424079,0.708,0.292,0.891477685,53636.0,226.2141565,8.5,3.8,549075.8,106.6,1.1,5.1,6.2,10.8,9.7,218.0,18.77206579,99.9,99.8,99.5,43.9,95.7,55.3,99.9,0.3,75.79,6.2,5.53,715.1,155.22,94.02,66.28,51.15,44.25,37.73,30.63,793.3195607,#!,1391.710938,89.0495,,,65.9,99.6,8180.755454,375.8,846.0,302.0,741.0,271.0,6943.0,565.0,0.45356,1240.0,269768.0,22.37,64.12,23587.0,230310.0
635,2011-09-28,111.29,14313.7,3.3,353.2,434.4,86.721,15.386,10.1,31.715,43.19,103.81,0.599708879,46308.5,0.045037137,5.76,6.74,1367.37,1377.87,128.19,203.82,10920215,0.018590211,4.0,386388,1.049542764,11.92,9948.7728,0.187790661,40311.3,-0.005,44898.7,0.168917353,12856.97,3322.047,286.952,106.6,6643.626,0.014,0.708,73976.19863,856.424079,0.708,0.292,0.891477685,53636.0,226.2141565,8.5,3.8,549075.8,106.6,1.1,5.1,6.2,10.8,9.7,218.0,18.77206579,99.9,99.8,99.5,43.9,95.7,55.3,99.9,0.3,75.79,6.2,5.53,715.1,155.22,94.02,66.28,51.15,44.25,37.73,30.63,793.3195607,#!,1391.710938,89.0495,,,65.9,99.6,8180.755454,375.8,846.0,302.0,741.0,271.0,6943.0,565.0,0.45356,1240.0,269768.0,22.37,64.12,23587.0,230310.0
636,2011-09-29,111.29,14313.7,3.3,353.2,434.4,86.721,15.386,10.1,31.9553,43.3974,103.95,0.599708879,46308.5,0.045037137,5.76,6.74,1389.14,1407.71,128.26,204.4,10920215,0.018590211,4.0,386388,1.049542764,11.92,9948.7728,0.187790661,40311.3,-0.005,44898.7,0.168917353,12856.97,3322.047,286.952,106.6,6643.626,0.014,0.708,73976.19863,856.424079,0.708,0.292,0.891477685,53636.0,226.2141565,8.5,3.8,549075.8,106.6,1.1,5.1,6.2,10.8,9.7,218.0,18.77206579,99.9,99.8,99.5,43.9,95.7,55.3,99.9,0.3,75.79,6.2,5.53,715.1,155.22,94.02,66.28,51.15,44.25,37.73,30.63,793.3195607,#!,1391.710938,89.0495,,,65.9,99.6,8180.755454,375.8,846.0,302.0,741.0,271.0,6943.0,565.0,0.45356,1240.0,269768.0,22.37,64.12,23587.0,230310.0
637,2011-09-30,111.29,14313.7,3.3,353.2,434.4,86.721,15.386,10.1,32.184,43.2804,102.76,0.599708879,46308.5,0.045037137,5.76,6.74,1341.09,1366.54,128.65,204.21,10920215,0.018590211,4.0,386388,1.049542764,11.92,9948.7728,0.187790661,40311.3,-0.005,44898.7,0.168917353,12856.97,3322.047,286.952,106.6,6643.626,0.014,0.708,73976.19863,856.424079,0.708,0.292,0.891477685,53636.0,226.2141565,8.5,3.8,549075.8,106.6,1.1,5.1,6.2,10.8,9.7,218.0,18.77206579,99.9,99.8,99.5,43.9,95.7,55.3,99.9,0.3,75.79,6.2,5.53,715.1,155.22,94.02,66.28,51.15,44.25,37.73,30.63,793.3195607,#!,1391.710938,89.0495,,,65.9,99.6,8180.755454,375.8,846.0,302.0,741.0,271.0,6943.0,565.0,0.45356,1240.0,269768.0,22.37,64.12,23587.0,230310.0
638,2011-10-01,108.24,15663.6,5.0,353.0,436.5,86.721,17.199,18.1,32.184,43.2804,102.76,0.447361777,46308.5,0.045037137,5.96,6.65,1341.09,1366.54,128.65,204.21,10920215,0.018590211,4.5,452674,1.030292429,11.57,9948.7728,0.187790661,44388.0,-0.005,44898.7,0.168917353,12922.97,3322.047,286.952,106.6,6643.626,0.014,0.708,73976.19863,856.424079,0.708,0.292,0.891477685,53636.0,226.2141565,8.5,3.8,549075.8,106.6,1.1,5.1,6.2,10.8,9.7,218.0,18.77206579,99.9,99.8,99.5,43.9,95.7,55.3,99.9,0.3,75.79,6.2,5.53,715.1,151.68,81.5,63.84,52.25,43.46,38.1,31.11,793.3195607,#!,1391.710938,89.0495,,,65.9,99.6,8180.755454,375.8,846.0,302.0,741.0,271.0,6943.0,565.0,0.45356,1240.0,269768.0,22.37,64.12,23587.0,230310.0
639,2011-10-02,108.24,15663.6,5.0,353.0,436.5,86.721,17.199,18.1,32.184,43.2804,102.76,0.447361777,46308.5,0.045037137,5.96,6.65,1341.09,1366.54,128.65,196.94,10920215,0.018590211,4.5,452674,1.030292429,11.57,9948.7728,0.187790661,44388.0,-0.005,44898.7,0.168917353,12922.97,3322.047,286.952,106.6,6643.626,0.014,0.708,73976.19863,856.424079,0.708,0.292,0.891477685,53636.0,226.2141565,8.5,3.8,549075.8,106.6,1.1,5.1,6.2,10.8,9.7,218.0,18.77206579,99.9,99.8,99.5,43.9,95.7,55.3,99.9,0.3,75.79,6.2,5.53,715.1,151.68,81.5,63.84,52.25,43.46,38.1,31.11,793.3195607,#!,1391.710938,89.0495,,,65.9,99.6,8180.755454,375.8,846.0,302.0,741.0,271.0,6943.0,565.0,0.45356,1240.0,269768.0,22.37,64.12,23587.0,230310.0
640,2011-10-03,108.24,15663.6,5.0,353.0,436.5,86.721,17.199,18.1,32.5662,43.2109,101.71,0.447361777,46308.5,0.045037137,5.96,6.65,1291.7,1344.66,127.6,198.22,10920215,0.018590211,4.5,452674,1.030292429,11.57,9948.7728,0.187790661,44388.0,-0.005,44898.7,0.168917353,12922.97,3322.047,286.952,106.6,6643.626,0.014,0.708,73976.19863,856.424079,0.708,0.292,0.891477685,53636.0,226.2141565,8.5,3.8,549075.8,106.6,1.1,5.1,6.2,10.8,9.7,218.0,18.77206579,99.9,99.8,99.5,43.9,95.7,55.3,99.9,0.3,75.79,6.2,5.53,715.1,151.68,81.5,63.84,52.25,43.46,38.1,31.11,793.3195607,#!,1391.710938,89.0495,,,65.9,99.6,8180.755454,375.8,846.0,302.0,741.0,271.0,6943.0,565.0,0.45356,1240.0,269768.0,22.37,64.12,23587.0,230310.0
641,2011-10-04,108.24,15663.6,5.0,353.0,436.5,86.721,17.199,18.1,32.7211,43.4353,99.79,0.447361777,46308.5,0.045037137,5.96,6.65,1224.92,1267.77,126.69,198.22,10920215,0.018590211,4.5,452674,1.030292429,11.57,9948.7728,0.187790661,44388.0,-0.005,44898.7,0.168917353,12922.97,3322.047,286.952,106.6,6643.626,0.014,0.708,73976.19863,856.424079,0.708,0.292,0.891477685,53636.0,226.2141565,8.5,3.8,549075.8,106.6,1.1,5.1,6.2,10.8,9.7,218.0,18.77206579,99.9,99.8,99.5,43.9,95.7,55.3,99.9,0.3,75.79,6.2,5.53,715.1,151.68,81.5,63.84,52.25,43.46,38.1,31.11,793.3195607,#!,1391.710938,89.0495,,,65.9,99.6,8180.755454,375.8,846.0,302.0,741.0,271.0,6943.0,565.0,0.45356,1240.0,269768.0,22.37,64.12,23587.0,230310.0
642,2011-10-05,108.24,15663.6,5.0,353.0,436.5,86.721,17.199,18.1,32.5551,43.334,102.73,0.447361777,46308.5,0.045037137,5.96,6.65,1217.21,1265.67,126.61,201.82,10920215,0.018590211,4.5,452674,1.030292429,11.57,9948.7728,0.187790661,44388.0,-0.005,44898.7,0.168917353,12922.97,3322.047,286.952,106.6,6643.626,0.014,0.708,73976.19863,856.424079,0.708,0.292,0.891477685,53636.0,226.2141565,8.5,3.8,549075.8,106.6,1.1,5.1,6.2,10.8,9.7,218.0,18.77206579,99.9,99.8,99.5,43.9,95.7,55.3,99.9,0.3,75.79,6.2,5.53,715.1,151.68,81.5,63.84,52.25,43.46,38.1,31.11,793.3195607,#!,1391.710938,89.0495,,,65.9,99.6,8180.755454,375.8,846.0,302.0,741.0,271.0,6943.0,565.0,0.45356,1240.0,269768.0,22.37,64.12,23587.0,230310.0
643,2011-10-06,108.24,15663.6,5.0,353.0,436.5,86.721,17.199,18.1,32.3778,43.3501,105.73,0.447361777,46308.5,0.045037137,5.96,6.65,1271.71,1318.29,127.41,203.29,10920215,0.018590211,4.5,452674,1.030292429,11.57,9948.7728,0.187790661,44388.0,-0.005,44898.7,0.168917353,12922.97,3322.047,286.952,106.6,6643.626,0.014,0.708,73976.19863,856.424079,0.708,0.292,0.891477685,53636.0,226.2141565,8.5,3.8,549075.8,106.6,1.1,5.1,6.2,10.8,9.7,218.0,18.77206579,99.9,99.8,99.5,43.9,95.7,55.3,99.9,0.3,75.79,6.2,5.53,715.1,151.68,81.5,63.84,52.25,43.46,38.1,31.11,793.3195607,#!,1391.710938,89.0495,,,65.9,99.6,8180.755454,375.8,846.0,302.0,741.0,271.0,6943.0,565.0,0.45356,1240.0,269768.0,22.37,64.12,23587.0,230310.0
644,2011-10-07,108.24,15663.6,5.0,353.0,436.5,86.721,17.199,18.1,32.3443,43.0438,105.88,0.447361777,46308.5,0.045037137,5.96,6.65,1311.91,1351.42,127.9,203.29,10920215,0.018590211,4.5,452674,1.030292429,11.57,9948.7728,0.187790661,44388.0,-0.005,44898.7,0.168917353,12922.97,3322.047,286.952,106.6,6643.626,0.014,0.708,73976.19863,856.424079,0.708,0.292,0.891477685,53636.0,226.2141565,8.5,3.8,549075.8,106.6,1.1,5.1,6.2,10.8,9.7,218.0,18.77206579,99.9,99.8,99.5,43.9,95.7,55.3,99.9,0.3,75.79,6.2,5.53,715.1,151.68,81.5,63.84,52.25,43.46,38.1,31.11,793.3195607,#!,1391.710938,89.0495,,,65.9,99.6,8180.755454,375.8,846.0,302.0,741.0,271.0,6943.0,565.0,0.45356,1240.0,269768.0,22.37,64.12,23587.0,230310.0
645,2011-10-08,108.24,15663.6,5.0,353.0,436.5,86.721,17.199,18.1,32.3443,43.0438,105.88,0.447361777,46308.5,0.045037137,5.96,6.65,1311.91,1351.42,127.9,205.03,10920215,0.018590211,4.5,452674,1.030292429,11.57,9948.7728,0.187790661,44388.0,-0.005,44898.7,0.168917353,12922.97,3322.047,286.952,106.6,6643.626,0.014,0.708,73976.19863,856.424079,0.708,0.292,0.891477685,53636.0,226.2141565,8.5,3.8,549075.8,106.6,1.1,5.1,6.2,10.8,9.7,218.0,18.77206579,99.9,99.8,99.5,43.9,95.7,55.3,99.9,0.3,75.79,6.2,5.53,715.1,151.68,81.5,63.84,52.25,43.46,38.1,31.11,793.3195607,#!,1391.710938,89.0495,,,65.9,99.6,8180.755454,375.8,846.0,302.0,741.0,271.0,6943.0,565.0,0.45356,1240.0,269768.0,22.37,64.12,23587.0,230310.0
646,2011-10-09,108.24,15663.6,5.0,353.0,436.5,86.721,17.199,18.1,32.3443,43.0438,105.88,0.447361777,46308.5,0.045037137,5.96,6.65,1311.91,1351.42,127.9,205.03,10920215,0.018590211,4.5,452674,1.030292429,11.57,9948.7728,0.187790661,44388.0,-0.005,44898.7,0.168917353,12922.97,3322.047,286.952,106.6,6643.626,0.014,0.708,73976.19863,856.424079,0.708,0.292,0.891477685,53636.0,226.2141565,8.5,3.8,549075.8,106.6,1.1,5.1,6.2,10.8,9.7,218.0,18.77206579,99.9,99.8,99.5,43.9,95.7,55.3,99.9,0.3,75.79,6.2,5.53,715.1,151.68,81.5,63.84,52.25,43.46,38.1,31.11,793.3195607,#!,1391.710938,89.0495,,,65.9,99.6,8180.755454,375.8,846.0,302.0,741.0,271.0,6943.0,565.0,0.45356,1240.0,269768.0,22.37,64.12,23587.0,230310.0
647,2011-10-10,108.24,15663.6,5.0,353.0,436.5,86.721,17.199,18.1,31.5611,43.1144,108.95,0.447361777,46308.5,0.045037137,5.96,6.65,1365.73,1380.86,128.27,203.43,10920215,0.018590211,4.5,452674,1.030292429,11.57,9948.7728,0.187790661,44388.0,-0.005,44898.7,0.168917353,12922.97,3322.047,286.952,106.6,6643.626,0.014,0.708,73976.19863,856.424079,0.708,0.292,0.891477685,53636.0,226.2141565,8.5,3.8,549075.8,106.6,1.1,5.1,6.2,10.8,9.7,218.0,18.77206579,99.9,99.8,99.5,43.9,95.7,55.3,99.9,0.3,75.79,6.2,5.53,715.1,151.68,81.5,63.84,52.25,43.46,38.1,31.11,793.3195607,#!,1391.710938,89.0495,,,65.9,99.6,8180.755454,375.8,846.0,302.0,741.0,271.0,6943.0,565.0,0.45356,1240.0,269768.0,22.37,64.12,23587.0,230310.0
648,2011-10-11,108.24,15663.6,5.0,353.0,436.5,86.721,17.199,18.1,31.545,43.0199,110.73,0.447361777,46308.5,0.045037137,5.96,6.65,1355.21,1364.06,128.43,205.47,10920215,0.018590211,4.5,452674,1.030292429,11.57,9948.7728,0.187790661,44388.0,-0.005,44898.7,0.168917353,12922.97,3322.047,286.952,106.6,6643.626,0.014,0.708,73976.19863,856.424079,0.708,0.292,0.891477685,53636.0,226.2141565,8.5,3.8,549075.8,106.6,1.1,5.1,6.2,10.8,9.7,218.0,18.77206579,99.9,99.8,99.5,43.9,95.7,55.3,99.9,0.3,75.79,6.2,5.53,715.1,151.68,81.5,63.84,52.25,43.46,38.1,31.11,793.3195607,#!,1391.710938,89.0495,,,65.9,99.6,8180.755454,375.8,846.0,302.0,741.0,271.0,6943.0,565.0,0.45356,1240.0,269768.0,22.37,64.12,23587.0,230310.0
649,2011-10-12,108.24,15663.6,5.0,353.0,436.5,86.721,17.199,18.1,31.1048,42.9585,111.36,0.447361777,46308.5,0.045037137,5.96,6.65,1407.77,1396.51,128.61,205.47,10920215,0.018590211,4.5,452674,1.030292429,11.57,9948.7728,0.187790661,44388.0,-0.005,44898.7,0.168917353,12922.97,3322.047,286.952,106.6,6643.626,0.014,0.708,73976.19863,856.424079,0.708,0.292,0.891477685,53636.0,226.2141565,8.5,3.8,549075.8,106.6,1.1,5.1,6.2,10.8,9.7,218.0,18.77206579,99.9,99.8,99.5,43.9,95.7,55.3,99.9,0.3,75.79,6.2,5.53,715.1,151.68,81.5,63.84,52.25,43.46,38.1,31.11,793.3195607,#!,1391.710938,89.0495,,,65.9,99.6,8180.755454,375.8,846.0,302.0,741.0,271.0,6943.0,565.0,0.45356,1240.0,269768.0,22.37,64.12,23587.0,230310.0
650,2011-10-13,108.24,15663.6,5.0,353.0,436.5,86.721,17.199,18.1,31.211,42.8987,111.11,0.447361777,46308.5,0.045037137,5.96,6.65,1396.27,1388.77,128.34,204.18,10920215,0.018590211,4.5,452674,1.030292429,11.57,9948.7728,0.187790661,44388.0,-0.005,44898.7,0.168917353,12922.97,3322.047,286.952,106.6,6643.626,0.014,0.708,73976.19863,856.424079,0.708,0.292,0.891477685,53636.0,226.2141565,8.5,3.8,549075.8,106.6,1.1,5.1,6.2,10.8,9.7,218.0,18.77206579,99.9,99.8,99.5,43.9,95.7,55.3,99.9,0.3,75.79,6.2,5.53,715.1,151.68,81.5,63.84,52.25,43.46,38.1,31.11,793.3195607,#!,1391.710938,89.0495,,,65.9,99.6,8180.755454,375.8,846.0,302.0,741.0,271.0,6943.0,565.0,0.45356,1240.0,269768.0,22.37,64.12,23587.0,230310.0
651,2011-10-14,108.24,15663.6,5.0,353.0,436.5,86.721,17.199,18.1,30.8775,42.7476,114.68,0.447361777,46308.5,0.045037137,5.96,6.65,1449.28,1431.92,128.34,204.28,10920215,0.018590211,4.5,452674,1.030292429,11.57,9948.7728,0.187790661,44388.0,-0.005,44898.7,0.168917353,12922.97,3322.047,286.952,106.6,6643.626,0.014,0.708,73976.19863,856.424079,0.708,0.292,0.891477685,53636.0,226.2141565,8.5,3.8,549075.8,106.6,1.1,5.1,6.2,10.8,9.7,218.0,18.77206579,99.9,99.8,99.5,43.9,95.7,55.3,99.9,0.3,75.79,6.2,5.53,715.1,151.68,81.5,63.84,52.25,43.46,38.1,31.11,793.3195607,#!,1391.710938,89.0495,,,65.9,99.6,8180.755454,375.8,846.0,302.0,741.0,271.0,6943.0,565.0,0.45356,1240.0,269768.0,22.37,64.12,23587.0,230310.0
652,2011-10-15,108.24,15663.6,5.0,353.0,436.5,86.721,17.199,18.1,30.8775,42.7476,114.68,0.447361777,46308.5,0.045037137,5.96,6.65,1449.28,1431.92,128.34,204.28,10920215,0.018590211,4.5,452674,1.030292429,11.57,9948.7728,0.187790661,44388.0,-0.005,44898.7,0.168917353,12922.97,3322.047,286.952,106.6,6643.626,0.014,0.708,73976.19863,856.424079,0.708,0.292,0.891477685,53636.0,226.2141565,8.5,3.8,549075.8,106.6,1.1,5.1,6.2,10.8,9.7,218.0,18.77206579,99.9,99.8,99.5,43.9,95.7,55.3,99.9,0.3,75.79,6.2,5.53,715.1,151.68,81.5,63.84,52.25,43.46,38.1,31.11,793.3195607,#!,1391.710938,89.0495,,,65.9,99.6,8180.755454,375.8,846.0,302.0,741.0,271.0,6943.0,565.0,0.45356,1240.0,269768.0,22.37,64.12,23587.0,230310.0
653,2011-10-16,108.24,15663.6,5.0,353.0,436.5,86.721,17.199,18.1,30.8775,42.7476,114.68,0.447361777,46308.5,0.045037137,5.96,6.65,1449.28,1431.92,128.34,204.28,10920215,0.018590211,4.5,452674,1.030292429,11.57,9948.7728,0.187790661,44388.0,-0.005,44898.7,0.168917353,12922.97,3322.047,286.952,106.6,6643.626,0.014,0.708,73976.19863,856.424079,0.708,0.292,0.891477685,53636.0,226.2141565,8.5,3.8,549075.8,106.6,1.1,5.1,6.2,10.8,9.7,218.0,18.77206579,99.9,99.8,99.5,43.9,95.7,55.3,99.9,0.3,75.79,6.2,5.53,715.1,151.68,81.5,63.84,52.25,43.46,38.1,31.11,793.3195607,#!,1391.710938,89.0495,,,65.9,99.6,8180.755454,375.8,846.0,302.0,741.0,271.0,6943.0,565.0,0.45356,1240.0,269768.0,22.37,64.12,23587.0,230310.0
654,2011-10-17,108.24,15663.6,5.0,353.0,436.5,86.721,17.199,18.1,30.9135,42.5819,110.16,0.447361777,46308.5,0.045037137,5.96,6.65,1427.31,1403.05,128.49,204.36,10920215,0.018590211,4.5,452674,1.030292429,11.57,9948.7728,0.187790661,44388.0,-0.005,44898.7,0.168917353,12922.97,3322.047,286.952,106.6,6643.626,0.014,0.708,73976.19863,856.424079,0.708,0.292,0.891477685,53636.0,226.2141565,8.5,3.8,549075.8,106.6,1.1,5.1,6.2,10.8,9.7,218.0,18.77206579,99.9,99.8,99.5,43.9,95.7,55.3,99.9,0.3,75.79,6.2,5.53,715.1,151.68,81.5,63.84,52.25,43.46,38.1,31.11,793.3195607,#!,1391.710938,89.0495,,,65.9,99.6,8180.755454,375.8,846.0,302.0,741.0,271.0,6943.0,565.0,0.45356,1240.0,269768.0,22.37,64.12,23587.0,230310.0
655,2011-10-18,108.24,15663.6,5.0,353.0,436.5,86.721,17.199,18.1,31.1585,42.8112,111.15,0.447361777,46308.5,0.045037137,5.96,6.65,1427.26,1425.24,128.05,204.35,10920215,0.018590211,4.5,452674,1.030292429,11.57,9948.7728,0.187790661,44388.0,-0.005,44898.7,0.168917353,12922.97,3322.047,286.952,106.6,6643.626,0.014,0.708,73976.19863,856.424079,0.708,0.292,0.891477685,53636.0,226.2141565,8.5,3.8,549075.8,106.6,1.1,5.1,6.2,10.8,9.7,218.0,18.77206579,99.9,99.8,99.5,43.9,95.7,55.3,99.9,0.3,75.79,6.2,5.53,715.1,151.68,81.5,63.84,52.25,43.46,38.1,31.11,793.3195607,#!,1391.710938,89.0495,,,65.9,99.6,8180.755454,375.8,846.0,302.0,741.0,271.0,6943.0,565.0,0.45356,1240.0,269768.0,22.37,64.12,23587.0,230310.0
656,2011-10-19,108.24,15663.6,5.0,353.0,436.5,86.721,17.199,18.1,31.0175,42.7579,108.39,0.447361777,46308.5,0.045037137,5.96,6.65,1438.63,1420.5,128.24,204.42,10920215,0.018590211,4.5,452674,1.030292429,11.57,9948.7728,0.187790661,44388.0,-0.005,44898.7,0.168917353,12922.97,3322.047,286.952,106.6,6643.626,0.014,0.708,73976.19863,856.424079,0.708,0.292,0.891477685,53636.0,226.2141565,8.5,3.8,549075.8,106.6,1.1,5.1,6.2,10.8,9.7,218.0,18.77206579,99.9,99.8,99.5,43.9,95.7,55.3,99.9,0.3,75.79,6.2,5.53,715.1,151.68,81.5,63.84,52.25,43.46,38.1,31.11,793.3195607,#!,1391.710938,89.0495,,,65.9,99.6,8180.755454,375.8,846.0,302.0,741.0,271.0,6943.0,565.0,0.45356,1240.0,269768.0,22.37,64.12,23587.0,230310.0
657,2011-10-20,108.24,15663.6,5.0,353.0,436.5,86.721,17.199,18.1,31.51,43.1762,109.76,0.447361777,46308.5,0.045037137,5.96,6.65,1423.03,1418.85,128.12,204.24,10920215,0.018590211,4.5,452674,1.030292429,11.57,9948.7728,0.187790661,44388.0,-0.005,44898.7,0.168917353,12922.97,3322.047,286.952,106.6,6643.626,0.014,0.708,73976.19863,856.424079,0.708,0.292,0.891477685,53636.0,226.2141565,8.5,3.8,549075.8,106.6,1.1,5.1,6.2,10.8,9.7,218.0,18.77206579,99.9,99.8,99.5,43.9,95.7,55.3,99.9,0.3,75.79,6.2,5.53,715.1,151.68,81.5,63.84,52.25,43.46,38.1,31.11,793.3195607,#!,1391.710938,89.0495,,,65.9,99.6,8180.755454,375.8,846.0,302.0,741.0,271.0,6943.0,565.0,0.45356,1240.0,269768.0,22.37,64.12,23587.0,230310.0
658,2011-10-21,108.24,15663.6,5.0,353.0,436.5,86.721,17.199,18.1,31.0985,43.094,109.56,0.447361777,46308.5,0.045037137,5.96,6.65,1456.73,1447.01,128.16,204.16,10920215,0.018590211,4.5,452674,1.030292429,11.57,9948.7728,0.187790661,44388.0,-0.005,44898.7,0.168917353,12922.97,3322.047,286.952,106.6,6643.626,0.014,0.708,73976.19863,856.424079,0.708,0.292,0.891477685,53636.0,226.2141565,8.5,3.8,549075.8,106.6,1.1,5.1,6.2,10.8,9.7,218.0,18.77206579,99.9,99.8,99.5,43.9,95.7,55.3,99.9,0.3,75.79,6.2,5.53,715.1,151.68,81.5,63.84,52.25,43.46,38.1,31.11,793.3195607,#!,1391.710938,89.0495,,,65.9,99.6,8180.755454,375.8,846.0,302.0,741.0,271.0,6943.0,565.0,0.45356,1240.0,269768.0,22.37,64.12,23587.0,230310.0
659,2011-10-22,108.24,15663.6,5.0,353.0,436.5,86.721,17.199,18.1,31.0985,43.094,109.56,0.447361777,46308.5,0.045037137,5.96,6.65,1456.73,1447.01,128.16,204.16,10920215,0.018590211,4.5,452674,1.030292429,11.57,9948.7728,0.187790661,44388.0,-0.005,44898.7,0.168917353,12922.97,3322.047,286.952,106.6,6643.626,0.014,0.708,73976.19863,856.424079,0.708,0.292,0.891477685,53636.0,226.2141565,8.5,3.8,549075.8,106.6,1.1,5.1,6.2,10.8,9.7,218.0,18.77206579,99.9,99.8,99.5,43.9,95.7,55.3,99.9,0.3,75.79,6.2,5.53,715.1,151.68,81.5,63.84,52.25,43.46,38.1,31.11,793.3195607,#!,1391.710938,89.0495,,,65.9,99.6,8180.755454,375.8,846.0,302.0,741.0,271.0,6943.0,565.0,0.45356,1240.0,269768.0,22.37,64.12,23587.0,230310.0
660,2011-10-23,108.24,15663.6,5.0,353.0,436.5,86.721,17.199,18.1,31.0985,43.094,109.56,0.447361777,46308.5,0.045037137,5.96,6.65,1456.73,1447.01,128.16,204.16,10920215,0.018590211,4.5,452674,1.030292429,11.57,9948.7728,0.187790661,44388.0,-0.005,44898.7,0.168917353,12922.97,3322.047,286.952,106.6,6643.626,0.014,0.708,73976.19863,856.424079,0.708,0.292,0.891477685,53636.0,226.2141565,8.5,3.8,549075.8,106.6,1.1,5.1,6.2,10.8,9.7,218.0,18.77206579,99.9,99.8,99.5,43.9,95.7,55.3,99.9,0.3,75.79,6.2,5.53,715.1,151.68,81.5,63.84,52.25,43.46,38.1,31.11,793.3195607,#!,1391.710938,89.0495,,,65.9,99.6,8180.755454,375.8,846.0,302.0,741.0,271.0,6943.0,565.0,0.45356,1240.0,269768.0,22.37,64.12,23587.0,230310.0
661,2011-10-24,108.24,15663.6,5.0,353.0,436.5,86.721,17.199,18.1,30.5906,42.5538,111.45,0.447361777,46308.5,0.045037137,5.96,6.65,1508.82,1482.81,128.37,204.36,10920215,0.018590211,4.5,452674,1.030292429,11.57,9948.7728,0.187790661,44388.0,-0.005,44898.7,0.168917353,12922.97,3322.047,286.952,106.6,6643.626,0.014,0.708,73976.19863,856.424079,0.708,0.292,0.891477685,53636.0,226.2141565,8.5,3.8,549075.8,106.6,1.1,5.1,6.2,10.8,9.7,218.0,18.77206579,99.9,99.8,99.5,43.9,95.7,55.3,99.9,0.3,75.79,6.2,5.53,715.1,151.68,81.5,63.84,52.25,43.46,38.1,31.11,793.3195607,#!,1391.710938,89.0495,,,65.9,99.6,8180.755454,375.8,846.0,302.0,741.0,271.0,6943.0,565.0,0.45356,1240.0,269768.0,22.37,64.12,23587.0,230310.0
662,2011-10-25,108.24,15663.6,5.0,353.0,436.5,86.721,17.199,18.1,30.5077,42.4726,110.92,0.447361777,46308.5,0.045037137,5.96,6.65,1500.05,1462.17,128.62,204.36,10920215,0.018590211,4.5,452674,1.030292429,11.57,9948.7728,0.187790661,44388.0,-0.005,44898.7,0.168917353,12922.97,3322.047,286.952,106.6,6643.626,0.014,0.708,73976.19863,856.424079,0.708,0.292,0.891477685,53636.0,226.2141565,8.5,3.8,549075.8,106.6,1.1,5.1,6.2,10.8,9.7,218.0,18.77206579,99.9,99.8,99.5,43.9,95.7,55.3,99.9,0.3,75.79,6.2,5.53,715.1,151.68,81.5,63.84,52.25,43.46,38.1,31.11,793.3195607,#!,1391.710938,89.0495,,,65.9,99.6,8180.755454,375.8,846.0,302.0,741.0,271.0,6943.0,565.0,0.45356,1240.0,269768.0,22.37,64.12,23587.0,230310.0
663,2011-10-26,108.24,15663.6,5.0,353.0,436.5,86.721,17.199,18.1,30.6963,42.4584,108.91,0.447361777,46308.5,0.045037137,5.96,6.65,1530.11,1499.79,128.77,204.24,10920215,0.018590211,4.5,452674,1.030292429,11.57,9948.7728,0.187790661,44388.0,-0.005,44898.7,0.168917353,12922.97,3322.047,286.952,106.6,6643.626,0.014,0.708,73976.19863,856.424079,0.708,0.292,0.891477685,53636.0,226.2141565,8.5,3.8,549075.8,106.6,1.1,5.1,6.2,10.8,9.7,218.0,18.77206579,99.9,99.8,99.5,43.9,95.7,55.3,99.9,0.3,75.79,6.2,5.53,715.1,151.68,81.5,63.84,52.25,43.46,38.1,31.11,793.3195607,#!,1391.710938,89.0495,,,65.9,99.6,8180.755454,375.8,846.0,302.0,741.0,271.0,6943.0,565.0,0.45356,1240.0,269768.0,22.37,64.12,23587.0,230310.0
664,2011-10-27,108.24,15663.6,5.0,353.0,436.5,86.721,17.199,18.1,29.9142,42.3777,112.08,0.447361777,46308.5,0.045037137,5.96,6.65,1592.93,1525.52,129.71,204.61,10920215,0.018590211,4.5,452674,1.030292429,11.57,9948.7728,0.187790661,44388.0,-0.005,44898.7,0.168917353,12922.97,3322.047,286.952,106.6,6643.626,0.014,0.708,73976.19863,856.424079,0.708,0.292,0.891477685,53636.0,226.2141565,8.5,3.8,549075.8,106.6,1.1,5.1,6.2,10.8,9.7,218.0,18.77206579,99.9,99.8,99.5,43.9,95.7,55.3,99.9,0.3,75.79,6.2,5.53,715.1,151.68,81.5,63.84,52.25,43.46,38.1,31.11,793.3195607,#!,1391.710938,89.0495,,,65.9,99.6,8180.755454,375.8,846.0,302.0,741.0,271.0,6943.0,565.0,0.45356,1240.0,269768.0,22.37,64.12,23587.0,230310.0
665,2011-10-28,108.24,15663.6,5.0,353.0,436.5,86.721,17.199,18.1,29.8082,42.1308,109.91,0.447361777,46308.5,0.045037137,5.96,6.65,1610.32,1526.57,130.05,204.88,10920215,0.018590211,4.5,452674,1.030292429,11.57,9948.7728,0.187790661,44388.0,-0.005,44898.7,0.168917353,12922.97,3322.047,286.952,106.6,6643.626,0.014,0.708,73976.19863,856.424079,0.708,0.292,0.891477685,53636.0,226.2141565,8.5,3.8,549075.8,106.6,1.1,5.1,6.2,10.8,9.7,218.0,18.77206579,99.9,99.8,99.5,43.9,95.7,55.3,99.9,0.3,75.79,6.2,5.53,715.1,151.68,81.5,63.84,52.25,43.46,38.1,31.11,793.3195607,#!,1391.710938,89.0495,,,65.9,99.6,8180.755454,375.8,846.0,302.0,741.0,271.0,6943.0,565.0,0.45356,1240.0,269768.0,22.37,64.12,23587.0,230310.0
666,2011-10-29,108.24,15663.6,5.0,353.0,436.5,86.721,17.199,18.1,29.8082,42.1308,109.91,0.447361777,46308.5,0.045037137,5.96,6.65,1610.32,1526.57,130.05,204.88,10920215,0.018590211,4.5,452674,1.030292429,11.57,9948.7728,0.187790661,44388.0,-0.005,44898.7,0.168917353,12922.97,3322.047,286.952,106.6,6643.626,0.014,0.708,73976.19863,856.424079,0.708,0.292,0.891477685,53636.0,226.2141565,8.5,3.8,549075.8,106.6,1.1,5.1,6.2,10.8,9.7,218.0,18.77206579,99.9,99.8,99.5,43.9,95.7,55.3,99.9,0.3,75.79,6.2,5.53,715.1,151.68,81.5,63.84,52.25,43.46,38.1,31.11,793.3195607,#!,1391.710938,89.0495,,,65.9,99.6,8180.755454,375.8,846.0,302.0,741.0,271.0,6943.0,565.0,0.45356,1240.0,269768.0,22.37,64.12,23587.0,230310.0
667,2011-10-30,108.24,15663.6,5.0,353.0,436.5,86.721,17.199,18.1,29.8082,42.1308,109.91,0.447361777,46308.5,0.045037137,5.96,6.65,1610.32,1526.57,130.05,204.88,10920215,0.018590211,4.5,452674,1.030292429,11.57,9948.7728,0.187790661,44388.0,-0.005,44898.7,0.168917353,12922.97,3322.047,286.952,106.6,6643.626,0.014,0.708,73976.19863,856.424079,0.708,0.292,0.891477685,53636.0,226.2141565,8.5,3.8,549075.8,106.6,1.1,5.1,6.2,10.8,9.7,218.0,18.77206579,99.9,99.8,99.5,43.9,95.7,55.3,99.9,0.3,75.79,6.2,5.53,715.1,151.68,81.5,63.84,52.25,43.46,38.1,31.11,793.3195607,#!,1391.710938,89.0495,,,65.9,99.6,8180.755454,375.8,846.0,302.0,741.0,271.0,6943.0,565.0,0.45356,1240.0,269768.0,22.37,64.12,23587.0,230310.0
668,2011-10-31,108.24,15663.6,5.0,353.0,436.5,86.721,17.199,18.1,30.2417,42.1035,109.56,0.447361777,46308.5,0.045037137,5.96,6.65,1563.28,1498.6,129.52,204.95,10920215,0.018590211,4.5,452674,1.030292429,11.57,9948.7728,0.187790661,44388.0,-0.005,44898.7,0.168917353,12922.97,3322.047,286.952,106.6,6643.626,0.014,0.708,73976.19863,856.424079,0.708,0.292,0.891477685,53636.0,226.2141565,8.5,3.8,549075.8,106.6,1.1,5.1,6.2,10.8,9.7,218.0,18.77206579,99.9,99.8,99.5,43.9,95.7,55.3,99.9,0.3,75.79,6.2,5.53,715.1,151.68,81.5,63.84,52.25,43.46,38.1,31.11,793.3195607,#!,1391.710938,89.0495,,,65.9,99.6,8180.755454,375.8,846.0,302.0,741.0,271.0,6943.0,565.0,0.45356,1240.0,269768.0,22.37,64.12,23587.0,230310.0
669,2011-11-01,110.43,15663.6,5.0,354.7,440.5,86.721,17.629,18.1,30.8002,42.1307,109.54,0.465541608,46308.5,0.045037137,5.96,6.65,1484.98,1456.29,128.87,195.3,10876079,-0.004041679,5.5,521529,1.002238236,11.74,9948.7728,0.187790661,46476.2,-0.005,44898.7,0.168917353,12959.49,3322.047,286.952,106.6,6643.626,0.014,0.708,73976.19863,856.424079,0.708,0.292,0.891477685,53636.0,226.2141565,8.5,3.8,549075.8,106.6,1.1,5.1,6.2,10.8,9.7,218.0,18.77206579,99.9,99.8,99.5,43.9,95.7,55.3,99.9,0.3,75.79,6.2,5.53,715.1,160.58,89.65,66.29,52.5,46.5,38.62,31.53,793.3195607,#!,1391.710938,89.0495,,,65.9,99.6,8180.755454,375.8,846.0,302.0,741.0,271.0,6943.0,565.0,0.45356,1240.0,269768.0,22.37,64.12,23587.0,230310.0
670,2011-11-02,110.43,15663.6,5.0,354.7,440.5,86.721,17.629,18.1,30.6878,42.0619,109.34,0.465541608,46308.5,0.045037137,5.96,6.65,1526.19,1488.86,128.94,197.01,10876079,-0.004041679,5.5,521529,1.002238236,11.74,9948.7728,0.187790661,46476.2,-0.005,44898.7,0.168917353,12959.49,3322.047,286.952,106.6,6643.626,0.014,0.708,73976.19863,856.424079,0.708,0.292,0.891477685,53636.0,226.2141565,8.5,3.8,549075.8,106.6,1.1,5.1,6.2,10.8,9.7,218.0,18.77206579,99.9,99.8,99.5,43.9,95.7,55.3,99.9,0.3,75.79,6.2,5.53,715.1,160.58,89.65,66.29,52.5,46.5,38.62,31.53,793.3195607,#!,1391.710938,89.0495,,,65.9,99.6,8180.755454,375.8,846.0,302.0,741.0,271.0,6943.0,565.0,0.45356,1240.0,269768.0,22.37,64.12,23587.0,230310.0
671,2011-11-03,110.43,15663.6,5.0,354.7,440.5,86.721,17.629,18.1,30.4739,42.1304,110.83,0.465541608,46308.5,0.045037137,5.96,6.65,1542.39,1501.18,129.07,198.22,10876079,-0.004041679,5.5,521529,1.002238236,11.74,9948.7728,0.187790661,46476.2,-0.005,44898.7,0.168917353,12959.49,3322.047,286.952,106.6,6643.626,0.014,0.708,73976.19863,856.424079,0.708,0.292,0.891477685,53636.0,226.2141565,8.5,3.8,549075.8,106.6,1.1,5.1,6.2,10.8,9.7,218.0,18.77206579,99.9,99.8,99.5,43.9,95.7,55.3,99.9,0.3,75.79,6.2,5.53,715.1,160.58,89.65,66.29,52.5,46.5,38.62,31.53,793.3195607,#!,1391.710938,89.0495,,,65.9,99.6,8180.755454,375.8,846.0,302.0,741.0,271.0,6943.0,565.0,0.45356,1240.0,269768.0,22.37,64.12,23587.0,230310.0
672,2011-11-04,110.43,15663.6,5.0,354.7,440.5,86.721,17.629,18.1,30.6876,42.2258,111.97,0.465541608,46308.5,0.045037137,5.96,6.65,1542.39,1501.18,129.07,200.8,10876079,-0.004041679,5.5,521529,1.002238236,11.74,9948.7728,0.187790661,46476.2,-0.005,44898.7,0.168917353,12959.49,3322.047,286.952,106.6,6643.626,0.014,0.708,73976.19863,856.424079,0.708,0.292,0.891477685,53636.0,226.2141565,8.5,3.8,549075.8,106.6,1.1,5.1,6.2,10.8,9.7,218.0,18.77206579,99.9,99.8,99.5,43.9,95.7,55.3,99.9,0.3,75.79,6.2,5.53,715.1,160.58,89.65,66.29,52.5,46.5,38.62,31.53,793.3195607,#!,1391.710938,89.0495,,,65.9,99.6,8180.755454,375.8,846.0,302.0,741.0,271.0,6943.0,565.0,0.45356,1240.0,269768.0,22.37,64.12,23587.0,230310.0
673,2011-11-05,110.43,15663.6,5.0,354.7,440.5,86.721,17.629,18.1,30.6876,42.2258,111.97,0.465541608,46308.5,0.045037137,5.96,6.65,1542.39,1501.18,129.07,201.74,10876079,-0.004041679,5.5,521529,1.002238236,11.74,9948.7728,0.187790661,46476.2,-0.005,44898.7,0.168917353,12959.49,3322.047,286.952,106.6,6643.626,0.014,0.708,73976.19863,856.424079,0.708,0.292,0.891477685,53636.0,226.2141565,8.5,3.8,549075.8,106.6,1.1,5.1,6.2,10.8,9.7,218.0,18.77206579,99.9,99.8,99.5,43.9,95.7,55.3,99.9,0.3,75.79,6.2,5.53,715.1,160.58,89.65,66.29,52.5,46.5,38.62,31.53,793.3195607,#!,1391.710938,89.0495,,,65.9,99.6,8180.755454,375.8,846.0,302.0,741.0,271.0,6943.0,565.0,0.45356,1240.0,269768.0,22.37,64.12,23587.0,230310.0
674,2011-11-06,110.43,15663.6,5.0,354.7,440.5,86.721,17.629,18.1,30.6876,42.2258,111.97,0.465541608,46308.5,0.045037137,5.96,6.65,1542.39,1501.18,129.07,201.74,10876079,-0.004041679,5.5,521529,1.002238236,11.74,9948.7728,0.187790661,46476.2,-0.005,44898.7,0.168917353,12959.49,3322.047,286.952,106.6,6643.626,0.014,0.708,73976.19863,856.424079,0.708,0.292,0.891477685,53636.0,226.2141565,8.5,3.8,549075.8,106.6,1.1,5.1,6.2,10.8,9.7,218.0,18.77206579,99.9,99.8,99.5,43.9,95.7,55.3,99.9,0.3,75.79,6.2,5.53,715.1,160.58,89.65,66.29,52.5,46.5,38.62,31.53,793.3195607,#!,1391.710938,89.0495,,,65.9,99.6,8180.755454,375.8,846.0,302.0,741.0,271.0,6943.0,565.0,0.45356,1240.0,269768.0,22.37,64.12,23587.0,230310.0
675,2011-11-07,110.43,15663.6,5.0,354.7,440.5,86.721,17.629,18.1,30.5278,41.9603,114.56,0.465541608,46308.5,0.045037137,5.96,6.65,1563.24,1521.01,129.18,205.1,10876079,-0.004041679,5.5,521529,1.002238236,11.74,9948.7728,0.187790661,46476.2,-0.005,44898.7,0.168917353,12959.49,3322.047,286.952,106.6,6643.626,0.014,0.708,73976.19863,856.424079,0.708,0.292,0.891477685,53636.0,226.2141565,8.5,3.8,549075.8,106.6,1.1,5.1,6.2,10.8,9.7,218.0,18.77206579,99.9,99.8,99.5,43.9,95.7,55.3,99.9,0.3,75.79,6.2,5.53,715.1,160.58,89.65,66.29,52.5,46.5,38.62,31.53,793.3195607,#!,1391.710938,89.0495,,,65.9,99.6,8180.755454,375.8,846.0,302.0,741.0,271.0,6943.0,565.0,0.45356,1240.0,269768.0,22.37,64.12,23587.0,230310.0
676,2011-11-08,110.43,15663.6,5.0,354.7,440.5,86.721,17.629,18.1,30.3183,41.8098,115.0,0.465541608,46308.5,0.045037137,5.96,6.65,1579.82,1520.88,129.26,204.65,10876079,-0.004041679,5.5,521529,1.002238236,11.74,9948.7728,0.187790661,46476.2,-0.005,44898.7,0.168917353,12959.49,3322.047,286.952,106.6,6643.626,0.014,0.708,73976.19863,856.424079,0.708,0.292,0.891477685,53636.0,226.2141565,8.5,3.8,549075.8,106.6,1.1,5.1,6.2,10.8,9.7,218.0,18.77206579,99.9,99.8,99.5,43.9,95.7,55.3,99.9,0.3,75.79,6.2,5.53,715.1,160.58,89.65,66.29,52.5,46.5,38.62,31.53,793.3195607,#!,1391.710938,89.0495,,,65.9,99.6,8180.755454,375.8,846.0,302.0,741.0,271.0,6943.0,565.0,0.45356,1240.0,269768.0,22.37,64.12,23587.0,230310.0
677,2011-11-09,110.43,15663.6,5.0,354.7,440.5,86.721,17.629,18.1,30.5775,41.5749,112.31,0.465541608,46308.5,0.045037137,5.96,6.65,1512.85,1470.8,129.33,204.65,10876079,-0.004041679,5.5,521529,1.002238236,11.74,9948.7728,0.187790661,46476.2,-0.005,44898.7,0.168917353,12959.49,3322.047,286.952,106.6,6643.626,0.014,0.708,73976.19863,856.424079,0.708,0.292,0.891477685,53636.0,226.2141565,8.5,3.8,549075.8,106.6,1.1,5.1,6.2,10.8,9.7,218.0,18.77206579,99.9,99.8,99.5,43.9,95.7,55.3,99.9,0.3,75.79,6.2,5.53,715.1,160.58,89.65,66.29,52.5,46.5,38.62,31.53,793.3195607,#!,1391.710938,89.0495,,,65.9,99.6,8180.755454,375.8,846.0,302.0,741.0,271.0,6943.0,565.0,0.45356,1240.0,269768.0,22.37,64.12,23587.0,230310.0
678,2011-11-10,110.43,15663.6,5.0,354.7,440.5,86.721,17.629,18.1,30.642,41.6725,113.71,0.465541608,46308.5,0.045037137,5.96,6.65,1529.71,1489.58,128.93,203.81,10876079,-0.004041679,5.5,521529,1.002238236,11.74,9948.7728,0.187790661,46476.2,-0.005,44898.7,0.168917353,12959.49,3322.047,286.952,106.6,6643.626,0.014,0.708,73976.19863,856.424079,0.708,0.292,0.891477685,53636.0,226.2141565,8.5,3.8,549075.8,106.6,1.1,5.1,6.2,10.8,9.7,218.0,18.77206579,99.9,99.8,99.5,43.9,95.7,55.3,99.9,0.3,75.79,6.2,5.53,715.1,160.58,89.65,66.29,52.5,46.5,38.62,31.53,793.3195607,#!,1391.710938,89.0495,,,65.9,99.6,8180.755454,375.8,846.0,302.0,741.0,271.0,6943.0,565.0,0.45356,1240.0,269768.0,22.37,64.12,23587.0,230310.0
679,2011-11-11,110.43,15663.6,5.0,354.7,440.5,86.721,17.629,18.1,30.2868,41.7451,114.16,0.465541608,46308.5,0.045037137,5.96,6.65,1530.7,1484.97,129.01,205.46,10876079,-0.004041679,5.5,521529,1.002238236,11.74,9948.7728,0.187790661,46476.2,-0.005,44898.7,0.168917353,12959.49,3322.047,286.952,106.6,6643.626,0.014,0.708,73976.19863,856.424079,0.708,0.292,0.891477685,53636.0,226.2141565,8.5,3.8,549075.8,106.6,1.1,5.1,6.2,10.8,9.7,218.0,18.77206579,99.9,99.8,99.5,43.9,95.7,55.3,99.9,0.3,75.79,6.2,5.53,715.1,160.58,89.65,66.29,52.5,46.5,38.62,31.53,793.3195607,#!,1391.710938,89.0495,,,65.9,99.6,8180.755454,375.8,846.0,302.0,741.0,271.0,6943.0,565.0,0.45356,1240.0,269768.0,22.37,64.12,23587.0,230310.0
680,2011-11-12,110.43,15663.6,5.0,354.7,440.5,86.721,17.629,18.1,30.2868,41.7451,114.16,0.465541608,46308.5,0.045037137,5.96,6.65,1530.7,1484.97,129.01,205.46,10876079,-0.004041679,5.5,521529,1.002238236,11.74,9948.7728,0.187790661,46476.2,-0.005,44898.7,0.168917353,12959.49,3322.047,286.952,106.6,6643.626,0.014,0.708,73976.19863,856.424079,0.708,0.292,0.891477685,53636.0,226.2141565,8.5,3.8,549075.8,106.6,1.1,5.1,6.2,10.8,9.7,218.0,18.77206579,99.9,99.8,99.5,43.9,95.7,55.3,99.9,0.3,75.79,6.2,5.53,715.1,160.58,89.65,66.29,52.5,46.5,38.62,31.53,793.3195607,#!,1391.710938,89.0495,,,65.9,99.6,8180.755454,375.8,846.0,302.0,741.0,271.0,6943.0,565.0,0.45356,1240.0,269768.0,22.37,64.12,23587.0,230310.0
681,2011-11-13,110.43,15663.6,5.0,354.7,440.5,86.721,17.629,18.1,30.2868,41.7451,114.16,0.465541608,46308.5,0.045037137,5.96,6.65,1530.7,1484.97,129.01,205.46,10876079,-0.004041679,5.5,521529,1.002238236,11.74,9948.7728,0.187790661,46476.2,-0.005,44898.7,0.168917353,12959.49,3322.047,286.952,106.6,6643.626,0.014,0.708,73976.19863,856.424079,0.708,0.292,0.891477685,53636.0,226.2141565,8.5,3.8,549075.8,106.6,1.1,5.1,6.2,10.8,9.7,218.0,18.77206579,99.9,99.8,99.5,43.9,95.7,55.3,99.9,0.3,75.79,6.2,5.53,715.1,160.58,89.65,66.29,52.5,46.5,38.62,31.53,793.3195607,#!,1391.710938,89.0495,,,65.9,99.6,8180.755454,375.8,846.0,302.0,741.0,271.0,6943.0,565.0,0.45356,1240.0,269768.0,22.37,64.12,23587.0,230310.0
682,2011-11-14,110.43,15663.6,5.0,354.7,440.5,86.721,17.629,18.1,30.5404,41.6026,111.89,0.465541608,46308.5,0.045037137,5.96,6.65,1527.16,1484.38,129.13,205.54,10876079,-0.004041679,5.5,521529,1.002238236,11.74,9948.7728,0.187790661,46476.2,-0.005,44898.7,0.168917353,12959.49,3322.047,286.952,106.6,6643.626,0.014,0.708,73976.19863,856.424079,0.708,0.292,0.891477685,53636.0,226.2141565,8.5,3.8,549075.8,106.6,1.1,5.1,6.2,10.8,9.7,218.0,18.77206579,99.9,99.8,99.5,43.9,95.7,55.3,99.9,0.3,75.79,6.2,5.53,715.1,160.58,89.65,66.29,52.5,46.5,38.62,31.53,793.3195607,#!,1391.710938,89.0495,,,65.9,99.6,8180.755454,375.8,846.0,302.0,741.0,271.0,6943.0,565.0,0.45356,1240.0,269768.0,22.37,64.12,23587.0,230310.0
683,2011-11-15,110.43,15663.6,5.0,354.7,440.5,86.721,17.629,18.1,30.6889,41.4993,112.39,0.465541608,46308.5,0.045037137,5.96,6.65,1526.98,1487.84,128.81,205.47,10876079,-0.004041679,5.5,521529,1.002238236,11.74,9948.7728,0.187790661,46476.2,-0.005,44898.7,0.168917353,12959.49,3322.047,286.952,106.6,6643.626,0.014,0.708,73976.19863,856.424079,0.708,0.292,0.891477685,53636.0,226.2141565,8.5,3.8,549075.8,106.6,1.1,5.1,6.2,10.8,9.7,218.0,18.77206579,99.9,99.8,99.5,43.9,95.7,55.3,99.9,0.3,75.79,6.2,5.53,715.1,160.58,89.65,66.29,52.5,46.5,38.62,31.53,793.3195607,#!,1391.710938,89.0495,,,65.9,99.6,8180.755454,375.8,846.0,302.0,741.0,271.0,6943.0,565.0,0.45356,1240.0,269768.0,22.37,64.12,23587.0,230310.0
684,2011-11-16,110.43,15663.6,5.0,354.7,440.5,86.721,17.629,18.1,30.7313,41.5018,111.88,0.465541608,46308.5,0.045037137,5.96,6.65,1520.75,1483.24,128.79,205.46,10876079,-0.004041679,5.5,521529,1.002238236,11.74,9948.7728,0.187790661,46476.2,-0.005,44898.7,0.168917353,12959.49,3322.047,286.952,106.6,6643.626,0.014,0.708,73976.19863,856.424079,0.708,0.292,0.891477685,53636.0,226.2141565,8.5,3.8,549075.8,106.6,1.1,5.1,6.2,10.8,9.7,218.0,18.77206579,99.9,99.8,99.5,43.9,95.7,55.3,99.9,0.3,75.79,6.2,5.53,715.1,160.58,89.65,66.29,52.5,46.5,38.62,31.53,793.3195607,#!,1391.710938,89.0495,,,65.9,99.6,8180.755454,375.8,846.0,302.0,741.0,271.0,6943.0,565.0,0.45356,1240.0,269768.0,22.37,64.12,23587.0,230310.0
685,2011-11-17,110.43,15663.6,5.0,354.7,440.5,86.721,17.629,18.1,30.8204,41.6634,108.22,0.465541608,46308.5,0.045037137,5.96,6.65,1512.67,1475.32,128.64,205.63,10876079,-0.004041679,5.5,521529,1.002238236,11.74,9948.7728,0.187790661,46476.2,-0.005,44898.7,0.168917353,12959.49,3322.047,286.952,106.6,6643.626,0.014,0.708,73976.19863,856.424079,0.708,0.292,0.891477685,53636.0,226.2141565,8.5,3.8,549075.8,106.6,1.1,5.1,6.2,10.8,9.7,218.0,18.77206579,99.9,99.8,99.5,43.9,95.7,55.3,99.9,0.3,75.79,6.2,5.53,715.1,160.58,89.65,66.29,52.5,46.5,38.62,31.53,793.3195607,#!,1391.710938,89.0495,,,65.9,99.6,8180.755454,375.8,846.0,302.0,741.0,271.0,6943.0,565.0,0.45356,1240.0,269768.0,22.37,64.12,23587.0,230310.0
686,2011-11-18,110.43,15663.6,5.0,354.7,440.5,86.721,17.629,18.1,30.858,41.7129,107.56,0.465541608,46308.5,0.045037137,5.96,6.65,1495.87,1460.56,128.55,205.83,10876079,-0.004041679,5.5,521529,1.002238236,11.74,9948.7728,0.187790661,46476.2,-0.005,44898.7,0.168917353,12959.49,3322.047,286.952,106.6,6643.626,0.014,0.708,73976.19863,856.424079,0.708,0.292,0.891477685,53636.0,226.2141565,8.5,3.8,549075.8,106.6,1.1,5.1,6.2,10.8,9.7,218.0,18.77206579,99.9,99.8,99.5,43.9,95.7,55.3,99.9,0.3,75.79,6.2,5.53,715.1,160.58,89.65,66.29,52.5,46.5,38.62,31.53,793.3195607,#!,1391.710938,89.0495,,,65.9,99.6,8180.755454,375.8,846.0,302.0,741.0,271.0,6943.0,565.0,0.45356,1240.0,269768.0,22.37,64.12,23587.0,230310.0
687,2011-11-19,110.43,15663.6,5.0,354.7,440.5,86.721,17.629,18.1,30.858,41.7129,107.56,0.465541608,46308.5,0.045037137,5.96,6.65,1495.87,1460.56,128.55,205.83,10876079,-0.004041679,5.5,521529,1.002238236,11.74,9948.7728,0.187790661,46476.2,-0.005,44898.7,0.168917353,12959.49,3322.047,286.952,106.6,6643.626,0.014,0.708,73976.19863,856.424079,0.708,0.292,0.891477685,53636.0,226.2141565,8.5,3.8,549075.8,106.6,1.1,5.1,6.2,10.8,9.7,218.0,18.77206579,99.9,99.8,99.5,43.9,95.7,55.3,99.9,0.3,75.79,6.2,5.53,715.1,160.58,89.65,66.29,52.5,46.5,38.62,31.53,793.3195607,#!,1391.710938,89.0495,,,65.9,99.6,8180.755454,375.8,846.0,302.0,741.0,271.0,6943.0,565.0,0.45356,1240.0,269768.0,22.37,64.12,23587.0,230310.0
688,2011-11-20,110.43,15663.6,5.0,354.7,440.5,86.721,17.629,18.1,30.858,41.7129,107.56,0.465541608,46308.5,0.045037137,5.96,6.65,1495.87,1460.56,128.55,205.83,10876079,-0.004041679,5.5,521529,1.002238236,11.74,9948.7728,0.187790661,46476.2,-0.005,44898.7,0.168917353,12959.49,3322.047,286.952,106.6,6643.626,0.014,0.708,73976.19863,856.424079,0.708,0.292,0.891477685,53636.0,226.2141565,8.5,3.8,549075.8,106.6,1.1,5.1,6.2,10.8,9.7,218.0,18.77206579,99.9,99.8,99.5,43.9,95.7,55.3,99.9,0.3,75.79,6.2,5.53,715.1,160.58,89.65,66.29,52.5,46.5,38.62,31.53,793.3195607,#!,1391.710938,89.0495,,,65.9,99.6,8180.755454,375.8,846.0,302.0,741.0,271.0,6943.0,565.0,0.45356,1240.0,269768.0,22.37,64.12,23587.0,230310.0
689,2011-11-21,110.43,15663.6,5.0,354.7,440.5,86.721,17.629,18.1,31.1629,42.1571,106.88,0.465541608,46308.5,0.045037137,5.96,6.65,1424.97,1390.56,128.39,205.72,10876079,-0.004041679,5.5,521529,1.002238236,11.74,9948.7728,0.187790661,46476.2,-0.005,44898.7,0.168917353,12959.49,3322.047,286.952,106.6,6643.626,0.014,0.708,73976.19863,856.424079,0.708,0.292,0.891477685,53636.0,226.2141565,8.5,3.8,549075.8,106.6,1.1,5.1,6.2,10.8,9.7,218.0,18.77206579,99.9,99.8,99.5,43.9,95.7,55.3,99.9,0.3,75.79,6.2,5.53,715.1,160.58,89.65,66.29,52.5,46.5,38.62,31.53,793.3195607,#!,1391.710938,89.0495,,,65.9,99.6,8180.755454,375.8,846.0,302.0,741.0,271.0,6943.0,565.0,0.45356,1240.0,269768.0,22.37,64.12,23587.0,230310.0
690,2011-11-22,110.43,15663.6,5.0,354.7,440.5,86.721,17.629,18.1,31.0915,41.9731,109.03,0.465541608,46308.5,0.045037137,5.96,6.65,1431.13,1401.91,128.36,205.79,10876079,-0.004041679,5.5,521529,1.002238236,11.74,9948.7728,0.187790661,46476.2,-0.005,44898.7,0.168917353,12959.49,3322.047,286.952,106.6,6643.626,0.014,0.708,73976.19863,856.424079,0.708,0.292,0.891477685,53636.0,226.2141565,8.5,3.8,549075.8,106.6,1.1,5.1,6.2,10.8,9.7,218.0,18.77206579,99.9,99.8,99.5,43.9,95.7,55.3,99.9,0.3,75.79,6.2,5.53,715.1,160.58,89.65,66.29,52.5,46.5,38.62,31.53,793.3195607,#!,1391.710938,89.0495,,,65.9,99.6,8180.755454,375.8,846.0,302.0,741.0,271.0,6943.0,565.0,0.45356,1240.0,269768.0,22.37,64.12,23587.0,230310.0
691,2011-11-23,110.43,15663.6,5.0,354.7,440.5,86.721,17.629,18.1,31.5076,42.0603,107.02,0.465541608,46308.5,0.045037137,5.96,6.65,1422.0,1404.26,128.19,205.82,10876079,-0.004041679,5.5,521529,1.002238236,11.74,9948.7728,0.187790661,46476.2,-0.005,44898.7,0.168917353,12959.49,3322.047,286.952,106.6,6643.626,0.014,0.708,73976.19863,856.424079,0.708,0.292,0.891477685,53636.0,226.2141565,8.5,3.8,549075.8,106.6,1.1,5.1,6.2,10.8,9.7,218.0,18.77206579,99.9,99.8,99.5,43.9,95.7,55.3,99.9,0.3,75.79,6.2,5.53,715.1,160.58,89.65,66.29,52.5,46.5,38.62,31.53,793.3195607,#!,1391.710938,89.0495,,,65.9,99.6,8180.755454,375.8,846.0,302.0,741.0,271.0,6943.0,565.0,0.45356,1240.0,269768.0,22.37,64.12,23587.0,230310.0
692,2011-11-24,110.43,15663.6,5.0,354.7,440.5,86.721,17.629,18.1,31.4819,41.9918,107.78,0.465541608,46308.5,0.045037137,5.96,6.65,1402.83,1392.75,128.21,205.65,10876079,-0.004041679,5.5,521529,1.002238236,11.74,9948.7728,0.187790661,46476.2,-0.005,44898.7,0.168917353,12959.49,3322.047,286.952,106.6,6643.626,0.014,0.708,73976.19863,856.424079,0.708,0.292,0.891477685,53636.0,226.2141565,8.5,3.8,549075.8,106.6,1.1,5.1,6.2,10.8,9.7,218.0,18.77206579,99.9,99.8,99.5,43.9,95.7,55.3,99.9,0.3,75.79,6.2,5.53,715.1,160.58,89.65,66.29,52.5,46.5,38.62,31.53,793.3195607,#!,1391.710938,89.0495,,,65.9,99.6,8180.755454,375.8,846.0,302.0,741.0,271.0,6943.0,565.0,0.45356,1240.0,269768.0,22.37,64.12,23587.0,230310.0
693,2011-11-25,110.43,15663.6,5.0,354.7,440.5,86.721,17.629,18.1,31.5213,41.7488,106.4,0.465541608,46308.5,0.045037137,5.96,6.65,1413.18,1410.84,128.11,205.56,10876079,-0.004041679,5.5,521529,1.002238236,11.74,9948.7728,0.187790661,46476.2,-0.005,44898.7,0.168917353,12959.49,3322.047,286.952,106.6,6643.626,0.014,0.708,73976.19863,856.424079,0.708,0.292,0.891477685,53636.0,226.2141565,8.5,3.8,549075.8,106.6,1.1,5.1,6.2,10.8,9.7,218.0,18.77206579,99.9,99.8,99.5,43.9,95.7,55.3,99.9,0.3,75.79,6.2,5.53,715.1,160.58,89.65,66.29,52.5,46.5,38.62,31.53,793.3195607,#!,1391.710938,89.0495,,,65.9,99.6,8180.755454,375.8,846.0,302.0,741.0,271.0,6943.0,565.0,0.45356,1240.0,269768.0,22.37,64.12,23587.0,230310.0
694,2011-11-26,110.43,15663.6,5.0,354.7,440.5,86.721,17.629,18.1,31.5213,41.7488,106.4,0.465541608,46308.5,0.045037137,5.96,6.65,1413.18,1410.84,128.11,205.56,10876079,-0.004041679,5.5,521529,1.002238236,11.74,9948.7728,0.187790661,46476.2,-0.005,44898.7,0.168917353,12959.49,3322.047,286.952,106.6,6643.626,0.014,0.708,73976.19863,856.424079,0.708,0.292,0.891477685,53636.0,226.2141565,8.5,3.8,549075.8,106.6,1.1,5.1,6.2,10.8,9.7,218.0,18.77206579,99.9,99.8,99.5,43.9,95.7,55.3,99.9,0.3,75.79,6.2,5.53,715.1,160.58,89.65,66.29,52.5,46.5,38.62,31.53,793.3195607,#!,1391.710938,89.0495,,,65.9,99.6,8180.755454,375.8,846.0,302.0,741.0,271.0,6943.0,565.0,0.45356,1240.0,269768.0,22.37,64.12,23587.0,230310.0
695,2011-11-27,110.43,15663.6,5.0,354.7,440.5,86.721,17.629,18.1,31.5213,41.7488,106.4,0.465541608,46308.5,0.045037137,5.96,6.65,1413.18,1410.84,128.11,205.56,10876079,-0.004041679,5.5,521529,1.002238236,11.74,9948.7728,0.187790661,46476.2,-0.005,44898.7,0.168917353,12959.49,3322.047,286.952,106.6,6643.626,0.014,0.708,73976.19863,856.424079,0.708,0.292,0.891477685,53636.0,226.2141565,8.5,3.8,549075.8,106.6,1.1,5.1,6.2,10.8,9.7,218.0,18.77206579,99.9,99.8,99.5,43.9,95.7,55.3,99.9,0.3,75.79,6.2,5.53,715.1,160.58,89.65,66.29,52.5,46.5,38.62,31.53,793.3195607,#!,1391.710938,89.0495,,,65.9,99.6,8180.755454,375.8,846.0,302.0,741.0,271.0,6943.0,565.0,0.45356,1240.0,269768.0,22.37,64.12,23587.0,230310.0
696,2011-11-28,110.43,15663.6,5.0,354.7,440.5,86.721,17.629,18.1,31.38,41.8274,109.0,0.465541608,46308.5,0.045037137,5.96,6.65,1475.25,1466.22,128.27,205.65,10876079,-0.004041679,5.5,521529,1.002238236,11.74,9948.7728,0.187790661,46476.2,-0.005,44898.7,0.168917353,12959.49,3322.047,286.952,106.6,6643.626,0.014,0.708,73976.19863,856.424079,0.708,0.292,0.891477685,53636.0,226.2141565,8.5,3.8,549075.8,106.6,1.1,5.1,6.2,10.8,9.7,218.0,18.77206579,99.9,99.8,99.5,43.9,95.7,55.3,99.9,0.3,75.79,6.2,5.53,715.1,160.58,89.65,66.29,52.5,46.5,38.62,31.53,793.3195607,#!,1391.710938,89.0495,,,65.9,99.6,8180.755454,375.8,846.0,302.0,741.0,271.0,6943.0,565.0,0.45356,1240.0,269768.0,22.37,64.12,23587.0,230310.0
697,2011-11-29,110.43,15663.6,5.0,354.7,440.5,86.721,17.629,18.1,31.241,41.6806,110.82,0.465541608,46308.5,0.045037137,5.96,6.65,1466.36,1454.67,128.41,205.24,10876079,-0.004041679,5.5,521529,1.002238236,11.74,9948.7728,0.187790661,46476.2,-0.005,44898.7,0.168917353,12959.49,3322.047,286.952,106.6,6643.626,0.014,0.708,73976.19863,856.424079,0.708,0.292,0.891477685,53636.0,226.2141565,8.5,3.8,549075.8,106.6,1.1,5.1,6.2,10.8,9.7,218.0,18.77206579,99.9,99.8,99.5,43.9,95.7,55.3,99.9,0.3,75.79,6.2,5.53,715.1,160.58,89.65,66.29,52.5,46.5,38.62,31.53,793.3195607,#!,1391.710938,89.0495,,,65.9,99.6,8180.755454,375.8,846.0,302.0,741.0,271.0,6943.0,565.0,0.45356,1240.0,269768.0,22.37,64.12,23587.0,230310.0
698,2011-11-30,110.43,15663.6,5.0,354.7,440.5,86.721,17.629,18.1,30.6995,41.2842,110.52,0.465541608,46308.5,0.045037137,5.96,6.65,1540.81,1499.62,128.74,205.55,10876079,-0.004041679,5.5,521529,1.002238236,11.74,9948.7728,0.187790661,46476.2,-0.005,44898.7,0.168917353,12959.49,3322.047,286.952,106.6,6643.626,0.014,0.708,73976.19863,856.424079,0.708,0.292,0.891477685,53636.0,226.2141565,8.5,3.8,549075.8,106.6,1.1,5.1,6.2,10.8,9.7,218.0,18.77206579,99.9,99.8,99.5,43.9,95.7,55.3,99.9,0.3,75.79,6.2,5.53,715.1,160.58,89.65,66.29,52.5,46.5,38.62,31.53,793.3195607,#!,1391.710938,89.0495,,,65.9,99.6,8180.755454,375.8,846.0,302.0,741.0,271.0,6943.0,565.0,0.45356,1240.0,269768.0,22.37,64.12,23587.0,230310.0
699,2011-12-01,107.9,15663.6,5.0,356.2,444.6,86.721,19.066,18.1,30.7371,41.4311,108.99,0.614394581,46308.5,0.045037137,5.96,6.65,1546.7,1505.27,129.17,195.37,11061372,0.017036746,5.7,596508,0.97854641,11.4,9948.7728,0.187790661,82685.3,-0.005,44898.7,0.168917353,12992.44,3322.047,286.952,106.6,6643.626,0.014,0.708,73976.19863,856.424079,0.708,0.292,0.891477685,53636.0,226.2141565,8.5,3.8,549075.8,106.6,1.1,5.1,6.2,10.8,9.7,218.0,18.77206579,99.9,99.8,99.5,43.9,95.7,55.3,99.9,0.3,75.79,6.2,5.53,715.1,144.26,86.41,66.86,51.39,46.44,37.93,30.74,793.3195607,#!,1391.710938,89.0495,,,65.9,99.6,8180.755454,375.8,846.0,302.0,741.0,271.0,6943.0,565.0,0.45356,1240.0,269768.0,22.37,64.12,23587.0,230310.0
700,2011-12-02,107.9,15663.6,5.0,356.2,444.6,86.721,19.066,18.1,30.9472,41.4221,109.94,0.614394581,46308.5,0.045037137,5.96,6.65,1545.57,1505.77,129.39,195.37,11061372,0.017036746,5.7,596508,0.97854641,11.4,9948.7728,0.187790661,82685.3,-0.005,44898.7,0.168917353,12992.44,3322.047,286.952,106.6,6643.626,0.014,0.708,73976.19863,856.424079,0.708,0.292,0.891477685,53636.0,226.2141565,8.5,3.8,549075.8,106.6,1.1,5.1,6.2,10.8,9.7,218.0,18.77206579,99.9,99.8,99.5,43.9,95.7,55.3,99.9,0.3,75.79,6.2,5.53,715.1,144.26,86.41,66.86,51.39,46.44,37.93,30.74,793.3195607,#!,1391.710938,89.0495,,,65.9,99.6,8180.755454,375.8,846.0,302.0,741.0,271.0,6943.0,565.0,0.45356,1240.0,269768.0,22.37,64.12,23587.0,230310.0
701,2011-12-03,107.9,15663.6,5.0,356.2,444.6,86.721,19.066,18.1,30.9472,41.4221,109.94,0.614394581,46308.5,0.045037137,5.96,6.65,1545.57,1505.77,129.39,195.37,11061372,0.017036746,5.7,596508,0.97854641,11.4,9948.7728,0.187790661,82685.3,-0.005,44898.7,0.168917353,12992.44,3322.047,286.952,106.6,6643.626,0.014,0.708,73976.19863,856.424079,0.708,0.292,0.891477685,53636.0,226.2141565,8.5,3.8,549075.8,106.6,1.1,5.1,6.2,10.8,9.7,218.0,18.77206579,99.9,99.8,99.5,43.9,95.7,55.3,99.9,0.3,75.79,6.2,5.53,715.1,144.26,86.41,66.86,51.39,46.44,37.93,30.74,793.3195607,#!,1391.710938,89.0495,,,65.9,99.6,8180.755454,375.8,846.0,302.0,741.0,271.0,6943.0,565.0,0.45356,1240.0,269768.0,22.37,64.12,23587.0,230310.0
702,2011-12-04,107.9,15663.6,5.0,356.2,444.6,86.721,19.066,18.1,30.9472,41.4221,109.94,0.614394581,46308.5,0.045037137,5.96,6.65,1545.57,1505.77,129.39,200.85,11061372,0.017036746,5.7,596508,0.97854641,11.4,9948.7728,0.187790661,82685.3,-0.005,44898.7,0.168917353,12992.44,3322.047,286.952,106.6,6643.626,0.014,0.708,73976.19863,856.424079,0.708,0.292,0.891477685,53636.0,226.2141565,8.5,3.8,549075.8,106.6,1.1,5.1,6.2,10.8,9.7,218.0,18.77206579,99.9,99.8,99.5,43.9,95.7,55.3,99.9,0.3,75.79,6.2,5.53,715.1,144.26,86.41,66.86,51.39,46.44,37.93,30.74,793.3195607,#!,1391.710938,89.0495,,,65.9,99.6,8180.755454,375.8,846.0,302.0,741.0,271.0,6943.0,565.0,0.45356,1240.0,269768.0,22.37,64.12,23587.0,230310.0
703,2011-12-05,107.9,15663.6,5.0,356.2,444.6,86.721,19.066,18.1,30.887,41.5812,109.81,0.614394581,46308.5,0.045037137,5.96,6.65,1559.28,1517.89,129.49,201.74,11061372,0.017036746,5.7,596508,0.97854641,11.4,9948.7728,0.187790661,82685.3,-0.005,44898.7,0.168917353,12992.44,3322.047,286.952,106.6,6643.626,0.014,0.708,73976.19863,856.424079,0.708,0.292,0.891477685,53636.0,226.2141565,8.5,3.8,549075.8,106.6,1.1,5.1,6.2,10.8,9.7,218.0,18.77206579,99.9,99.8,99.5,43.9,95.7,55.3,99.9,0.3,75.79,6.2,5.53,715.1,144.26,86.41,66.86,51.39,46.44,37.93,30.74,793.3195607,#!,1391.710938,89.0495,,,65.9,99.6,8180.755454,375.8,846.0,302.0,741.0,271.0,6943.0,565.0,0.45356,1240.0,269768.0,22.37,64.12,23587.0,230310.0
704,2011-12-06,107.9,15663.6,5.0,356.2,444.6,86.721,19.066,18.1,31.3649,42.0419,110.81,0.614394581,46308.5,0.045037137,5.96,6.65,1485.67,1457.9,129.58,201.74,11061372,0.017036746,5.7,596508,0.97854641,11.4,9948.7728,0.187790661,82685.3,-0.005,44898.7,0.168917353,12992.44,3322.047,286.952,106.6,6643.626,0.014,0.708,73976.19863,856.424079,0.708,0.292,0.891477685,53636.0,226.2141565,8.5,3.8,549075.8,106.6,1.1,5.1,6.2,10.8,9.7,218.0,18.77206579,99.9,99.8,99.5,43.9,95.7,55.3,99.9,0.3,75.79,6.2,5.53,715.1,144.26,86.41,66.86,51.39,46.44,37.93,30.74,793.3195607,#!,1391.710938,89.0495,,,65.9,99.6,8180.755454,375.8,846.0,302.0,741.0,271.0,6943.0,565.0,0.45356,1240.0,269768.0,22.37,64.12,23587.0,230310.0
705,2011-12-07,107.9,15663.6,5.0,356.2,444.6,86.721,19.066,18.1,31.2797,41.8612,109.53,0.614394581,46308.5,0.045037137,5.96,6.65,1467.69,1448.39,129.66,205.14,11061372,0.017036746,5.7,596508,0.97854641,11.4,9948.7728,0.187790661,82685.3,-0.005,44898.7,0.168917353,12992.44,3322.047,286.952,106.6,6643.626,0.014,0.708,73976.19863,856.424079,0.708,0.292,0.891477685,53636.0,226.2141565,8.5,3.8,549075.8,106.6,1.1,5.1,6.2,10.8,9.7,218.0,18.77206579,99.9,99.8,99.5,43.9,95.7,55.3,99.9,0.3,75.79,6.2,5.53,715.1,144.26,86.41,66.86,51.39,46.44,37.93,30.74,793.3195607,#!,1391.710938,89.0495,,,65.9,99.6,8180.755454,375.8,846.0,302.0,741.0,271.0,6943.0,565.0,0.45356,1240.0,269768.0,22.37,64.12,23587.0,230310.0
706,2011-12-08,107.9,15663.6,5.0,356.2,444.6,86.721,19.066,18.1,31.473,41.9322,108.11,0.614394581,46308.5,0.045037137,5.96,6.65,1473.56,1456.36,129.52,204.42,11061372,0.017036746,5.7,596508,0.97854641,11.4,9948.7728,0.187790661,82685.3,-0.005,44898.7,0.168917353,12992.44,3322.047,286.952,106.6,6643.626,0.014,0.708,73976.19863,856.424079,0.708,0.292,0.891477685,53636.0,226.2141565,8.5,3.8,549075.8,106.6,1.1,5.1,6.2,10.8,9.7,218.0,18.77206579,99.9,99.8,99.5,43.9,95.7,55.3,99.9,0.3,75.79,6.2,5.53,715.1,144.26,86.41,66.86,51.39,46.44,37.93,30.74,793.3195607,#!,1391.710938,89.0495,,,65.9,99.6,8180.755454,375.8,846.0,302.0,741.0,271.0,6943.0,565.0,0.45356,1240.0,269768.0,22.37,64.12,23587.0,230310.0
707,2011-12-09,107.9,15663.6,5.0,356.2,444.6,86.721,19.066,18.1,31.491,42.0944,108.62,0.614394581,46308.5,0.045037137,5.96,6.65,1410.28,1396.28,129.32,205.9,11061372,0.017036746,5.7,596508,0.97854641,11.4,9948.7728,0.187790661,82685.3,-0.005,44898.7,0.168917353,12992.44,3322.047,286.952,106.6,6643.626,0.014,0.708,73976.19863,856.424079,0.708,0.292,0.891477685,53636.0,226.2141565,8.5,3.8,549075.8,106.6,1.1,5.1,6.2,10.8,9.7,218.0,18.77206579,99.9,99.8,99.5,43.9,95.7,55.3,99.9,0.3,75.79,6.2,5.53,715.1,144.26,86.41,66.86,51.39,46.44,37.93,30.74,793.3195607,#!,1391.710938,89.0495,,,65.9,99.6,8180.755454,375.8,846.0,302.0,741.0,271.0,6943.0,565.0,0.45356,1240.0,269768.0,22.37,64.12,23587.0,230310.0
708,2011-12-10,107.9,15663.6,5.0,356.2,444.6,86.721,19.066,18.1,31.491,42.0944,108.62,0.614394581,46308.5,0.045037137,5.96,6.65,1410.28,1396.28,129.32,203.86,11061372,0.017036746,5.7,596508,0.97854641,11.4,9948.7728,0.187790661,82685.3,-0.005,44898.7,0.168917353,12992.44,3322.047,286.952,106.6,6643.626,0.014,0.708,73976.19863,856.424079,0.708,0.292,0.891477685,53636.0,226.2141565,8.5,3.8,549075.8,106.6,1.1,5.1,6.2,10.8,9.7,218.0,18.77206579,99.9,99.8,99.5,43.9,95.7,55.3,99.9,0.3,75.79,6.2,5.53,715.1,144.26,86.41,66.86,51.39,46.44,37.93,30.74,793.3195607,#!,1391.710938,89.0495,,,65.9,99.6,8180.755454,375.8,846.0,302.0,741.0,271.0,6943.0,565.0,0.45356,1240.0,269768.0,22.37,64.12,23587.0,230310.0
709,2011-12-11,107.9,15663.6,5.0,356.2,444.6,86.721,19.066,18.1,31.491,42.0944,108.62,0.614394581,46308.5,0.045037137,5.96,6.65,1410.28,1396.28,129.32,203.86,11061372,0.017036746,5.7,596508,0.97854641,11.4,9948.7728,0.187790661,82685.3,-0.005,44898.7,0.168917353,12992.44,3322.047,286.952,106.6,6643.626,0.014,0.708,73976.19863,856.424079,0.708,0.292,0.891477685,53636.0,226.2141565,8.5,3.8,549075.8,106.6,1.1,5.1,6.2,10.8,9.7,218.0,18.77206579,99.9,99.8,99.5,43.9,95.7,55.3,99.9,0.3,75.79,6.2,5.53,715.1,144.26,86.41,66.86,51.39,46.44,37.93,30.74,793.3195607,#!,1391.710938,89.0495,,,65.9,99.6,8180.755454,375.8,846.0,302.0,741.0,271.0,6943.0,565.0,0.45356,1240.0,269768.0,22.37,64.12,23587.0,230310.0
710,2011-12-12,107.9,15663.6,5.0,356.2,444.6,86.721,19.066,18.1,31.661,41.7533,107.26,0.614394581,46308.5,0.045037137,5.96,6.65,1363.67,1349.96,129.14,205.9,11061372,0.017036746,5.7,596508,0.97854641,11.4,9948.7728,0.187790661,82685.3,-0.005,44898.7,0.168917353,12992.44,3322.047,286.952,106.6,6643.626,0.014,0.708,73976.19863,856.424079,0.708,0.292,0.891477685,53636.0,226.2141565,8.5,3.8,549075.8,106.6,1.1,5.1,6.2,10.8,9.7,218.0,18.77206579,99.9,99.8,99.5,43.9,95.7,55.3,99.9,0.3,75.79,6.2,5.53,715.1,144.26,86.41,66.86,51.39,46.44,37.93,30.74,793.3195607,#!,1391.710938,89.0495,,,65.9,99.6,8180.755454,375.8,846.0,302.0,741.0,271.0,6943.0,565.0,0.45356,1240.0,269768.0,22.37,64.12,23587.0,230310.0
711,2011-12-13,107.9,15663.6,5.0,356.2,444.6,86.721,19.066,18.1,31.6916,41.4947,109.5,0.614394581,46308.5,0.045037137,5.96,6.65,1387.13,1378.56,129.01,206.12,11061372,0.017036746,5.7,596508,0.97854641,11.4,9948.7728,0.187790661,82685.3,-0.005,44898.7,0.168917353,12992.44,3322.047,286.952,106.6,6643.626,0.014,0.708,73976.19863,856.424079,0.708,0.292,0.891477685,53636.0,226.2141565,8.5,3.8,549075.8,106.6,1.1,5.1,6.2,10.8,9.7,218.0,18.77206579,99.9,99.8,99.5,43.9,95.7,55.3,99.9,0.3,75.79,6.2,5.53,715.1,144.26,86.41,66.86,51.39,46.44,37.93,30.74,793.3195607,#!,1391.710938,89.0495,,,65.9,99.6,8180.755454,375.8,846.0,302.0,741.0,271.0,6943.0,565.0,0.45356,1240.0,269768.0,22.37,64.12,23587.0,230310.0
712,2011-12-14,107.9,15663.6,5.0,356.2,444.6,86.721,19.066,18.1,31.8814,41.3546,105.02,0.614394581,46308.5,0.045037137,5.96,6.65,1369.65,1372.42,128.93,206.3,11061372,0.017036746,5.7,596508,0.97854641,11.4,9948.7728,0.187790661,82685.3,-0.005,44898.7,0.168917353,12992.44,3322.047,286.952,106.6,6643.626,0.014,0.708,73976.19863,856.424079,0.708,0.292,0.891477685,53636.0,226.2141565,8.5,3.8,549075.8,106.6,1.1,5.1,6.2,10.8,9.7,218.0,18.77206579,99.9,99.8,99.5,43.9,95.7,55.3,99.9,0.3,75.79,6.2,5.53,715.1,144.26,86.41,66.86,51.39,46.44,37.93,30.74,793.3195607,#!,1391.710938,89.0495,,,65.9,99.6,8180.755454,375.8,846.0,302.0,741.0,271.0,6943.0,565.0,0.45356,1240.0,269768.0,22.37,64.12,23587.0,230310.0
713,2011-12-15,107.9,15663.6,5.0,356.2,444.6,86.721,19.066,18.1,31.846,41.4385,105.09,0.614394581,46308.5,0.045037137,5.96,6.65,1395.28,1393.61,128.92,205.81,11061372,0.017036746,5.7,596508,0.97854641,11.4,9948.7728,0.187790661,82685.3,-0.005,44898.7,0.168917353,12992.44,3322.047,286.952,106.6,6643.626,0.014,0.708,73976.19863,856.424079,0.708,0.292,0.891477685,53636.0,226.2141565,8.5,3.8,549075.8,106.6,1.1,5.1,6.2,10.8,9.7,218.0,18.77206579,99.9,99.8,99.5,43.9,95.7,55.3,99.9,0.3,75.79,6.2,5.53,715.1,144.26,86.41,66.86,51.39,46.44,37.93,30.74,793.3195607,#!,1391.710938,89.0495,,,65.9,99.6,8180.755454,375.8,846.0,302.0,741.0,271.0,6943.0,565.0,0.45356,1240.0,269768.0,22.37,64.12,23587.0,230310.0
714,2011-12-16,107.9,15663.6,5.0,356.2,444.6,86.721,19.066,18.1,31.9842,41.6553,103.35,0.614394581,46308.5,0.045037137,5.96,6.65,1373.73,1383.42,128.9,206.37,11061372,0.017036746,5.7,596508,0.97854641,11.4,9948.7728,0.187790661,82685.3,-0.005,44898.7,0.168917353,12992.44,3322.047,286.952,106.6,6643.626,0.014,0.708,73976.19863,856.424079,0.708,0.292,0.891477685,53636.0,226.2141565,8.5,3.8,549075.8,106.6,1.1,5.1,6.2,10.8,9.7,218.0,18.77206579,99.9,99.8,99.5,43.9,95.7,55.3,99.9,0.3,75.79,6.2,5.53,715.1,144.26,86.41,66.86,51.39,46.44,37.93,30.74,793.3195607,#!,1391.710938,89.0495,,,65.9,99.6,8180.755454,375.8,846.0,302.0,741.0,271.0,6943.0,565.0,0.45356,1240.0,269768.0,22.37,64.12,23587.0,230310.0
715,2011-12-17,107.9,15663.6,5.0,356.2,444.6,86.721,19.066,18.1,31.9842,41.6553,103.35,0.614394581,46308.5,0.045037137,5.96,6.65,1373.73,1383.42,128.9,206.37,11061372,0.017036746,5.7,596508,0.97854641,11.4,9948.7728,0.187790661,82685.3,-0.005,44898.7,0.168917353,12992.44,3322.047,286.952,106.6,6643.626,0.014,0.708,73976.19863,856.424079,0.708,0.292,0.891477685,53636.0,226.2141565,8.5,3.8,549075.8,106.6,1.1,5.1,6.2,10.8,9.7,218.0,18.77206579,99.9,99.8,99.5,43.9,95.7,55.3,99.9,0.3,75.79,6.2,5.53,715.1,144.26,86.41,66.86,51.39,46.44,37.93,30.74,793.3195607,#!,1391.710938,89.0495,,,65.9,99.6,8180.755454,375.8,846.0,302.0,741.0,271.0,6943.0,565.0,0.45356,1240.0,269768.0,22.37,64.12,23587.0,230310.0
716,2011-12-18,107.9,15663.6,5.0,356.2,444.6,86.721,19.066,18.1,31.9842,41.6553,103.35,0.614394581,46308.5,0.045037137,5.96,6.65,1373.73,1383.42,128.9,206.37,11061372,0.017036746,5.7,596508,0.97854641,11.4,9948.7728,0.187790661,82685.3,-0.005,44898.7,0.168917353,12992.44,3322.047,286.952,106.6,6643.626,0.014,0.708,73976.19863,856.424079,0.708,0.292,0.891477685,53636.0,226.2141565,8.5,3.8,549075.8,106.6,1.1,5.1,6.2,10.8,9.7,218.0,18.77206579,99.9,99.8,99.5,43.9,95.7,55.3,99.9,0.3,75.79,6.2,5.53,715.1,144.26,86.41,66.86,51.39,46.44,37.93,30.74,793.3195607,#!,1391.710938,89.0495,,,65.9,99.6,8180.755454,375.8,846.0,302.0,741.0,271.0,6943.0,565.0,0.45356,1240.0,269768.0,22.37,64.12,23587.0,230310.0
717,2011-12-19,107.9,15663.6,5.0,356.2,444.6,86.721,19.066,18.1,32.0979,41.7852,103.64,0.614394581,46308.5,0.045037137,5.96,6.65,1370.11,1382.88,128.81,206.43,11061372,0.017036746,5.7,596508,0.97854641,11.4,9948.7728,0.187790661,82685.3,-0.005,44898.7,0.168917353,12992.44,3322.047,286.952,106.6,6643.626,0.014,0.708,73976.19863,856.424079,0.708,0.292,0.891477685,53636.0,226.2141565,8.5,3.8,549075.8,106.6,1.1,5.1,6.2,10.8,9.7,218.0,18.77206579,99.9,99.8,99.5,43.9,95.7,55.3,99.9,0.3,75.79,6.2,5.53,715.1,144.26,86.41,66.86,51.39,46.44,37.93,30.74,793.3195607,#!,1391.710938,89.0495,,,65.9,99.6,8180.755454,375.8,846.0,302.0,741.0,271.0,6943.0,565.0,0.45356,1240.0,269768.0,22.37,64.12,23587.0,230310.0
718,2011-12-20,107.9,15663.6,5.0,356.2,444.6,86.721,19.066,18.1,31.9908,41.8015,106.73,0.614394581,46308.5,0.045037137,5.96,6.65,1395.79,1409.84,128.95,206.32,11061372,0.017036746,5.7,596508,0.97854641,11.4,9948.7728,0.187790661,82685.3,-0.005,44898.7,0.168917353,12992.44,3322.047,286.952,106.6,6643.626,0.014,0.708,73976.19863,856.424079,0.708,0.292,0.891477685,53636.0,226.2141565,8.5,3.8,549075.8,106.6,1.1,5.1,6.2,10.8,9.7,218.0,18.77206579,99.9,99.8,99.5,43.9,95.7,55.3,99.9,0.3,75.79,6.2,5.53,715.1,144.26,86.41,66.86,51.39,46.44,37.93,30.74,793.3195607,#!,1391.710938,89.0495,,,65.9,99.6,8180.755454,375.8,846.0,302.0,741.0,271.0,6943.0,565.0,0.45356,1240.0,269768.0,22.37,64.12,23587.0,230310.0
719,2011-12-21,107.9,15663.6,5.0,356.2,444.6,86.721,19.066,18.1,31.7474,41.3951,107.71,0.614394581,46308.5,0.045037137,5.96,6.65,1382.5,1385.17,128.8,205.95,11061372,0.017036746,5.7,596508,0.97854641,11.4,9948.7728,0.187790661,82685.3,-0.005,44898.7,0.168917353,12992.44,3322.047,286.952,106.6,6643.626,0.014,0.708,73976.19863,856.424079,0.708,0.292,0.891477685,53636.0,226.2141565,8.5,3.8,549075.8,106.6,1.1,5.1,6.2,10.8,9.7,218.0,18.77206579,99.9,99.8,99.5,43.9,95.7,55.3,99.9,0.3,75.79,6.2,5.53,715.1,144.26,86.41,66.86,51.39,46.44,37.93,30.74,793.3195607,#!,1391.710938,89.0495,,,65.9,99.6,8180.755454,375.8,846.0,302.0,741.0,271.0,6943.0,565.0,0.45356,1240.0,269768.0,22.37,64.12,23587.0,230310.0
720,2011-12-22,107.9,15663.6,5.0,356.2,444.6,86.721,19.066,18.1,31.3513,40.8869,107.89,0.614394581,46308.5,0.045037137,5.96,6.65,1396.03,1385.66,128.85,205.99,11061372,0.017036746,5.7,596508,0.97854641,11.4,9948.7728,0.187790661,82685.3,-0.005,44898.7,0.168917353,12992.44,3322.047,286.952,106.6,6643.626,0.014,0.708,73976.19863,856.424079,0.708,0.292,0.891477685,53636.0,226.2141565,8.5,3.8,549075.8,106.6,1.1,5.1,6.2,10.8,9.7,218.0,18.77206579,99.9,99.8,99.5,43.9,95.7,55.3,99.9,0.3,75.79,6.2,5.53,715.1,144.26,86.41,66.86,51.39,46.44,37.93,30.74,793.3195607,#!,1391.710938,89.0495,,,65.9,99.6,8180.755454,375.8,846.0,302.0,741.0,271.0,6943.0,565.0,0.45356,1240.0,269768.0,22.37,64.12,23587.0,230310.0
721,2011-12-23,107.9,15663.6,5.0,356.2,444.6,86.721,19.066,18.1,31.1815,40.6651,107.96,0.614394581,46308.5,0.045037137,5.96,6.65,1394.12,1376.11,128.91,205.77,11061372,0.017036746,5.7,596508,0.97854641,11.4,9948.7728,0.187790661,82685.3,-0.005,44898.7,0.168917353,12992.44,3322.047,286.952,106.6,6643.626,0.014,0.708,73976.19863,856.424079,0.708,0.292,0.891477685,53636.0,226.2141565,8.5,3.8,549075.8,106.6,1.1,5.1,6.2,10.8,9.7,218.0,18.77206579,99.9,99.8,99.5,43.9,95.7,55.3,99.9,0.3,75.79,6.2,5.53,715.1,144.26,86.41,66.86,51.39,46.44,37.93,30.74,793.3195607,#!,1391.710938,89.0495,,,65.9,99.6,8180.755454,375.8,846.0,302.0,741.0,271.0,6943.0,565.0,0.45356,1240.0,269768.0,22.37,64.12,23587.0,230310.0
722,2011-12-24,107.9,15663.6,5.0,356.2,444.6,86.721,19.066,18.1,31.1815,40.6651,107.96,0.614394581,46308.5,0.045037137,5.96,6.65,1394.12,1376.11,128.91,205.77,11061372,0.017036746,5.7,596508,0.97854641,11.4,9948.7728,0.187790661,82685.3,-0.005,44898.7,0.168917353,12992.44,3322.047,286.952,106.6,6643.626,0.014,0.708,73976.19863,856.424079,0.708,0.292,0.891477685,53636.0,226.2141565,8.5,3.8,549075.8,106.6,1.1,5.1,6.2,10.8,9.7,218.0,18.77206579,99.9,99.8,99.5,43.9,95.7,55.3,99.9,0.3,75.79,6.2,5.53,715.1,144.26,86.41,66.86,51.39,46.44,37.93,30.74,793.3195607,#!,1391.710938,89.0495,,,65.9,99.6,8180.755454,375.8,846.0,302.0,741.0,271.0,6943.0,565.0,0.45356,1240.0,269768.0,22.37,64.12,23587.0,230310.0
723,2011-12-25,107.9,15663.6,5.0,356.2,444.6,86.721,19.066,18.1,31.1815,40.6651,107.96,0.614394581,46308.5,0.045037137,5.96,6.65,1394.12,1376.11,128.91,205.77,11061372,0.017036746,5.7,596508,0.97854641,11.4,9948.7728,0.187790661,82685.3,-0.005,44898.7,0.168917353,12992.44,3322.047,286.952,106.6,6643.626,0.014,0.708,73976.19863,856.424079,0.708,0.292,0.891477685,53636.0,226.2141565,8.5,3.8,549075.8,106.6,1.1,5.1,6.2,10.8,9.7,218.0,18.77206579,99.9,99.8,99.5,43.9,95.7,55.3,99.9,0.3,75.79,6.2,5.53,715.1,144.26,86.41,66.86,51.39,46.44,37.93,30.74,793.3195607,#!,1391.710938,89.0495,,,65.9,99.6,8180.755454,375.8,846.0,302.0,741.0,271.0,6943.0,565.0,0.45356,1240.0,269768.0,22.37,64.12,23587.0,230310.0
724,2011-12-26,107.9,15663.6,5.0,356.2,444.6,86.721,19.066,18.1,31.1358,40.7068,107.96,0.614394581,46308.5,0.045037137,5.96,6.65,1413.52,1390.08,129.0,205.67,11061372,0.017036746,5.7,596508,0.97854641,11.4,9948.7728,0.187790661,82685.3,-0.005,44898.7,0.168917353,12992.44,3322.047,286.952,106.6,6643.626,0.014,0.708,73976.19863,856.424079,0.708,0.292,0.891477685,53636.0,226.2141565,8.5,3.8,549075.8,106.6,1.1,5.1,6.2,10.8,9.7,218.0,18.77206579,99.9,99.8,99.5,43.9,95.7,55.3,99.9,0.3,75.79,6.2,5.53,715.1,144.26,86.41,66.86,51.39,46.44,37.93,30.74,793.3195607,#!,1391.710938,89.0495,,,65.9,99.6,8180.755454,375.8,846.0,302.0,741.0,271.0,6943.0,565.0,0.45356,1240.0,269768.0,22.37,64.12,23587.0,230310.0
725,2011-12-27,107.9,15663.6,5.0,356.2,444.6,86.721,19.066,18.1,31.4431,41.13,109.27,0.614394581,46308.5,0.045037137,5.96,6.65,1398.51,1386.14,128.97,205.75,11061372,0.017036746,5.7,596508,0.97854641,11.4,9948.7728,0.187790661,82685.3,-0.005,44898.7,0.168917353,12992.44,3322.047,286.952,106.6,6643.626,0.014,0.708,73976.19863,856.424079,0.708,0.292,0.891477685,53636.0,226.2141565,8.5,3.8,549075.8,106.6,1.1,5.1,6.2,10.8,9.7,218.0,18.77206579,99.9,99.8,99.5,43.9,95.7,55.3,99.9,0.3,75.79,6.2,5.53,715.1,144.26,86.41,66.86,51.39,46.44,37.93,30.74,793.3195607,#!,1391.710938,89.0495,,,65.9,99.6,8180.755454,375.8,846.0,302.0,741.0,271.0,6943.0,565.0,0.45356,1240.0,269768.0,22.37,64.12,23587.0,230310.0
726,2011-12-28,107.9,15663.6,5.0,356.2,444.6,86.721,19.066,18.1,31.7946,41.137,107.56,0.614394581,46308.5,0.045037137,5.96,6.65,1382.19,1383.09,129.05,205.57,11061372,0.017036746,5.7,596508,0.97854641,11.4,9948.7728,0.187790661,82685.3,-0.005,44898.7,0.168917353,12992.44,3322.047,286.952,106.6,6643.626,0.014,0.708,73976.19863,856.424079,0.708,0.292,0.891477685,53636.0,226.2141565,8.5,3.8,549075.8,106.6,1.1,5.1,6.2,10.8,9.7,218.0,18.77206579,99.9,99.8,99.5,43.9,95.7,55.3,99.9,0.3,75.79,6.2,5.53,715.1,144.26,86.41,66.86,51.39,46.44,37.93,30.74,793.3195607,#!,1391.710938,89.0495,,,65.9,99.6,8180.755454,375.8,846.0,302.0,741.0,271.0,6943.0,565.0,0.45356,1240.0,269768.0,22.37,64.12,23587.0,230310.0
727,2011-12-29,107.9,15663.6,5.0,356.2,444.6,86.721,19.066,18.1,32.1228,41.6268,108.01,0.614394581,46308.5,0.045037137,5.96,6.65,1365.13,1387.06,129.05,205.83,11061372,0.017036746,5.7,596508,0.97854641,11.4,9948.7728,0.187790661,82685.3,-0.005,44898.7,0.168917353,12992.44,3322.047,286.952,106.6,6643.626,0.014,0.708,73976.19863,856.424079,0.708,0.292,0.891477685,53636.0,226.2141565,8.5,3.8,549075.8,106.6,1.1,5.1,6.2,10.8,9.7,218.0,18.77206579,99.9,99.8,99.5,43.9,95.7,55.3,99.9,0.3,75.79,6.2,5.53,715.1,144.26,86.41,66.86,51.39,46.44,37.93,30.74,793.3195607,#!,1391.710938,89.0495,,,65.9,99.6,8180.755454,375.8,846.0,302.0,741.0,271.0,6943.0,565.0,0.45356,1240.0,269768.0,22.37,64.12,23587.0,230310.0
728,2011-12-30,107.9,15663.6,5.0,356.2,444.6,86.721,19.066,18.1,32.137,41.7245,107.38,0.614394581,46308.5,0.045037137,5.96,6.65,1381.87,1402.23,129.12,206.47,11061372,0.017036746,5.7,596508,0.97854641,11.4,9948.7728,0.187790661,82685.3,-0.005,44898.7,0.168917353,12992.44,3322.047,286.952,106.6,6643.626,0.014,0.708,73976.19863,856.424079,0.708,0.292,0.891477685,53636.0,226.2141565,8.5,3.8,549075.8,106.6,1.1,5.1,6.2,10.8,9.7,218.0,18.77206579,99.9,99.8,99.5,43.9,95.7,55.3,99.9,0.3,75.79,6.2,5.53,715.1,144.26,86.41,66.86,51.39,46.44,37.93,30.74,793.3195607,#!,1391.710938,89.0495,,,65.9,99.6,8180.755454,375.8,846.0,302.0,741.0,271.0,6943.0,565.0,0.45356,1240.0,269768.0,22.37,64.12,23587.0,230310.0
729,2011-12-31,107.9,15663.6,5.0,356.2,444.6,86.721,19.066,18.1,32.137,41.7245,107.38,0.614394581,46308.5,0.045037137,5.96,6.65,1381.87,1402.23,129.12,206.47,11061372,0.017036746,5.7,596508,0.97854641,11.4,9948.7728,0.187790661,82685.3,-0.005,44898.7,0.168917353,12992.44,3322.047,286.952,106.6,6643.626,0.014,0.708,73976.19863,856.424079,0.708,0.292,0.891477685,53636.0,226.2141565,8.5,3.8,549075.8,106.6,1.1,5.1,6.2,10.8,9.7,218.0,18.77206579,99.9,99.8,99.5,43.9,95.7,55.3,99.9,0.3,75.79,6.2,5.53,715.1,144.26,86.41,66.86,51.39,46.44,37.93,30.74,793.3195607,#!,1391.710938,89.0495,,,65.9,99.6,8180.755454,375.8,846.0,302.0,741.0,271.0,6943.0,565.0,0.45356,1240.0,269768.0,22.37,64.12,23587.0,230310.0
730,2012-01-01,109.91,16876.6,5.2,357.8,445.4,100.0,21.939,34.4,32.137,41.7245,107.38,0.330120044,59698.1,0.042643516,5.75,6.65,1381.87,1402.23,129.12,206.47,11871363,0.073226992,5.8,697417,0.912649396,11.63,10666.8705,0.072179525,33194.0,-0.025,48830.4,0.087568237,13128.84,3639.7151,305.395,101.7,6799.974,0.008,0.716,102373.8183,1220.096592,0.702,0.298,0.942096921,47563.0,249.2838063,7.8,3.6,609729.3,133.1,1.4,8.9,10.3,11.3,9.9,231.0,19.28213689,98.8,98.6,98.0,44.1,94.4,54.1,99.3,0.4,75.74,8.1,10.2,698.6,187.12,87.09,69.99,52.59,47.71,39.47,31.25,856.7305467,"7,311",1453.830605,99.2666,,,66.1,96.5,8296.038659,156.3,836.0,298.0,794.0,,8522.0,603.0,0.4507,1309.0,288177.0,23.01,67.85,42551.0,232840.2
731,2012-01-02,109.91,16876.6,5.2,357.8,445.4,100.0,21.939,34.4,32.1488,41.5333,107.38,0.330120044,59698.1,0.042643516,5.75,6.65,1380.49,1402.23,129.12,208.51,11871363,0.073226992,5.8,697417,0.912649396,11.63,10666.8705,0.072179525,33194.0,-0.025,48830.4,0.087568237,13128.84,3639.7151,305.395,101.7,6799.974,0.008,0.716,102373.8183,1220.096592,0.702,0.298,0.942096921,47563.0,249.2838063,7.8,3.6,609729.3,133.1,1.4,8.9,10.3,11.3,9.9,231.0,19.28213689,98.8,98.6,98.0,44.1,94.4,54.1,99.3,0.4,75.74,8.1,10.2,698.6,187.12,87.09,69.99,52.59,47.71,39.47,31.25,856.7305467,"7,311",1453.830605,99.2666,,,66.1,96.5,8296.038659,156.3,836.0,298.0,794.0,,8522.0,603.0,0.4507,1309.0,288177.0,23.01,67.85,42551.0,232840.2
732,2012-01-03,109.91,16876.6,5.2,357.8,445.4,100.0,21.939,34.4,31.6979,41.395,112.13,0.330120044,59698.1,0.042643516,5.75,6.65,1434.23,1444.76,129.1,210.57,11871363,0.073226992,5.8,697417,0.912649396,11.63,10666.8705,0.072179525,33194.0,-0.025,48830.4,0.087568237,13128.84,3639.7151,305.395,101.7,6799.974,0.008,0.716,102373.8183,1220.096592,0.702,0.298,0.942096921,47563.0,249.2838063,7.8,3.6,609729.3,133.1,1.4,8.9,10.3,11.3,9.9,231.0,19.28213689,98.8,98.6,98.0,44.1,94.4,54.1,99.3,0.4,75.74,8.1,10.2,698.6,187.12,87.09,69.99,52.59,47.71,39.47,31.25,856.7305467,"7,311",1453.830605,99.2666,,,66.1,96.5,8296.038659,156.3,836.0,298.0,794.0,,8522.0,603.0,0.4507,1309.0,288177.0,23.01,67.85,42551.0,232840.2
733,2012-01-04,109.91,16876.6,5.2,357.8,445.4,100.0,21.939,34.4,31.8402,41.1657,113.7,0.330120044,59698.1,0.042643516,5.75,6.65,1434.19,1447.59,129.11,210.57,11871363,0.073226992,5.8,697417,0.912649396,11.63,10666.8705,0.072179525,33194.0,-0.025,48830.4,0.087568237,13128.84,3639.7151,305.395,101.7,6799.974,0.008,0.716,102373.8183,1220.096592,0.702,0.298,0.942096921,47563.0,249.2838063,7.8,3.6,609729.3,133.1,1.4,8.9,10.3,11.3,9.9,231.0,19.28213689,98.8,98.6,98.0,44.1,94.4,54.1,99.3,0.4,75.74,8.1,10.2,698.6,187.12,87.09,69.99,52.59,47.71,39.47,31.25,856.7305467,"7,311",1453.830605,99.2666,,,66.1,96.5,8296.038659,156.3,836.0,298.0,794.0,,8522.0,603.0,0.4507,1309.0,288177.0,23.01,67.85,42551.0,232840.2
734,2012-01-05,109.91,16876.6,5.2,357.8,445.4,100.0,21.939,34.4,32.0474,40.9425,112.74,0.330120044,59698.1,0.042643516,5.75,6.65,1415.48,1434.91,129.12,210.57,11871363,0.073226992,5.8,697417,0.912649396,11.63,10666.8705,0.072179525,33194.0,-0.025,48830.4,0.087568237,13128.84,3639.7151,305.395,101.7,6799.974,0.008,0.716,102373.8183,1220.096592,0.702,0.298,0.942096921,47563.0,249.2838063,7.8,3.6,609729.3,133.1,1.4,8.9,10.3,11.3,9.9,231.0,19.28213689,98.8,98.6,98.0,44.1,94.4,54.1,99.3,0.4,75.74,8.1,10.2,698.6,187.12,87.09,69.99,52.59,47.71,39.47,31.25,856.7305467,"7,311",1453.830605,99.2666,,,66.1,96.5,8296.038659,156.3,836.0,298.0,794.0,,8522.0,603.0,0.4507,1309.0,288177.0,23.01,67.85,42551.0,232840.2
735,2012-01-06,109.91,16876.6,5.2,357.8,445.4,100.0,21.939,34.4,31.98,40.6793,113.06,0.330120044,59698.1,0.042643516,5.75,6.65,1423.7,1440.6,129.14,212.13,11871363,0.073226992,5.8,697417,0.912649396,11.63,10666.8705,0.072179525,33194.0,-0.025,48830.4,0.087568237,13128.84,3639.7151,305.395,101.7,6799.974,0.008,0.716,102373.8183,1220.096592,0.702,0.298,0.942096921,47563.0,249.2838063,7.8,3.6,609729.3,133.1,1.4,8.9,10.3,11.3,9.9,231.0,19.28213689,98.8,98.6,98.0,44.1,94.4,54.1,99.3,0.4,75.74,8.1,10.2,698.6,187.12,87.09,69.99,52.59,47.71,39.47,31.25,856.7305467,"7,311",1453.830605,99.2666,,,66.1,96.5,8296.038659,156.3,836.0,298.0,794.0,,8522.0,603.0,0.4507,1309.0,288177.0,23.01,67.85,42551.0,232840.2
736,2012-01-07,109.91,16876.6,5.2,357.8,445.4,100.0,21.939,34.4,31.98,40.6793,113.06,0.330120044,59698.1,0.042643516,5.75,6.65,1423.7,1440.6,129.14,212.13,11871363,0.073226992,5.8,697417,0.912649396,11.63,10666.8705,0.072179525,33194.0,-0.025,48830.4,0.087568237,13128.84,3639.7151,305.395,101.7,6799.974,0.008,0.716,102373.8183,1220.096592,0.702,0.298,0.942096921,47563.0,249.2838063,7.8,3.6,609729.3,133.1,1.4,8.9,10.3,11.3,9.9,231.0,19.28213689,98.8,98.6,98.0,44.1,94.4,54.1,99.3,0.4,75.74,8.1,10.2,698.6,187.12,87.09,69.99,52.59,47.71,39.47,31.25,856.7305467,"7,311",1453.830605,99.2666,,,66.1,96.5,8296.038659,156.3,836.0,298.0,794.0,,8522.0,603.0,0.4507,1309.0,288177.0,23.01,67.85,42551.0,232840.2
737,2012-01-08,109.91,16876.6,5.2,357.8,445.4,100.0,21.939,34.4,31.98,40.6793,113.06,0.330120044,59698.1,0.042643516,5.75,6.65,1423.7,1440.6,129.14,215.07,11871363,0.073226992,5.8,697417,0.912649396,11.63,10666.8705,0.072179525,33194.0,-0.025,48830.4,0.087568237,13128.84,3639.7151,305.395,101.7,6799.974,0.008,0.716,102373.8183,1220.096592,0.702,0.298,0.942096921,47563.0,249.2838063,7.8,3.6,609729.3,133.1,1.4,8.9,10.3,11.3,9.9,231.0,19.28213689,98.8,98.6,98.0,44.1,94.4,54.1,99.3,0.4,75.74,8.1,10.2,698.6,187.12,87.09,69.99,52.59,47.71,39.47,31.25,856.7305467,"7,311",1453.830605,99.2666,,,66.1,96.5,8296.038659,156.3,836.0,298.0,794.0,,8522.0,603.0,0.4507,1309.0,288177.0,23.01,67.85,42551.0,232840.2
738,2012-01-09,109.91,16876.6,5.2,357.8,445.4,100.0,21.939,34.4,31.9476,40.6875,112.45,0.330120044,59698.1,0.042643516,5.75,6.65,1430.13,1448.36,129.17,215.07,11871363,0.073226992,5.8,697417,0.912649396,11.63,10666.8705,0.072179525,33194.0,-0.025,48830.4,0.087568237,13128.84,3639.7151,305.395,101.7,6799.974,0.008,0.716,102373.8183,1220.096592,0.702,0.298,0.942096921,47563.0,249.2838063,7.8,3.6,609729.3,133.1,1.4,8.9,10.3,11.3,9.9,231.0,19.28213689,98.8,98.6,98.0,44.1,94.4,54.1,99.3,0.4,75.74,8.1,10.2,698.6,187.12,87.09,69.99,52.59,47.71,39.47,31.25,856.7305467,"7,311",1453.830605,99.2666,,,66.1,96.5,8296.038659,156.3,836.0,298.0,794.0,,8522.0,603.0,0.4507,1309.0,288177.0,23.01,67.85,42551.0,232840.2
739,2012-01-10,109.91,16876.6,5.2,357.8,445.4,100.0,21.939,34.4,31.5683,40.3498,113.28,0.330120044,59698.1,0.042643516,5.75,6.65,1469.76,1476.88,129.24,218.45,11871363,0.073226992,5.8,697417,0.912649396,11.63,10666.8705,0.072179525,33194.0,-0.025,48830.4,0.087568237,13128.84,3639.7151,305.395,101.7,6799.974,0.008,0.716,102373.8183,1220.096592,0.702,0.298,0.942096921,47563.0,249.2838063,7.8,3.6,609729.3,133.1,1.4,8.9,10.3,11.3,9.9,231.0,19.28213689,98.8,98.6,98.0,44.1,94.4,54.1,99.3,0.4,75.74,8.1,10.2,698.6,187.12,87.09,69.99,52.59,47.71,39.47,31.25,856.7305467,"7,311",1453.830605,99.2666,,,66.1,96.5,8296.038659,156.3,836.0,298.0,794.0,,8522.0,603.0,0.4507,1309.0,288177.0,23.01,67.85,42551.0,232840.2
740,2012-01-11,109.91,16876.6,5.2,357.8,445.4,100.0,21.939,34.4,31.7463,40.2744,112.24,0.330120044,59698.1,0.042643516,5.75,6.65,1452.69,1465.47,129.34,220.13,11871363,0.073226992,5.8,697417,0.912649396,11.63,10666.8705,0.072179525,33194.0,-0.025,48830.4,0.087568237,13128.84,3639.7151,305.395,101.7,6799.974,0.008,0.716,102373.8183,1220.096592,0.702,0.298,0.942096921,47563.0,249.2838063,7.8,3.6,609729.3,133.1,1.4,8.9,10.3,11.3,9.9,231.0,19.28213689,98.8,98.6,98.0,44.1,94.4,54.1,99.3,0.4,75.74,8.1,10.2,698.6,187.12,87.09,69.99,52.59,47.71,39.47,31.25,856.7305467,"7,311",1453.830605,99.2666,,,66.1,96.5,8296.038659,156.3,836.0,298.0,794.0,,8522.0,603.0,0.4507,1309.0,288177.0,23.01,67.85,42551.0,232840.2
741,2012-01-12,109.91,16876.6,5.2,357.8,445.4,100.0,21.939,34.4,31.5781,40.4723,111.26,0.330120044,59698.1,0.042643516,5.75,6.65,1458.24,1464.53,129.61,220.13,11871363,0.073226992,5.8,697417,0.912649396,11.63,10666.8705,0.072179525,33194.0,-0.025,48830.4,0.087568237,13128.84,3639.7151,305.395,101.7,6799.974,0.008,0.716,102373.8183,1220.096592,0.702,0.298,0.942096921,47563.0,249.2838063,7.8,3.6,609729.3,133.1,1.4,8.9,10.3,11.3,9.9,231.0,19.28213689,98.8,98.6,98.0,44.1,94.4,54.1,99.3,0.4,75.74,8.1,10.2,698.6,187.12,87.09,69.99,52.59,47.71,39.47,31.25,856.7305467,"7,311",1453.830605,99.2666,,,66.1,96.5,8296.038659,156.3,836.0,298.0,794.0,,8522.0,603.0,0.4507,1309.0,288177.0,23.01,67.85,42551.0,232840.2
742,2012-01-13,109.91,16876.6,5.2,357.8,445.4,100.0,21.939,34.4,31.8525,40.3932,110.44,0.330120044,59698.1,0.042643516,5.75,6.65,1446.46,1463.43,129.57,207.08,11871363,0.073226992,5.8,697417,0.912649396,11.63,10666.8705,0.072179525,33194.0,-0.025,48830.4,0.087568237,13128.84,3639.7151,305.395,101.7,6799.974,0.008,0.716,102373.8183,1220.096592,0.702,0.298,0.942096921,47563.0,249.2838063,7.8,3.6,609729.3,133.1,1.4,8.9,10.3,11.3,9.9,231.0,19.28213689,98.8,98.6,98.0,44.1,94.4,54.1,99.3,0.4,75.74,8.1,10.2,698.6,187.12,87.09,69.99,52.59,47.71,39.47,31.25,856.7305467,"7,311",1453.830605,99.2666,,,66.1,96.5,8296.038659,156.3,836.0,298.0,794.0,,8522.0,603.0,0.4507,1309.0,288177.0,23.01,67.85,42551.0,232840.2
743,2012-01-14,109.91,16876.6,5.2,357.8,445.4,100.0,21.939,34.4,31.8525,40.3932,110.44,0.330120044,59698.1,0.042643516,5.75,6.65,1446.46,1463.43,129.57,207.08,11871363,0.073226992,5.8,697417,0.912649396,11.63,10666.8705,0.072179525,33194.0,-0.025,48830.4,0.087568237,13128.84,3639.7151,305.395,101.7,6799.974,0.008,0.716,102373.8183,1220.096592,0.702,0.298,0.942096921,47563.0,249.2838063,7.8,3.6,609729.3,133.1,1.4,8.9,10.3,11.3,9.9,231.0,19.28213689,98.8,98.6,98.0,44.1,94.4,54.1,99.3,0.4,75.74,8.1,10.2,698.6,187.12,87.09,69.99,52.59,47.71,39.47,31.25,856.7305467,"7,311",1453.830605,99.2666,,,66.1,96.5,8296.038659,156.3,836.0,298.0,794.0,,8522.0,603.0,0.4507,1309.0,288177.0,23.01,67.85,42551.0,232840.2
744,2012-01-15,109.91,16876.6,5.2,357.8,445.4,100.0,21.939,34.4,31.8525,40.3932,110.44,0.330120044,59698.1,0.042643516,5.75,6.65,1446.46,1463.43,129.57,207.08,11871363,0.073226992,5.8,697417,0.912649396,11.63,10666.8705,0.072179525,33194.0,-0.025,48830.4,0.087568237,13128.84,3639.7151,305.395,101.7,6799.974,0.008,0.716,102373.8183,1220.096592,0.702,0.298,0.942096921,47563.0,249.2838063,7.8,3.6,609729.3,133.1,1.4,8.9,10.3,11.3,9.9,231.0,19.28213689,98.8,98.6,98.0,44.1,94.4,54.1,99.3,0.4,75.74,8.1,10.2,698.6,187.12,87.09,69.99,52.59,47.71,39.47,31.25,856.7305467,"7,311",1453.830605,99.2666,,,66.1,96.5,8296.038659,156.3,836.0,298.0,794.0,,8522.0,603.0,0.4507,1309.0,288177.0,23.01,67.85,42551.0,232840.2
745,2012-01-16,109.91,16876.6,5.2,357.8,445.4,100.0,21.939,34.4,31.694,40.1717,111.2,0.330120044,59698.1,0.042643516,5.75,6.65,1455.32,1464.42,129.56,207.27,11871363,0.073226992,5.8,697417,0.912649396,11.63,10666.8705,0.072179525,33194.0,-0.025,48830.4,0.087568237,13128.84,3639.7151,305.395,101.7,6799.974,0.008,0.716,102373.8183,1220.096592,0.702,0.298,0.942096921,47563.0,249.2838063,7.8,3.6,609729.3,133.1,1.4,8.9,10.3,11.3,9.9,231.0,19.28213689,98.8,98.6,98.0,44.1,94.4,54.1,99.3,0.4,75.74,8.1,10.2,698.6,187.12,87.09,69.99,52.59,47.71,39.47,31.25,856.7305467,"7,311",1453.830605,99.2666,,,66.1,96.5,8296.038659,156.3,836.0,298.0,794.0,,8522.0,603.0,0.4507,1309.0,288177.0,23.01,67.85,42551.0,232840.2
746,2012-01-17,109.91,16876.6,5.2,357.8,445.4,100.0,21.939,34.4,31.6187,40.2781,111.53,0.330120044,59698.1,0.042643516,5.75,6.65,1476.31,1486.34,129.78,207.28,11871363,0.073226992,5.8,697417,0.912649396,11.63,10666.8705,0.072179525,33194.0,-0.025,48830.4,0.087568237,13128.84,3639.7151,305.395,101.7,6799.974,0.008,0.716,102373.8183,1220.096592,0.702,0.298,0.942096921,47563.0,249.2838063,7.8,3.6,609729.3,133.1,1.4,8.9,10.3,11.3,9.9,231.0,19.28213689,98.8,98.6,98.0,44.1,94.4,54.1,99.3,0.4,75.74,8.1,10.2,698.6,187.12,87.09,69.99,52.59,47.71,39.47,31.25,856.7305467,"7,311",1453.830605,99.2666,,,66.1,96.5,8296.038659,156.3,836.0,298.0,794.0,,8522.0,603.0,0.4507,1309.0,288177.0,23.01,67.85,42551.0,232840.2
747,2012-01-18,109.91,16876.6,5.2,357.8,445.4,100.0,21.939,34.4,31.4757,40.3817,110.66,0.330120044,59698.1,0.042643516,5.75,6.65,1488.37,1493.7,129.8,207.25,11871363,0.073226992,5.8,697417,0.912649396,11.63,10666.8705,0.072179525,33194.0,-0.025,48830.4,0.087568237,13128.84,3639.7151,305.395,101.7,6799.974,0.008,0.716,102373.8183,1220.096592,0.702,0.298,0.942096921,47563.0,249.2838063,7.8,3.6,609729.3,133.1,1.4,8.9,10.3,11.3,9.9,231.0,19.28213689,98.8,98.6,98.0,44.1,94.4,54.1,99.3,0.4,75.74,8.1,10.2,698.6,187.12,87.09,69.99,52.59,47.71,39.47,31.25,856.7305467,"7,311",1453.830605,99.2666,,,66.1,96.5,8296.038659,156.3,836.0,298.0,794.0,,8522.0,603.0,0.4507,1309.0,288177.0,23.01,67.85,42551.0,232840.2
748,2012-01-19,109.91,16876.6,5.2,357.8,445.4,100.0,21.939,34.4,31.3084,40.5036,111.55,0.330120044,59698.1,0.042643516,5.75,6.65,1503.89,1503.7,129.82,207.35,11871363,0.073226992,5.8,697417,0.912649396,11.63,10666.8705,0.072179525,33194.0,-0.025,48830.4,0.087568237,13128.84,3639.7151,305.395,101.7,6799.974,0.008,0.716,102373.8183,1220.096592,0.702,0.298,0.942096921,47563.0,249.2838063,7.8,3.6,609729.3,133.1,1.4,8.9,10.3,11.3,9.9,231.0,19.28213689,98.8,98.6,98.0,44.1,94.4,54.1,99.3,0.4,75.74,8.1,10.2,698.6,187.12,87.09,69.99,52.59,47.71,39.47,31.25,856.7305467,"7,311",1453.830605,99.2666,,,66.1,96.5,8296.038659,156.3,836.0,298.0,794.0,,8522.0,603.0,0.4507,1309.0,288177.0,23.01,67.85,42551.0,232840.2
749,2012-01-20,109.91,16876.6,5.2,357.8,445.4,100.0,21.939,34.4,31.3227,40.5459,109.86,0.330120044,59698.1,0.042643516,5.75,6.65,1496.41,1491.15,129.93,207.42,11871363,0.073226992,5.8,697417,0.912649396,11.63,10666.8705,0.072179525,33194.0,-0.025,48830.4,0.087568237,13128.84,3639.7151,305.395,101.7,6799.974,0.008,0.716,102373.8183,1220.096592,0.702,0.298,0.942096921,47563.0,249.2838063,7.8,3.6,609729.3,133.1,1.4,8.9,10.3,11.3,9.9,231.0,19.28213689,98.8,98.6,98.0,44.1,94.4,54.1,99.3,0.4,75.74,8.1,10.2,698.6,187.12,87.09,69.99,52.59,47.71,39.47,31.25,856.7305467,"7,311",1453.830605,99.2666,,,66.1,96.5,8296.038659,156.3,836.0,298.0,794.0,,8522.0,603.0,0.4507,1309.0,288177.0,23.01,67.85,42551.0,232840.2
750,2012-01-21,109.91,16876.6,5.2,357.8,445.4,100.0,21.939,34.4,31.3227,40.5459,109.86,0.330120044,59698.1,0.042643516,5.75,6.65,1496.41,1491.15,129.93,207.42,11871363,0.073226992,5.8,697417,0.912649396,11.63,10666.8705,0.072179525,33194.0,-0.025,48830.4,0.087568237,13128.84,3639.7151,305.395,101.7,6799.974,0.008,0.716,102373.8183,1220.096592,0.702,0.298,0.942096921,47563.0,249.2838063,7.8,3.6,609729.3,133.1,1.4,8.9,10.3,11.3,9.9,231.0,19.28213689,98.8,98.6,98.0,44.1,94.4,54.1,99.3,0.4,75.74,8.1,10.2,698.6,187.12,87.09,69.99,52.59,47.71,39.47,31.25,856.7305467,"7,311",1453.830605,99.2666,,,66.1,96.5,8296.038659,156.3,836.0,298.0,794.0,,8522.0,603.0,0.4507,1309.0,288177.0,23.01,67.85,42551.0,232840.2
751,2012-01-22,109.91,16876.6,5.2,357.8,445.4,100.0,21.939,34.4,31.3227,40.5459,109.86,0.330120044,59698.1,0.042643516,5.75,6.65,1496.41,1491.15,129.93,207.42,11871363,0.073226992,5.8,697417,0.912649396,11.63,10666.8705,0.072179525,33194.0,-0.025,48830.4,0.087568237,13128.84,3639.7151,305.395,101.7,6799.974,0.008,0.716,102373.8183,1220.096592,0.702,0.298,0.942096921,47563.0,249.2838063,7.8,3.6,609729.3,133.1,1.4,8.9,10.3,11.3,9.9,231.0,19.28213689,98.8,98.6,98.0,44.1,94.4,54.1,99.3,0.4,75.74,8.1,10.2,698.6,187.12,87.09,69.99,52.59,47.71,39.47,31.25,856.7305467,"7,311",1453.830605,99.2666,,,66.1,96.5,8296.038659,156.3,836.0,298.0,794.0,,8522.0,603.0,0.4507,1309.0,288177.0,23.01,67.85,42551.0,232840.2
752,2012-01-23,109.91,16876.6,5.2,357.8,445.4,100.0,21.939,34.4,30.865,40.2363,110.58,0.330120044,59698.1,0.042643516,5.75,6.65,1522.57,1499.27,129.86,207.61,11871363,0.073226992,5.8,697417,0.912649396,11.63,10666.8705,0.072179525,33194.0,-0.025,48830.4,0.087568237,13128.84,3639.7151,305.395,101.7,6799.974,0.008,0.716,102373.8183,1220.096592,0.702,0.298,0.942096921,47563.0,249.2838063,7.8,3.6,609729.3,133.1,1.4,8.9,10.3,11.3,9.9,231.0,19.28213689,98.8,98.6,98.0,44.1,94.4,54.1,99.3,0.4,75.74,8.1,10.2,698.6,187.12,87.09,69.99,52.59,47.71,39.47,31.25,856.7305467,"7,311",1453.830605,99.2666,,,66.1,96.5,8296.038659,156.3,836.0,298.0,794.0,,8522.0,603.0,0.4507,1309.0,288177.0,23.01,67.85,42551.0,232840.2
753,2012-01-24,109.91,16876.6,5.2,357.8,445.4,100.0,21.939,34.4,30.79,40.0394,110.03,0.330120044,59698.1,0.042643516,5.75,6.65,1514.93,1488.7,129.72,207.68,11871363,0.073226992,5.8,697417,0.912649396,11.63,10666.8705,0.072179525,33194.0,-0.025,48830.4,0.087568237,13128.84,3639.7151,305.395,101.7,6799.974,0.008,0.716,102373.8183,1220.096592,0.702,0.298,0.942096921,47563.0,249.2838063,7.8,3.6,609729.3,133.1,1.4,8.9,10.3,11.3,9.9,231.0,19.28213689,98.8,98.6,98.0,44.1,94.4,54.1,99.3,0.4,75.74,8.1,10.2,698.6,187.12,87.09,69.99,52.59,47.71,39.47,31.25,856.7305467,"7,311",1453.830605,99.2666,,,66.1,96.5,8296.038659,156.3,836.0,298.0,794.0,,8522.0,603.0,0.4507,1309.0,288177.0,23.01,67.85,42551.0,232840.2
754,2012-01-25,109.91,16876.6,5.2,357.8,445.4,100.0,21.939,34.4,30.7148,39.8344,109.81,0.330120044,59698.1,0.042643516,5.75,6.65,1534.14,1498.79,129.89,207.75,11871363,0.073226992,5.8,697417,0.912649396,11.63,10666.8705,0.072179525,33194.0,-0.025,48830.4,0.087568237,13128.84,3639.7151,305.395,101.7,6799.974,0.008,0.716,102373.8183,1220.096592,0.702,0.298,0.942096921,47563.0,249.2838063,7.8,3.6,609729.3,133.1,1.4,8.9,10.3,11.3,9.9,231.0,19.28213689,98.8,98.6,98.0,44.1,94.4,54.1,99.3,0.4,75.74,8.1,10.2,698.6,187.12,87.09,69.99,52.59,47.71,39.47,31.25,856.7305467,"7,311",1453.830605,99.2666,,,66.1,96.5,8296.038659,156.3,836.0,298.0,794.0,,8522.0,603.0,0.4507,1309.0,288177.0,23.01,67.85,42551.0,232840.2
755,2012-01-26,109.91,16876.6,5.2,357.8,445.4,100.0,21.939,34.4,30.2313,39.7726,110.79,0.330120044,59698.1,0.042643516,5.75,6.65,1573.04,1514.72,130.08,207.86,11871363,0.073226992,5.8,697417,0.912649396,11.63,10666.8705,0.072179525,33194.0,-0.025,48830.4,0.087568237,13128.84,3639.7151,305.395,101.7,6799.974,0.008,0.716,102373.8183,1220.096592,0.702,0.298,0.942096921,47563.0,249.2838063,7.8,3.6,609729.3,133.1,1.4,8.9,10.3,11.3,9.9,231.0,19.28213689,98.8,98.6,98.0,44.1,94.4,54.1,99.3,0.4,75.74,8.1,10.2,698.6,187.12,87.09,69.99,52.59,47.71,39.47,31.25,856.7305467,"7,311",1453.830605,99.2666,,,66.1,96.5,8296.038659,156.3,836.0,298.0,794.0,,8522.0,603.0,0.4507,1309.0,288177.0,23.01,67.85,42551.0,232840.2
756,2012-01-27,109.91,16876.6,5.2,357.8,445.4,100.0,21.939,34.4,30.1197,39.7452,111.46,0.330120044,59698.1,0.042643516,5.75,6.65,1565.82,1508.04,130.4,207.92,11871363,0.073226992,5.8,697417,0.912649396,11.63,10666.8705,0.072179525,33194.0,-0.025,48830.4,0.087568237,13128.84,3639.7151,305.395,101.7,6799.974,0.008,0.716,102373.8183,1220.096592,0.702,0.298,0.942096921,47563.0,249.2838063,7.8,3.6,609729.3,133.1,1.4,8.9,10.3,11.3,9.9,231.0,19.28213689,98.8,98.6,98.0,44.1,94.4,54.1,99.3,0.4,75.74,8.1,10.2,698.6,187.12,87.09,69.99,52.59,47.71,39.47,31.25,856.7305467,"7,311",1453.830605,99.2666,,,66.1,96.5,8296.038659,156.3,836.0,298.0,794.0,,8522.0,603.0,0.4507,1309.0,288177.0,23.01,67.85,42551.0,232840.2
757,2012-01-28,109.91,16876.6,5.2,357.8,445.4,100.0,21.939,34.4,30.1197,39.7452,111.46,0.330120044,59698.1,0.042643516,5.75,6.65,1565.82,1508.04,130.4,207.92,11871363,0.073226992,5.8,697417,0.912649396,11.63,10666.8705,0.072179525,33194.0,-0.025,48830.4,0.087568237,13128.84,3639.7151,305.395,101.7,6799.974,0.008,0.716,102373.8183,1220.096592,0.702,0.298,0.942096921,47563.0,249.2838063,7.8,3.6,609729.3,133.1,1.4,8.9,10.3,11.3,9.9,231.0,19.28213689,98.8,98.6,98.0,44.1,94.4,54.1,99.3,0.4,75.74,8.1,10.2,698.6,187.12,87.09,69.99,52.59,47.71,39.47,31.25,856.7305467,"7,311",1453.830605,99.2666,,,66.1,96.5,8296.038659,156.3,836.0,298.0,794.0,,8522.0,603.0,0.4507,1309.0,288177.0,23.01,67.85,42551.0,232840.2
758,2012-01-29,109.91,16876.6,5.2,357.8,445.4,100.0,21.939,34.4,30.1197,39.7452,111.46,0.330120044,59698.1,0.042643516,5.75,6.65,1565.82,1508.04,130.4,207.92,11871363,0.073226992,5.8,697417,0.912649396,11.63,10666.8705,0.072179525,33194.0,-0.025,48830.4,0.087568237,13128.84,3639.7151,305.395,101.7,6799.974,0.008,0.716,102373.8183,1220.096592,0.702,0.298,0.942096921,47563.0,249.2838063,7.8,3.6,609729.3,133.1,1.4,8.9,10.3,11.3,9.9,231.0,19.28213689,98.8,98.6,98.0,44.1,94.4,54.1,99.3,0.4,75.74,8.1,10.2,698.6,187.12,87.09,69.99,52.59,47.71,39.47,31.25,856.7305467,"7,311",1453.830605,99.2666,,,66.1,96.5,8296.038659,156.3,836.0,298.0,794.0,,8522.0,603.0,0.4507,1309.0,288177.0,23.01,67.85,42551.0,232840.2
759,2012-01-30,109.91,16876.6,5.2,357.8,445.4,100.0,21.939,34.4,30.414,39.9079,110.75,0.330120044,59698.1,0.042643516,5.75,6.65,1546.59,1496.3,130.35,208.25,11871363,0.073226992,5.8,697417,0.912649396,11.63,10666.8705,0.072179525,33194.0,-0.025,48830.4,0.087568237,13128.84,3639.7151,305.395,101.7,6799.974,0.008,0.716,102373.8183,1220.096592,0.702,0.298,0.942096921,47563.0,249.2838063,7.8,3.6,609729.3,133.1,1.4,8.9,10.3,11.3,9.9,231.0,19.28213689,98.8,98.6,98.0,44.1,94.4,54.1,99.3,0.4,75.74,8.1,10.2,698.6,187.12,87.09,69.99,52.59,47.71,39.47,31.25,856.7305467,"7,311",1453.830605,99.2666,,,66.1,96.5,8296.038659,156.3,836.0,298.0,794.0,,8522.0,603.0,0.4507,1309.0,288177.0,23.01,67.85,42551.0,232840.2
760,2012-01-31,109.91,16876.6,5.2,357.8,445.4,100.0,21.939,34.4,30.343,39.6053,110.98,0.330120044,59698.1,0.042643516,5.75,6.65,1577.29,1514.03,130.62,208.23,11871363,0.073226992,5.8,697417,0.912649396,11.63,10666.8705,0.072179525,33194.0,-0.025,48830.4,0.087568237,13128.84,3639.7151,305.395,101.7,6799.974,0.008,0.716,102373.8183,1220.096592,0.702,0.298,0.942096921,47563.0,249.2838063,7.8,3.6,609729.3,133.1,1.4,8.9,10.3,11.3,9.9,231.0,19.28213689,98.8,98.6,98.0,44.1,94.4,54.1,99.3,0.4,75.74,8.1,10.2,698.6,187.12,87.09,69.99,52.59,47.71,39.47,31.25,856.7305467,"7,311",1453.830605,99.2666,,,66.1,96.5,8296.038659,156.3,836.0,298.0,794.0,,8522.0,603.0,0.4507,1309.0,288177.0,23.01,67.85,42551.0,232840.2
761,2012-02-01,119.03,16876.6,5.2,359.5,444.3,100.0,21.832,34.4,30.1284,39.777,111.56,0.395818682,59698.1,0.042643516,5.75,6.65,1599.56,1539.36,130.82,208.23,11638442,-0.019620409,5.3,38606,0.939902517,11.83,10666.8705,0.072179525,42644.1,-0.025,48830.4,0.087568237,13166.88,3639.7151,305.395,101.7,6799.974,0.008,0.716,102373.8183,1220.096592,0.702,0.298,0.942096921,47563.0,249.2838063,7.8,3.6,609729.3,133.1,1.4,8.9,10.3,11.3,9.9,231.0,19.28213689,98.8,98.6,98.0,44.1,94.4,54.1,99.3,0.4,75.74,8.1,10.2,698.6,139.61,91.68,67.56,51.51,45.53,38.39,31.12,856.7305467,"7,311",1453.830605,99.2666,,,66.1,96.5,8296.038659,156.3,836.0,298.0,794.0,,8522.0,603.0,0.4507,1309.0,288177.0,23.01,67.85,42551.0,232840.2
762,2012-02-02,119.03,16876.6,5.2,359.5,444.3,100.0,21.832,34.4,30.1827,39.7159,112.07,0.395818682,59698.1,0.042643516,5.75,6.65,1602.99,1542.39,131.18,208.64,11638442,-0.019620409,5.3,38606,0.939902517,11.83,10666.8705,0.072179525,42644.1,-0.025,48830.4,0.087568237,13166.88,3639.7151,305.395,101.7,6799.974,0.008,0.716,102373.8183,1220.096592,0.702,0.298,0.942096921,47563.0,249.2838063,7.8,3.6,609729.3,133.1,1.4,8.9,10.3,11.3,9.9,231.0,19.28213689,98.8,98.6,98.0,44.1,94.4,54.1,99.3,0.4,75.74,8.1,10.2,698.6,139.61,91.68,67.56,51.51,45.53,38.39,31.12,856.7305467,"7,311",1453.830605,99.2666,,,66.1,96.5,8296.038659,156.3,836.0,298.0,794.0,,8522.0,603.0,0.4507,1309.0,288177.0,23.01,67.85,42551.0,232840.2
763,2012-02-03,119.03,16876.6,5.2,359.5,444.3,100.0,21.832,34.4,30.192,39.5738,114.58,0.395818682,59698.1,0.042643516,5.75,6.65,1625.6,1564.82,131.55,210.63,11638442,-0.019620409,5.3,38606,0.939902517,11.83,10666.8705,0.072179525,42644.1,-0.025,48830.4,0.087568237,13166.88,3639.7151,305.395,101.7,6799.974,0.008,0.716,102373.8183,1220.096592,0.702,0.298,0.942096921,47563.0,249.2838063,7.8,3.6,609729.3,133.1,1.4,8.9,10.3,11.3,9.9,231.0,19.28213689,98.8,98.6,98.0,44.1,94.4,54.1,99.3,0.4,75.74,8.1,10.2,698.6,139.61,91.68,67.56,51.51,45.53,38.39,31.12,856.7305467,"7,311",1453.830605,99.2666,,,66.1,96.5,8296.038659,156.3,836.0,298.0,794.0,,8522.0,603.0,0.4507,1309.0,288177.0,23.01,67.85,42551.0,232840.2
764,2012-02-04,119.03,16876.6,5.2,359.5,444.3,100.0,21.832,34.4,30.192,39.5738,114.58,0.395818682,59698.1,0.042643516,5.75,6.65,1625.6,1564.82,131.55,212.26,11638442,-0.019620409,5.3,38606,0.939902517,11.83,10666.8705,0.072179525,42644.1,-0.025,48830.4,0.087568237,13166.88,3639.7151,305.395,101.7,6799.974,0.008,0.716,102373.8183,1220.096592,0.702,0.298,0.942096921,47563.0,249.2838063,7.8,3.6,609729.3,133.1,1.4,8.9,10.3,11.3,9.9,231.0,19.28213689,98.8,98.6,98.0,44.1,94.4,54.1,99.3,0.4,75.74,8.1,10.2,698.6,139.61,91.68,67.56,51.51,45.53,38.39,31.12,856.7305467,"7,311",1453.830605,99.2666,,,66.1,96.5,8296.038659,156.3,836.0,298.0,794.0,,8522.0,603.0,0.4507,1309.0,288177.0,23.01,67.85,42551.0,232840.2
765,2012-02-05,119.03,16876.6,5.2,359.5,444.3,100.0,21.832,34.4,30.192,39.5738,114.58,0.395818682,59698.1,0.042643516,5.75,6.65,1625.6,1564.82,131.55,213.2,11638442,-0.019620409,5.3,38606,0.939902517,11.83,10666.8705,0.072179525,42644.1,-0.025,48830.4,0.087568237,13166.88,3639.7151,305.395,101.7,6799.974,0.008,0.716,102373.8183,1220.096592,0.702,0.298,0.942096921,47563.0,249.2838063,7.8,3.6,609729.3,133.1,1.4,8.9,10.3,11.3,9.9,231.0,19.28213689,98.8,98.6,98.0,44.1,94.4,54.1,99.3,0.4,75.74,8.1,10.2,698.6,139.61,91.68,67.56,51.51,45.53,38.39,31.12,856.7305467,"7,311",1453.830605,99.2666,,,66.1,96.5,8296.038659,156.3,836.0,298.0,794.0,,8522.0,603.0,0.4507,1309.0,288177.0,23.01,67.85,42551.0,232840.2
766,2012-02-06,119.03,16876.6,5.2,359.5,444.3,100.0,21.832,34.4,30.1175,39.5304,115.93,0.395818682,59698.1,0.042643516,5.75,6.65,1626.46,1562.87,131.78,213.2,11638442,-0.019620409,5.3,38606,0.939902517,11.83,10666.8705,0.072179525,42644.1,-0.025,48830.4,0.087568237,13166.88,3639.7151,305.395,101.7,6799.974,0.008,0.716,102373.8183,1220.096592,0.702,0.298,0.942096921,47563.0,249.2838063,7.8,3.6,609729.3,133.1,1.4,8.9,10.3,11.3,9.9,231.0,19.28213689,98.8,98.6,98.0,44.1,94.4,54.1,99.3,0.4,75.74,8.1,10.2,698.6,139.61,91.68,67.56,51.51,45.53,38.39,31.12,856.7305467,"7,311",1453.830605,99.2666,,,66.1,96.5,8296.038659,156.3,836.0,298.0,794.0,,8522.0,603.0,0.4507,1309.0,288177.0,23.01,67.85,42551.0,232840.2
767,2012-02-07,119.03,16876.6,5.2,359.5,444.3,100.0,21.832,34.4,29.825,39.4556,116.23,0.395818682,59698.1,0.042643516,5.75,6.65,1632.35,1549.49,131.97,212.81,11638442,-0.019620409,5.3,38606,0.939902517,11.83,10666.8705,0.072179525,42644.1,-0.025,48830.4,0.087568237,13166.88,3639.7151,305.395,101.7,6799.974,0.008,0.716,102373.8183,1220.096592,0.702,0.298,0.942096921,47563.0,249.2838063,7.8,3.6,609729.3,133.1,1.4,8.9,10.3,11.3,9.9,231.0,19.28213689,98.8,98.6,98.0,44.1,94.4,54.1,99.3,0.4,75.74,8.1,10.2,698.6,139.61,91.68,67.56,51.51,45.53,38.39,31.12,856.7305467,"7,311",1453.830605,99.2666,,,66.1,96.5,8296.038659,156.3,836.0,298.0,794.0,,8522.0,603.0,0.4507,1309.0,288177.0,23.01,67.85,42551.0,232840.2
768,2012-02-08,119.03,16876.6,5.2,359.5,444.3,100.0,21.832,34.4,29.7476,39.455,117.2,0.395818682,59698.1,0.042643516,5.75,6.65,1643.53,1555.11,132.11,215.25,11638442,-0.019620409,5.3,38606,0.939902517,11.83,10666.8705,0.072179525,42644.1,-0.025,48830.4,0.087568237,13166.88,3639.7151,305.395,101.7,6799.974,0.008,0.716,102373.8183,1220.096592,0.702,0.298,0.942096921,47563.0,249.2838063,7.8,3.6,609729.3,133.1,1.4,8.9,10.3,11.3,9.9,231.0,19.28213689,98.8,98.6,98.0,44.1,94.4,54.1,99.3,0.4,75.74,8.1,10.2,698.6,139.61,91.68,67.56,51.51,45.53,38.39,31.12,856.7305467,"7,311",1453.830605,99.2666,,,66.1,96.5,8296.038659,156.3,836.0,298.0,794.0,,8522.0,603.0,0.4507,1309.0,288177.0,23.01,67.85,42551.0,232840.2
769,2012-02-09,119.03,16876.6,5.2,359.5,444.3,100.0,21.832,34.4,29.6998,39.4888,118.59,0.395818682,59698.1,0.042643516,5.75,6.65,1638.09,1541.64,131.79,215.25,11638442,-0.019620409,5.3,38606,0.939902517,11.83,10666.8705,0.072179525,42644.1,-0.025,48830.4,0.087568237,13166.88,3639.7151,305.395,101.7,6799.974,0.008,0.716,102373.8183,1220.096592,0.702,0.298,0.942096921,47563.0,249.2838063,7.8,3.6,609729.3,133.1,1.4,8.9,10.3,11.3,9.9,231.0,19.28213689,98.8,98.6,98.0,44.1,94.4,54.1,99.3,0.4,75.74,8.1,10.2,698.6,139.61,91.68,67.56,51.51,45.53,38.39,31.12,856.7305467,"7,311",1453.830605,99.2666,,,66.1,96.5,8296.038659,156.3,836.0,298.0,794.0,,8522.0,603.0,0.4507,1309.0,288177.0,23.01,67.85,42551.0,232840.2
770,2012-02-10,119.03,16876.6,5.2,359.5,444.3,100.0,21.832,34.4,30.0431,39.6269,117.31,0.395818682,59698.1,0.042643516,5.75,6.65,1603.25,1525.17,131.55,218.34,11638442,-0.019620409,5.3,38606,0.939902517,11.83,10666.8705,0.072179525,42644.1,-0.025,48830.4,0.087568237,13166.88,3639.7151,305.395,101.7,6799.974,0.008,0.716,102373.8183,1220.096592,0.702,0.298,0.942096921,47563.0,249.2838063,7.8,3.6,609729.3,133.1,1.4,8.9,10.3,11.3,9.9,231.0,19.28213689,98.8,98.6,98.0,44.1,94.4,54.1,99.3,0.4,75.74,8.1,10.2,698.6,139.61,91.68,67.56,51.51,45.53,38.39,31.12,856.7305467,"7,311",1453.830605,99.2666,,,66.1,96.5,8296.038659,156.3,836.0,298.0,794.0,,8522.0,603.0,0.4507,1309.0,288177.0,23.01,67.85,42551.0,232840.2
771,2012-02-11,119.03,16876.6,5.2,359.5,444.3,100.0,21.832,34.4,30.0431,39.6269,117.31,0.395818682,59698.1,0.042643516,5.75,6.65,1603.25,1525.17,131.55,220.29,11638442,-0.019620409,5.3,38606,0.939902517,11.83,10666.8705,0.072179525,42644.1,-0.025,48830.4,0.087568237,13166.88,3639.7151,305.395,101.7,6799.974,0.008,0.716,102373.8183,1220.096592,0.702,0.298,0.942096921,47563.0,249.2838063,7.8,3.6,609729.3,133.1,1.4,8.9,10.3,11.3,9.9,231.0,19.28213689,98.8,98.6,98.0,44.1,94.4,54.1,99.3,0.4,75.74,8.1,10.2,698.6,139.61,91.68,67.56,51.51,45.53,38.39,31.12,856.7305467,"7,311",1453.830605,99.2666,,,66.1,96.5,8296.038659,156.3,836.0,298.0,794.0,,8522.0,603.0,0.4507,1309.0,288177.0,23.01,67.85,42551.0,232840.2
772,2012-02-12,119.03,16876.6,5.2,359.5,444.3,100.0,21.832,34.4,30.0431,39.6269,117.31,0.395818682,59698.1,0.042643516,5.75,6.65,1603.25,1525.17,131.55,220.29,11638442,-0.019620409,5.3,38606,0.939902517,11.83,10666.8705,0.072179525,42644.1,-0.025,48830.4,0.087568237,13166.88,3639.7151,305.395,101.7,6799.974,0.008,0.716,102373.8183,1220.096592,0.702,0.298,0.942096921,47563.0,249.2838063,7.8,3.6,609729.3,133.1,1.4,8.9,10.3,11.3,9.9,231.0,19.28213689,98.8,98.6,98.0,44.1,94.4,54.1,99.3,0.4,75.74,8.1,10.2,698.6,139.61,91.68,67.56,51.51,45.53,38.39,31.12,856.7305467,"7,311",1453.830605,99.2666,,,66.1,96.5,8296.038659,156.3,836.0,298.0,794.0,,8522.0,603.0,0.4507,1309.0,288177.0,23.01,67.85,42551.0,232840.2
773,2012-02-13,119.03,16876.6,5.2,359.5,444.3,100.0,21.832,34.4,29.875,39.4915,117.93,0.395818682,59698.1,0.042643516,5.75,6.65,1645.94,1559.21,131.65,209.52,11638442,-0.019620409,5.3,38606,0.939902517,11.83,10666.8705,0.072179525,42644.1,-0.025,48830.4,0.087568237,13166.88,3639.7151,305.395,101.7,6799.974,0.008,0.716,102373.8183,1220.096592,0.702,0.298,0.942096921,47563.0,249.2838063,7.8,3.6,609729.3,133.1,1.4,8.9,10.3,11.3,9.9,231.0,19.28213689,98.8,98.6,98.0,44.1,94.4,54.1,99.3,0.4,75.74,8.1,10.2,698.6,139.61,91.68,67.56,51.51,45.53,38.39,31.12,856.7305467,"7,311",1453.830605,99.2666,,,66.1,96.5,8296.038659,156.3,836.0,298.0,794.0,,8522.0,603.0,0.4507,1309.0,288177.0,23.01,67.85,42551.0,232840.2
774,2012-02-14,119.03,16876.6,5.2,359.5,444.3,100.0,21.832,34.4,30.0675,39.5281,118.16,0.395818682,59698.1,0.042643516,5.75,6.65,1644.1,1562.13,131.68,209.66,11638442,-0.019620409,5.3,38606,0.939902517,11.83,10666.8705,0.072179525,42644.1,-0.025,48830.4,0.087568237,13166.88,3639.7151,305.395,101.7,6799.974,0.008,0.716,102373.8183,1220.096592,0.702,0.298,0.942096921,47563.0,249.2838063,7.8,3.6,609729.3,133.1,1.4,8.9,10.3,11.3,9.9,231.0,19.28213689,98.8,98.6,98.0,44.1,94.4,54.1,99.3,0.4,75.74,8.1,10.2,698.6,139.61,91.68,67.56,51.51,45.53,38.39,31.12,856.7305467,"7,311",1453.830605,99.2666,,,66.1,96.5,8296.038659,156.3,836.0,298.0,794.0,,8522.0,603.0,0.4507,1309.0,288177.0,23.01,67.85,42551.0,232840.2
775,2012-02-15,119.03,16876.6,5.2,359.5,444.3,100.0,21.832,34.4,30.027,39.2897,118.93,0.395818682,59698.1,0.042643516,5.75,6.65,1661.36,1579.38,131.77,209.66,11638442,-0.019620409,5.3,38606,0.939902517,11.83,10666.8705,0.072179525,42644.1,-0.025,48830.4,0.087568237,13166.88,3639.7151,305.395,101.7,6799.974,0.008,0.716,102373.8183,1220.096592,0.702,0.298,0.942096921,47563.0,249.2838063,7.8,3.6,609729.3,133.1,1.4,8.9,10.3,11.3,9.9,231.0,19.28213689,98.8,98.6,98.0,44.1,94.4,54.1,99.3,0.4,75.74,8.1,10.2,698.6,139.61,91.68,67.56,51.51,45.53,38.39,31.12,856.7305467,"7,311",1453.830605,99.2666,,,66.1,96.5,8296.038659,156.3,836.0,298.0,794.0,,8522.0,603.0,0.4507,1309.0,288177.0,23.01,67.85,42551.0,232840.2
776,2012-02-16,119.03,16876.6,5.2,359.5,444.3,100.0,21.832,34.4,30.1096,39.4598,120.11,0.395818682,59698.1,0.042643516,5.75,6.65,1641.51,1570.36,131.78,209.51,11638442,-0.019620409,5.3,38606,0.939902517,11.83,10666.8705,0.072179525,42644.1,-0.025,48830.4,0.087568237,13166.88,3639.7151,305.395,101.7,6799.974,0.008,0.716,102373.8183,1220.096592,0.702,0.298,0.942096921,47563.0,249.2838063,7.8,3.6,609729.3,133.1,1.4,8.9,10.3,11.3,9.9,231.0,19.28213689,98.8,98.6,98.0,44.1,94.4,54.1,99.3,0.4,75.74,8.1,10.2,698.6,139.61,91.68,67.56,51.51,45.53,38.39,31.12,856.7305467,"7,311",1453.830605,99.2666,,,66.1,96.5,8296.038659,156.3,836.0,298.0,794.0,,8522.0,603.0,0.4507,1309.0,288177.0,23.01,67.85,42551.0,232840.2
777,2012-02-17,119.03,16876.6,5.2,359.5,444.3,100.0,21.832,34.4,29.9377,39.3616,119.58,0.395818682,59698.1,0.042643516,5.75,6.65,1656.6,1568.54,131.81,209.6,11638442,-0.019620409,5.3,38606,0.939902517,11.83,10666.8705,0.072179525,42644.1,-0.025,48830.4,0.087568237,13166.88,3639.7151,305.395,101.7,6799.974,0.008,0.716,102373.8183,1220.096592,0.702,0.298,0.942096921,47563.0,249.2838063,7.8,3.6,609729.3,133.1,1.4,8.9,10.3,11.3,9.9,231.0,19.28213689,98.8,98.6,98.0,44.1,94.4,54.1,99.3,0.4,75.74,8.1,10.2,698.6,139.61,91.68,67.56,51.51,45.53,38.39,31.12,856.7305467,"7,311",1453.830605,99.2666,,,66.1,96.5,8296.038659,156.3,836.0,298.0,794.0,,8522.0,603.0,0.4507,1309.0,288177.0,23.01,67.85,42551.0,232840.2
778,2012-02-18,119.03,16876.6,5.2,359.5,444.3,100.0,21.832,34.4,29.9377,39.3616,119.58,0.395818682,59698.1,0.042643516,5.75,6.65,1656.6,1568.54,131.81,209.6,11638442,-0.019620409,5.3,38606,0.939902517,11.83,10666.8705,0.072179525,42644.1,-0.025,48830.4,0.087568237,13166.88,3639.7151,305.395,101.7,6799.974,0.008,0.716,102373.8183,1220.096592,0.702,0.298,0.942096921,47563.0,249.2838063,7.8,3.6,609729.3,133.1,1.4,8.9,10.3,11.3,9.9,231.0,19.28213689,98.8,98.6,98.0,44.1,94.4,54.1,99.3,0.4,75.74,8.1,10.2,698.6,139.61,91.68,67.56,51.51,45.53,38.39,31.12,856.7305467,"7,311",1453.830605,99.2666,,,66.1,96.5,8296.038659,156.3,836.0,298.0,794.0,,8522.0,603.0,0.4507,1309.0,288177.0,23.01,67.85,42551.0,232840.2
779,2012-02-19,119.03,16876.6,5.2,359.5,444.3,100.0,21.832,34.4,29.9377,39.3616,119.58,0.395818682,59698.1,0.042643516,5.75,6.65,1656.6,1568.54,131.81,209.6,11638442,-0.019620409,5.3,38606,0.939902517,11.83,10666.8705,0.072179525,42644.1,-0.025,48830.4,0.087568237,13166.88,3639.7151,305.395,101.7,6799.974,0.008,0.716,102373.8183,1220.096592,0.702,0.298,0.942096921,47563.0,249.2838063,7.8,3.6,609729.3,133.1,1.4,8.9,10.3,11.3,9.9,231.0,19.28213689,98.8,98.6,98.0,44.1,94.4,54.1,99.3,0.4,75.74,8.1,10.2,698.6,139.61,91.68,67.56,51.51,45.53,38.39,31.12,856.7305467,"7,311",1453.830605,99.2666,,,66.1,96.5,8296.038659,156.3,836.0,298.0,794.0,,8522.0,603.0,0.4507,1309.0,288177.0,23.01,67.85,42551.0,232840.2
780,2012-02-20,119.03,16876.6,5.2,359.5,444.3,100.0,21.832,34.4,29.7727,39.432,120.05,0.395818682,59698.1,0.042643516,5.75,6.65,1674.27,1579.19,131.56,209.82,11638442,-0.019620409,5.3,38606,0.939902517,11.83,10666.8705,0.072179525,42644.1,-0.025,48830.4,0.087568237,13166.88,3639.7151,305.395,101.7,6799.974,0.008,0.716,102373.8183,1220.096592,0.702,0.298,0.942096921,47563.0,249.2838063,7.8,3.6,609729.3,133.1,1.4,8.9,10.3,11.3,9.9,231.0,19.28213689,98.8,98.6,98.0,44.1,94.4,54.1,99.3,0.4,75.74,8.1,10.2,698.6,139.61,91.68,67.56,51.51,45.53,38.39,31.12,856.7305467,"7,311",1453.830605,99.2666,,,66.1,96.5,8296.038659,156.3,836.0,298.0,794.0,,8522.0,603.0,0.4507,1309.0,288177.0,23.01,67.85,42551.0,232840.2
781,2012-02-21,119.03,16876.6,5.2,359.5,444.3,100.0,21.832,34.4,29.7332,39.4233,121.66,0.395818682,59698.1,0.042643516,5.75,6.65,1655.35,1558.98,131.71,209.86,11638442,-0.019620409,5.3,38606,0.939902517,11.83,10666.8705,0.072179525,42644.1,-0.025,48830.4,0.087568237,13166.88,3639.7151,305.395,101.7,6799.974,0.008,0.716,102373.8183,1220.096592,0.702,0.298,0.942096921,47563.0,249.2838063,7.8,3.6,609729.3,133.1,1.4,8.9,10.3,11.3,9.9,231.0,19.28213689,98.8,98.6,98.0,44.1,94.4,54.1,99.3,0.4,75.74,8.1,10.2,698.6,139.61,91.68,67.56,51.51,45.53,38.39,31.12,856.7305467,"7,311",1453.830605,99.2666,,,66.1,96.5,8296.038659,156.3,836.0,298.0,794.0,,8522.0,603.0,0.4507,1309.0,288177.0,23.01,67.85,42551.0,232840.2
782,2012-02-22,119.03,16876.6,5.2,359.5,444.3,100.0,21.832,34.4,29.6853,39.3217,122.9,0.395818682,59698.1,0.042643516,5.75,6.65,1642.01,1538.17,131.62,209.6,11638442,-0.019620409,5.3,38606,0.939902517,11.83,10666.8705,0.072179525,42644.1,-0.025,48830.4,0.087568237,13166.88,3639.7151,305.395,101.7,6799.974,0.008,0.716,102373.8183,1220.096592,0.702,0.298,0.942096921,47563.0,249.2838063,7.8,3.6,609729.3,133.1,1.4,8.9,10.3,11.3,9.9,231.0,19.28213689,98.8,98.6,98.0,44.1,94.4,54.1,99.3,0.4,75.74,8.1,10.2,698.6,139.61,91.68,67.56,51.51,45.53,38.39,31.12,856.7305467,"7,311",1453.830605,99.2666,,,66.1,96.5,8296.038659,156.3,836.0,298.0,794.0,,8522.0,603.0,0.4507,1309.0,288177.0,23.01,67.85,42551.0,232840.2
783,2012-02-23,119.03,16876.6,5.2,359.5,444.3,100.0,21.832,34.4,29.5989,39.3928,123.62,0.395818682,59698.1,0.042643516,5.75,6.65,1642.01,1538.17,131.62,209.6,11638442,-0.019620409,5.3,38606,0.939902517,11.83,10666.8705,0.072179525,42644.1,-0.025,48830.4,0.087568237,13166.88,3639.7151,305.395,101.7,6799.974,0.008,0.716,102373.8183,1220.096592,0.702,0.298,0.942096921,47563.0,249.2838063,7.8,3.6,609729.3,133.1,1.4,8.9,10.3,11.3,9.9,231.0,19.28213689,98.8,98.6,98.0,44.1,94.4,54.1,99.3,0.4,75.74,8.1,10.2,698.6,139.61,91.68,67.56,51.51,45.53,38.39,31.12,856.7305467,"7,311",1453.830605,99.2666,,,66.1,96.5,8296.038659,156.3,836.0,298.0,794.0,,8522.0,603.0,0.4507,1309.0,288177.0,23.01,67.85,42551.0,232840.2
784,2012-02-24,119.03,16876.6,5.2,359.5,444.3,100.0,21.832,34.4,29.1696,39.2818,125.47,0.395818682,59698.1,0.042643516,5.75,6.65,1722.05,1594.55,131.69,209.75,11638442,-0.019620409,5.3,38606,0.939902517,11.83,10666.8705,0.072179525,42644.1,-0.025,48830.4,0.087568237,13166.88,3639.7151,305.395,101.7,6799.974,0.008,0.716,102373.8183,1220.096592,0.702,0.298,0.942096921,47563.0,249.2838063,7.8,3.6,609729.3,133.1,1.4,8.9,10.3,11.3,9.9,231.0,19.28213689,98.8,98.6,98.0,44.1,94.4,54.1,99.3,0.4,75.74,8.1,10.2,698.6,139.61,91.68,67.56,51.51,45.53,38.39,31.12,856.7305467,"7,311",1453.830605,99.2666,,,66.1,96.5,8296.038659,156.3,836.0,298.0,794.0,,8522.0,603.0,0.4507,1309.0,288177.0,23.01,67.85,42551.0,232840.2
785,2012-02-25,119.03,16876.6,5.2,359.5,444.3,100.0,21.832,34.4,29.1696,39.2818,125.47,0.395818682,59698.1,0.042643516,5.75,6.65,1722.05,1594.55,131.69,209.75,11638442,-0.019620409,5.3,38606,0.939902517,11.83,10666.8705,0.072179525,42644.1,-0.025,48830.4,0.087568237,13166.88,3639.7151,305.395,101.7,6799.974,0.008,0.716,102373.8183,1220.096592,0.702,0.298,0.942096921,47563.0,249.2838063,7.8,3.6,609729.3,133.1,1.4,8.9,10.3,11.3,9.9,231.0,19.28213689,98.8,98.6,98.0,44.1,94.4,54.1,99.3,0.4,75.74,8.1,10.2,698.6,139.61,91.68,67.56,51.51,45.53,38.39,31.12,856.7305467,"7,311",1453.830605,99.2666,,,66.1,96.5,8296.038659,156.3,836.0,298.0,794.0,,8522.0,603.0,0.4507,1309.0,288177.0,23.01,67.85,42551.0,232840.2
786,2012-02-26,119.03,16876.6,5.2,359.5,444.3,100.0,21.832,34.4,29.1696,39.2818,125.47,0.395818682,59698.1,0.042643516,5.75,6.65,1722.05,1594.55,131.69,209.75,11638442,-0.019620409,5.3,38606,0.939902517,11.83,10666.8705,0.072179525,42644.1,-0.025,48830.4,0.087568237,13166.88,3639.7151,305.395,101.7,6799.974,0.008,0.716,102373.8183,1220.096592,0.702,0.298,0.942096921,47563.0,249.2838063,7.8,3.6,609729.3,133.1,1.4,8.9,10.3,11.3,9.9,231.0,19.28213689,98.8,98.6,98.0,44.1,94.4,54.1,99.3,0.4,75.74,8.1,10.2,698.6,139.61,91.68,67.56,51.51,45.53,38.39,31.12,856.7305467,"7,311",1453.830605,99.2666,,,66.1,96.5,8296.038659,156.3,836.0,298.0,794.0,,8522.0,603.0,0.4507,1309.0,288177.0,23.01,67.85,42551.0,232840.2
787,2012-02-27,119.03,16876.6,5.2,359.5,444.3,100.0,21.832,34.4,29.0,38.9167,124.17,0.395818682,59698.1,0.042643516,5.75,6.65,1728.13,1592.66,131.82,210.31,11638442,-0.019620409,5.3,38606,0.939902517,11.83,10666.8705,0.072179525,42644.1,-0.025,48830.4,0.087568237,13166.88,3639.7151,305.395,101.7,6799.974,0.008,0.716,102373.8183,1220.096592,0.702,0.298,0.942096921,47563.0,249.2838063,7.8,3.6,609729.3,133.1,1.4,8.9,10.3,11.3,9.9,231.0,19.28213689,98.8,98.6,98.0,44.1,94.4,54.1,99.3,0.4,75.74,8.1,10.2,698.6,139.61,91.68,67.56,51.51,45.53,38.39,31.12,856.7305467,"7,311",1453.830605,99.2666,,,66.1,96.5,8296.038659,156.3,836.0,298.0,794.0,,8522.0,603.0,0.4507,1309.0,288177.0,23.01,67.85,42551.0,232840.2
788,2012-02-28,119.03,16876.6,5.2,359.5,444.3,100.0,21.832,34.4,28.967,38.9716,121.55,0.395818682,59698.1,0.042643516,5.75,6.65,1708.16,1574.1,131.72,210.33,11638442,-0.019620409,5.3,38606,0.939902517,11.83,10666.8705,0.072179525,42644.1,-0.025,48830.4,0.087568237,13166.88,3639.7151,305.395,101.7,6799.974,0.008,0.716,102373.8183,1220.096592,0.702,0.298,0.942096921,47563.0,249.2838063,7.8,3.6,609729.3,133.1,1.4,8.9,10.3,11.3,9.9,231.0,19.28213689,98.8,98.6,98.0,44.1,94.4,54.1,99.3,0.4,75.74,8.1,10.2,698.6,139.61,91.68,67.56,51.51,45.53,38.39,31.12,856.7305467,"7,311",1453.830605,99.2666,,,66.1,96.5,8296.038659,156.3,836.0,298.0,794.0,,8522.0,603.0,0.4507,1309.0,288177.0,23.01,67.85,42551.0,232840.2
789,2012-02-29,119.03,16876.6,5.2,359.5,444.3,100.0,21.832,34.4,29.1738,38.999,122.66,0.395818682,59698.1,0.042643516,5.75,6.65,1734.99,1597.67,131.9,210.34,11638442,-0.019620409,5.3,38606,0.939902517,11.83,10666.8705,0.072179525,42644.1,-0.025,48830.4,0.087568237,13166.88,3639.7151,305.395,101.7,6799.974,0.008,0.716,102373.8183,1220.096592,0.702,0.298,0.942096921,47563.0,249.2838063,7.8,3.6,609729.3,133.1,1.4,8.9,10.3,11.3,9.9,231.0,19.28213689,98.8,98.6,98.0,44.1,94.4,54.1,99.3,0.4,75.74,8.1,10.2,698.6,139.61,91.68,67.56,51.51,45.53,38.39,31.12,856.7305467,"7,311",1453.830605,99.2666,,,66.1,96.5,8296.038659,156.3,836.0,298.0,794.0,,8522.0,603.0,0.4507,1309.0,288177.0,23.01,67.85,42551.0,232840.2
790,2012-03-01,122.52,16876.6,5.2,360.9,449.0,100.0,20.858,34.4,29.1984,38.9149,126.2,0.134758718,59698.1,0.042643516,5.75,6.65,1723.57,1595.78,131.88,206.51,11793393,0.013313724,5.3,102355,0.885685335,11.92,10666.8705,0.072179525,42565.4,-0.025,48830.4,0.087568237,13243.77,3639.7151,305.395,101.7,6799.974,0.008,0.716,102373.8183,1220.096592,0.702,0.298,0.942096921,47563.0,249.2838063,7.8,3.6,609729.3,133.1,1.4,8.9,10.3,11.3,9.9,231.0,19.28213689,98.8,98.6,98.0,44.1,94.4,54.1,99.3,0.4,75.74,8.1,10.2,698.6,149.97,91.74,62.72,53.15,45.31,38.45,31.64,856.7305467,"7,311",1453.830605,99.2666,,,66.1,96.5,8296.038659,156.3,836.0,298.0,794.0,,8522.0,603.0,0.4507,1309.0,288177.0,23.01,67.85,42551.0,232840.2
791,2012-03-02,122.52,16876.6,5.2,360.9,449.0,100.0,20.858,34.4,29.3099,38.6942,123.65,0.134758718,59698.1,0.042643516,5.75,6.65,1726.73,1608.08,131.88,208.74,11793393,0.013313724,5.3,102355,0.885685335,11.92,10666.8705,0.072179525,42565.4,-0.025,48830.4,0.087568237,13243.77,3639.7151,305.395,101.7,6799.974,0.008,0.716,102373.8183,1220.096592,0.702,0.298,0.942096921,47563.0,249.2838063,7.8,3.6,609729.3,133.1,1.4,8.9,10.3,11.3,9.9,231.0,19.28213689,98.8,98.6,98.0,44.1,94.4,54.1,99.3,0.4,75.74,8.1,10.2,698.6,149.97,91.74,62.72,53.15,45.31,38.45,31.64,856.7305467,"7,311",1453.830605,99.2666,,,66.1,96.5,8296.038659,156.3,836.0,298.0,794.0,,8522.0,603.0,0.4507,1309.0,288177.0,23.01,67.85,42551.0,232840.2
792,2012-03-03,122.52,16876.6,5.2,360.9,449.0,100.0,20.858,34.4,29.3099,38.6942,123.65,0.134758718,59698.1,0.042643516,5.75,6.65,1726.73,1608.08,131.88,208.74,11793393,0.013313724,5.3,102355,0.885685335,11.92,10666.8705,0.072179525,42565.4,-0.025,48830.4,0.087568237,13243.77,3639.7151,305.395,101.7,6799.974,0.008,0.716,102373.8183,1220.096592,0.702,0.298,0.942096921,47563.0,249.2838063,7.8,3.6,609729.3,133.1,1.4,8.9,10.3,11.3,9.9,231.0,19.28213689,98.8,98.6,98.0,44.1,94.4,54.1,99.3,0.4,75.74,8.1,10.2,698.6,149.97,91.74,62.72,53.15,45.31,38.45,31.64,856.7305467,"7,311",1453.830605,99.2666,,,66.1,96.5,8296.038659,156.3,836.0,298.0,794.0,,8522.0,603.0,0.4507,1309.0,288177.0,23.01,67.85,42551.0,232840.2
793,2012-03-04,122.52,16876.6,5.2,360.9,449.0,100.0,20.858,34.4,29.3099,38.6942,123.65,0.134758718,59698.1,0.042643516,5.75,6.65,1726.73,1608.08,131.88,212.25,11793393,0.013313724,5.3,102355,0.885685335,11.92,10666.8705,0.072179525,42565.4,-0.025,48830.4,0.087568237,13243.77,3639.7151,305.395,101.7,6799.974,0.008,0.716,102373.8183,1220.096592,0.702,0.298,0.942096921,47563.0,249.2838063,7.8,3.6,609729.3,133.1,1.4,8.9,10.3,11.3,9.9,231.0,19.28213689,98.8,98.6,98.0,44.1,94.4,54.1,99.3,0.4,75.74,8.1,10.2,698.6,149.97,91.74,62.72,53.15,45.31,38.45,31.64,856.7305467,"7,311",1453.830605,99.2666,,,66.1,96.5,8296.038659,156.3,836.0,298.0,794.0,,8522.0,603.0,0.4507,1309.0,288177.0,23.01,67.85,42551.0,232840.2
794,2012-03-05,122.52,16876.6,5.2,360.9,449.0,100.0,20.858,34.4,29.3422,38.8094,123.8,0.134758718,59698.1,0.042643516,5.75,6.65,1752.17,1625.74,131.88,213.22,11793393,0.013313724,5.3,102355,0.885685335,11.92,10666.8705,0.072179525,42565.4,-0.025,48830.4,0.087568237,13243.77,3639.7151,305.395,101.7,6799.974,0.008,0.716,102373.8183,1220.096592,0.702,0.298,0.942096921,47563.0,249.2838063,7.8,3.6,609729.3,133.1,1.4,8.9,10.3,11.3,9.9,231.0,19.28213689,98.8,98.6,98.0,44.1,94.4,54.1,99.3,0.4,75.74,8.1,10.2,698.6,149.97,91.74,62.72,53.15,45.31,38.45,31.64,856.7305467,"7,311",1453.830605,99.2666,,,66.1,96.5,8296.038659,156.3,836.0,298.0,794.0,,8522.0,603.0,0.4507,1309.0,288177.0,23.01,67.85,42551.0,232840.2
795,2012-03-06,122.52,16876.6,5.2,360.9,449.0,100.0,20.858,34.4,29.628,38.8717,121.98,0.134758718,59698.1,0.042643516,5.75,6.65,1676.48,1562.19,131.77,213.22,11793393,0.013313724,5.3,102355,0.885685335,11.92,10666.8705,0.072179525,42565.4,-0.025,48830.4,0.087568237,13243.77,3639.7151,305.395,101.7,6799.974,0.008,0.716,102373.8183,1220.096592,0.702,0.298,0.942096921,47563.0,249.2838063,7.8,3.6,609729.3,133.1,1.4,8.9,10.3,11.3,9.9,231.0,19.28213689,98.8,98.6,98.0,44.1,94.4,54.1,99.3,0.4,75.74,8.1,10.2,698.6,149.97,91.74,62.72,53.15,45.31,38.45,31.64,856.7305467,"7,311",1453.830605,99.2666,,,66.1,96.5,8296.038659,156.3,836.0,298.0,794.0,,8522.0,603.0,0.4507,1309.0,288177.0,23.01,67.85,42551.0,232840.2
796,2012-03-07,122.52,16876.6,5.2,360.9,449.0,100.0,20.858,34.4,29.6272,38.9995,124.12,0.134758718,59698.1,0.042643516,5.75,6.65,1677.21,1572.83,131.64,212.96,11793393,0.013313724,5.3,102355,0.885685335,11.92,10666.8705,0.072179525,42565.4,-0.025,48830.4,0.087568237,13243.77,3639.7151,305.395,101.7,6799.974,0.008,0.716,102373.8183,1220.096592,0.702,0.298,0.942096921,47563.0,249.2838063,7.8,3.6,609729.3,133.1,1.4,8.9,10.3,11.3,9.9,231.0,19.28213689,98.8,98.6,98.0,44.1,94.4,54.1,99.3,0.4,75.74,8.1,10.2,698.6,149.97,91.74,62.72,53.15,45.31,38.45,31.64,856.7305467,"7,311",1453.830605,99.2666,,,66.1,96.5,8296.038659,156.3,836.0,298.0,794.0,,8522.0,603.0,0.4507,1309.0,288177.0,23.01,67.85,42551.0,232840.2
797,2012-03-08,122.52,16876.6,5.2,360.9,449.0,100.0,20.858,34.4,29.3757,38.9462,125.44,0.134758718,59698.1,0.042643516,5.75,6.65,1677.21,1572.83,131.64,215.34,11793393,0.013313724,5.3,102355,0.885685335,11.92,10666.8705,0.072179525,42565.4,-0.025,48830.4,0.087568237,13243.77,3639.7151,305.395,101.7,6799.974,0.008,0.716,102373.8183,1220.096592,0.702,0.298,0.942096921,47563.0,249.2838063,7.8,3.6,609729.3,133.1,1.4,8.9,10.3,11.3,9.9,231.0,19.28213689,98.8,98.6,98.0,44.1,94.4,54.1,99.3,0.4,75.74,8.1,10.2,698.6,149.97,91.74,62.72,53.15,45.31,38.45,31.64,856.7305467,"7,311",1453.830605,99.2666,,,66.1,96.5,8296.038659,156.3,836.0,298.0,794.0,,8522.0,603.0,0.4507,1309.0,288177.0,23.01,67.85,42551.0,232840.2
798,2012-03-09,122.52,16876.6,5.2,360.9,449.0,100.0,20.858,34.4,29.4223,38.5785,125.98,0.134758718,59698.1,0.042643516,5.75,6.65,1677.21,1572.83,131.64,217.04,11793393,0.013313724,5.3,102355,0.885685335,11.92,10666.8705,0.072179525,42565.4,-0.025,48830.4,0.087568237,13243.77,3639.7151,305.395,101.7,6799.974,0.008,0.716,102373.8183,1220.096592,0.702,0.298,0.942096921,47563.0,249.2838063,7.8,3.6,609729.3,133.1,1.4,8.9,10.3,11.3,9.9,231.0,19.28213689,98.8,98.6,98.0,44.1,94.4,54.1,99.3,0.4,75.74,8.1,10.2,698.6,149.97,91.74,62.72,53.15,45.31,38.45,31.64,856.7305467,"7,311",1453.830605,99.2666,,,66.1,96.5,8296.038659,156.3,836.0,298.0,794.0,,8522.0,603.0,0.4507,1309.0,288177.0,23.01,67.85,42551.0,232840.2
799,2012-03-10,122.52,16876.6,5.2,360.9,449.0,100.0,20.858,34.4,29.4223,38.5785,125.98,0.134758718,59698.1,0.042643516,5.75,6.65,1677.21,1572.83,131.64,218.38,11793393,0.013313724,5.3,102355,0.885685335,11.92,10666.8705,0.072179525,42565.4,-0.025,48830.4,0.087568237,13243.77,3639.7151,305.395,101.7,6799.974,0.008,0.716,102373.8183,1220.096592,0.702,0.298,0.942096921,47563.0,249.2838063,7.8,3.6,609729.3,133.1,1.4,8.9,10.3,11.3,9.9,231.0,19.28213689,98.8,98.6,98.0,44.1,94.4,54.1,99.3,0.4,75.74,8.1,10.2,698.6,149.97,91.74,62.72,53.15,45.31,38.45,31.64,856.7305467,"7,311",1453.830605,99.2666,,,66.1,96.5,8296.038659,156.3,836.0,298.0,794.0,,8522.0,603.0,0.4507,1309.0,288177.0,23.01,67.85,42551.0,232840.2
800,2012-03-11,122.52,16876.6,5.2,360.9,449.0,100.0,20.858,34.4,29.4223,38.5785,125.98,0.134758718,59698.1,0.042643516,5.75,6.65,1677.21,1572.83,131.71,218.38,11793393,0.013313724,5.3,102355,0.885685335,11.92,10666.8705,0.072179525,42565.4,-0.025,48830.4,0.087568237,13243.77,3639.7151,305.395,101.7,6799.974,0.008,0.716,102373.8183,1220.096592,0.702,0.298,0.942096921,47563.0,249.2838063,7.8,3.6,609729.3,133.1,1.4,8.9,10.3,11.3,9.9,231.0,19.28213689,98.8,98.6,98.0,44.1,94.4,54.1,99.3,0.4,75.74,8.1,10.2,698.6,149.97,91.74,62.72,53.15,45.31,38.45,31.64,856.7305467,"7,311",1453.830605,99.2666,,,66.1,96.5,8296.038659,156.3,836.0,298.0,794.0,,8522.0,603.0,0.4507,1309.0,288177.0,23.01,67.85,42551.0,232840.2
801,2012-03-12,122.52,16876.6,5.2,360.9,449.0,100.0,20.858,34.4,29.6042,38.9688,125.34,0.134758718,59698.1,0.042643516,5.75,6.65,1714.12,1604.26,131.82,221.78,11793393,0.013313724,5.3,102355,0.885685335,11.92,10666.8705,0.072179525,42565.4,-0.025,48830.4,0.087568237,13243.77,3639.7151,305.395,101.7,6799.974,0.008,0.716,102373.8183,1220.096592,0.702,0.298,0.942096921,47563.0,249.2838063,7.8,3.6,609729.3,133.1,1.4,8.9,10.3,11.3,9.9,231.0,19.28213689,98.8,98.6,98.0,44.1,94.4,54.1,99.3,0.4,75.74,8.1,10.2,698.6,149.97,91.74,62.72,53.15,45.31,38.45,31.64,856.7305467,"7,311",1453.830605,99.2666,,,66.1,96.5,8296.038659,156.3,836.0,298.0,794.0,,8522.0,603.0,0.4507,1309.0,288177.0,23.01,67.85,42551.0,232840.2
802,2012-03-13,122.52,16876.6,5.2,360.9,449.0,100.0,20.858,34.4,29.4191,38.5831,126.22,0.134758718,59698.1,0.042643516,5.75,6.65,1729.91,1611.88,132.01,210.8,11793393,0.013313724,5.3,102355,0.885685335,11.92,10666.8705,0.072179525,42565.4,-0.025,48830.4,0.087568237,13243.77,3639.7151,305.395,101.7,6799.974,0.008,0.716,102373.8183,1220.096592,0.702,0.298,0.942096921,47563.0,249.2838063,7.8,3.6,609729.3,133.1,1.4,8.9,10.3,11.3,9.9,231.0,19.28213689,98.8,98.6,98.0,44.1,94.4,54.1,99.3,0.4,75.74,8.1,10.2,698.6,149.97,91.74,62.72,53.15,45.31,38.45,31.64,856.7305467,"7,311",1453.830605,99.2666,,,66.1,96.5,8296.038659,156.3,836.0,298.0,794.0,,8522.0,603.0,0.4507,1309.0,288177.0,23.01,67.85,42551.0,232840.2
803,2012-03-14,122.52,16876.6,5.2,360.9,449.0,100.0,20.858,34.4,29.5218,38.4868,124.97,0.134758718,59698.1,0.042643516,5.75,6.65,1752.02,1631.15,132.2,211.01,11793393,0.013313724,5.3,102355,0.885685335,11.92,10666.8705,0.072179525,42565.4,-0.025,48830.4,0.087568237,13243.77,3639.7151,305.395,101.7,6799.974,0.008,0.716,102373.8183,1220.096592,0.702,0.298,0.942096921,47563.0,249.2838063,7.8,3.6,609729.3,133.1,1.4,8.9,10.3,11.3,9.9,231.0,19.28213689,98.8,98.6,98.0,44.1,94.4,54.1,99.3,0.4,75.74,8.1,10.2,698.6,149.97,91.74,62.72,53.15,45.31,38.45,31.64,856.7305467,"7,311",1453.830605,99.2666,,,66.1,96.5,8296.038659,156.3,836.0,298.0,794.0,,8522.0,603.0,0.4507,1309.0,288177.0,23.01,67.85,42551.0,232840.2
804,2012-03-15,122.52,16876.6,5.2,360.9,449.0,100.0,20.858,34.4,29.3623,38.4337,123.55,0.134758718,59698.1,0.042643516,5.75,6.65,1754.81,1626.63,132.18,211.4,11793393,0.013313724,5.3,102355,0.885685335,11.92,10666.8705,0.072179525,42565.4,-0.025,48830.4,0.087568237,13243.77,3639.7151,305.395,101.7,6799.974,0.008,0.716,102373.8183,1220.096592,0.702,0.298,0.942096921,47563.0,249.2838063,7.8,3.6,609729.3,133.1,1.4,8.9,10.3,11.3,9.9,231.0,19.28213689,98.8,98.6,98.0,44.1,94.4,54.1,99.3,0.4,75.74,8.1,10.2,698.6,149.97,91.74,62.72,53.15,45.31,38.45,31.64,856.7305467,"7,311",1453.830605,99.2666,,,66.1,96.5,8296.038659,156.3,836.0,298.0,794.0,,8522.0,603.0,0.4507,1309.0,288177.0,23.01,67.85,42551.0,232840.2
805,2012-03-16,122.52,16876.6,5.2,360.9,449.0,100.0,20.858,34.4,29.2497,38.5507,125.81,0.134758718,59698.1,0.042643516,5.75,6.65,1748.32,1618.99,132.26,211.57,11793393,0.013313724,5.3,102355,0.885685335,11.92,10666.8705,0.072179525,42565.4,-0.025,48830.4,0.087568237,13243.77,3639.7151,305.395,101.7,6799.974,0.008,0.716,102373.8183,1220.096592,0.702,0.298,0.942096921,47563.0,249.2838063,7.8,3.6,609729.3,133.1,1.4,8.9,10.3,11.3,9.9,231.0,19.28213689,98.8,98.6,98.0,44.1,94.4,54.1,99.3,0.4,75.74,8.1,10.2,698.6,149.97,91.74,62.72,53.15,45.31,38.45,31.64,856.7305467,"7,311",1453.830605,99.2666,,,66.1,96.5,8296.038659,156.3,836.0,298.0,794.0,,8522.0,603.0,0.4507,1309.0,288177.0,23.01,67.85,42551.0,232840.2
806,2012-03-17,122.52,16876.6,5.2,360.9,449.0,100.0,20.858,34.4,29.2497,38.5507,125.81,0.134758718,59698.1,0.042643516,5.75,6.65,1748.32,1618.99,132.26,211.57,11793393,0.013313724,5.3,102355,0.885685335,11.92,10666.8705,0.072179525,42565.4,-0.025,48830.4,0.087568237,13243.77,3639.7151,305.395,101.7,6799.974,0.008,0.716,102373.8183,1220.096592,0.702,0.298,0.942096921,47563.0,249.2838063,7.8,3.6,609729.3,133.1,1.4,8.9,10.3,11.3,9.9,231.0,19.28213689,98.8,98.6,98.0,44.1,94.4,54.1,99.3,0.4,75.74,8.1,10.2,698.6,149.97,91.74,62.72,53.15,45.31,38.45,31.64,856.7305467,"7,311",1453.830605,99.2666,,,66.1,96.5,8296.038659,156.3,836.0,298.0,794.0,,8522.0,603.0,0.4507,1309.0,288177.0,23.01,67.85,42551.0,232840.2
807,2012-03-18,122.52,16876.6,5.2,360.9,449.0,100.0,20.858,34.4,29.2497,38.5507,125.81,0.134758718,59698.1,0.042643516,5.75,6.65,1748.32,1618.99,132.26,211.57,11793393,0.013313724,5.3,102355,0.885685335,11.92,10666.8705,0.072179525,42565.4,-0.025,48830.4,0.087568237,13243.77,3639.7151,305.395,101.7,6799.974,0.008,0.716,102373.8183,1220.096592,0.702,0.298,0.942096921,47563.0,249.2838063,7.8,3.6,609729.3,133.1,1.4,8.9,10.3,11.3,9.9,231.0,19.28213689,98.8,98.6,98.0,44.1,94.4,54.1,99.3,0.4,75.74,8.1,10.2,698.6,149.97,91.74,62.72,53.15,45.31,38.45,31.64,856.7305467,"7,311",1453.830605,99.2666,,,66.1,96.5,8296.038659,156.3,836.0,298.0,794.0,,8522.0,603.0,0.4507,1309.0,288177.0,23.01,67.85,42551.0,232840.2
808,2012-03-19,122.52,16876.6,5.2,360.9,449.0,100.0,20.858,34.4,29.161,38.6162,125.71,0.134758718,59698.1,0.042643516,5.75,6.65,1722.5,1586.41,132.06,211.48,11793393,0.013313724,5.3,102355,0.885685335,11.92,10666.8705,0.072179525,42565.4,-0.025,48830.4,0.087568237,13243.77,3639.7151,305.395,101.7,6799.974,0.008,0.716,102373.8183,1220.096592,0.702,0.298,0.942096921,47563.0,249.2838063,7.8,3.6,609729.3,133.1,1.4,8.9,10.3,11.3,9.9,231.0,19.28213689,98.8,98.6,98.0,44.1,94.4,54.1,99.3,0.4,75.74,8.1,10.2,698.6,149.97,91.74,62.72,53.15,45.31,38.45,31.64,856.7305467,"7,311",1453.830605,99.2666,,,66.1,96.5,8296.038659,156.3,836.0,298.0,794.0,,8522.0,603.0,0.4507,1309.0,288177.0,23.01,67.85,42551.0,232840.2
809,2012-03-20,122.52,16876.6,5.2,360.9,449.0,100.0,20.858,34.4,29.2484,38.713,124.12,0.134758718,59698.1,0.042643516,5.75,6.65,1693.07,1558.65,132.0,211.55,11793393,0.013313724,5.3,102355,0.885685335,11.92,10666.8705,0.072179525,42565.4,-0.025,48830.4,0.087568237,13243.77,3639.7151,305.395,101.7,6799.974,0.008,0.716,102373.8183,1220.096592,0.702,0.298,0.942096921,47563.0,249.2838063,7.8,3.6,609729.3,133.1,1.4,8.9,10.3,11.3,9.9,231.0,19.28213689,98.8,98.6,98.0,44.1,94.4,54.1,99.3,0.4,75.74,8.1,10.2,698.6,149.97,91.74,62.72,53.15,45.31,38.45,31.64,856.7305467,"7,311",1453.830605,99.2666,,,66.1,96.5,8296.038659,156.3,836.0,298.0,794.0,,8522.0,603.0,0.4507,1309.0,288177.0,23.01,67.85,42551.0,232840.2
810,2012-03-21,122.52,16876.6,5.2,360.9,449.0,100.0,20.858,34.4,29.2657,38.6373,124.2,0.134758718,59698.1,0.042643516,5.75,6.65,1686.91,1551.78,131.95,211.56,11793393,0.013313724,5.3,102355,0.885685335,11.92,10666.8705,0.072179525,42565.4,-0.025,48830.4,0.087568237,13243.77,3639.7151,305.395,101.7,6799.974,0.008,0.716,102373.8183,1220.096592,0.702,0.298,0.942096921,47563.0,249.2838063,7.8,3.6,609729.3,133.1,1.4,8.9,10.3,11.3,9.9,231.0,19.28213689,98.8,98.6,98.0,44.1,94.4,54.1,99.3,0.4,75.74,8.1,10.2,698.6,149.97,91.74,62.72,53.15,45.31,38.45,31.64,856.7305467,"7,311",1453.830605,99.2666,,,66.1,96.5,8296.038659,156.3,836.0,298.0,794.0,,8522.0,603.0,0.4507,1309.0,288177.0,23.01,67.85,42551.0,232840.2
811,2012-03-22,122.52,16876.6,5.2,360.9,449.0,100.0,20.858,34.4,29.4403,38.8341,123.14,0.134758718,59698.1,0.042643516,5.75,6.65,1653.8,1529.51,131.88,211.56,11793393,0.013313724,5.3,102355,0.885685335,11.92,10666.8705,0.072179525,42565.4,-0.025,48830.4,0.087568237,13243.77,3639.7151,305.395,101.7,6799.974,0.008,0.716,102373.8183,1220.096592,0.702,0.298,0.942096921,47563.0,249.2838063,7.8,3.6,609729.3,133.1,1.4,8.9,10.3,11.3,9.9,231.0,19.28213689,98.8,98.6,98.0,44.1,94.4,54.1,99.3,0.4,75.74,8.1,10.2,698.6,149.97,91.74,62.72,53.15,45.31,38.45,31.64,856.7305467,"7,311",1453.830605,99.2666,,,66.1,96.5,8296.038659,156.3,836.0,298.0,794.0,,8522.0,603.0,0.4507,1309.0,288177.0,23.01,67.85,42551.0,232840.2
812,2012-03-23,122.52,16876.6,5.2,360.9,449.0,100.0,20.858,34.4,29.2735,38.853,125.13,0.134758718,59698.1,0.042643516,5.75,6.65,1668.41,1540.97,131.85,211.56,11793393,0.013313724,5.3,102355,0.885685335,11.92,10666.8705,0.072179525,42565.4,-0.025,48830.4,0.087568237,13243.77,3639.7151,305.395,101.7,6799.974,0.008,0.716,102373.8183,1220.096592,0.702,0.298,0.942096921,47563.0,249.2838063,7.8,3.6,609729.3,133.1,1.4,8.9,10.3,11.3,9.9,231.0,19.28213689,98.8,98.6,98.0,44.1,94.4,54.1,99.3,0.4,75.74,8.1,10.2,698.6,149.97,91.74,62.72,53.15,45.31,38.45,31.64,856.7305467,"7,311",1453.830605,99.2666,,,66.1,96.5,8296.038659,156.3,836.0,298.0,794.0,,8522.0,603.0,0.4507,1309.0,288177.0,23.01,67.85,42551.0,232840.2
813,2012-03-24,122.52,16876.6,5.2,360.9,449.0,100.0,20.858,34.4,29.2735,38.853,125.13,0.134758718,59698.1,0.042643516,5.75,6.65,1668.41,1540.97,131.85,211.56,11793393,0.013313724,5.3,102355,0.885685335,11.92,10666.8705,0.072179525,42565.4,-0.025,48830.4,0.087568237,13243.77,3639.7151,305.395,101.7,6799.974,0.008,0.716,102373.8183,1220.096592,0.702,0.298,0.942096921,47563.0,249.2838063,7.8,3.6,609729.3,133.1,1.4,8.9,10.3,11.3,9.9,231.0,19.28213689,98.8,98.6,98.0,44.1,94.4,54.1,99.3,0.4,75.74,8.1,10.2,698.6,149.97,91.74,62.72,53.15,45.31,38.45,31.64,856.7305467,"7,311",1453.830605,99.2666,,,66.1,96.5,8296.038659,156.3,836.0,298.0,794.0,,8522.0,603.0,0.4507,1309.0,288177.0,23.01,67.85,42551.0,232840.2
814,2012-03-25,122.52,16876.6,5.2,360.9,449.0,100.0,20.858,34.4,29.2735,38.853,125.13,0.134758718,59698.1,0.042643516,5.75,6.65,1668.41,1540.97,131.85,211.56,11793393,0.013313724,5.3,102355,0.885685335,11.92,10666.8705,0.072179525,42565.4,-0.025,48830.4,0.087568237,13243.77,3639.7151,305.395,101.7,6799.974,0.008,0.716,102373.8183,1220.096592,0.702,0.298,0.942096921,47563.0,249.2838063,7.8,3.6,609729.3,133.1,1.4,8.9,10.3,11.3,9.9,231.0,19.28213689,98.8,98.6,98.0,44.1,94.4,54.1,99.3,0.4,75.74,8.1,10.2,698.6,149.97,91.74,62.72,53.15,45.31,38.45,31.64,856.7305467,"7,311",1453.830605,99.2666,,,66.1,96.5,8296.038659,156.3,836.0,298.0,794.0,,8522.0,603.0,0.4507,1309.0,288177.0,23.01,67.85,42551.0,232840.2
815,2012-03-26,122.52,16876.6,5.2,360.9,449.0,100.0,20.858,34.4,28.9803,38.6293,125.65,0.134758718,59698.1,0.042643516,5.75,6.65,1712.85,1565.12,131.92,211.67,11793393,0.013313724,5.3,102355,0.885685335,11.92,10666.8705,0.072179525,42565.4,-0.025,48830.4,0.087568237,13243.77,3639.7151,305.395,101.7,6799.974,0.008,0.716,102373.8183,1220.096592,0.702,0.298,0.942096921,47563.0,249.2838063,7.8,3.6,609729.3,133.1,1.4,8.9,10.3,11.3,9.9,231.0,19.28213689,98.8,98.6,98.0,44.1,94.4,54.1,99.3,0.4,75.74,8.1,10.2,698.6,149.97,91.74,62.72,53.15,45.31,38.45,31.64,856.7305467,"7,311",1453.830605,99.2666,,,66.1,96.5,8296.038659,156.3,836.0,298.0,794.0,,8522.0,603.0,0.4507,1309.0,288177.0,23.01,67.85,42551.0,232840.2
816,2012-03-27,122.52,16876.6,5.2,360.9,449.0,100.0,20.858,34.4,29.0392,38.7208,125.54,0.134758718,59698.1,0.042643516,5.75,6.65,1699.68,1554.28,131.94,211.81,11793393,0.013313724,5.3,102355,0.885685335,11.92,10666.8705,0.072179525,42565.4,-0.025,48830.4,0.087568237,13243.77,3639.7151,305.395,101.7,6799.974,0.008,0.716,102373.8183,1220.096592,0.702,0.298,0.942096921,47563.0,249.2838063,7.8,3.6,609729.3,133.1,1.4,8.9,10.3,11.3,9.9,231.0,19.28213689,98.8,98.6,98.0,44.1,94.4,54.1,99.3,0.4,75.74,8.1,10.2,698.6,149.97,91.74,62.72,53.15,45.31,38.45,31.64,856.7305467,"7,311",1453.830605,99.2666,,,66.1,96.5,8296.038659,156.3,836.0,298.0,794.0,,8522.0,603.0,0.4507,1309.0,288177.0,23.01,67.85,42551.0,232840.2
817,2012-03-28,122.52,16876.6,5.2,360.9,449.0,100.0,20.858,34.4,29.4107,39.1083,124.16,0.134758718,59698.1,0.042643516,5.75,6.65,1647.44,1520.37,131.98,211.83,11793393,0.013313724,5.3,102355,0.885685335,11.92,10666.8705,0.072179525,42565.4,-0.025,48830.4,0.087568237,13243.77,3639.7151,305.395,101.7,6799.974,0.008,0.716,102373.8183,1220.096592,0.702,0.298,0.942096921,47563.0,249.2838063,7.8,3.6,609729.3,133.1,1.4,8.9,10.3,11.3,9.9,231.0,19.28213689,98.8,98.6,98.0,44.1,94.4,54.1,99.3,0.4,75.74,8.1,10.2,698.6,149.97,91.74,62.72,53.15,45.31,38.45,31.64,856.7305467,"7,311",1453.830605,99.2666,,,66.1,96.5,8296.038659,156.3,836.0,298.0,794.0,,8522.0,603.0,0.4507,1309.0,288177.0,23.01,67.85,42551.0,232840.2
818,2012-03-29,122.52,16876.6,5.2,360.9,449.0,100.0,20.858,34.4,29.4996,39.1674,122.39,0.134758718,59698.1,0.042643516,5.75,6.65,1613.41,1494.86,132.08,212.04,11793393,0.013313724,5.3,102355,0.885685335,11.92,10666.8705,0.072179525,42565.4,-0.025,48830.4,0.087568237,13243.77,3639.7151,305.395,101.7,6799.974,0.008,0.716,102373.8183,1220.096592,0.702,0.298,0.942096921,47563.0,249.2838063,7.8,3.6,609729.3,133.1,1.4,8.9,10.3,11.3,9.9,231.0,19.28213689,98.8,98.6,98.0,44.1,94.4,54.1,99.3,0.4,75.74,8.1,10.2,698.6,149.97,91.74,62.72,53.15,45.31,38.45,31.64,856.7305467,"7,311",1453.830605,99.2666,,,66.1,96.5,8296.038659,156.3,836.0,298.0,794.0,,8522.0,603.0,0.4507,1309.0,288177.0,23.01,67.85,42551.0,232840.2
819,2012-03-30,122.52,16876.6,5.2,360.9,449.0,100.0,20.858,34.4,29.347,39.1735,122.88,0.134758718,59698.1,0.042643516,5.75,6.65,1637.73,1517.34,132.03,212.12,11793393,0.013313724,5.3,102355,0.885685335,11.92,10666.8705,0.072179525,42565.4,-0.025,48830.4,0.087568237,13243.77,3639.7151,305.395,101.7,6799.974,0.008,0.716,102373.8183,1220.096592,0.702,0.298,0.942096921,47563.0,249.2838063,7.8,3.6,609729.3,133.1,1.4,8.9,10.3,11.3,9.9,231.0,19.28213689,98.8,98.6,98.0,44.1,94.4,54.1,99.3,0.4,75.74,8.1,10.2,698.6,149.97,91.74,62.72,53.15,45.31,38.45,31.64,856.7305467,"7,311",1453.830605,99.2666,,,66.1,96.5,8296.038659,156.3,836.0,298.0,794.0,,8522.0,603.0,0.4507,1309.0,288177.0,23.01,67.85,42551.0,232840.2
820,2012-03-31,122.52,16876.6,5.2,360.9,449.0,100.0,20.858,34.4,29.347,39.1735,122.88,0.134758718,59698.1,0.042643516,5.75,6.65,1637.73,1517.34,132.03,212.12,11793393,0.013313724,5.3,102355,0.885685335,11.92,10666.8705,0.072179525,42565.4,-0.025,48830.4,0.087568237,13243.77,3639.7151,305.395,101.7,6799.974,0.008,0.716,102373.8183,1220.096592,0.702,0.298,0.942096921,47563.0,249.2838063,7.8,3.6,609729.3,133.1,1.4,8.9,10.3,11.3,9.9,231.0,19.28213689,98.8,98.6,98.0,44.1,94.4,54.1,99.3,0.4,75.74,8.1,10.2,698.6,149.97,91.74,62.72,53.15,45.31,38.45,31.64,856.7305467,"7,311",1453.830605,99.2666,,,66.1,96.5,8296.038659,156.3,836.0,298.0,794.0,,8522.0,603.0,0.4507,1309.0,288177.0,23.01,67.85,42551.0,232840.2
821,2012-04-01,117.87,14925.0,4.7,363.0,458.7,100.0,19.639,33.6,29.347,39.1735,122.88,0.152726419,59698.1,0.042643516,5.82,6.59,1637.73,1517.34,132.03,206.52,11984283,0.016186182,5.5,179153,0.757901347,12.09,10666.8705,0.072179525,49417.2,-0.025,48830.4,0.087568237,13292.33,3639.7151,305.395,101.7,6799.974,0.008,0.716,102373.8183,1220.096592,0.702,0.298,0.942096921,47563.0,249.2838063,7.8,3.6,609729.3,133.1,1.4,8.9,10.3,11.3,9.9,231.0,19.28213689,98.8,98.6,98.0,44.1,94.4,54.1,99.3,0.4,75.74,8.1,10.2,698.6,145.55,84.45,64.83,50.74,44.25,37.85,30.89,856.7305467,"7,311",1453.830605,99.2666,,,66.1,96.5,8296.038659,156.3,836.0,298.0,794.0,,8522.0,603.0,0.4507,1309.0,288177.0,23.01,67.85,42551.0,232840.2
822,2012-04-02,117.87,14925.0,4.7,363.0,458.7,100.0,19.639,33.6,29.2846,39.0557,125.43,0.152726419,59698.1,0.042643516,5.82,6.59,1643.2,1521.9,132.07,206.52,11984283,0.016186182,5.5,179153,0.757901347,12.09,10666.8705,0.072179525,49417.2,-0.025,48830.4,0.087568237,13292.33,3639.7151,305.395,101.7,6799.974,0.008,0.716,102373.8183,1220.096592,0.702,0.298,0.942096921,47563.0,249.2838063,7.8,3.6,609729.3,133.1,1.4,8.9,10.3,11.3,9.9,231.0,19.28213689,98.8,98.6,98.0,44.1,94.4,54.1,99.3,0.4,75.74,8.1,10.2,698.6,145.55,84.45,64.83,50.74,44.25,37.85,30.89,856.7305467,"7,311",1453.830605,99.2666,,,66.1,96.5,8296.038659,156.3,836.0,298.0,794.0,,8522.0,603.0,0.4507,1309.0,288177.0,23.01,67.85,42551.0,232840.2
823,2012-04-03,117.87,14925.0,4.7,363.0,458.7,100.0,19.639,33.6,29.2004,38.9182,124.86,0.152726419,59698.1,0.042643516,5.82,6.59,1681.8,1550.05,132.07,206.52,11984283,0.016186182,5.5,179153,0.757901347,12.09,10666.8705,0.072179525,49417.2,-0.025,48830.4,0.087568237,13292.33,3639.7151,305.395,101.7,6799.974,0.008,0.716,102373.8183,1220.096592,0.702,0.298,0.942096921,47563.0,249.2838063,7.8,3.6,609729.3,133.1,1.4,8.9,10.3,11.3,9.9,231.0,19.28213689,98.8,98.6,98.0,44.1,94.4,54.1,99.3,0.4,75.74,8.1,10.2,698.6,145.55,84.45,64.83,50.74,44.25,37.85,30.89,856.7305467,"7,311",1453.830605,99.2666,,,66.1,96.5,8296.038659,156.3,836.0,298.0,794.0,,8522.0,603.0,0.4507,1309.0,288177.0,23.01,67.85,42551.0,232840.2
824,2012-04-04,117.87,14925.0,4.7,363.0,458.7,100.0,19.639,33.6,29.472,38.7401,122.34,0.152726419,59698.1,0.042643516,5.82,6.59,1632.21,1512.88,131.91,212.28,11984283,0.016186182,5.5,179153,0.757901347,12.09,10666.8705,0.072179525,49417.2,-0.025,48830.4,0.087568237,13292.33,3639.7151,305.395,101.7,6799.974,0.008,0.716,102373.8183,1220.096592,0.702,0.298,0.942096921,47563.0,249.2838063,7.8,3.6,609729.3,133.1,1.4,8.9,10.3,11.3,9.9,231.0,19.28213689,98.8,98.6,98.0,44.1,94.4,54.1,99.3,0.4,75.74,8.1,10.2,698.6,145.55,84.45,64.83,50.74,44.25,37.85,30.89,856.7305467,"7,311",1453.830605,99.2666,,,66.1,96.5,8296.038659,156.3,836.0,298.0,794.0,,8522.0,603.0,0.4507,1309.0,288177.0,23.01,67.85,42551.0,232840.2
825,2012-04-05,117.87,14925.0,4.7,363.0,458.7,100.0,19.639,33.6,29.4563,38.4797,123.43,0.152726419,59698.1,0.042643516,5.82,6.59,1642.62,1525.11,131.9,213.23,11984283,0.016186182,5.5,179153,0.757901347,12.09,10666.8705,0.072179525,49417.2,-0.025,48830.4,0.087568237,13292.33,3639.7151,305.395,101.7,6799.974,0.008,0.716,102373.8183,1220.096592,0.702,0.298,0.942096921,47563.0,249.2838063,7.8,3.6,609729.3,133.1,1.4,8.9,10.3,11.3,9.9,231.0,19.28213689,98.8,98.6,98.0,44.1,94.4,54.1,99.3,0.4,75.74,8.1,10.2,698.6,145.55,84.45,64.83,50.74,44.25,37.85,30.89,856.7305467,"7,311",1453.830605,99.2666,,,66.1,96.5,8296.038659,156.3,836.0,298.0,794.0,,8522.0,603.0,0.4507,1309.0,288177.0,23.01,67.85,42551.0,232840.2
826,2012-04-06,117.87,14925.0,4.7,363.0,458.7,100.0,19.639,33.6,29.5593,38.7283,123.43,0.152726419,59698.1,0.042643516,5.82,6.59,1613.25,1497.19,131.8,212.2,11984283,0.016186182,5.5,179153,0.757901347,12.09,10666.8705,0.072179525,49417.2,-0.025,48830.4,0.087568237,13292.33,3639.7151,305.395,101.7,6799.974,0.008,0.716,102373.8183,1220.096592,0.702,0.298,0.942096921,47563.0,249.2838063,7.8,3.6,609729.3,133.1,1.4,8.9,10.3,11.3,9.9,231.0,19.28213689,98.8,98.6,98.0,44.1,94.4,54.1,99.3,0.4,75.74,8.1,10.2,698.6,145.55,84.45,64.83,50.74,44.25,37.85,30.89,856.7305467,"7,311",1453.830605,99.2666,,,66.1,96.5,8296.038659,156.3,836.0,298.0,794.0,,8522.0,603.0,0.4507,1309.0,288177.0,23.01,67.85,42551.0,232840.2
827,2012-04-07,117.87,14925.0,4.7,363.0,458.7,100.0,19.639,33.6,29.5593,38.7283,123.43,0.152726419,59698.1,0.042643516,5.82,6.59,1613.25,1497.19,131.8,213.02,11984283,0.016186182,5.5,179153,0.757901347,12.09,10666.8705,0.072179525,49417.2,-0.025,48830.4,0.087568237,13292.33,3639.7151,305.395,101.7,6799.974,0.008,0.716,102373.8183,1220.096592,0.702,0.298,0.942096921,47563.0,249.2838063,7.8,3.6,609729.3,133.1,1.4,8.9,10.3,11.3,9.9,231.0,19.28213689,98.8,98.6,98.0,44.1,94.4,54.1,99.3,0.4,75.74,8.1,10.2,698.6,145.55,84.45,64.83,50.74,44.25,37.85,30.89,856.7305467,"7,311",1453.830605,99.2666,,,66.1,96.5,8296.038659,156.3,836.0,298.0,794.0,,8522.0,603.0,0.4507,1309.0,288177.0,23.01,67.85,42551.0,232840.2
828,2012-04-08,117.87,14925.0,4.7,363.0,458.7,100.0,19.639,33.6,29.5593,38.7283,123.43,0.152726419,59698.1,0.042643516,5.82,6.59,1613.25,1497.19,131.8,213.02,11984283,0.016186182,5.5,179153,0.757901347,12.09,10666.8705,0.072179525,49417.2,-0.025,48830.4,0.087568237,13292.33,3639.7151,305.395,101.7,6799.974,0.008,0.716,102373.8183,1220.096592,0.702,0.298,0.942096921,47563.0,249.2838063,7.8,3.6,609729.3,133.1,1.4,8.9,10.3,11.3,9.9,231.0,19.28213689,98.8,98.6,98.0,44.1,94.4,54.1,99.3,0.4,75.74,8.1,10.2,698.6,145.55,84.45,64.83,50.74,44.25,37.85,30.89,856.7305467,"7,311",1453.830605,99.2666,,,66.1,96.5,8296.038659,156.3,836.0,298.0,794.0,,8522.0,603.0,0.4507,1309.0,288177.0,23.01,67.85,42551.0,232840.2
829,2012-04-09,117.87,14925.0,4.7,363.0,458.7,100.0,19.639,33.6,29.6495,38.9165,122.67,0.152726419,59698.1,0.042643516,5.82,6.59,1622.07,1510.49,131.57,217.06,11984283,0.016186182,5.5,179153,0.757901347,12.09,10666.8705,0.072179525,49417.2,-0.025,48830.4,0.087568237,13292.33,3639.7151,305.395,101.7,6799.974,0.008,0.716,102373.8183,1220.096592,0.702,0.298,0.942096921,47563.0,249.2838063,7.8,3.6,609729.3,133.1,1.4,8.9,10.3,11.3,9.9,231.0,19.28213689,98.8,98.6,98.0,44.1,94.4,54.1,99.3,0.4,75.74,8.1,10.2,698.6,145.55,84.45,64.83,50.74,44.25,37.85,30.89,856.7305467,"7,311",1453.830605,99.2666,,,66.1,96.5,8296.038659,156.3,836.0,298.0,794.0,,8522.0,603.0,0.4507,1309.0,288177.0,23.01,67.85,42551.0,232840.2
830,2012-04-10,117.87,14925.0,4.7,363.0,458.7,100.0,19.639,33.6,29.8034,39.0116,119.88,0.152726419,59698.1,0.042643516,5.82,6.59,1606.98,1498.07,131.35,218.43,11984283,0.016186182,5.5,179153,0.757901347,12.09,10666.8705,0.072179525,49417.2,-0.025,48830.4,0.087568237,13292.33,3639.7151,305.395,101.7,6799.974,0.008,0.716,102373.8183,1220.096592,0.702,0.298,0.942096921,47563.0,249.2838063,7.8,3.6,609729.3,133.1,1.4,8.9,10.3,11.3,9.9,231.0,19.28213689,98.8,98.6,98.0,44.1,94.4,54.1,99.3,0.4,75.74,8.1,10.2,698.6,145.55,84.45,64.83,50.74,44.25,37.85,30.89,856.7305467,"7,311",1453.830605,99.2666,,,66.1,96.5,8296.038659,156.3,836.0,298.0,794.0,,8522.0,603.0,0.4507,1309.0,288177.0,23.01,67.85,42551.0,232840.2
831,2012-04-11,117.87,14925.0,4.7,363.0,458.7,100.0,19.639,33.6,29.6549,38.8915,120.18,0.152726419,59698.1,0.042643516,5.82,6.59,1615.69,1505.77,131.29,218.43,11984283,0.016186182,5.5,179153,0.757901347,12.09,10666.8705,0.072179525,49417.2,-0.025,48830.4,0.087568237,13292.33,3639.7151,305.395,101.7,6799.974,0.008,0.716,102373.8183,1220.096592,0.702,0.298,0.942096921,47563.0,249.2838063,7.8,3.6,609729.3,133.1,1.4,8.9,10.3,11.3,9.9,231.0,19.28213689,98.8,98.6,98.0,44.1,94.4,54.1,99.3,0.4,75.74,8.1,10.2,698.6,145.55,84.45,64.83,50.74,44.25,37.85,30.89,856.7305467,"7,311",1453.830605,99.2666,,,66.1,96.5,8296.038659,156.3,836.0,298.0,794.0,,8522.0,603.0,0.4507,1309.0,288177.0,23.01,67.85,42551.0,232840.2
832,2012-04-12,117.87,14925.0,4.7,363.0,458.7,100.0,19.639,33.6,29.4225,38.7733,121.71,0.152726419,59698.1,0.042643516,5.82,6.59,1620.19,1501.63,131.33,221.82,11984283,0.016186182,5.5,179153,0.757901347,12.09,10666.8705,0.072179525,49417.2,-0.025,48830.4,0.087568237,13292.33,3639.7151,305.395,101.7,6799.974,0.008,0.716,102373.8183,1220.096592,0.702,0.298,0.942096921,47563.0,249.2838063,7.8,3.6,609729.3,133.1,1.4,8.9,10.3,11.3,9.9,231.0,19.28213689,98.8,98.6,98.0,44.1,94.4,54.1,99.3,0.4,75.74,8.1,10.2,698.6,145.55,84.45,64.83,50.74,44.25,37.85,30.89,856.7305467,"7,311",1453.830605,99.2666,,,66.1,96.5,8296.038659,156.3,836.0,298.0,794.0,,8522.0,603.0,0.4507,1309.0,288177.0,23.01,67.85,42551.0,232840.2
833,2012-04-13,117.87,14925.0,4.7,363.0,458.7,100.0,19.639,33.6,29.603,38.7309,121.83,0.152726419,59698.1,0.042643516,5.82,6.59,1612.74,1502.65,131.28,212.58,11984283,0.016186182,5.5,179153,0.757901347,12.09,10666.8705,0.072179525,49417.2,-0.025,48830.4,0.087568237,13292.33,3639.7151,305.395,101.7,6799.974,0.008,0.716,102373.8183,1220.096592,0.702,0.298,0.942096921,47563.0,249.2838063,7.8,3.6,609729.3,133.1,1.4,8.9,10.3,11.3,9.9,231.0,19.28213689,98.8,98.6,98.0,44.1,94.4,54.1,99.3,0.4,75.74,8.1,10.2,698.6,145.55,84.45,64.83,50.74,44.25,37.85,30.89,856.7305467,"7,311",1453.830605,99.2666,,,66.1,96.5,8296.038659,156.3,836.0,298.0,794.0,,8522.0,603.0,0.4507,1309.0,288177.0,23.01,67.85,42551.0,232840.2
834,2012-04-14,117.87,14925.0,4.7,363.0,458.7,100.0,19.639,33.6,29.603,38.7309,121.83,0.152726419,59698.1,0.042643516,5.82,6.59,1612.74,1502.65,131.28,212.58,11984283,0.016186182,5.5,179153,0.757901347,12.09,10666.8705,0.072179525,49417.2,-0.025,48830.4,0.087568237,13292.33,3639.7151,305.395,101.7,6799.974,0.008,0.716,102373.8183,1220.096592,0.702,0.298,0.942096921,47563.0,249.2838063,7.8,3.6,609729.3,133.1,1.4,8.9,10.3,11.3,9.9,231.0,19.28213689,98.8,98.6,98.0,44.1,94.4,54.1,99.3,0.4,75.74,8.1,10.2,698.6,145.55,84.45,64.83,50.74,44.25,37.85,30.89,856.7305467,"7,311",1453.830605,99.2666,,,66.1,96.5,8296.038659,156.3,836.0,298.0,794.0,,8522.0,603.0,0.4507,1309.0,288177.0,23.01,67.85,42551.0,232840.2
835,2012-04-15,117.87,14925.0,4.7,363.0,458.7,100.0,19.639,33.6,29.603,38.7309,121.83,0.152726419,59698.1,0.042643516,5.82,6.59,1612.74,1502.65,131.28,212.58,11984283,0.016186182,5.5,179153,0.757901347,12.09,10666.8705,0.072179525,49417.2,-0.025,48830.4,0.087568237,13292.33,3639.7151,305.395,101.7,6799.974,0.008,0.716,102373.8183,1220.096592,0.702,0.298,0.942096921,47563.0,249.2838063,7.8,3.6,609729.3,133.1,1.4,8.9,10.3,11.3,9.9,231.0,19.28213689,98.8,98.6,98.0,44.1,94.4,54.1,99.3,0.4,75.74,8.1,10.2,698.6,145.55,84.45,64.83,50.74,44.25,37.85,30.89,856.7305467,"7,311",1453.830605,99.2666,,,66.1,96.5,8296.038659,156.3,836.0,298.0,794.0,,8522.0,603.0,0.4507,1309.0,288177.0,23.01,67.85,42551.0,232840.2
836,2012-04-16,117.87,14925.0,4.7,363.0,458.7,100.0,19.639,33.6,29.639,38.8005,118.68,0.152726419,59698.1,0.042643516,5.82,6.59,1587.58,1477.71,131.22,212.65,11984283,0.016186182,5.5,179153,0.757901347,12.09,10666.8705,0.072179525,49417.2,-0.025,48830.4,0.087568237,13292.33,3639.7151,305.395,101.7,6799.974,0.008,0.716,102373.8183,1220.096592,0.702,0.298,0.942096921,47563.0,249.2838063,7.8,3.6,609729.3,133.1,1.4,8.9,10.3,11.3,9.9,231.0,19.28213689,98.8,98.6,98.0,44.1,94.4,54.1,99.3,0.4,75.74,8.1,10.2,698.6,145.55,84.45,64.83,50.74,44.25,37.85,30.89,856.7305467,"7,311",1453.830605,99.2666,,,66.1,96.5,8296.038659,156.3,836.0,298.0,794.0,,8522.0,603.0,0.4507,1309.0,288177.0,23.01,67.85,42551.0,232840.2
837,2012-04-17,117.87,14925.0,4.7,363.0,458.7,100.0,19.639,33.6,29.4798,38.6914,118.78,0.152726419,59698.1,0.042643516,5.82,6.59,1585.4,1471.61,131.36,212.74,11984283,0.016186182,5.5,179153,0.757901347,12.09,10666.8705,0.072179525,49417.2,-0.025,48830.4,0.087568237,13292.33,3639.7151,305.395,101.7,6799.974,0.008,0.716,102373.8183,1220.096592,0.702,0.298,0.942096921,47563.0,249.2838063,7.8,3.6,609729.3,133.1,1.4,8.9,10.3,11.3,9.9,231.0,19.28213689,98.8,98.6,98.0,44.1,94.4,54.1,99.3,0.4,75.74,8.1,10.2,698.6,145.55,84.45,64.83,50.74,44.25,37.85,30.89,856.7305467,"7,311",1453.830605,99.2666,,,66.1,96.5,8296.038659,156.3,836.0,298.0,794.0,,8522.0,603.0,0.4507,1309.0,288177.0,23.01,67.85,42551.0,232840.2
838,2012-04-18,117.87,14925.0,4.7,363.0,458.7,100.0,19.639,33.6,29.5214,38.6979,117.97,0.152726419,59698.1,0.042643516,5.82,6.59,1583.06,1468.55,131.52,212.74,11984283,0.016186182,5.5,179153,0.757901347,12.09,10666.8705,0.072179525,49417.2,-0.025,48830.4,0.087568237,13292.33,3639.7151,305.395,101.7,6799.974,0.008,0.716,102373.8183,1220.096592,0.702,0.298,0.942096921,47563.0,249.2838063,7.8,3.6,609729.3,133.1,1.4,8.9,10.3,11.3,9.9,231.0,19.28213689,98.8,98.6,98.0,44.1,94.4,54.1,99.3,0.4,75.74,8.1,10.2,698.6,145.55,84.45,64.83,50.74,44.25,37.85,30.89,856.7305467,"7,311",1453.830605,99.2666,,,66.1,96.5,8296.038659,156.3,836.0,298.0,794.0,,8522.0,603.0,0.4507,1309.0,288177.0,23.01,67.85,42551.0,232840.2
839,2012-04-19,117.87,14925.0,4.7,363.0,458.7,100.0,19.639,33.6,29.5287,38.7616,118.0,0.152726419,59698.1,0.042643516,5.82,6.59,1609.56,1496.55,131.4,212.79,11984283,0.016186182,5.5,179153,0.757901347,12.09,10666.8705,0.072179525,49417.2,-0.025,48830.4,0.087568237,13292.33,3639.7151,305.395,101.7,6799.974,0.008,0.716,102373.8183,1220.096592,0.702,0.298,0.942096921,47563.0,249.2838063,7.8,3.6,609729.3,133.1,1.4,8.9,10.3,11.3,9.9,231.0,19.28213689,98.8,98.6,98.0,44.1,94.4,54.1,99.3,0.4,75.74,8.1,10.2,698.6,145.55,84.45,64.83,50.74,44.25,37.85,30.89,856.7305467,"7,311",1453.830605,99.2666,,,66.1,96.5,8296.038659,156.3,836.0,298.0,794.0,,8522.0,603.0,0.4507,1309.0,288177.0,23.01,67.85,42551.0,232840.2
840,2012-04-20,117.87,14925.0,4.7,363.0,458.7,100.0,19.639,33.6,29.4414,38.8976,118.76,0.152726419,59698.1,0.042643516,5.82,6.59,1619.53,1505.1,131.57,212.82,11984283,0.016186182,5.5,179153,0.757901347,12.09,10666.8705,0.072179525,49417.2,-0.025,48830.4,0.087568237,13292.33,3639.7151,305.395,101.7,6799.974,0.008,0.716,102373.8183,1220.096592,0.702,0.298,0.942096921,47563.0,249.2838063,7.8,3.6,609729.3,133.1,1.4,8.9,10.3,11.3,9.9,231.0,19.28213689,98.8,98.6,98.0,44.1,94.4,54.1,99.3,0.4,75.74,8.1,10.2,698.6,145.55,84.45,64.83,50.74,44.25,37.85,30.89,856.7305467,"7,311",1453.830605,99.2666,,,66.1,96.5,8296.038659,156.3,836.0,298.0,794.0,,8522.0,603.0,0.4507,1309.0,288177.0,23.01,67.85,42551.0,232840.2
841,2012-04-21,117.87,14925.0,4.7,363.0,458.7,100.0,19.639,33.6,29.4414,38.8976,118.76,0.152726419,59698.1,0.042643516,5.82,6.59,1619.53,1505.1,131.57,212.82,11984283,0.016186182,5.5,179153,0.757901347,12.09,10666.8705,0.072179525,49417.2,-0.025,48830.4,0.087568237,13292.33,3639.7151,305.395,101.7,6799.974,0.008,0.716,102373.8183,1220.096592,0.702,0.298,0.942096921,47563.0,249.2838063,7.8,3.6,609729.3,133.1,1.4,8.9,10.3,11.3,9.9,231.0,19.28213689,98.8,98.6,98.0,44.1,94.4,54.1,99.3,0.4,75.74,8.1,10.2,698.6,145.55,84.45,64.83,50.74,44.25,37.85,30.89,856.7305467,"7,311",1453.830605,99.2666,,,66.1,96.5,8296.038659,156.3,836.0,298.0,794.0,,8522.0,603.0,0.4507,1309.0,288177.0,23.01,67.85,42551.0,232840.2
842,2012-04-22,117.87,14925.0,4.7,363.0,458.7,100.0,19.639,33.6,29.4414,38.8976,118.76,0.152726419,59698.1,0.042643516,5.82,6.59,1619.53,1505.1,131.57,212.82,11984283,0.016186182,5.5,179153,0.757901347,12.09,10666.8705,0.072179525,49417.2,-0.025,48830.4,0.087568237,13292.33,3639.7151,305.395,101.7,6799.974,0.008,0.716,102373.8183,1220.096592,0.702,0.298,0.942096921,47563.0,249.2838063,7.8,3.6,609729.3,133.1,1.4,8.9,10.3,11.3,9.9,231.0,19.28213689,98.8,98.6,98.0,44.1,94.4,54.1,99.3,0.4,75.74,8.1,10.2,698.6,145.55,84.45,64.83,50.74,44.25,37.85,30.89,856.7305467,"7,311",1453.830605,99.2666,,,66.1,96.5,8296.038659,156.3,836.0,298.0,794.0,,8522.0,603.0,0.4507,1309.0,288177.0,23.01,67.85,42551.0,232840.2
843,2012-04-23,117.87,14925.0,4.7,363.0,458.7,100.0,19.639,33.6,29.5409,38.8103,118.71,0.152726419,59698.1,0.042643516,5.82,6.59,1572.88,1466.34,131.44,212.95,11984283,0.016186182,5.5,179153,0.757901347,12.09,10666.8705,0.072179525,49417.2,-0.025,48830.4,0.087568237,13292.33,3639.7151,305.395,101.7,6799.974,0.008,0.716,102373.8183,1220.096592,0.702,0.298,0.942096921,47563.0,249.2838063,7.8,3.6,609729.3,133.1,1.4,8.9,10.3,11.3,9.9,231.0,19.28213689,98.8,98.6,98.0,44.1,94.4,54.1,99.3,0.4,75.74,8.1,10.2,698.6,145.55,84.45,64.83,50.74,44.25,37.85,30.89,856.7305467,"7,311",1453.830605,99.2666,,,66.1,96.5,8296.038659,156.3,836.0,298.0,794.0,,8522.0,603.0,0.4507,1309.0,288177.0,23.01,67.85,42551.0,232840.2
844,2012-04-24,117.87,14925.0,4.7,363.0,458.7,100.0,19.639,33.6,29.348,38.7403,118.16,0.152726419,59698.1,0.042643516,5.82,6.59,1576.22,1457.4,131.31,213.11,11984283,0.016186182,5.5,179153,0.757901347,12.09,10666.8705,0.072179525,49417.2,-0.025,48830.4,0.087568237,13292.33,3639.7151,305.395,101.7,6799.974,0.008,0.716,102373.8183,1220.096592,0.702,0.298,0.942096921,47563.0,249.2838063,7.8,3.6,609729.3,133.1,1.4,8.9,10.3,11.3,9.9,231.0,19.28213689,98.8,98.6,98.0,44.1,94.4,54.1,99.3,0.4,75.74,8.1,10.2,698.6,145.55,84.45,64.83,50.74,44.25,37.85,30.89,856.7305467,"7,311",1453.830605,99.2666,,,66.1,96.5,8296.038659,156.3,836.0,298.0,794.0,,8522.0,603.0,0.4507,1309.0,288177.0,23.01,67.85,42551.0,232840.2
845,2012-04-25,117.87,14925.0,4.7,363.0,458.7,100.0,19.639,33.6,29.353,38.7391,119.12,0.152726419,59698.1,0.042643516,5.82,6.59,1583.42,1461.85,131.41,213.05,11984283,0.016186182,5.5,179153,0.757901347,12.09,10666.8705,0.072179525,49417.2,-0.025,48830.4,0.087568237,13292.33,3639.7151,305.395,101.7,6799.974,0.008,0.716,102373.8183,1220.096592,0.702,0.298,0.942096921,47563.0,249.2838063,7.8,3.6,609729.3,133.1,1.4,8.9,10.3,11.3,9.9,231.0,19.28213689,98.8,98.6,98.0,44.1,94.4,54.1,99.3,0.4,75.74,8.1,10.2,698.6,145.55,84.45,64.83,50.74,44.25,37.85,30.89,856.7305467,"7,311",1453.830605,99.2666,,,66.1,96.5,8296.038659,156.3,836.0,298.0,794.0,,8522.0,603.0,0.4507,1309.0,288177.0,23.01,67.85,42551.0,232840.2
846,2012-04-26,117.87,14925.0,4.7,363.0,458.7,100.0,19.639,33.6,29.3252,38.8061,119.92,0.152726419,59698.1,0.042643516,5.82,6.59,1574.61,1447.06,131.47,213.14,11984283,0.016186182,5.5,179153,0.757901347,12.09,10666.8705,0.072179525,49417.2,-0.025,48830.4,0.087568237,13292.33,3639.7151,305.395,101.7,6799.974,0.008,0.716,102373.8183,1220.096592,0.702,0.298,0.942096921,47563.0,249.2838063,7.8,3.6,609729.3,133.1,1.4,8.9,10.3,11.3,9.9,231.0,19.28213689,98.8,98.6,98.0,44.1,94.4,54.1,99.3,0.4,75.74,8.1,10.2,698.6,145.55,84.45,64.83,50.74,44.25,37.85,30.89,856.7305467,"7,311",1453.830605,99.2666,,,66.1,96.5,8296.038659,156.3,836.0,298.0,794.0,,8522.0,603.0,0.4507,1309.0,288177.0,23.01,67.85,42551.0,232840.2
847,2012-04-27,117.87,14925.0,4.7,363.0,458.7,100.0,19.639,33.6,29.3128,38.8614,119.83,0.152726419,59698.1,0.042643516,5.82,6.59,1594.2,1469.65,131.44,213.17,11984283,0.016186182,5.5,179153,0.757901347,12.09,10666.8705,0.072179525,49417.2,-0.025,48830.4,0.087568237,13292.33,3639.7151,305.395,101.7,6799.974,0.008,0.716,102373.8183,1220.096592,0.702,0.298,0.942096921,47563.0,249.2838063,7.8,3.6,609729.3,133.1,1.4,8.9,10.3,11.3,9.9,231.0,19.28213689,98.8,98.6,98.0,44.1,94.4,54.1,99.3,0.4,75.74,8.1,10.2,698.6,145.55,84.45,64.83,50.74,44.25,37.85,30.89,856.7305467,"7,311",1453.830605,99.2666,,,66.1,96.5,8296.038659,156.3,836.0,298.0,794.0,,8522.0,603.0,0.4507,1309.0,288177.0,23.01,67.85,42551.0,232840.2
848,2012-04-28,117.87,14925.0,4.7,363.0,458.7,100.0,19.639,33.6,29.3128,38.8614,119.83,0.152726419,59698.1,0.042643516,5.82,6.59,1594.2,1469.65,131.59,213.26,11984283,0.016186182,5.5,179153,0.757901347,12.09,10666.8705,0.072179525,49417.2,-0.025,48830.4,0.087568237,13292.33,3639.7151,305.395,101.7,6799.974,0.008,0.716,102373.8183,1220.096592,0.702,0.298,0.942096921,47563.0,249.2838063,7.8,3.6,609729.3,133.1,1.4,8.9,10.3,11.3,9.9,231.0,19.28213689,98.8,98.6,98.0,44.1,94.4,54.1,99.3,0.4,75.74,8.1,10.2,698.6,145.55,84.45,64.83,50.74,44.25,37.85,30.89,856.7305467,"7,311",1453.830605,99.2666,,,66.1,96.5,8296.038659,156.3,836.0,298.0,794.0,,8522.0,603.0,0.4507,1309.0,288177.0,23.01,67.85,42551.0,232840.2
849,2012-04-29,117.87,14925.0,4.7,363.0,458.7,100.0,19.639,33.6,29.3128,38.8614,119.83,0.152726419,59698.1,0.042643516,5.82,6.59,1594.2,1469.65,131.59,213.26,11984283,0.016186182,5.5,179153,0.757901347,12.09,10666.8705,0.072179525,49417.2,-0.025,48830.4,0.087568237,13292.33,3639.7151,305.395,101.7,6799.974,0.008,0.716,102373.8183,1220.096592,0.702,0.298,0.942096921,47563.0,249.2838063,7.8,3.6,609729.3,133.1,1.4,8.9,10.3,11.3,9.9,231.0,19.28213689,98.8,98.6,98.0,44.1,94.4,54.1,99.3,0.4,75.74,8.1,10.2,698.6,145.55,84.45,64.83,50.74,44.25,37.85,30.89,856.7305467,"7,311",1453.830605,99.2666,,,66.1,96.5,8296.038659,156.3,836.0,298.0,794.0,,8522.0,603.0,0.4507,1309.0,288177.0,23.01,67.85,42551.0,232840.2
850,2012-04-30,117.87,14925.0,4.7,363.0,458.7,100.0,19.639,33.6,29.382,38.8561,119.47,0.152726419,59698.1,0.042643516,5.82,6.59,1594.2,1469.65,131.59,213.26,11984283,0.016186182,5.5,179153,0.757901347,12.09,10666.8705,0.072179525,49417.2,-0.025,48830.4,0.087568237,13292.33,3639.7151,305.395,101.7,6799.974,0.008,0.716,102373.8183,1220.096592,0.702,0.298,0.942096921,47563.0,249.2838063,7.8,3.6,609729.3,133.1,1.4,8.9,10.3,11.3,9.9,231.0,19.28213689,98.8,98.6,98.0,44.1,94.4,54.1,99.3,0.4,75.74,8.1,10.2,698.6,145.55,84.45,64.83,50.74,44.25,37.85,30.89,856.7305467,"7,311",1453.830605,99.2666,,,66.1,96.5,8296.038659,156.3,836.0,298.0,794.0,,8522.0,603.0,0.4507,1309.0,288177.0,23.01,67.85,42551.0,232840.2
851,2012-05-01,109.2,14925.0,4.7,364.1,461.7,100.0,19.484,33.6,29.3485,38.8059,119.66,0.011105345,59698.1,0.042643516,5.82,6.59,1594.2,1469.65,131.59,206.56,12259615,0.022974424,5.2,264049,0.732184443,12.08,10666.8705,0.072179525,44063.8,-0.025,48830.4,0.087568237,13350.32,3639.7151,305.395,101.7,6799.974,0.008,0.716,102373.8183,1220.096592,0.702,0.298,0.942096921,47563.0,249.2838063,7.8,3.6,609729.3,133.1,1.4,8.9,10.3,11.3,9.9,231.0,19.28213689,98.8,98.6,98.0,44.1,94.4,54.1,99.3,0.4,75.74,8.1,10.2,698.6,167.34,81.31,62.18,51.86,44.57,37.96,30.67,856.7305467,"7,311",1453.830605,99.2666,,,66.1,96.5,8296.038659,156.3,836.0,298.0,794.0,,8522.0,603.0,0.4507,1309.0,288177.0,23.01,67.85,42551.0,232840.2
852,2012-05-02,109.2,14925.0,4.7,364.1,461.7,100.0,19.484,33.6,29.4138,38.7175,118.2,0.011105345,59698.1,0.042643516,5.82,6.59,1569.1,1446.04,131.53,206.56,12259615,0.022974424,5.2,264049,0.732184443,12.08,10666.8705,0.072179525,44063.8,-0.025,48830.4,0.087568237,13350.32,3639.7151,305.395,101.7,6799.974,0.008,0.716,102373.8183,1220.096592,0.702,0.298,0.942096921,47563.0,249.2838063,7.8,3.6,609729.3,133.1,1.4,8.9,10.3,11.3,9.9,231.0,19.28213689,98.8,98.6,98.0,44.1,94.4,54.1,99.3,0.4,75.74,8.1,10.2,698.6,167.34,81.31,62.18,51.86,44.57,37.96,30.67,856.7305467,"7,311",1453.830605,99.2666,,,66.1,96.5,8296.038659,156.3,836.0,298.0,794.0,,8522.0,603.0,0.4507,1309.0,288177.0,23.01,67.85,42551.0,232840.2
853,2012-05-03,109.2,14925.0,4.7,364.1,461.7,100.0,19.484,33.6,29.5375,38.8111,116.08,0.011105345,59698.1,0.042643516,5.82,6.59,1560.11,1442.71,131.57,210.86,12259615,0.022974424,5.2,264049,0.732184443,12.08,10666.8705,0.072179525,44063.8,-0.025,48830.4,0.087568237,13350.32,3639.7151,305.395,101.7,6799.974,0.008,0.716,102373.8183,1220.096592,0.702,0.298,0.942096921,47563.0,249.2838063,7.8,3.6,609729.3,133.1,1.4,8.9,10.3,11.3,9.9,231.0,19.28213689,98.8,98.6,98.0,44.1,94.4,54.1,99.3,0.4,75.74,8.1,10.2,698.6,167.34,81.31,62.18,51.86,44.57,37.96,30.67,856.7305467,"7,311",1453.830605,99.2666,,,66.1,96.5,8296.038659,156.3,836.0,298.0,794.0,,8522.0,603.0,0.4507,1309.0,288177.0,23.01,67.85,42551.0,232840.2
854,2012-05-04,109.2,14925.0,4.7,364.1,461.7,100.0,19.484,33.6,29.786,38.9867,113.18,0.011105345,59698.1,0.042643516,5.82,6.59,1498.05,1391.14,131.53,212.27,12259615,0.022974424,5.2,264049,0.732184443,12.08,10666.8705,0.072179525,44063.8,-0.025,48830.4,0.087568237,13350.32,3639.7151,305.395,101.7,6799.974,0.008,0.716,102373.8183,1220.096592,0.702,0.298,0.942096921,47563.0,249.2838063,7.8,3.6,609729.3,133.1,1.4,8.9,10.3,11.3,9.9,231.0,19.28213689,98.8,98.6,98.0,44.1,94.4,54.1,99.3,0.4,75.74,8.1,10.2,698.6,167.34,81.31,62.18,51.86,44.57,37.96,30.67,856.7305467,"7,311",1453.830605,99.2666,,,66.1,96.5,8296.038659,156.3,836.0,298.0,794.0,,8522.0,603.0,0.4507,1309.0,288177.0,23.01,67.85,42551.0,232840.2
855,2012-05-05,109.2,14925.0,4.7,364.1,461.7,100.0,19.484,33.6,29.786,38.9867,113.18,0.011105345,59698.1,0.042643516,5.82,6.59,1498.05,1391.14,131.33,213.33,12259615,0.022974424,5.2,264049,0.732184443,12.08,10666.8705,0.072179525,44063.8,-0.025,48830.4,0.087568237,13350.32,3639.7151,305.395,101.7,6799.974,0.008,0.716,102373.8183,1220.096592,0.702,0.298,0.942096921,47563.0,249.2838063,7.8,3.6,609729.3,133.1,1.4,8.9,10.3,11.3,9.9,231.0,19.28213689,98.8,98.6,98.0,44.1,94.4,54.1,99.3,0.4,75.74,8.1,10.2,698.6,167.34,81.31,62.18,51.86,44.57,37.96,30.67,856.7305467,"7,311",1453.830605,99.2666,,,66.1,96.5,8296.038659,156.3,836.0,298.0,794.0,,8522.0,603.0,0.4507,1309.0,288177.0,23.01,67.85,42551.0,232840.2
856,2012-05-06,109.2,14925.0,4.7,364.1,461.7,100.0,19.484,33.6,29.786,38.9867,113.18,0.011105345,59698.1,0.042643516,5.82,6.59,1498.05,1391.14,131.33,212.12,12259615,0.022974424,5.2,264049,0.732184443,12.08,10666.8705,0.072179525,44063.8,-0.025,48830.4,0.087568237,13350.32,3639.7151,305.395,101.7,6799.974,0.008,0.716,102373.8183,1220.096592,0.702,0.298,0.942096921,47563.0,249.2838063,7.8,3.6,609729.3,133.1,1.4,8.9,10.3,11.3,9.9,231.0,19.28213689,98.8,98.6,98.0,44.1,94.4,54.1,99.3,0.4,75.74,8.1,10.2,698.6,167.34,81.31,62.18,51.86,44.57,37.96,30.67,856.7305467,"7,311",1453.830605,99.2666,,,66.1,96.5,8296.038659,156.3,836.0,298.0,794.0,,8522.0,603.0,0.4507,1309.0,288177.0,23.01,67.85,42551.0,232840.2
857,2012-05-07,109.2,14925.0,4.7,364.1,461.7,100.0,19.484,33.6,30.0013,39.1793,113.16,0.011105345,59698.1,0.042643516,5.82,6.59,1488.64,1385.14,131.42,213.23,12259615,0.022974424,5.2,264049,0.732184443,12.08,10666.8705,0.072179525,44063.8,-0.025,48830.4,0.087568237,13350.32,3639.7151,305.395,101.7,6799.974,0.008,0.716,102373.8183,1220.096592,0.702,0.298,0.942096921,47563.0,249.2838063,7.8,3.6,609729.3,133.1,1.4,8.9,10.3,11.3,9.9,231.0,19.28213689,98.8,98.6,98.0,44.1,94.4,54.1,99.3,0.4,75.74,8.1,10.2,698.6,167.34,81.31,62.18,51.86,44.57,37.96,30.67,856.7305467,"7,311",1453.830605,99.2666,,,66.1,96.5,8296.038659,156.3,836.0,298.0,794.0,,8522.0,603.0,0.4507,1309.0,288177.0,23.01,67.85,42551.0,232840.2
858,2012-05-08,109.2,14925.0,4.7,364.1,461.7,100.0,19.484,33.6,30.172,39.2357,112.73,0.011105345,59698.1,0.042643516,5.82,6.59,1481.06,1384.02,131.42,213.23,12259615,0.022974424,5.2,264049,0.732184443,12.08,10666.8705,0.072179525,44063.8,-0.025,48830.4,0.087568237,13350.32,3639.7151,305.395,101.7,6799.974,0.008,0.716,102373.8183,1220.096592,0.702,0.298,0.942096921,47563.0,249.2838063,7.8,3.6,609729.3,133.1,1.4,8.9,10.3,11.3,9.9,231.0,19.28213689,98.8,98.6,98.0,44.1,94.4,54.1,99.3,0.4,75.74,8.1,10.2,698.6,167.34,81.31,62.18,51.86,44.57,37.96,30.67,856.7305467,"7,311",1453.830605,99.2666,,,66.1,96.5,8296.038659,156.3,836.0,298.0,794.0,,8522.0,603.0,0.4507,1309.0,288177.0,23.01,67.85,42551.0,232840.2
859,2012-05-09,109.2,14925.0,4.7,364.1,461.7,100.0,19.484,33.6,30.3622,39.3174,113.2,0.011105345,59698.1,0.042643516,5.82,6.59,1481.06,1384.02,131.42,217.12,12259615,0.022974424,5.2,264049,0.732184443,12.08,10666.8705,0.072179525,44063.8,-0.025,48830.4,0.087568237,13350.32,3639.7151,305.395,101.7,6799.974,0.008,0.716,102373.8183,1220.096592,0.702,0.298,0.942096921,47563.0,249.2838063,7.8,3.6,609729.3,133.1,1.4,8.9,10.3,11.3,9.9,231.0,19.28213689,98.8,98.6,98.0,44.1,94.4,54.1,99.3,0.4,75.74,8.1,10.2,698.6,167.34,81.31,62.18,51.86,44.57,37.96,30.67,856.7305467,"7,311",1453.830605,99.2666,,,66.1,96.5,8296.038659,156.3,836.0,298.0,794.0,,8522.0,603.0,0.4507,1309.0,288177.0,23.01,67.85,42551.0,232840.2
860,2012-05-10,109.2,14925.0,4.7,364.1,461.7,100.0,19.484,33.6,30.1318,39.0568,112.73,0.011105345,59698.1,0.042643516,5.82,6.59,1489.45,1408.31,131.2,218.6,12259615,0.022974424,5.2,264049,0.732184443,12.08,10666.8705,0.072179525,44063.8,-0.025,48830.4,0.087568237,13350.32,3639.7151,305.395,101.7,6799.974,0.008,0.716,102373.8183,1220.096592,0.702,0.298,0.942096921,47563.0,249.2838063,7.8,3.6,609729.3,133.1,1.4,8.9,10.3,11.3,9.9,231.0,19.28213689,98.8,98.6,98.0,44.1,94.4,54.1,99.3,0.4,75.74,8.1,10.2,698.6,167.34,81.31,62.18,51.86,44.57,37.96,30.67,856.7305467,"7,311",1453.830605,99.2666,,,66.1,96.5,8296.038659,156.3,836.0,298.0,794.0,,8522.0,603.0,0.4507,1309.0,288177.0,23.01,67.85,42551.0,232840.2
861,2012-05-11,109.2,14925.0,4.7,364.1,461.7,100.0,19.484,33.6,30.1433,39.0048,112.26,0.011105345,59698.1,0.042643516,5.82,6.59,1464.53,1392.0,131.02,218.6,12259615,0.022974424,5.2,264049,0.732184443,12.08,10666.8705,0.072179525,44063.8,-0.025,48830.4,0.087568237,13350.32,3639.7151,305.395,101.7,6799.974,0.008,0.716,102373.8183,1220.096592,0.702,0.298,0.942096921,47563.0,249.2838063,7.8,3.6,609729.3,133.1,1.4,8.9,10.3,11.3,9.9,231.0,19.28213689,98.8,98.6,98.0,44.1,94.4,54.1,99.3,0.4,75.74,8.1,10.2,698.6,167.34,81.31,62.18,51.86,44.57,37.96,30.67,856.7305467,"7,311",1453.830605,99.2666,,,66.1,96.5,8296.038659,156.3,836.0,298.0,794.0,,8522.0,603.0,0.4507,1309.0,288177.0,23.01,67.85,42551.0,232840.2
862,2012-05-12,109.2,14925.0,4.7,364.1,461.7,100.0,19.484,33.6,30.1433,39.0048,112.26,0.011105345,59698.1,0.042643516,5.82,6.59,1464.53,1392.0,131.14,221.82,12259615,0.022974424,5.2,264049,0.732184443,12.08,10666.8705,0.072179525,44063.8,-0.025,48830.4,0.087568237,13350.32,3639.7151,305.395,101.7,6799.974,0.008,0.716,102373.8183,1220.096592,0.702,0.298,0.942096921,47563.0,249.2838063,7.8,3.6,609729.3,133.1,1.4,8.9,10.3,11.3,9.9,231.0,19.28213689,98.8,98.6,98.0,44.1,94.4,54.1,99.3,0.4,75.74,8.1,10.2,698.6,167.34,81.31,62.18,51.86,44.57,37.96,30.67,856.7305467,"7,311",1453.830605,99.2666,,,66.1,96.5,8296.038659,156.3,836.0,298.0,794.0,,8522.0,603.0,0.4507,1309.0,288177.0,23.01,67.85,42551.0,232840.2
863,2012-05-13,109.2,14925.0,4.7,364.1,461.7,100.0,19.484,33.6,30.1433,39.0048,112.26,0.011105345,59698.1,0.042643516,5.82,6.59,1464.53,1392.0,131.14,221.82,12259615,0.022974424,5.2,264049,0.732184443,12.08,10666.8705,0.072179525,44063.8,-0.025,48830.4,0.087568237,13350.32,3639.7151,305.395,101.7,6799.974,0.008,0.716,102373.8183,1220.096592,0.702,0.298,0.942096921,47563.0,249.2838063,7.8,3.6,609729.3,133.1,1.4,8.9,10.3,11.3,9.9,231.0,19.28213689,98.8,98.6,98.0,44.1,94.4,54.1,99.3,0.4,75.74,8.1,10.2,698.6,167.34,81.31,62.18,51.86,44.57,37.96,30.67,856.7305467,"7,311",1453.830605,99.2666,,,66.1,96.5,8296.038659,156.3,836.0,298.0,794.0,,8522.0,603.0,0.4507,1309.0,288177.0,23.01,67.85,42551.0,232840.2
864,2012-05-14,109.2,14925.0,4.7,364.1,461.7,100.0,19.484,33.6,30.3834,39.0271,111.57,0.011105345,59698.1,0.042643516,5.82,6.59,1401.73,1337.42,130.47,213.48,12259615,0.022974424,5.2,264049,0.732184443,12.08,10666.8705,0.072179525,44063.8,-0.025,48830.4,0.087568237,13350.32,3639.7151,305.395,101.7,6799.974,0.008,0.716,102373.8183,1220.096592,0.702,0.298,0.942096921,47563.0,249.2838063,7.8,3.6,609729.3,133.1,1.4,8.9,10.3,11.3,9.9,231.0,19.28213689,98.8,98.6,98.0,44.1,94.4,54.1,99.3,0.4,75.74,8.1,10.2,698.6,167.34,81.31,62.18,51.86,44.57,37.96,30.67,856.7305467,"7,311",1453.830605,99.2666,,,66.1,96.5,8296.038659,156.3,836.0,298.0,794.0,,8522.0,603.0,0.4507,1309.0,288177.0,23.01,67.85,42551.0,232840.2
865,2012-05-15,109.2,14925.0,4.7,364.1,461.7,100.0,19.484,33.6,30.6019,39.0733,112.24,0.011105345,59698.1,0.042643516,5.82,6.59,1400.77,1344.75,130.35,213.21,12259615,0.022974424,5.2,264049,0.732184443,12.08,10666.8705,0.072179525,44063.8,-0.025,48830.4,0.087568237,13350.32,3639.7151,305.395,101.7,6799.974,0.008,0.716,102373.8183,1220.096592,0.702,0.298,0.942096921,47563.0,249.2838063,7.8,3.6,609729.3,133.1,1.4,8.9,10.3,11.3,9.9,231.0,19.28213689,98.8,98.6,98.0,44.1,94.4,54.1,99.3,0.4,75.74,8.1,10.2,698.6,167.34,81.31,62.18,51.86,44.57,37.96,30.67,856.7305467,"7,311",1453.830605,99.2666,,,66.1,96.5,8296.038659,156.3,836.0,298.0,794.0,,8522.0,603.0,0.4507,1309.0,288177.0,23.01,67.85,42551.0,232840.2
866,2012-05-16,109.2,14925.0,4.7,364.1,461.7,100.0,19.484,33.6,31.0024,39.4564,111.71,0.011105345,59698.1,0.042643516,5.82,6.59,1373.82,1335.1,129.69,213.01,12259615,0.022974424,5.2,264049,0.732184443,12.08,10666.8705,0.072179525,44063.8,-0.025,48830.4,0.087568237,13350.32,3639.7151,305.395,101.7,6799.974,0.008,0.716,102373.8183,1220.096592,0.702,0.298,0.942096921,47563.0,249.2838063,7.8,3.6,609729.3,133.1,1.4,8.9,10.3,11.3,9.9,231.0,19.28213689,98.8,98.6,98.0,44.1,94.4,54.1,99.3,0.4,75.74,8.1,10.2,698.6,167.34,81.31,62.18,51.86,44.57,37.96,30.67,856.7305467,"7,311",1453.830605,99.2666,,,66.1,96.5,8296.038659,156.3,836.0,298.0,794.0,,8522.0,603.0,0.4507,1309.0,288177.0,23.01,67.85,42551.0,232840.2
867,2012-05-17,109.2,14925.0,4.7,364.1,461.7,100.0,19.484,33.6,31.0875,39.5238,107.49,0.011105345,59698.1,0.042643516,5.82,6.59,1313.43,1287.79,129.17,212.64,12259615,0.022974424,5.2,264049,0.732184443,12.08,10666.8705,0.072179525,44063.8,-0.025,48830.4,0.087568237,13350.32,3639.7151,305.395,101.7,6799.974,0.008,0.716,102373.8183,1220.096592,0.702,0.298,0.942096921,47563.0,249.2838063,7.8,3.6,609729.3,133.1,1.4,8.9,10.3,11.3,9.9,231.0,19.28213689,98.8,98.6,98.0,44.1,94.4,54.1,99.3,0.4,75.74,8.1,10.2,698.6,167.34,81.31,62.18,51.86,44.57,37.96,30.67,856.7305467,"7,311",1453.830605,99.2666,,,66.1,96.5,8296.038659,156.3,836.0,298.0,794.0,,8522.0,603.0,0.4507,1309.0,288177.0,23.01,67.85,42551.0,232840.2
868,2012-05-18,109.2,14925.0,4.7,364.1,461.7,100.0,19.484,33.6,31.3026,39.7888,107.14,0.011105345,59698.1,0.042643516,5.82,6.59,1289.46,1271.48,128.85,212.52,12259615,0.022974424,5.2,264049,0.732184443,12.08,10666.8705,0.072179525,44063.8,-0.025,48830.4,0.087568237,13350.32,3639.7151,305.395,101.7,6799.974,0.008,0.716,102373.8183,1220.096592,0.702,0.298,0.942096921,47563.0,249.2838063,7.8,3.6,609729.3,133.1,1.4,8.9,10.3,11.3,9.9,231.0,19.28213689,98.8,98.6,98.0,44.1,94.4,54.1,99.3,0.4,75.74,8.1,10.2,698.6,167.34,81.31,62.18,51.86,44.57,37.96,30.67,856.7305467,"7,311",1453.830605,99.2666,,,66.1,96.5,8296.038659,156.3,836.0,298.0,794.0,,8522.0,603.0,0.4507,1309.0,288177.0,23.01,67.85,42551.0,232840.2
869,2012-05-19,109.2,14925.0,4.7,364.1,461.7,100.0,19.484,33.6,31.3026,39.7888,107.14,0.011105345,59698.1,0.042643516,5.82,6.59,1289.46,1271.48,128.85,212.52,12259615,0.022974424,5.2,264049,0.732184443,12.08,10666.8705,0.072179525,44063.8,-0.025,48830.4,0.087568237,13350.32,3639.7151,305.395,101.7,6799.974,0.008,0.716,102373.8183,1220.096592,0.702,0.298,0.942096921,47563.0,249.2838063,7.8,3.6,609729.3,133.1,1.4,8.9,10.3,11.3,9.9,231.0,19.28213689,98.8,98.6,98.0,44.1,94.4,54.1,99.3,0.4,75.74,8.1,10.2,698.6,167.34,81.31,62.18,51.86,44.57,37.96,30.67,856.7305467,"7,311",1453.830605,99.2666,,,66.1,96.5,8296.038659,156.3,836.0,298.0,794.0,,8522.0,603.0,0.4507,1309.0,288177.0,23.01,67.85,42551.0,232840.2
870,2012-05-20,109.2,14925.0,4.7,364.1,461.7,100.0,19.484,33.6,31.3026,39.7888,107.14,0.011105345,59698.1,0.042643516,5.82,6.59,1289.46,1271.48,128.85,212.52,12259615,0.022974424,5.2,264049,0.732184443,12.08,10666.8705,0.072179525,44063.8,-0.025,48830.4,0.087568237,13350.32,3639.7151,305.395,101.7,6799.974,0.008,0.716,102373.8183,1220.096592,0.702,0.298,0.942096921,47563.0,249.2838063,7.8,3.6,609729.3,133.1,1.4,8.9,10.3,11.3,9.9,231.0,19.28213689,98.8,98.6,98.0,44.1,94.4,54.1,99.3,0.4,75.74,8.1,10.2,698.6,167.34,81.31,62.18,51.86,44.57,37.96,30.67,856.7305467,"7,311",1453.830605,99.2666,,,66.1,96.5,8296.038659,156.3,836.0,298.0,794.0,,8522.0,603.0,0.4507,1309.0,288177.0,23.01,67.85,42551.0,232840.2
871,2012-05-21,109.2,14925.0,4.7,364.1,461.7,100.0,19.484,33.6,31.1257,39.8196,108.81,0.011105345,59698.1,0.042643516,5.82,6.59,1318.29,1298.42,129.02,212.46,12259615,0.022974424,5.2,264049,0.732184443,12.08,10666.8705,0.072179525,44063.8,-0.025,48830.4,0.087568237,13350.32,3639.7151,305.395,101.7,6799.974,0.008,0.716,102373.8183,1220.096592,0.702,0.298,0.942096921,47563.0,249.2838063,7.8,3.6,609729.3,133.1,1.4,8.9,10.3,11.3,9.9,231.0,19.28213689,98.8,98.6,98.0,44.1,94.4,54.1,99.3,0.4,75.74,8.1,10.2,698.6,167.34,81.31,62.18,51.86,44.57,37.96,30.67,856.7305467,"7,311",1453.830605,99.2666,,,66.1,96.5,8296.038659,156.3,836.0,298.0,794.0,,8522.0,603.0,0.4507,1309.0,288177.0,23.01,67.85,42551.0,232840.2
872,2012-05-22,109.2,14925.0,4.7,364.1,461.7,100.0,19.484,33.6,31.1798,39.7186,108.41,0.011105345,59698.1,0.042643516,5.82,6.59,1321.87,1301.09,129.3,212.4,12259615,0.022974424,5.2,264049,0.732184443,12.08,10666.8705,0.072179525,44063.8,-0.025,48830.4,0.087568237,13350.32,3639.7151,305.395,101.7,6799.974,0.008,0.716,102373.8183,1220.096592,0.702,0.298,0.942096921,47563.0,249.2838063,7.8,3.6,609729.3,133.1,1.4,8.9,10.3,11.3,9.9,231.0,19.28213689,98.8,98.6,98.0,44.1,94.4,54.1,99.3,0.4,75.74,8.1,10.2,698.6,167.34,81.31,62.18,51.86,44.57,37.96,30.67,856.7305467,"7,311",1453.830605,99.2666,,,66.1,96.5,8296.038659,156.3,836.0,298.0,794.0,,8522.0,603.0,0.4507,1309.0,288177.0,23.01,67.85,42551.0,232840.2
873,2012-05-23,109.2,14925.0,4.7,364.1,461.7,100.0,19.484,33.6,31.7752,39.9037,105.56,0.011105345,59698.1,0.042643516,5.82,6.59,1264.29,1256.55,128.73,211.97,12259615,0.022974424,5.2,264049,0.732184443,12.08,10666.8705,0.072179525,44063.8,-0.025,48830.4,0.087568237,13350.32,3639.7151,305.395,101.7,6799.974,0.008,0.716,102373.8183,1220.096592,0.702,0.298,0.942096921,47563.0,249.2838063,7.8,3.6,609729.3,133.1,1.4,8.9,10.3,11.3,9.9,231.0,19.28213689,98.8,98.6,98.0,44.1,94.4,54.1,99.3,0.4,75.74,8.1,10.2,698.6,167.34,81.31,62.18,51.86,44.57,37.96,30.67,856.7305467,"7,311",1453.830605,99.2666,,,66.1,96.5,8296.038659,156.3,836.0,298.0,794.0,,8522.0,603.0,0.4507,1309.0,288177.0,23.01,67.85,42551.0,232840.2
874,2012-05-24,109.2,14925.0,4.7,364.1,461.7,100.0,19.484,33.6,31.7793,39.9216,106.55,0.011105345,59698.1,0.042643516,5.82,6.59,1287.43,1284.48,128.51,211.87,12259615,0.022974424,5.2,264049,0.732184443,12.08,10666.8705,0.072179525,44063.8,-0.025,48830.4,0.087568237,13350.32,3639.7151,305.395,101.7,6799.974,0.008,0.716,102373.8183,1220.096592,0.702,0.298,0.942096921,47563.0,249.2838063,7.8,3.6,609729.3,133.1,1.4,8.9,10.3,11.3,9.9,231.0,19.28213689,98.8,98.6,98.0,44.1,94.4,54.1,99.3,0.4,75.74,8.1,10.2,698.6,167.34,81.31,62.18,51.86,44.57,37.96,30.67,856.7305467,"7,311",1453.830605,99.2666,,,66.1,96.5,8296.038659,156.3,836.0,298.0,794.0,,8522.0,603.0,0.4507,1309.0,288177.0,23.01,67.85,42551.0,232840.2
875,2012-05-25,109.2,14925.0,4.7,364.1,461.7,100.0,19.484,33.6,32.065,40.0857,106.83,0.011105345,59698.1,0.042643516,5.82,6.59,1272.69,1281.6,128.61,211.89,12259615,0.022974424,5.2,264049,0.732184443,12.08,10666.8705,0.072179525,44063.8,-0.025,48830.4,0.087568237,13350.32,3639.7151,305.395,101.7,6799.974,0.008,0.716,102373.8183,1220.096592,0.702,0.298,0.942096921,47563.0,249.2838063,7.8,3.6,609729.3,133.1,1.4,8.9,10.3,11.3,9.9,231.0,19.28213689,98.8,98.6,98.0,44.1,94.4,54.1,99.3,0.4,75.74,8.1,10.2,698.6,167.34,81.31,62.18,51.86,44.57,37.96,30.67,856.7305467,"7,311",1453.830605,99.2666,,,66.1,96.5,8296.038659,156.3,836.0,298.0,794.0,,8522.0,603.0,0.4507,1309.0,288177.0,23.01,67.85,42551.0,232840.2
876,2012-05-26,109.2,14925.0,4.7,364.1,461.7,100.0,19.484,33.6,32.065,40.0857,106.83,0.011105345,59698.1,0.042643516,5.82,6.59,1272.69,1281.6,128.61,211.89,12259615,0.022974424,5.2,264049,0.732184443,12.08,10666.8705,0.072179525,44063.8,-0.025,48830.4,0.087568237,13350.32,3639.7151,305.395,101.7,6799.974,0.008,0.716,102373.8183,1220.096592,0.702,0.298,0.942096921,47563.0,249.2838063,7.8,3.6,609729.3,133.1,1.4,8.9,10.3,11.3,9.9,231.0,19.28213689,98.8,98.6,98.0,44.1,94.4,54.1,99.3,0.4,75.74,8.1,10.2,698.6,167.34,81.31,62.18,51.86,44.57,37.96,30.67,856.7305467,"7,311",1453.830605,99.2666,,,66.1,96.5,8296.038659,156.3,836.0,298.0,794.0,,8522.0,603.0,0.4507,1309.0,288177.0,23.01,67.85,42551.0,232840.2
877,2012-05-27,109.2,14925.0,4.7,364.1,461.7,100.0,19.484,33.6,32.065,40.0857,106.83,0.011105345,59698.1,0.042643516,5.82,6.59,1272.69,1281.6,128.61,211.89,12259615,0.022974424,5.2,264049,0.732184443,12.08,10666.8705,0.072179525,44063.8,-0.025,48830.4,0.087568237,13350.32,3639.7151,305.395,101.7,6799.974,0.008,0.716,102373.8183,1220.096592,0.702,0.298,0.942096921,47563.0,249.2838063,7.8,3.6,609729.3,133.1,1.4,8.9,10.3,11.3,9.9,231.0,19.28213689,98.8,98.6,98.0,44.1,94.4,54.1,99.3,0.4,75.74,8.1,10.2,698.6,167.34,81.31,62.18,51.86,44.57,37.96,30.67,856.7305467,"7,311",1453.830605,99.2666,,,66.1,96.5,8296.038659,156.3,836.0,298.0,794.0,,8522.0,603.0,0.4507,1309.0,288177.0,23.01,67.85,42551.0,232840.2
878,2012-05-28,109.2,14925.0,4.7,364.1,461.7,100.0,19.484,33.6,32.0998,40.2385,107.11,0.011105345,59698.1,0.042643516,5.82,6.59,1277.15,1290.72,128.62,212.02,12259615,0.022974424,5.2,264049,0.732184443,12.08,10666.8705,0.072179525,44063.8,-0.025,48830.4,0.087568237,13350.32,3639.7151,305.395,101.7,6799.974,0.008,0.716,102373.8183,1220.096592,0.702,0.298,0.942096921,47563.0,249.2838063,7.8,3.6,609729.3,133.1,1.4,8.9,10.3,11.3,9.9,231.0,19.28213689,98.8,98.6,98.0,44.1,94.4,54.1,99.3,0.4,75.74,8.1,10.2,698.6,167.34,81.31,62.18,51.86,44.57,37.96,30.67,856.7305467,"7,311",1453.830605,99.2666,,,66.1,96.5,8296.038659,156.3,836.0,298.0,794.0,,8522.0,603.0,0.4507,1309.0,288177.0,23.01,67.85,42551.0,232840.2
879,2012-05-29,109.2,14925.0,4.7,364.1,461.7,100.0,19.484,33.6,32.3396,40.3286,106.68,0.011105345,59698.1,0.042643516,5.82,6.59,1307.03,1327.08,128.69,211.99,12259615,0.022974424,5.2,264049,0.732184443,12.08,10666.8705,0.072179525,44063.8,-0.025,48830.4,0.087568237,13350.32,3639.7151,305.395,101.7,6799.974,0.008,0.716,102373.8183,1220.096592,0.702,0.298,0.942096921,47563.0,249.2838063,7.8,3.6,609729.3,133.1,1.4,8.9,10.3,11.3,9.9,231.0,19.28213689,98.8,98.6,98.0,44.1,94.4,54.1,99.3,0.4,75.74,8.1,10.2,698.6,167.34,81.31,62.18,51.86,44.57,37.96,30.67,856.7305467,"7,311",1453.830605,99.2666,,,66.1,96.5,8296.038659,156.3,836.0,298.0,794.0,,8522.0,603.0,0.4507,1309.0,288177.0,23.01,67.85,42551.0,232840.2
880,2012-05-30,109.2,14925.0,4.7,364.1,461.7,100.0,19.484,33.6,32.8094,40.7124,103.47,0.011105345,59698.1,0.042643516,5.82,6.59,1273.26,1308.3,128.61,212.17,12259615,0.022974424,5.2,264049,0.732184443,12.08,10666.8705,0.072179525,44063.8,-0.025,48830.4,0.087568237,13350.32,3639.7151,305.395,101.7,6799.974,0.008,0.716,102373.8183,1220.096592,0.702,0.298,0.942096921,47563.0,249.2838063,7.8,3.6,609729.3,133.1,1.4,8.9,10.3,11.3,9.9,231.0,19.28213689,98.8,98.6,98.0,44.1,94.4,54.1,99.3,0.4,75.74,8.1,10.2,698.6,167.34,81.31,62.18,51.86,44.57,37.96,30.67,856.7305467,"7,311",1453.830605,99.2666,,,66.1,96.5,8296.038659,156.3,836.0,298.0,794.0,,8522.0,603.0,0.4507,1309.0,288177.0,23.01,67.85,42551.0,232840.2
881,2012-05-31,109.2,14925.0,4.7,364.1,461.7,100.0,19.484,33.6,33.412,41.3359,101.87,0.011105345,59698.1,0.042643516,5.82,6.59,1242.43,1305.84,128.22,212.24,12259615,0.022974424,5.2,264049,0.732184443,12.08,10666.8705,0.072179525,44063.8,-0.025,48830.4,0.087568237,13350.32,3639.7151,305.395,101.7,6799.974,0.008,0.716,102373.8183,1220.096592,0.702,0.298,0.942096921,47563.0,249.2838063,7.8,3.6,609729.3,133.1,1.4,8.9,10.3,11.3,9.9,231.0,19.28213689,98.8,98.6,98.0,44.1,94.4,54.1,99.3,0.4,75.74,8.1,10.2,698.6,167.34,81.31,62.18,51.86,44.57,37.96,30.67,856.7305467,"7,311",1453.830605,99.2666,,,66.1,96.5,8296.038659,156.3,836.0,298.0,794.0,,8522.0,603.0,0.4507,1309.0,288177.0,23.01,67.85,42551.0,232840.2
882,2012-06-01,93.74,14925.0,4.7,366.0,450.8,100.0,18.363,33.6,33.6741,41.6742,98.43,0.095579023,59698.1,0.042643516,5.82,6.59,1227.65,1298.08,127.39,206.62,12509440,0.020377883,5.4,343701,0.677637745,12.18,10666.8705,0.072179525,52818.8,-0.025,48830.4,0.087568237,13494.23,3639.7151,305.395,101.7,6799.974,0.008,0.716,102373.8183,1220.096592,0.702,0.298,0.942096921,47563.0,249.2838063,7.8,3.6,609729.3,133.1,1.4,8.9,10.3,11.3,9.9,231.0,19.28213689,98.8,98.6,98.0,44.1,94.4,54.1,99.3,0.4,75.74,8.1,10.2,698.6,165.34,97.26,70.42,52.53,46.29,39.0,30.48,856.7305467,"7,311",1453.830605,99.2666,,,66.1,96.5,8296.038659,156.3,836.0,298.0,794.0,,8522.0,603.0,0.4507,1309.0,288177.0,23.01,67.85,42551.0,232840.2
883,2012-06-02,93.74,14925.0,4.7,366.0,450.8,100.0,18.363,33.6,33.6741,41.6742,98.43,0.095579023,59698.1,0.042643516,5.82,6.59,1227.65,1298.08,127.39,208.99,12509440,0.020377883,5.4,343701,0.677637745,12.18,10666.8705,0.072179525,52818.8,-0.025,48830.4,0.087568237,13494.23,3639.7151,305.395,101.7,6799.974,0.008,0.716,102373.8183,1220.096592,0.702,0.298,0.942096921,47563.0,249.2838063,7.8,3.6,609729.3,133.1,1.4,8.9,10.3,11.3,9.9,231.0,19.28213689,98.8,98.6,98.0,44.1,94.4,54.1,99.3,0.4,75.74,8.1,10.2,698.6,165.34,97.26,70.42,52.53,46.29,39.0,30.48,856.7305467,"7,311",1453.830605,99.2666,,,66.1,96.5,8296.038659,156.3,836.0,298.0,794.0,,8522.0,603.0,0.4507,1309.0,288177.0,23.01,67.85,42551.0,232840.2
884,2012-06-03,93.74,14925.0,4.7,366.0,450.8,100.0,18.363,33.6,33.6741,41.6742,98.43,0.095579023,59698.1,0.042643516,5.82,6.59,1227.65,1298.08,127.39,210.86,12509440,0.020377883,5.4,343701,0.677637745,12.18,10666.8705,0.072179525,52818.8,-0.025,48830.4,0.087568237,13494.23,3639.7151,305.395,101.7,6799.974,0.008,0.716,102373.8183,1220.096592,0.702,0.298,0.942096921,47563.0,249.2838063,7.8,3.6,609729.3,133.1,1.4,8.9,10.3,11.3,9.9,231.0,19.28213689,98.8,98.6,98.0,44.1,94.4,54.1,99.3,0.4,75.74,8.1,10.2,698.6,165.34,97.26,70.42,52.53,46.29,39.0,30.48,856.7305467,"7,311",1453.830605,99.2666,,,66.1,96.5,8296.038659,156.3,836.0,298.0,794.0,,8522.0,603.0,0.4507,1309.0,288177.0,23.01,67.85,42551.0,232840.2
885,2012-06-04,93.74,14925.0,4.7,366.0,450.8,100.0,18.363,33.6,33.5148,41.8139,98.85,0.095579023,59698.1,0.042643516,5.82,6.59,1239.99,1305.86,127.78,212.34,12509440,0.020377883,5.4,343701,0.677637745,12.18,10666.8705,0.072179525,52818.8,-0.025,48830.4,0.087568237,13494.23,3639.7151,305.395,101.7,6799.974,0.008,0.716,102373.8183,1220.096592,0.702,0.298,0.942096921,47563.0,249.2838063,7.8,3.6,609729.3,133.1,1.4,8.9,10.3,11.3,9.9,231.0,19.28213689,98.8,98.6,98.0,44.1,94.4,54.1,99.3,0.4,75.74,8.1,10.2,698.6,165.34,97.26,70.42,52.53,46.29,39.0,30.48,856.7305467,"7,311",1453.830605,99.2666,,,66.1,96.5,8296.038659,156.3,836.0,298.0,794.0,,8522.0,603.0,0.4507,1309.0,288177.0,23.01,67.85,42551.0,232840.2
886,2012-06-05,93.74,14925.0,4.7,366.0,450.8,100.0,18.363,33.6,33.0691,41.1381,98.84,0.095579023,59698.1,0.042643516,5.82,6.59,1246.4,1297.04,127.95,212.34,12509440,0.020377883,5.4,343701,0.677637745,12.18,10666.8705,0.072179525,52818.8,-0.025,48830.4,0.087568237,13494.23,3639.7151,305.395,101.7,6799.974,0.008,0.716,102373.8183,1220.096592,0.702,0.298,0.942096921,47563.0,249.2838063,7.8,3.6,609729.3,133.1,1.4,8.9,10.3,11.3,9.9,231.0,19.28213689,98.8,98.6,98.0,44.1,94.4,54.1,99.3,0.4,75.74,8.1,10.2,698.6,165.34,97.26,70.42,52.53,46.29,39.0,30.48,856.7305467,"7,311",1453.830605,99.2666,,,66.1,96.5,8296.038659,156.3,836.0,298.0,794.0,,8522.0,603.0,0.4507,1309.0,288177.0,23.01,67.85,42551.0,232840.2
887,2012-06-06,93.74,14925.0,4.7,366.0,450.8,100.0,18.363,33.6,32.3401,40.6186,100.64,0.095579023,59698.1,0.042643516,5.82,6.59,1277.54,1313.21,128.71,211.79,12509440,0.020377883,5.4,343701,0.677637745,12.18,10666.8705,0.072179525,52818.8,-0.025,48830.4,0.087568237,13494.23,3639.7151,305.395,101.7,6799.974,0.008,0.716,102373.8183,1220.096592,0.702,0.298,0.942096921,47563.0,249.2838063,7.8,3.6,609729.3,133.1,1.4,8.9,10.3,11.3,9.9,231.0,19.28213689,98.8,98.6,98.0,44.1,94.4,54.1,99.3,0.4,75.74,8.1,10.2,698.6,165.34,97.26,70.42,52.53,46.29,39.0,30.48,856.7305467,"7,311",1453.830605,99.2666,,,66.1,96.5,8296.038659,156.3,836.0,298.0,794.0,,8522.0,603.0,0.4507,1309.0,288177.0,23.01,67.85,42551.0,232840.2
888,2012-06-07,93.74,14925.0,4.7,366.0,450.8,100.0,18.363,33.6,32.2827,40.592,99.93,0.095579023,59698.1,0.042643516,5.82,6.59,1303.96,1336.33,129.1,213.15,12509440,0.020377883,5.4,343701,0.677637745,12.18,10666.8705,0.072179525,52818.8,-0.025,48830.4,0.087568237,13494.23,3639.7151,305.395,101.7,6799.974,0.008,0.716,102373.8183,1220.096592,0.702,0.298,0.942096921,47563.0,249.2838063,7.8,3.6,609729.3,133.1,1.4,8.9,10.3,11.3,9.9,231.0,19.28213689,98.8,98.6,98.0,44.1,94.4,54.1,99.3,0.4,75.74,8.1,10.2,698.6,165.34,97.26,70.42,52.53,46.29,39.0,30.48,856.7305467,"7,311",1453.830605,99.2666,,,66.1,96.5,8296.038659,156.3,836.0,298.0,794.0,,8522.0,603.0,0.4507,1309.0,288177.0,23.01,67.85,42551.0,232840.2
889,2012-06-08,93.74,14925.0,4.7,366.0,450.8,100.0,18.363,33.6,32.4898,40.6641,99.47,0.095579023,59698.1,0.042643516,5.82,6.59,1282.48,1332.92,128.63,215.55,12509440,0.020377883,5.4,343701,0.677637745,12.18,10666.8705,0.072179525,52818.8,-0.025,48830.4,0.087568237,13494.23,3639.7151,305.395,101.7,6799.974,0.008,0.716,102373.8183,1220.096592,0.702,0.298,0.942096921,47563.0,249.2838063,7.8,3.6,609729.3,133.1,1.4,8.9,10.3,11.3,9.9,231.0,19.28213689,98.8,98.6,98.0,44.1,94.4,54.1,99.3,0.4,75.74,8.1,10.2,698.6,165.34,97.26,70.42,52.53,46.29,39.0,30.48,856.7305467,"7,311",1453.830605,99.2666,,,66.1,96.5,8296.038659,156.3,836.0,298.0,794.0,,8522.0,603.0,0.4507,1309.0,288177.0,23.01,67.85,42551.0,232840.2
890,2012-06-09,93.74,14925.0,4.7,366.0,450.8,100.0,18.363,33.6,32.4898,40.6641,99.47,0.095579023,59698.1,0.042643516,5.82,6.59,1282.48,1332.92,128.9,217.15,12509440,0.020377883,5.4,343701,0.677637745,12.18,10666.8705,0.072179525,52818.8,-0.025,48830.4,0.087568237,13494.23,3639.7151,305.395,101.7,6799.974,0.008,0.716,102373.8183,1220.096592,0.702,0.298,0.942096921,47563.0,249.2838063,7.8,3.6,609729.3,133.1,1.4,8.9,10.3,11.3,9.9,231.0,19.28213689,98.8,98.6,98.0,44.1,94.4,54.1,99.3,0.4,75.74,8.1,10.2,698.6,165.34,97.26,70.42,52.53,46.29,39.0,30.48,856.7305467,"7,311",1453.830605,99.2666,,,66.1,96.5,8296.038659,156.3,836.0,298.0,794.0,,8522.0,603.0,0.4507,1309.0,288177.0,23.01,67.85,42551.0,232840.2
891,2012-06-10,93.74,14925.0,4.7,366.0,450.8,100.0,18.363,33.6,32.4898,40.6641,99.47,0.095579023,59698.1,0.042643516,5.82,6.59,1282.48,1332.92,128.9,217.15,12509440,0.020377883,5.4,343701,0.677637745,12.18,10666.8705,0.072179525,52818.8,-0.025,48830.4,0.087568237,13494.23,3639.7151,305.395,101.7,6799.974,0.008,0.716,102373.8183,1220.096592,0.702,0.298,0.942096921,47563.0,249.2838063,7.8,3.6,609729.3,133.1,1.4,8.9,10.3,11.3,9.9,231.0,19.28213689,98.8,98.6,98.0,44.1,94.4,54.1,99.3,0.4,75.74,8.1,10.2,698.6,165.34,97.26,70.42,52.53,46.29,39.0,30.48,856.7305467,"7,311",1453.830605,99.2666,,,66.1,96.5,8296.038659,156.3,836.0,298.0,794.0,,8522.0,603.0,0.4507,1309.0,288177.0,23.01,67.85,42551.0,232840.2
892,2012-06-11,93.74,14925.0,4.7,366.0,450.8,100.0,18.363,33.6,32.814,41.0034,98.0,0.095579023,59698.1,0.042643516,5.82,6.59,1282.48,1332.92,128.9,220.49,12509440,0.020377883,5.4,343701,0.677637745,12.18,10666.8705,0.072179525,52818.8,-0.025,48830.4,0.087568237,13494.23,3639.7151,305.395,101.7,6799.974,0.008,0.716,102373.8183,1220.096592,0.702,0.298,0.942096921,47563.0,249.2838063,7.8,3.6,609729.3,133.1,1.4,8.9,10.3,11.3,9.9,231.0,19.28213689,98.8,98.6,98.0,44.1,94.4,54.1,99.3,0.4,75.74,8.1,10.2,698.6,165.34,97.26,70.42,52.53,46.29,39.0,30.48,856.7305467,"7,311",1453.830605,99.2666,,,66.1,96.5,8296.038659,156.3,836.0,298.0,794.0,,8522.0,603.0,0.4507,1309.0,288177.0,23.01,67.85,42551.0,232840.2
893,2012-06-12,93.74,14925.0,4.7,366.0,450.8,100.0,18.363,33.6,32.992,41.1914,97.14,0.095579023,59698.1,0.042643516,5.82,6.59,1282.48,1332.92,128.9,221.98,12509440,0.020377883,5.4,343701,0.677637745,12.18,10666.8705,0.072179525,52818.8,-0.025,48830.4,0.087568237,13494.23,3639.7151,305.395,101.7,6799.974,0.008,0.716,102373.8183,1220.096592,0.702,0.298,0.942096921,47563.0,249.2838063,7.8,3.6,609729.3,133.1,1.4,8.9,10.3,11.3,9.9,231.0,19.28213689,98.8,98.6,98.0,44.1,94.4,54.1,99.3,0.4,75.74,8.1,10.2,698.6,165.34,97.26,70.42,52.53,46.29,39.0,30.48,856.7305467,"7,311",1453.830605,99.2666,,,66.1,96.5,8296.038659,156.3,836.0,298.0,794.0,,8522.0,603.0,0.4507,1309.0,288177.0,23.01,67.85,42551.0,232840.2
894,2012-06-13,93.74,14925.0,4.7,366.0,450.8,100.0,18.363,33.6,32.4869,40.8562,97.13,0.095579023,59698.1,0.042643516,5.82,6.59,1309.58,1346.43,128.52,211.65,12509440,0.020377883,5.4,343701,0.677637745,12.18,10666.8705,0.072179525,52818.8,-0.025,48830.4,0.087568237,13494.23,3639.7151,305.395,101.7,6799.974,0.008,0.716,102373.8183,1220.096592,0.702,0.298,0.942096921,47563.0,249.2838063,7.8,3.6,609729.3,133.1,1.4,8.9,10.3,11.3,9.9,231.0,19.28213689,98.8,98.6,98.0,44.1,94.4,54.1,99.3,0.4,75.74,8.1,10.2,698.6,165.34,97.26,70.42,52.53,46.29,39.0,30.48,856.7305467,"7,311",1453.830605,99.2666,,,66.1,96.5,8296.038659,156.3,836.0,298.0,794.0,,8522.0,603.0,0.4507,1309.0,288177.0,23.01,67.85,42551.0,232840.2
895,2012-06-14,93.74,14925.0,4.7,366.0,450.8,100.0,18.363,33.6,32.5015,40.9718,97.03,0.095579023,59698.1,0.042643516,5.82,6.59,1304.07,1346.04,128.43,211.56,12509440,0.020377883,5.4,343701,0.677637745,12.18,10666.8705,0.072179525,52818.8,-0.025,48830.4,0.087568237,13494.23,3639.7151,305.395,101.7,6799.974,0.008,0.716,102373.8183,1220.096592,0.702,0.298,0.942096921,47563.0,249.2838063,7.8,3.6,609729.3,133.1,1.4,8.9,10.3,11.3,9.9,231.0,19.28213689,98.8,98.6,98.0,44.1,94.4,54.1,99.3,0.4,75.74,8.1,10.2,698.6,165.34,97.26,70.42,52.53,46.29,39.0,30.48,856.7305467,"7,311",1453.830605,99.2666,,,66.1,96.5,8296.038659,156.3,836.0,298.0,794.0,,8522.0,603.0,0.4507,1309.0,288177.0,23.01,67.85,42551.0,232840.2
896,2012-06-15,93.74,14925.0,4.7,366.0,450.8,100.0,18.363,33.6,32.3521,40.9124,97.61,0.095579023,59698.1,0.042643516,5.82,6.59,1337.5,1375.23,128.87,211.57,12509440,0.020377883,5.4,343701,0.677637745,12.18,10666.8705,0.072179525,52818.8,-0.025,48830.4,0.087568237,13494.23,3639.7151,305.395,101.7,6799.974,0.008,0.716,102373.8183,1220.096592,0.702,0.298,0.942096921,47563.0,249.2838063,7.8,3.6,609729.3,133.1,1.4,8.9,10.3,11.3,9.9,231.0,19.28213689,98.8,98.6,98.0,44.1,94.4,54.1,99.3,0.4,75.74,8.1,10.2,698.6,165.34,97.26,70.42,52.53,46.29,39.0,30.48,856.7305467,"7,311",1453.830605,99.2666,,,66.1,96.5,8296.038659,156.3,836.0,298.0,794.0,,8522.0,603.0,0.4507,1309.0,288177.0,23.01,67.85,42551.0,232840.2
897,2012-06-16,93.74,14925.0,4.7,366.0,450.8,100.0,18.363,33.6,32.3521,40.9124,97.61,0.095579023,59698.1,0.042643516,5.82,6.59,1337.5,1375.23,128.87,211.57,12509440,0.020377883,5.4,343701,0.677637745,12.18,10666.8705,0.072179525,52818.8,-0.025,48830.4,0.087568237,13494.23,3639.7151,305.395,101.7,6799.974,0.008,0.716,102373.8183,1220.096592,0.702,0.298,0.942096921,47563.0,249.2838063,7.8,3.6,609729.3,133.1,1.4,8.9,10.3,11.3,9.9,231.0,19.28213689,98.8,98.6,98.0,44.1,94.4,54.1,99.3,0.4,75.74,8.1,10.2,698.6,165.34,97.26,70.42,52.53,46.29,39.0,30.48,856.7305467,"7,311",1453.830605,99.2666,,,66.1,96.5,8296.038659,156.3,836.0,298.0,794.0,,8522.0,603.0,0.4507,1309.0,288177.0,23.01,67.85,42551.0,232840.2
898,2012-06-17,93.74,14925.0,4.7,366.0,450.8,100.0,18.363,33.6,32.3521,40.9124,97.61,0.095579023,59698.1,0.042643516,5.82,6.59,1337.5,1375.23,128.87,211.57,12509440,0.020377883,5.4,343701,0.677637745,12.18,10666.8705,0.072179525,52818.8,-0.025,48830.4,0.087568237,13494.23,3639.7151,305.395,101.7,6799.974,0.008,0.716,102373.8183,1220.096592,0.702,0.298,0.942096921,47563.0,249.2838063,7.8,3.6,609729.3,133.1,1.4,8.9,10.3,11.3,9.9,231.0,19.28213689,98.8,98.6,98.0,44.1,94.4,54.1,99.3,0.4,75.74,8.1,10.2,698.6,165.34,97.26,70.42,52.53,46.29,39.0,30.48,856.7305467,"7,311",1453.830605,99.2666,,,66.1,96.5,8296.038659,156.3,836.0,298.0,794.0,,8522.0,603.0,0.4507,1309.0,288177.0,23.01,67.85,42551.0,232840.2
899,2012-06-18,93.74,14925.0,4.7,366.0,450.8,100.0,18.363,33.6,32.4103,40.7575,96.05,0.095579023,59698.1,0.042643516,5.82,6.59,1348.38,1389.0,128.88,211.59,12509440,0.020377883,5.4,343701,0.677637745,12.18,10666.8705,0.072179525,52818.8,-0.025,48830.4,0.087568237,13494.23,3639.7151,305.395,101.7,6799.974,0.008,0.716,102373.8183,1220.096592,0.702,0.298,0.942096921,47563.0,249.2838063,7.8,3.6,609729.3,133.1,1.4,8.9,10.3,11.3,9.9,231.0,19.28213689,98.8,98.6,98.0,44.1,94.4,54.1,99.3,0.4,75.74,8.1,10.2,698.6,165.34,97.26,70.42,52.53,46.29,39.0,30.48,856.7305467,"7,311",1453.830605,99.2666,,,66.1,96.5,8296.038659,156.3,836.0,298.0,794.0,,8522.0,603.0,0.4507,1309.0,288177.0,23.01,67.85,42551.0,232840.2
900,2012-06-19,93.74,14925.0,4.7,366.0,450.8,100.0,18.363,33.6,32.3505,41.0854,95.76,0.095579023,59698.1,0.042643516,5.82,6.59,1350.15,1389.97,128.68,211.64,12509440,0.020377883,5.4,343701,0.677637745,12.18,10666.8705,0.072179525,52818.8,-0.025,48830.4,0.087568237,13494.23,3639.7151,305.395,101.7,6799.974,0.008,0.716,102373.8183,1220.096592,0.702,0.298,0.942096921,47563.0,249.2838063,7.8,3.6,609729.3,133.1,1.4,8.9,10.3,11.3,9.9,231.0,19.28213689,98.8,98.6,98.0,44.1,94.4,54.1,99.3,0.4,75.74,8.1,10.2,698.6,165.34,97.26,70.42,52.53,46.29,39.0,30.48,856.7305467,"7,311",1453.830605,99.2666,,,66.1,96.5,8296.038659,156.3,836.0,298.0,794.0,,8522.0,603.0,0.4507,1309.0,288177.0,23.01,67.85,42551.0,232840.2
901,2012-06-20,93.74,14925.0,4.7,366.0,450.8,100.0,18.363,33.6,32.596,41.3683,92.69,0.095579023,59698.1,0.042643516,5.82,6.59,1332.64,1374.69,128.61,211.69,12509440,0.020377883,5.4,343701,0.677637745,12.18,10666.8705,0.072179525,52818.8,-0.025,48830.4,0.087568237,13494.23,3639.7151,305.395,101.7,6799.974,0.008,0.716,102373.8183,1220.096592,0.702,0.298,0.942096921,47563.0,249.2838063,7.8,3.6,609729.3,133.1,1.4,8.9,10.3,11.3,9.9,231.0,19.28213689,98.8,98.6,98.0,44.1,94.4,54.1,99.3,0.4,75.74,8.1,10.2,698.6,165.34,97.26,70.42,52.53,46.29,39.0,30.48,856.7305467,"7,311",1453.830605,99.2666,,,66.1,96.5,8296.038659,156.3,836.0,298.0,794.0,,8522.0,603.0,0.4507,1309.0,288177.0,23.01,67.85,42551.0,232840.2
902,2012-06-21,93.74,14925.0,4.7,366.0,450.8,100.0,18.363,33.6,33.1951,41.5931,89.23,0.095579023,59698.1,0.042643516,5.82,6.59,1306.85,1363.58,128.44,211.78,12509440,0.020377883,5.4,343701,0.677637745,12.18,10666.8705,0.072179525,52818.8,-0.025,48830.4,0.087568237,13494.23,3639.7151,305.395,101.7,6799.974,0.008,0.716,102373.8183,1220.096592,0.702,0.298,0.942096921,47563.0,249.2838063,7.8,3.6,609729.3,133.1,1.4,8.9,10.3,11.3,9.9,231.0,19.28213689,98.8,98.6,98.0,44.1,94.4,54.1,99.3,0.4,75.74,8.1,10.2,698.6,165.34,97.26,70.42,52.53,46.29,39.0,30.48,856.7305467,"7,311",1453.830605,99.2666,,,66.1,96.5,8296.038659,156.3,836.0,298.0,794.0,,8522.0,603.0,0.4507,1309.0,288177.0,23.01,67.85,42551.0,232840.2
903,2012-06-22,93.74,14925.0,4.7,366.0,450.8,100.0,18.363,33.6,33.1542,41.7258,90.98,0.095579023,59698.1,0.042643516,5.82,6.59,1281.88,1347.15,128.39,211.92,12509440,0.020377883,5.4,343701,0.677637745,12.18,10666.8705,0.072179525,52818.8,-0.025,48830.4,0.087568237,13494.23,3639.7151,305.395,101.7,6799.974,0.008,0.716,102373.8183,1220.096592,0.702,0.298,0.942096921,47563.0,249.2838063,7.8,3.6,609729.3,133.1,1.4,8.9,10.3,11.3,9.9,231.0,19.28213689,98.8,98.6,98.0,44.1,94.4,54.1,99.3,0.4,75.74,8.1,10.2,698.6,165.34,97.26,70.42,52.53,46.29,39.0,30.48,856.7305467,"7,311",1453.830605,99.2666,,,66.1,96.5,8296.038659,156.3,836.0,298.0,794.0,,8522.0,603.0,0.4507,1309.0,288177.0,23.01,67.85,42551.0,232840.2
904,2012-06-23,93.74,14925.0,4.7,366.0,450.8,100.0,18.363,33.6,33.1542,41.7258,90.98,0.095579023,59698.1,0.042643516,5.82,6.59,1281.88,1347.15,128.39,211.92,12509440,0.020377883,5.4,343701,0.677637745,12.18,10666.8705,0.072179525,52818.8,-0.025,48830.4,0.087568237,13494.23,3639.7151,305.395,101.7,6799.974,0.008,0.716,102373.8183,1220.096592,0.702,0.298,0.942096921,47563.0,249.2838063,7.8,3.6,609729.3,133.1,1.4,8.9,10.3,11.3,9.9,231.0,19.28213689,98.8,98.6,98.0,44.1,94.4,54.1,99.3,0.4,75.74,8.1,10.2,698.6,165.34,97.26,70.42,52.53,46.29,39.0,30.48,856.7305467,"7,311",1453.830605,99.2666,,,66.1,96.5,8296.038659,156.3,836.0,298.0,794.0,,8522.0,603.0,0.4507,1309.0,288177.0,23.01,67.85,42551.0,232840.2
905,2012-06-24,93.74,14925.0,4.7,366.0,450.8,100.0,18.363,33.6,33.1542,41.7258,90.98,0.095579023,59698.1,0.042643516,5.82,6.59,1281.88,1347.15,128.39,211.92,12509440,0.020377883,5.4,343701,0.677637745,12.18,10666.8705,0.072179525,52818.8,-0.025,48830.4,0.087568237,13494.23,3639.7151,305.395,101.7,6799.974,0.008,0.716,102373.8183,1220.096592,0.702,0.298,0.942096921,47563.0,249.2838063,7.8,3.6,609729.3,133.1,1.4,8.9,10.3,11.3,9.9,231.0,19.28213689,98.8,98.6,98.0,44.1,94.4,54.1,99.3,0.4,75.74,8.1,10.2,698.6,165.34,97.26,70.42,52.53,46.29,39.0,30.48,856.7305467,"7,311",1453.830605,99.2666,,,66.1,96.5,8296.038659,156.3,836.0,298.0,794.0,,8522.0,603.0,0.4507,1309.0,288177.0,23.01,67.85,42551.0,232840.2
906,2012-06-25,93.74,14925.0,4.7,366.0,450.8,100.0,18.363,33.6,33.2624,41.5992,91.01,0.095579023,59698.1,0.042643516,5.82,6.59,1261.89,1330.15,128.37,212.07,12509440,0.020377883,5.4,343701,0.677637745,12.18,10666.8705,0.072179525,52818.8,-0.025,48830.4,0.087568237,13494.23,3639.7151,305.395,101.7,6799.974,0.008,0.716,102373.8183,1220.096592,0.702,0.298,0.942096921,47563.0,249.2838063,7.8,3.6,609729.3,133.1,1.4,8.9,10.3,11.3,9.9,231.0,19.28213689,98.8,98.6,98.0,44.1,94.4,54.1,99.3,0.4,75.74,8.1,10.2,698.6,165.34,97.26,70.42,52.53,46.29,39.0,30.48,856.7305467,"7,311",1453.830605,99.2666,,,66.1,96.5,8296.038659,156.3,836.0,298.0,794.0,,8522.0,603.0,0.4507,1309.0,288177.0,23.01,67.85,42551.0,232840.2
907,2012-06-26,93.74,14925.0,4.7,366.0,450.8,100.0,18.363,33.6,32.864,41.0903,93.02,0.095579023,59698.1,0.042643516,5.82,6.59,1288.67,1342.82,128.29,212.03,12509440,0.020377883,5.4,343701,0.677637745,12.18,10666.8705,0.072179525,52818.8,-0.025,48830.4,0.087568237,13494.23,3639.7151,305.395,101.7,6799.974,0.008,0.716,102373.8183,1220.096592,0.702,0.298,0.942096921,47563.0,249.2838063,7.8,3.6,609729.3,133.1,1.4,8.9,10.3,11.3,9.9,231.0,19.28213689,98.8,98.6,98.0,44.1,94.4,54.1,99.3,0.4,75.74,8.1,10.2,698.6,165.34,97.26,70.42,52.53,46.29,39.0,30.48,856.7305467,"7,311",1453.830605,99.2666,,,66.1,96.5,8296.038659,156.3,836.0,298.0,794.0,,8522.0,603.0,0.4507,1309.0,288177.0,23.01,67.85,42551.0,232840.2
908,2012-06-27,93.74,14925.0,4.7,366.0,450.8,100.0,18.363,33.6,32.9585,41.1231,93.5,0.095579023,59698.1,0.042643516,5.82,6.59,1306.82,1365.93,128.39,212.13,12509440,0.020377883,5.4,343701,0.677637745,12.18,10666.8705,0.072179525,52818.8,-0.025,48830.4,0.087568237,13494.23,3639.7151,305.395,101.7,6799.974,0.008,0.716,102373.8183,1220.096592,0.702,0.298,0.942096921,47563.0,249.2838063,7.8,3.6,609729.3,133.1,1.4,8.9,10.3,11.3,9.9,231.0,19.28213689,98.8,98.6,98.0,44.1,94.4,54.1,99.3,0.4,75.74,8.1,10.2,698.6,165.34,97.26,70.42,52.53,46.29,39.0,30.48,856.7305467,"7,311",1453.830605,99.2666,,,66.1,96.5,8296.038659,156.3,836.0,298.0,794.0,,8522.0,603.0,0.4507,1309.0,288177.0,23.01,67.85,42551.0,232840.2
909,2012-06-28,93.74,14925.0,4.7,366.0,450.8,100.0,18.363,33.6,33.1045,41.1661,91.36,0.095579023,59698.1,0.042643516,5.82,6.59,1280.92,1342.91,128.32,212.14,12509440,0.020377883,5.4,343701,0.677637745,12.18,10666.8705,0.072179525,52818.8,-0.025,48830.4,0.087568237,13494.23,3639.7151,305.395,101.7,6799.974,0.008,0.716,102373.8183,1220.096592,0.702,0.298,0.942096921,47563.0,249.2838063,7.8,3.6,609729.3,133.1,1.4,8.9,10.3,11.3,9.9,231.0,19.28213689,98.8,98.6,98.0,44.1,94.4,54.1,99.3,0.4,75.74,8.1,10.2,698.6,165.34,97.26,70.42,52.53,46.29,39.0,30.48,856.7305467,"7,311",1453.830605,99.2666,,,66.1,96.5,8296.038659,156.3,836.0,298.0,794.0,,8522.0,603.0,0.4507,1309.0,288177.0,23.01,67.85,42551.0,232840.2
910,2012-06-29,93.74,14925.0,4.7,366.0,450.8,100.0,18.363,33.6,32.4246,41.022,97.8,0.095579023,59698.1,0.042643516,5.82,6.59,1350.51,1387.52,128.81,212.6,12509440,0.020377883,5.4,343701,0.677637745,12.18,10666.8705,0.072179525,52818.8,-0.025,48830.4,0.087568237,13494.23,3639.7151,305.395,101.7,6799.974,0.008,0.716,102373.8183,1220.096592,0.702,0.298,0.942096921,47563.0,249.2838063,7.8,3.6,609729.3,133.1,1.4,8.9,10.3,11.3,9.9,231.0,19.28213689,98.8,98.6,98.0,44.1,94.4,54.1,99.3,0.4,75.74,8.1,10.2,698.6,165.34,97.26,70.42,52.53,46.29,39.0,30.48,856.7305467,"7,311",1453.830605,99.2666,,,66.1,96.5,8296.038659,156.3,836.0,298.0,794.0,,8522.0,603.0,0.4507,1309.0,288177.0,23.01,67.85,42551.0,232840.2
911,2012-06-30,93.74,14925.0,4.7,366.0,450.8,100.0,18.363,33.6,32.4246,41.022,97.8,0.095579023,59698.1,0.042643516,5.82,6.59,1350.51,1387.52,128.81,212.6,12509440,0.020377883,5.4,343701,0.677637745,12.18,10666.8705,0.072179525,52818.8,-0.025,48830.4,0.087568237,13494.23,3639.7151,305.395,101.7,6799.974,0.008,0.716,102373.8183,1220.096592,0.702,0.298,0.942096921,47563.0,249.2838063,7.8,3.6,609729.3,133.1,1.4,8.9,10.3,11.3,9.9,231.0,19.28213689,98.8,98.6,98.0,44.1,94.4,54.1,99.3,0.4,75.74,8.1,10.2,698.6,165.34,97.26,70.42,52.53,46.29,39.0,30.48,856.7305467,"7,311",1453.830605,99.2666,,,66.1,96.5,8296.038659,156.3,836.0,298.0,794.0,,8522.0,603.0,0.4507,1309.0,288177.0,23.01,67.85,42551.0,232840.2
912,2012-07-01,102.78,16149.0,4.2,369.2,446.9,100.0,14.889,4.6,32.4246,41.022,97.8,-0.133856894,59698.1,0.042643516,5.82,6.75,1350.51,1387.52,128.81,212.6,12833440,0.02590044,5.3,424105,0.598562404,12.2,10666.8705,0.072179525,47862.9,-0.025,48830.4,0.087568237,13762.47,3639.7151,305.395,101.7,6799.974,0.008,0.716,102373.8183,1220.096592,0.702,0.298,0.942096921,47563.0,249.2838063,7.8,3.6,609729.3,133.1,1.4,8.9,10.3,11.3,9.9,231.0,19.28213689,98.8,98.6,98.0,44.1,94.4,54.1,99.3,0.4,75.74,8.1,10.2,698.6,137.93,85.62,65.25,57.58,43.42,38.25,31.1,856.7305467,"7,311",1453.830605,99.2666,,,66.1,96.5,8296.038659,156.3,836.0,298.0,794.0,,8522.0,603.0,0.4507,1309.0,288177.0,23.01,67.85,42551.0,232840.2
913,2012-07-02,102.78,16149.0,4.2,369.2,446.9,100.0,14.889,4.6,32.5424,41.004,97.34,-0.133856894,59698.1,0.042643516,5.82,6.75,1357.34,1402.74,129.59,209.1,12833440,0.02590044,5.3,424105,0.598562404,12.2,10666.8705,0.072179525,47862.9,-0.025,48830.4,0.087568237,13762.47,3639.7151,305.395,101.7,6799.974,0.008,0.716,102373.8183,1220.096592,0.702,0.298,0.942096921,47563.0,249.2838063,7.8,3.6,609729.3,133.1,1.4,8.9,10.3,11.3,9.9,231.0,19.28213689,98.8,98.6,98.0,44.1,94.4,54.1,99.3,0.4,75.74,8.1,10.2,698.6,137.93,85.62,65.25,57.58,43.42,38.25,31.1,856.7305467,"7,311",1453.830605,99.2666,,,66.1,96.5,8296.038659,156.3,836.0,298.0,794.0,,8522.0,603.0,0.4507,1309.0,288177.0,23.01,67.85,42551.0,232840.2
914,2012-07-03,102.78,16149.0,4.2,369.2,446.9,100.0,14.889,4.6,32.0925,40.5346,100.68,-0.133856894,59698.1,0.042643516,5.82,6.75,1408.43,1437.45,130.0,210.93,12833440,0.02590044,5.3,424105,0.598562404,12.2,10666.8705,0.072179525,47862.9,-0.025,48830.4,0.087568237,13762.47,3639.7151,305.395,101.7,6799.974,0.008,0.716,102373.8183,1220.096592,0.702,0.298,0.942096921,47563.0,249.2838063,7.8,3.6,609729.3,133.1,1.4,8.9,10.3,11.3,9.9,231.0,19.28213689,98.8,98.6,98.0,44.1,94.4,54.1,99.3,0.4,75.74,8.1,10.2,698.6,137.93,85.62,65.25,57.58,43.42,38.25,31.1,856.7305467,"7,311",1453.830605,99.2666,,,66.1,96.5,8296.038659,156.3,836.0,298.0,794.0,,8522.0,603.0,0.4507,1309.0,288177.0,23.01,67.85,42551.0,232840.2
915,2012-07-04,102.78,16149.0,4.2,369.2,446.9,100.0,14.889,4.6,32.331,40.5512,99.77,-0.133856894,59698.1,0.042643516,5.82,6.75,1408.21,1444.31,130.36,210.93,12833440,0.02590044,5.3,424105,0.598562404,12.2,10666.8705,0.072179525,47862.9,-0.025,48830.4,0.087568237,13762.47,3639.7151,305.395,101.7,6799.974,0.008,0.716,102373.8183,1220.096592,0.702,0.298,0.942096921,47563.0,249.2838063,7.8,3.6,609729.3,133.1,1.4,8.9,10.3,11.3,9.9,231.0,19.28213689,98.8,98.6,98.0,44.1,94.4,54.1,99.3,0.4,75.74,8.1,10.2,698.6,137.93,85.62,65.25,57.58,43.42,38.25,31.1,856.7305467,"7,311",1453.830605,99.2666,,,66.1,96.5,8296.038659,156.3,836.0,298.0,794.0,,8522.0,603.0,0.4507,1309.0,288177.0,23.01,67.85,42551.0,232840.2
916,2012-07-05,102.78,16149.0,4.2,369.2,446.9,100.0,14.889,4.6,32.4945,40.2828,100.7,-0.133856894,59698.1,0.042643516,5.82,6.75,1388.07,1435.76,130.33,213.42,12833440,0.02590044,5.3,424105,0.598562404,12.2,10666.8705,0.072179525,47862.9,-0.025,48830.4,0.087568237,13762.47,3639.7151,305.395,101.7,6799.974,0.008,0.716,102373.8183,1220.096592,0.702,0.298,0.942096921,47563.0,249.2838063,7.8,3.6,609729.3,133.1,1.4,8.9,10.3,11.3,9.9,231.0,19.28213689,98.8,98.6,98.0,44.1,94.4,54.1,99.3,0.4,75.74,8.1,10.2,698.6,137.93,85.62,65.25,57.58,43.42,38.25,31.1,856.7305467,"7,311",1453.830605,99.2666,,,66.1,96.5,8296.038659,156.3,836.0,298.0,794.0,,8522.0,603.0,0.4507,1309.0,288177.0,23.01,67.85,42551.0,232840.2
917,2012-07-06,102.78,16149.0,4.2,369.2,446.9,100.0,14.889,4.6,32.8995,40.3825,98.19,-0.133856894,59698.1,0.042643516,5.82,6.75,1357.71,1414.28,130.16,211.77,12833440,0.02590044,5.3,424105,0.598562404,12.2,10666.8705,0.072179525,47862.9,-0.025,48830.4,0.087568237,13762.47,3639.7151,305.395,101.7,6799.974,0.008,0.716,102373.8183,1220.096592,0.702,0.298,0.942096921,47563.0,249.2838063,7.8,3.6,609729.3,133.1,1.4,8.9,10.3,11.3,9.9,231.0,19.28213689,98.8,98.6,98.0,44.1,94.4,54.1,99.3,0.4,75.74,8.1,10.2,698.6,137.93,85.62,65.25,57.58,43.42,38.25,31.1,856.7305467,"7,311",1453.830605,99.2666,,,66.1,96.5,8296.038659,156.3,836.0,298.0,794.0,,8522.0,603.0,0.4507,1309.0,288177.0,23.01,67.85,42551.0,232840.2
918,2012-07-07,102.78,16149.0,4.2,369.2,446.9,100.0,14.889,4.6,32.8995,40.3825,98.19,-0.133856894,59698.1,0.042643516,5.82,6.75,1357.71,1414.28,130.16,211.77,12833440,0.02590044,5.3,424105,0.598562404,12.2,10666.8705,0.072179525,47862.9,-0.025,48830.4,0.087568237,13762.47,3639.7151,305.395,101.7,6799.974,0.008,0.716,102373.8183,1220.096592,0.702,0.298,0.942096921,47563.0,249.2838063,7.8,3.6,609729.3,133.1,1.4,8.9,10.3,11.3,9.9,231.0,19.28213689,98.8,98.6,98.0,44.1,94.4,54.1,99.3,0.4,75.74,8.1,10.2,698.6,137.93,85.62,65.25,57.58,43.42,38.25,31.1,856.7305467,"7,311",1453.830605,99.2666,,,66.1,96.5,8296.038659,156.3,836.0,298.0,794.0,,8522.0,603.0,0.4507,1309.0,288177.0,23.01,67.85,42551.0,232840.2
919,2012-07-08,102.78,16149.0,4.2,369.2,446.9,100.0,14.889,4.6,32.8995,40.3825,98.19,-0.133856894,59698.1,0.042643516,5.82,6.75,1357.71,1414.28,130.16,215.52,12833440,0.02590044,5.3,424105,0.598562404,12.2,10666.8705,0.072179525,47862.9,-0.025,48830.4,0.087568237,13762.47,3639.7151,305.395,101.7,6799.974,0.008,0.716,102373.8183,1220.096592,0.702,0.298,0.942096921,47563.0,249.2838063,7.8,3.6,609729.3,133.1,1.4,8.9,10.3,11.3,9.9,231.0,19.28213689,98.8,98.6,98.0,44.1,94.4,54.1,99.3,0.4,75.74,8.1,10.2,698.6,137.93,85.62,65.25,57.58,43.42,38.25,31.1,856.7305467,"7,311",1453.830605,99.2666,,,66.1,96.5,8296.038659,156.3,836.0,298.0,794.0,,8522.0,603.0,0.4507,1309.0,288177.0,23.01,67.85,42551.0,232840.2
920,2012-07-09,102.78,16149.0,4.2,369.2,446.9,100.0,14.889,4.6,32.9396,40.5559,100.32,-0.133856894,59698.1,0.042643516,5.82,6.75,1352.5,1414.62,130.15,217.08,12833440,0.02590044,5.3,424105,0.598562404,12.2,10666.8705,0.072179525,47862.9,-0.025,48830.4,0.087568237,13762.47,3639.7151,305.395,101.7,6799.974,0.008,0.716,102373.8183,1220.096592,0.702,0.298,0.942096921,47563.0,249.2838063,7.8,3.6,609729.3,133.1,1.4,8.9,10.3,11.3,9.9,231.0,19.28213689,98.8,98.6,98.0,44.1,94.4,54.1,99.3,0.4,75.74,8.1,10.2,698.6,137.93,85.62,65.25,57.58,43.42,38.25,31.1,856.7305467,"7,311",1453.830605,99.2666,,,66.1,96.5,8296.038659,156.3,836.0,298.0,794.0,,8522.0,603.0,0.4507,1309.0,288177.0,23.01,67.85,42551.0,232840.2
921,2012-07-10,102.78,16149.0,4.2,369.2,446.9,100.0,14.889,4.6,32.8803,40.3028,97.97,-0.133856894,59698.1,0.042643516,5.82,6.75,1362.95,1422.58,130.15,217.08,12833440,0.02590044,5.3,424105,0.598562404,12.2,10666.8705,0.072179525,47862.9,-0.025,48830.4,0.087568237,13762.47,3639.7151,305.395,101.7,6799.974,0.008,0.716,102373.8183,1220.096592,0.702,0.298,0.942096921,47563.0,249.2838063,7.8,3.6,609729.3,133.1,1.4,8.9,10.3,11.3,9.9,231.0,19.28213689,98.8,98.6,98.0,44.1,94.4,54.1,99.3,0.4,75.74,8.1,10.2,698.6,137.93,85.62,65.25,57.58,43.42,38.25,31.1,856.7305467,"7,311",1453.830605,99.2666,,,66.1,96.5,8296.038659,156.3,836.0,298.0,794.0,,8522.0,603.0,0.4507,1309.0,288177.0,23.01,67.85,42551.0,232840.2
922,2012-07-11,102.78,16149.0,4.2,369.2,446.9,100.0,14.889,4.6,32.6875,40.0506,100.23,-0.133856894,59698.1,0.042643516,5.82,6.75,1355.86,1405.15,130.17,220.43,12833440,0.02590044,5.3,424105,0.598562404,12.2,10666.8705,0.072179525,47862.9,-0.025,48830.4,0.087568237,13762.47,3639.7151,305.395,101.7,6799.974,0.008,0.716,102373.8183,1220.096592,0.702,0.298,0.942096921,47563.0,249.2838063,7.8,3.6,609729.3,133.1,1.4,8.9,10.3,11.3,9.9,231.0,19.28213689,98.8,98.6,98.0,44.1,94.4,54.1,99.3,0.4,75.74,8.1,10.2,698.6,137.93,85.62,65.25,57.58,43.42,38.25,31.1,856.7305467,"7,311",1453.830605,99.2666,,,66.1,96.5,8296.038659,156.3,836.0,298.0,794.0,,8522.0,603.0,0.4507,1309.0,288177.0,23.01,67.85,42551.0,232840.2
923,2012-07-12,102.78,16149.0,4.2,369.2,446.9,100.0,14.889,4.6,32.715,39.9343,101.07,-0.133856894,59698.1,0.042643516,5.82,6.75,1340.17,1394.3,130.48,222.07,12833440,0.02590044,5.3,424105,0.598562404,12.2,10666.8705,0.072179525,47862.9,-0.025,48830.4,0.087568237,13762.47,3639.7151,305.395,101.7,6799.974,0.008,0.716,102373.8183,1220.096592,0.702,0.298,0.942096921,47563.0,249.2838063,7.8,3.6,609729.3,133.1,1.4,8.9,10.3,11.3,9.9,231.0,19.28213689,98.8,98.6,98.0,44.1,94.4,54.1,99.3,0.4,75.74,8.1,10.2,698.6,137.93,85.62,65.25,57.58,43.42,38.25,31.1,856.7305467,"7,311",1453.830605,99.2666,,,66.1,96.5,8296.038659,156.3,836.0,298.0,794.0,,8522.0,603.0,0.4507,1309.0,288177.0,23.01,67.85,42551.0,232840.2
924,2012-07-13,102.78,16149.0,4.2,369.2,446.9,100.0,14.889,4.6,32.5826,39.8781,102.4,-0.133856894,59698.1,0.042643516,5.82,6.75,1368.69,1416.5,130.93,213.86,12833440,0.02590044,5.3,424105,0.598562404,12.2,10666.8705,0.072179525,47862.9,-0.025,48830.4,0.087568237,13762.47,3639.7151,305.395,101.7,6799.974,0.008,0.716,102373.8183,1220.096592,0.702,0.298,0.942096921,47563.0,249.2838063,7.8,3.6,609729.3,133.1,1.4,8.9,10.3,11.3,9.9,231.0,19.28213689,98.8,98.6,98.0,44.1,94.4,54.1,99.3,0.4,75.74,8.1,10.2,698.6,137.93,85.62,65.25,57.58,43.42,38.25,31.1,856.7305467,"7,311",1453.830605,99.2666,,,66.1,96.5,8296.038659,156.3,836.0,298.0,794.0,,8522.0,603.0,0.4507,1309.0,288177.0,23.01,67.85,42551.0,232840.2
925,2012-07-14,102.78,16149.0,4.2,369.2,446.9,100.0,14.889,4.6,32.5826,39.8781,102.4,-0.133856894,59698.1,0.042643516,5.82,6.75,1368.69,1416.5,130.93,213.86,12833440,0.02590044,5.3,424105,0.598562404,12.2,10666.8705,0.072179525,47862.9,-0.025,48830.4,0.087568237,13762.47,3639.7151,305.395,101.7,6799.974,0.008,0.716,102373.8183,1220.096592,0.702,0.298,0.942096921,47563.0,249.2838063,7.8,3.6,609729.3,133.1,1.4,8.9,10.3,11.3,9.9,231.0,19.28213689,98.8,98.6,98.0,44.1,94.4,54.1,99.3,0.4,75.74,8.1,10.2,698.6,137.93,85.62,65.25,57.58,43.42,38.25,31.1,856.7305467,"7,311",1453.830605,99.2666,,,66.1,96.5,8296.038659,156.3,836.0,298.0,794.0,,8522.0,603.0,0.4507,1309.0,288177.0,23.01,67.85,42551.0,232840.2
926,2012-07-15,102.78,16149.0,4.2,369.2,446.9,100.0,14.889,4.6,32.5826,39.8781,102.4,-0.133856894,59698.1,0.042643516,5.82,6.75,1368.69,1416.5,130.93,213.86,12833440,0.02590044,5.3,424105,0.598562404,12.2,10666.8705,0.072179525,47862.9,-0.025,48830.4,0.087568237,13762.47,3639.7151,305.395,101.7,6799.974,0.008,0.716,102373.8183,1220.096592,0.702,0.298,0.942096921,47563.0,249.2838063,7.8,3.6,609729.3,133.1,1.4,8.9,10.3,11.3,9.9,231.0,19.28213689,98.8,98.6,98.0,44.1,94.4,54.1,99.3,0.4,75.74,8.1,10.2,698.6,137.93,85.62,65.25,57.58,43.42,38.25,31.1,856.7305467,"7,311",1453.830605,99.2666,,,66.1,96.5,8296.038659,156.3,836.0,298.0,794.0,,8522.0,603.0,0.4507,1309.0,288177.0,23.01,67.85,42551.0,232840.2
927,2012-07-16,102.78,16149.0,4.2,369.2,446.9,100.0,14.889,4.6,32.526,39.9218,103.55,-0.133856894,59698.1,0.042643516,5.82,6.75,1374.02,1422.03,131.64,214.06,12833440,0.02590044,5.3,424105,0.598562404,12.2,10666.8705,0.072179525,47862.9,-0.025,48830.4,0.087568237,13762.47,3639.7151,305.395,101.7,6799.974,0.008,0.716,102373.8183,1220.096592,0.702,0.298,0.942096921,47563.0,249.2838063,7.8,3.6,609729.3,133.1,1.4,8.9,10.3,11.3,9.9,231.0,19.28213689,98.8,98.6,98.0,44.1,94.4,54.1,99.3,0.4,75.74,8.1,10.2,698.6,137.93,85.62,65.25,57.58,43.42,38.25,31.1,856.7305467,"7,311",1453.830605,99.2666,,,66.1,96.5,8296.038659,156.3,836.0,298.0,794.0,,8522.0,603.0,0.4507,1309.0,288177.0,23.01,67.85,42551.0,232840.2
928,2012-07-17,102.78,16149.0,4.2,369.2,446.9,100.0,14.889,4.6,32.4376,39.7346,104.0,-0.133856894,59698.1,0.042643516,5.82,6.75,1382.0,1430.17,131.99,214.31,12833440,0.02590044,5.3,424105,0.598562404,12.2,10666.8705,0.072179525,47862.9,-0.025,48830.4,0.087568237,13762.47,3639.7151,305.395,101.7,6799.974,0.008,0.716,102373.8183,1220.096592,0.702,0.298,0.942096921,47563.0,249.2838063,7.8,3.6,609729.3,133.1,1.4,8.9,10.3,11.3,9.9,231.0,19.28213689,98.8,98.6,98.0,44.1,94.4,54.1,99.3,0.4,75.74,8.1,10.2,698.6,137.93,85.62,65.25,57.58,43.42,38.25,31.1,856.7305467,"7,311",1453.830605,99.2666,,,66.1,96.5,8296.038659,156.3,836.0,298.0,794.0,,8522.0,603.0,0.4507,1309.0,288177.0,23.01,67.85,42551.0,232840.2
929,2012-07-18,102.78,16149.0,4.2,369.2,446.9,100.0,14.889,4.6,32.2431,39.5574,105.16,-0.133856894,59698.1,0.042643516,5.82,6.75,1390.63,1426.29,132.06,214.42,12833440,0.02590044,5.3,424105,0.598562404,12.2,10666.8705,0.072179525,47862.9,-0.025,48830.4,0.087568237,13762.47,3639.7151,305.395,101.7,6799.974,0.008,0.716,102373.8183,1220.096592,0.702,0.298,0.942096921,47563.0,249.2838063,7.8,3.6,609729.3,133.1,1.4,8.9,10.3,11.3,9.9,231.0,19.28213689,98.8,98.6,98.0,44.1,94.4,54.1,99.3,0.4,75.74,8.1,10.2,698.6,137.93,85.62,65.25,57.58,43.42,38.25,31.1,856.7305467,"7,311",1453.830605,99.2666,,,66.1,96.5,8296.038659,156.3,836.0,298.0,794.0,,8522.0,603.0,0.4507,1309.0,288177.0,23.01,67.85,42551.0,232840.2
930,2012-07-19,102.78,16149.0,4.2,369.2,446.9,100.0,14.889,4.6,31.8275,39.1712,107.8,-0.133856894,59698.1,0.042643516,5.82,6.75,1413.97,1434.47,131.78,214.56,12833440,0.02590044,5.3,424105,0.598562404,12.2,10666.8705,0.072179525,47862.9,-0.025,48830.4,0.087568237,13762.47,3639.7151,305.395,101.7,6799.974,0.008,0.716,102373.8183,1220.096592,0.702,0.298,0.942096921,47563.0,249.2838063,7.8,3.6,609729.3,133.1,1.4,8.9,10.3,11.3,9.9,231.0,19.28213689,98.8,98.6,98.0,44.1,94.4,54.1,99.3,0.4,75.74,8.1,10.2,698.6,137.93,85.62,65.25,57.58,43.42,38.25,31.1,856.7305467,"7,311",1453.830605,99.2666,,,66.1,96.5,8296.038659,156.3,836.0,298.0,794.0,,8522.0,603.0,0.4507,1309.0,288177.0,23.01,67.85,42551.0,232840.2
931,2012-07-20,102.78,16149.0,4.2,369.2,446.9,100.0,14.889,4.6,32.0398,38.9921,106.83,-0.133856894,59698.1,0.042643516,5.82,6.75,1391.55,1415.38,131.58,214.59,12833440,0.02590044,5.3,424105,0.598562404,12.2,10666.8705,0.072179525,47862.9,-0.025,48830.4,0.087568237,13762.47,3639.7151,305.395,101.7,6799.974,0.008,0.716,102373.8183,1220.096592,0.702,0.298,0.942096921,47563.0,249.2838063,7.8,3.6,609729.3,133.1,1.4,8.9,10.3,11.3,9.9,231.0,19.28213689,98.8,98.6,98.0,44.1,94.4,54.1,99.3,0.4,75.74,8.1,10.2,698.6,137.93,85.62,65.25,57.58,43.42,38.25,31.1,856.7305467,"7,311",1453.830605,99.2666,,,66.1,96.5,8296.038659,156.3,836.0,298.0,794.0,,8522.0,603.0,0.4507,1309.0,288177.0,23.01,67.85,42551.0,232840.2
932,2012-07-21,102.78,16149.0,4.2,369.2,446.9,100.0,14.889,4.6,32.0398,38.9921,106.83,-0.133856894,59698.1,0.042643516,5.82,6.75,1391.55,1415.38,131.58,214.59,12833440,0.02590044,5.3,424105,0.598562404,12.2,10666.8705,0.072179525,47862.9,-0.025,48830.4,0.087568237,13762.47,3639.7151,305.395,101.7,6799.974,0.008,0.716,102373.8183,1220.096592,0.702,0.298,0.942096921,47563.0,249.2838063,7.8,3.6,609729.3,133.1,1.4,8.9,10.3,11.3,9.9,231.0,19.28213689,98.8,98.6,98.0,44.1,94.4,54.1,99.3,0.4,75.74,8.1,10.2,698.6,137.93,85.62,65.25,57.58,43.42,38.25,31.1,856.7305467,"7,311",1453.830605,99.2666,,,66.1,96.5,8296.038659,156.3,836.0,298.0,794.0,,8522.0,603.0,0.4507,1309.0,288177.0,23.01,67.85,42551.0,232840.2
933,2012-07-22,102.78,16149.0,4.2,369.2,446.9,100.0,14.889,4.6,32.0398,38.9921,106.83,-0.133856894,59698.1,0.042643516,5.82,6.75,1391.55,1415.38,131.58,214.59,12833440,0.02590044,5.3,424105,0.598562404,12.2,10666.8705,0.072179525,47862.9,-0.025,48830.4,0.087568237,13762.47,3639.7151,305.395,101.7,6799.974,0.008,0.716,102373.8183,1220.096592,0.702,0.298,0.942096921,47563.0,249.2838063,7.8,3.6,609729.3,133.1,1.4,8.9,10.3,11.3,9.9,231.0,19.28213689,98.8,98.6,98.0,44.1,94.4,54.1,99.3,0.4,75.74,8.1,10.2,698.6,137.93,85.62,65.25,57.58,43.42,38.25,31.1,856.7305467,"7,311",1453.830605,99.2666,,,66.1,96.5,8296.038659,156.3,836.0,298.0,794.0,,8522.0,603.0,0.4507,1309.0,288177.0,23.01,67.85,42551.0,232840.2
934,2012-07-23,102.78,16149.0,4.2,369.2,446.9,100.0,14.889,4.6,32.6266,39.6057,103.26,-0.133856894,59698.1,0.042643516,5.82,6.75,1323.96,1372.97,130.64,214.69,12833440,0.02590044,5.3,424105,0.598562404,12.2,10666.8705,0.072179525,47862.9,-0.025,48830.4,0.087568237,13762.47,3639.7151,305.395,101.7,6799.974,0.008,0.716,102373.8183,1220.096592,0.702,0.298,0.942096921,47563.0,249.2838063,7.8,3.6,609729.3,133.1,1.4,8.9,10.3,11.3,9.9,231.0,19.28213689,98.8,98.6,98.0,44.1,94.4,54.1,99.3,0.4,75.74,8.1,10.2,698.6,137.93,85.62,65.25,57.58,43.42,38.25,31.1,856.7305467,"7,311",1453.830605,99.2666,,,66.1,96.5,8296.038659,156.3,836.0,298.0,794.0,,8522.0,603.0,0.4507,1309.0,288177.0,23.01,67.85,42551.0,232840.2
935,2012-07-24,102.78,16149.0,4.2,369.2,446.9,100.0,14.889,4.6,32.9805,39.7435,103.42,-0.133856894,59698.1,0.042643516,5.82,6.75,1314.27,1365.75,130.64,214.65,12833440,0.02590044,5.3,424105,0.598562404,12.2,10666.8705,0.072179525,47862.9,-0.025,48830.4,0.087568237,13762.47,3639.7151,305.395,101.7,6799.974,0.008,0.716,102373.8183,1220.096592,0.702,0.298,0.942096921,47563.0,249.2838063,7.8,3.6,609729.3,133.1,1.4,8.9,10.3,11.3,9.9,231.0,19.28213689,98.8,98.6,98.0,44.1,94.4,54.1,99.3,0.4,75.74,8.1,10.2,698.6,137.93,85.62,65.25,57.58,43.42,38.25,31.1,856.7305467,"7,311",1453.830605,99.2666,,,66.1,96.5,8296.038659,156.3,836.0,298.0,794.0,,8522.0,603.0,0.4507,1309.0,288177.0,23.01,67.85,42551.0,232840.2
936,2012-07-25,102.78,16149.0,4.2,369.2,446.9,100.0,14.889,4.6,32.7613,39.7298,104.38,-0.133856894,59698.1,0.042643516,5.82,6.75,1318.31,1367.67,130.5,214.75,12833440,0.02590044,5.3,424105,0.598562404,12.2,10666.8705,0.072179525,47862.9,-0.025,48830.4,0.087568237,13762.47,3639.7151,305.395,101.7,6799.974,0.008,0.716,102373.8183,1220.096592,0.702,0.298,0.942096921,47563.0,249.2838063,7.8,3.6,609729.3,133.1,1.4,8.9,10.3,11.3,9.9,231.0,19.28213689,98.8,98.6,98.0,44.1,94.4,54.1,99.3,0.4,75.74,8.1,10.2,698.6,137.93,85.62,65.25,57.58,43.42,38.25,31.1,856.7305467,"7,311",1453.830605,99.2666,,,66.1,96.5,8296.038659,156.3,836.0,298.0,794.0,,8522.0,603.0,0.4507,1309.0,288177.0,23.01,67.85,42551.0,232840.2
937,2012-07-26,102.78,16149.0,4.2,369.2,446.9,100.0,14.889,4.6,32.3628,39.7489,105.26,-0.133856894,59698.1,0.042643516,5.82,6.75,1349.9,1384.06,130.94,214.64,12833440,0.02590044,5.3,424105,0.598562404,12.2,10666.8705,0.072179525,47862.9,-0.025,48830.4,0.087568237,13762.47,3639.7151,305.395,101.7,6799.974,0.008,0.716,102373.8183,1220.096592,0.702,0.298,0.942096921,47563.0,249.2838063,7.8,3.6,609729.3,133.1,1.4,8.9,10.3,11.3,9.9,231.0,19.28213689,98.8,98.6,98.0,44.1,94.4,54.1,99.3,0.4,75.74,8.1,10.2,698.6,137.93,85.62,65.25,57.58,43.42,38.25,31.1,856.7305467,"7,311",1453.830605,99.2666,,,66.1,96.5,8296.038659,156.3,836.0,298.0,794.0,,8522.0,603.0,0.4507,1309.0,288177.0,23.01,67.85,42551.0,232840.2
938,2012-07-27,102.78,16149.0,4.2,369.2,446.9,100.0,14.889,4.6,32.0788,39.6421,106.47,-0.133856894,59698.1,0.042643516,5.82,6.75,1382.82,1406.3,131.24,214.62,12833440,0.02590044,5.3,424105,0.598562404,12.2,10666.8705,0.072179525,47862.9,-0.025,48830.4,0.087568237,13762.47,3639.7151,305.395,101.7,6799.974,0.008,0.716,102373.8183,1220.096592,0.702,0.298,0.942096921,47563.0,249.2838063,7.8,3.6,609729.3,133.1,1.4,8.9,10.3,11.3,9.9,231.0,19.28213689,98.8,98.6,98.0,44.1,94.4,54.1,99.3,0.4,75.74,8.1,10.2,698.6,137.93,85.62,65.25,57.58,43.42,38.25,31.1,856.7305467,"7,311",1453.830605,99.2666,,,66.1,96.5,8296.038659,156.3,836.0,298.0,794.0,,8522.0,603.0,0.4507,1309.0,288177.0,23.01,67.85,42551.0,232840.2
939,2012-07-28,102.78,16149.0,4.2,369.2,446.9,100.0,14.889,4.6,32.0788,39.6421,106.47,-0.133856894,59698.1,0.042643516,5.82,6.75,1382.82,1406.3,131.24,214.62,12833440,0.02590044,5.3,424105,0.598562404,12.2,10666.8705,0.072179525,47862.9,-0.025,48830.4,0.087568237,13762.47,3639.7151,305.395,101.7,6799.974,0.008,0.716,102373.8183,1220.096592,0.702,0.298,0.942096921,47563.0,249.2838063,7.8,3.6,609729.3,133.1,1.4,8.9,10.3,11.3,9.9,231.0,19.28213689,98.8,98.6,98.0,44.1,94.4,54.1,99.3,0.4,75.74,8.1,10.2,698.6,137.93,85.62,65.25,57.58,43.42,38.25,31.1,856.7305467,"7,311",1453.830605,99.2666,,,66.1,96.5,8296.038659,156.3,836.0,298.0,794.0,,8522.0,603.0,0.4507,1309.0,288177.0,23.01,67.85,42551.0,232840.2
940,2012-07-29,102.78,16149.0,4.2,369.2,446.9,100.0,14.889,4.6,32.0788,39.6421,106.47,-0.133856894,59698.1,0.042643516,5.82,6.75,1382.82,1406.3,131.24,214.62,12833440,0.02590044,5.3,424105,0.598562404,12.2,10666.8705,0.072179525,47862.9,-0.025,48830.4,0.087568237,13762.47,3639.7151,305.395,101.7,6799.974,0.008,0.716,102373.8183,1220.096592,0.702,0.298,0.942096921,47563.0,249.2838063,7.8,3.6,609729.3,133.1,1.4,8.9,10.3,11.3,9.9,231.0,19.28213689,98.8,98.6,98.0,44.1,94.4,54.1,99.3,0.4,75.74,8.1,10.2,698.6,137.93,85.62,65.25,57.58,43.42,38.25,31.1,856.7305467,"7,311",1453.830605,99.2666,,,66.1,96.5,8296.038659,156.3,836.0,298.0,794.0,,8522.0,603.0,0.4507,1309.0,288177.0,23.01,67.85,42551.0,232840.2
941,2012-07-30,102.78,16149.0,4.2,369.2,446.9,100.0,14.889,4.6,32.18,39.4381,106.2,-0.133856894,59698.1,0.042643516,5.82,6.75,1398.07,1428.62,131.4,214.78,12833440,0.02590044,5.3,424105,0.598562404,12.2,10666.8705,0.072179525,47862.9,-0.025,48830.4,0.087568237,13762.47,3639.7151,305.395,101.7,6799.974,0.008,0.716,102373.8183,1220.096592,0.702,0.298,0.942096921,47563.0,249.2838063,7.8,3.6,609729.3,133.1,1.4,8.9,10.3,11.3,9.9,231.0,19.28213689,98.8,98.6,98.0,44.1,94.4,54.1,99.3,0.4,75.74,8.1,10.2,698.6,137.93,85.62,65.25,57.58,43.42,38.25,31.1,856.7305467,"7,311",1453.830605,99.2666,,,66.1,96.5,8296.038659,156.3,836.0,298.0,794.0,,8522.0,603.0,0.4507,1309.0,288177.0,23.01,67.85,42551.0,232840.2
942,2012-07-31,102.78,16149.0,4.2,369.2,446.9,100.0,14.889,4.6,32.2004,39.6231,104.92,-0.133856894,59698.1,0.042643516,5.82,6.75,1377.35,1407.02,131.41,215.01,12833440,0.02590044,5.3,424105,0.598562404,12.2,10666.8705,0.072179525,47862.9,-0.025,48830.4,0.087568237,13762.47,3639.7151,305.395,101.7,6799.974,0.008,0.716,102373.8183,1220.096592,0.702,0.298,0.942096921,47563.0,249.2838063,7.8,3.6,609729.3,133.1,1.4,8.9,10.3,11.3,9.9,231.0,19.28213689,98.8,98.6,98.0,44.1,94.4,54.1,99.3,0.4,75.74,8.1,10.2,698.6,137.93,85.62,65.25,57.58,43.42,38.25,31.1,856.7305467,"7,311",1453.830605,99.2666,,,66.1,96.5,8296.038659,156.3,836.0,298.0,794.0,,8522.0,603.0,0.4507,1309.0,288177.0,23.01,67.85,42551.0,232840.2
943,2012-08-01,113.09,16149.0,4.2,373.8,441.9,100.0,12.794,4.6,32.3044,39.7534,105.96,-0.172391487,59698.1,0.042643516,5.82,6.75,1374.98,1411.85,131.57,215.01,12830586,-0.000222388,5.2,510527,0.579234398,12.25,10666.8705,0.072179525,43694.4,-0.025,48830.4,0.087568237,13660.59,3639.7151,305.395,101.7,6799.974,0.008,0.716,102373.8183,1220.096592,0.702,0.298,0.942096921,47563.0,249.2838063,7.8,3.6,609729.3,133.1,1.4,8.9,10.3,11.3,9.9,231.0,19.28213689,98.8,98.6,98.0,44.1,94.4,54.1,99.3,0.4,75.74,8.1,10.2,698.6,100.08,85.13,69.04,52.53,46.64,40.22,32.11,856.7305467,"7,311",1453.830605,99.2666,,,66.1,96.5,8296.038659,156.3,836.0,298.0,794.0,,8522.0,603.0,0.4507,1309.0,288177.0,23.01,67.85,42551.0,232840.2
944,2012-08-02,113.09,16149.0,4.2,373.8,441.9,100.0,12.794,4.6,32.6065,39.6465,105.9,-0.172391487,59698.1,0.042643516,5.82,6.75,1355.32,1397.05,131.5,209.34,13057606,0.001960396,5.2,510527,0.579234398,12.25,10666.8705,0.072179525,43694.4,-0.025,48830.4,0.087568237,13660.59,3639.7151,305.395,101.7,6799.974,0.008,0.716,102373.8183,1220.096592,0.702,0.298,0.942096921,47563.0,249.2838063,7.8,3.6,609729.3,133.1,1.4,8.9,10.3,11.3,9.9,231.0,19.28213689,98.8,98.6,98.0,44.1,94.4,54.1,99.3,0.4,75.74,8.1,10.2,698.6,100.08,85.13,69.04,52.53,46.64,40.22,32.11,856.7305467,"7,311",1453.830605,99.2666,,,66.1,96.5,8296.038659,156.3,836.0,298.0,794.0,,8522.0,603.0,0.4507,1309.0,288177.0,23.01,67.85,42551.0,232840.2
945,2012-08-03,113.09,16149.0,4.2,373.8,441.9,100.0,12.794,4.6,31.96,39.5491,108.94,-0.172391487,59698.1,0.042643516,5.82,6.75,1398.33,1421.28,131.59,209.34,13057606,0.001960396,5.2,510527,0.579234398,12.25,10666.8705,0.072179525,43694.4,-0.025,48830.4,0.087568237,13660.59,3639.7151,305.395,101.7,6799.974,0.008,0.716,102373.8183,1220.096592,0.702,0.298,0.942096921,47563.0,249.2838063,7.8,3.6,609729.3,133.1,1.4,8.9,10.3,11.3,9.9,231.0,19.28213689,98.8,98.6,98.0,44.1,94.4,54.1,99.3,0.4,75.74,8.1,10.2,698.6,100.08,85.13,69.04,52.53,46.64,40.22,32.11,856.7305467,"7,311",1453.830605,99.2666,,,66.1,96.5,8296.038659,156.3,836.0,298.0,794.0,,8522.0,603.0,0.4507,1309.0,288177.0,23.01,67.85,42551.0,232840.2
946,2012-08-04,113.09,16149.0,4.2,373.8,441.9,100.0,12.794,4.6,31.96,39.5491,108.94,-0.172391487,59698.1,0.042643516,5.82,6.75,1398.33,1421.28,131.59,209.34,13057606,0.001960396,5.2,510527,0.579234398,12.25,10666.8705,0.072179525,43694.4,-0.025,48830.4,0.087568237,13660.59,3639.7151,305.395,101.7,6799.974,0.008,0.716,102373.8183,1220.096592,0.702,0.298,0.942096921,47563.0,249.2838063,7.8,3.6,609729.3,133.1,1.4,8.9,10.3,11.3,9.9,231.0,19.28213689,98.8,98.6,98.0,44.1,94.4,54.1,99.3,0.4,75.74,8.1,10.2,698.6,100.08,85.13,69.04,52.53,46.64,40.22,32.11,856.7305467,"7,311",1453.830605,99.2666,,,66.1,96.5,8296.038659,156.3,836.0,298.0,794.0,,8522.0,603.0,0.4507,1309.0,288177.0,23.01,67.85,42551.0,232840.2
947,2012-08-05,113.09,16149.0,4.2,373.8,441.9,100.0,12.794,4.6,31.96,39.5491,108.94,-0.172391487,59698.1,0.042643516,5.82,6.75,1398.33,1421.28,131.59,213.42,13057606,0.001960396,5.2,510527,0.579234398,12.25,10666.8705,0.072179525,43694.4,-0.025,48830.4,0.087568237,13660.59,3639.7151,305.395,101.7,6799.974,0.008,0.716,102373.8183,1220.096592,0.702,0.298,0.942096921,47563.0,249.2838063,7.8,3.6,609729.3,133.1,1.4,8.9,10.3,11.3,9.9,231.0,19.28213689,98.8,98.6,98.0,44.1,94.4,54.1,99.3,0.4,75.74,8.1,10.2,698.6,100.08,85.13,69.04,52.53,46.64,40.22,32.11,856.7305467,"7,311",1453.830605,99.2666,,,66.1,96.5,8296.038659,156.3,836.0,298.0,794.0,,8522.0,603.0,0.4507,1309.0,288177.0,23.01,67.85,42551.0,232840.2
948,2012-08-06,113.09,16149.0,4.2,373.8,441.9,100.0,12.794,4.6,31.5286,39.1558,109.55,-0.172391487,59698.1,0.042643516,5.82,6.75,1433.54,1439.06,131.95,211.63,13057606,0.001960396,5.2,510527,0.579234398,12.25,10666.8705,0.072179525,43694.4,-0.025,48830.4,0.087568237,13660.59,3639.7151,305.395,101.7,6799.974,0.008,0.716,102373.8183,1220.096592,0.702,0.298,0.942096921,47563.0,249.2838063,7.8,3.6,609729.3,133.1,1.4,8.9,10.3,11.3,9.9,231.0,19.28213689,98.8,98.6,98.0,44.1,94.4,54.1,99.3,0.4,75.74,8.1,10.2,698.6,100.08,85.13,69.04,52.53,46.64,40.22,32.11,856.7305467,"7,311",1453.830605,99.2666,,,66.1,96.5,8296.038659,156.3,836.0,298.0,794.0,,8522.0,603.0,0.4507,1309.0,288177.0,23.01,67.85,42551.0,232840.2
949,2012-08-07,113.09,16149.0,4.2,373.8,441.9,100.0,12.794,4.6,31.5412,39.2201,112.0,-0.172391487,59698.1,0.042643516,5.82,6.75,1445.34,1450.74,132.15,211.63,13057606,0.001960396,5.2,510527,0.579234398,12.25,10666.8705,0.072179525,43694.4,-0.025,48830.4,0.087568237,13660.59,3639.7151,305.395,101.7,6799.974,0.008,0.716,102373.8183,1220.096592,0.702,0.298,0.942096921,47563.0,249.2838063,7.8,3.6,609729.3,133.1,1.4,8.9,10.3,11.3,9.9,231.0,19.28213689,98.8,98.6,98.0,44.1,94.4,54.1,99.3,0.4,75.74,8.1,10.2,698.6,100.08,85.13,69.04,52.53,46.64,40.22,32.11,856.7305467,"7,311",1453.830605,99.2666,,,66.1,96.5,8296.038659,156.3,836.0,298.0,794.0,,8522.0,603.0,0.4507,1309.0,288177.0,23.01,67.85,42551.0,232840.2
950,2012-08-08,113.09,16149.0,4.2,373.8,441.9,100.0,12.794,4.6,31.5319,38.9973,112.14,-0.172391487,59698.1,0.042643516,5.82,6.75,1444.79,1449.49,132.04,215.54,13057606,0.001960396,5.2,510527,0.579234398,12.25,10666.8705,0.072179525,43694.4,-0.025,48830.4,0.087568237,13660.59,3639.7151,305.395,101.7,6799.974,0.008,0.716,102373.8183,1220.096592,0.702,0.298,0.942096921,47563.0,249.2838063,7.8,3.6,609729.3,133.1,1.4,8.9,10.3,11.3,9.9,231.0,19.28213689,98.8,98.6,98.0,44.1,94.4,54.1,99.3,0.4,75.74,8.1,10.2,698.6,100.08,85.13,69.04,52.53,46.64,40.22,32.11,856.7305467,"7,311",1453.830605,99.2666,,,66.1,96.5,8296.038659,156.3,836.0,298.0,794.0,,8522.0,603.0,0.4507,1309.0,288177.0,23.01,67.85,42551.0,232840.2
951,2012-08-09,113.09,16149.0,4.2,373.8,441.9,100.0,12.794,4.6,31.7673,38.9651,113.22,-0.172391487,59698.1,0.042643516,5.82,6.75,1447.09,1456.41,131.99,215.54,13057606,0.001960396,5.2,510527,0.579234398,12.25,10666.8705,0.072179525,43694.4,-0.025,48830.4,0.087568237,13660.59,3639.7151,305.395,101.7,6799.974,0.008,0.716,102373.8183,1220.096592,0.702,0.298,0.942096921,47563.0,249.2838063,7.8,3.6,609729.3,133.1,1.4,8.9,10.3,11.3,9.9,231.0,19.28213689,98.8,98.6,98.0,44.1,94.4,54.1,99.3,0.4,75.74,8.1,10.2,698.6,100.08,85.13,69.04,52.53,46.64,40.22,32.11,856.7305467,"7,311",1453.830605,99.2666,,,66.1,96.5,8296.038659,156.3,836.0,298.0,794.0,,8522.0,603.0,0.4507,1309.0,288177.0,23.01,67.85,42551.0,232840.2
952,2012-08-10,113.09,16149.0,4.2,373.8,441.9,100.0,12.794,4.6,31.8078,39.1639,112.95,-0.172391487,59698.1,0.042643516,5.82,6.75,1427.33,1441.59,131.71,218.77,13057606,0.001960396,5.2,510527,0.579234398,12.25,10666.8705,0.072179525,43694.4,-0.025,48830.4,0.087568237,13660.59,3639.7151,305.395,101.7,6799.974,0.008,0.716,102373.8183,1220.096592,0.702,0.298,0.942096921,47563.0,249.2838063,7.8,3.6,609729.3,133.1,1.4,8.9,10.3,11.3,9.9,231.0,19.28213689,98.8,98.6,98.0,44.1,94.4,54.1,99.3,0.4,75.74,8.1,10.2,698.6,100.08,85.13,69.04,52.53,46.64,40.22,32.11,856.7305467,"7,311",1453.830605,99.2666,,,66.1,96.5,8296.038659,156.3,836.0,298.0,794.0,,8522.0,603.0,0.4507,1309.0,288177.0,23.01,67.85,42551.0,232840.2
953,2012-08-11,113.09,16149.0,4.2,373.8,441.9,100.0,12.794,4.6,31.8078,39.1639,112.95,-0.172391487,59698.1,0.042643516,5.82,6.75,1427.33,1441.59,131.71,220.48,13057606,0.001960396,5.2,510527,0.579234398,12.25,10666.8705,0.072179525,43694.4,-0.025,48830.4,0.087568237,13660.59,3639.7151,305.395,101.7,6799.974,0.008,0.716,102373.8183,1220.096592,0.702,0.298,0.942096921,47563.0,249.2838063,7.8,3.6,609729.3,133.1,1.4,8.9,10.3,11.3,9.9,231.0,19.28213689,98.8,98.6,98.0,44.1,94.4,54.1,99.3,0.4,75.74,8.1,10.2,698.6,100.08,85.13,69.04,52.53,46.64,40.22,32.11,856.7305467,"7,311",1453.830605,99.2666,,,66.1,96.5,8296.038659,156.3,836.0,298.0,794.0,,8522.0,603.0,0.4507,1309.0,288177.0,23.01,67.85,42551.0,232840.2
954,2012-08-12,113.09,16149.0,4.2,373.8,441.9,100.0,12.794,4.6,31.8078,39.1639,112.95,-0.172391487,59698.1,0.042643516,5.82,6.75,1427.33,1441.59,131.71,220.48,13057606,0.001960396,5.2,510527,0.579234398,12.25,10666.8705,0.072179525,43694.4,-0.025,48830.4,0.087568237,13660.59,3639.7151,305.395,101.7,6799.974,0.008,0.716,102373.8183,1220.096592,0.702,0.298,0.942096921,47563.0,249.2838063,7.8,3.6,609729.3,133.1,1.4,8.9,10.3,11.3,9.9,231.0,19.28213689,98.8,98.6,98.0,44.1,94.4,54.1,99.3,0.4,75.74,8.1,10.2,698.6,100.08,85.13,69.04,52.53,46.64,40.22,32.11,856.7305467,"7,311",1453.830605,99.2666,,,66.1,96.5,8296.038659,156.3,836.0,298.0,794.0,,8522.0,603.0,0.4507,1309.0,288177.0,23.01,67.85,42551.0,232840.2
955,2012-08-13,113.09,16149.0,4.2,373.8,441.9,100.0,12.794,4.6,31.8651,39.2989,113.6,-0.172391487,59698.1,0.042643516,5.82,6.75,1436.15,1452.42,131.68,215.53,13057606,0.001960396,5.2,510527,0.579234398,12.25,10666.8705,0.072179525,43694.4,-0.025,48830.4,0.087568237,13660.59,3639.7151,305.395,101.7,6799.974,0.008,0.716,102373.8183,1220.096592,0.702,0.298,0.942096921,47563.0,249.2838063,7.8,3.6,609729.3,133.1,1.4,8.9,10.3,11.3,9.9,231.0,19.28213689,98.8,98.6,98.0,44.1,94.4,54.1,99.3,0.4,75.74,8.1,10.2,698.6,100.08,85.13,69.04,52.53,46.64,40.22,32.11,856.7305467,"7,311",1453.830605,99.2666,,,66.1,96.5,8296.038659,156.3,836.0,298.0,794.0,,8522.0,603.0,0.4507,1309.0,288177.0,23.01,67.85,42551.0,232840.2
956,2012-08-14,113.09,16149.0,4.2,373.8,441.9,100.0,12.794,4.6,31.8545,39.2765,114.03,-0.172391487,59698.1,0.042643516,5.82,6.75,1445.29,1462.57,131.86,215.66,13057606,0.001960396,5.2,510527,0.579234398,12.25,10666.8705,0.072179525,43694.4,-0.025,48830.4,0.087568237,13660.59,3639.7151,305.395,101.7,6799.974,0.008,0.716,102373.8183,1220.096592,0.702,0.298,0.942096921,47563.0,249.2838063,7.8,3.6,609729.3,133.1,1.4,8.9,10.3,11.3,9.9,231.0,19.28213689,98.8,98.6,98.0,44.1,94.4,54.1,99.3,0.4,75.74,8.1,10.2,698.6,100.08,85.13,69.04,52.53,46.64,40.22,32.11,856.7305467,"7,311",1453.830605,99.2666,,,66.1,96.5,8296.038659,156.3,836.0,298.0,794.0,,8522.0,603.0,0.4507,1309.0,288177.0,23.01,67.85,42551.0,232840.2
957,2012-08-15,113.09,16149.0,4.2,373.8,441.9,100.0,12.794,4.6,31.87,39.171,116.25,-0.172391487,59698.1,0.042643516,5.82,6.75,1427.67,1448.32,131.69,215.74,13057606,0.001960396,5.2,510527,0.579234398,12.25,10666.8705,0.072179525,43694.4,-0.025,48830.4,0.087568237,13660.59,3639.7151,305.395,101.7,6799.974,0.008,0.716,102373.8183,1220.096592,0.702,0.298,0.942096921,47563.0,249.2838063,7.8,3.6,609729.3,133.1,1.4,8.9,10.3,11.3,9.9,231.0,19.28213689,98.8,98.6,98.0,44.1,94.4,54.1,99.3,0.4,75.74,8.1,10.2,698.6,100.08,85.13,69.04,52.53,46.64,40.22,32.11,856.7305467,"7,311",1453.830605,99.2666,,,66.1,96.5,8296.038659,156.3,836.0,298.0,794.0,,8522.0,603.0,0.4507,1309.0,288177.0,23.01,67.85,42551.0,232840.2
958,2012-08-16,113.09,16149.0,4.2,373.8,441.9,100.0,12.794,4.6,31.8585,39.388,116.9,-0.172391487,59698.1,0.042643516,5.82,6.75,1431.07,1451.87,131.76,215.83,13057606,0.001960396,5.2,510527,0.579234398,12.25,10666.8705,0.072179525,43694.4,-0.025,48830.4,0.087568237,13660.59,3639.7151,305.395,101.7,6799.974,0.008,0.716,102373.8183,1220.096592,0.702,0.298,0.942096921,47563.0,249.2838063,7.8,3.6,609729.3,133.1,1.4,8.9,10.3,11.3,9.9,231.0,19.28213689,98.8,98.6,98.0,44.1,94.4,54.1,99.3,0.4,75.74,8.1,10.2,698.6,100.08,85.13,69.04,52.53,46.64,40.22,32.11,856.7305467,"7,311",1453.830605,99.2666,,,66.1,96.5,8296.038659,156.3,836.0,298.0,794.0,,8522.0,603.0,0.4507,1309.0,288177.0,23.01,67.85,42551.0,232840.2
959,2012-08-17,113.09,16149.0,4.2,373.8,441.9,100.0,12.794,4.6,32.0443,39.4964,113.71,-0.172391487,59698.1,0.042643516,5.82,6.75,1416.78,1444.27,131.77,215.91,13057606,0.001960396,5.2,510527,0.579234398,12.25,10666.8705,0.072179525,43694.4,-0.025,48830.4,0.087568237,13660.59,3639.7151,305.395,101.7,6799.974,0.008,0.716,102373.8183,1220.096592,0.702,0.298,0.942096921,47563.0,249.2838063,7.8,3.6,609729.3,133.1,1.4,8.9,10.3,11.3,9.9,231.0,19.28213689,98.8,98.6,98.0,44.1,94.4,54.1,99.3,0.4,75.74,8.1,10.2,698.6,100.08,85.13,69.04,52.53,46.64,40.22,32.11,856.7305467,"7,311",1453.830605,99.2666,,,66.1,96.5,8296.038659,156.3,836.0,298.0,794.0,,8522.0,603.0,0.4507,1309.0,288177.0,23.01,67.85,42551.0,232840.2
960,2012-08-18,113.09,16149.0,4.2,373.8,441.9,100.0,12.794,4.6,32.0443,39.4964,113.71,-0.172391487,59698.1,0.042643516,5.82,6.75,1416.78,1444.27,131.77,215.91,13057606,0.001960396,5.2,510527,0.579234398,12.25,10666.8705,0.072179525,43694.4,-0.025,48830.4,0.087568237,13660.59,3639.7151,305.395,101.7,6799.974,0.008,0.716,102373.8183,1220.096592,0.702,0.298,0.942096921,47563.0,249.2838063,7.8,3.6,609729.3,133.1,1.4,8.9,10.3,11.3,9.9,231.0,19.28213689,98.8,98.6,98.0,44.1,94.4,54.1,99.3,0.4,75.74,8.1,10.2,698.6,100.08,85.13,69.04,52.53,46.64,40.22,32.11,856.7305467,"7,311",1453.830605,99.2666,,,66.1,96.5,8296.038659,156.3,836.0,298.0,794.0,,8522.0,603.0,0.4507,1309.0,288177.0,23.01,67.85,42551.0,232840.2
961,2012-08-19,113.09,16149.0,4.2,373.8,441.9,100.0,12.794,4.6,32.0443,39.4964,113.71,-0.172391487,59698.1,0.042643516,5.82,6.75,1416.78,1444.27,131.77,215.91,13057606,0.001960396,5.2,510527,0.579234398,12.25,10666.8705,0.072179525,43694.4,-0.025,48830.4,0.087568237,13660.59,3639.7151,305.395,101.7,6799.974,0.008,0.716,102373.8183,1220.096592,0.702,0.298,0.942096921,47563.0,249.2838063,7.8,3.6,609729.3,133.1,1.4,8.9,10.3,11.3,9.9,231.0,19.28213689,98.8,98.6,98.0,44.1,94.4,54.1,99.3,0.4,75.74,8.1,10.2,698.6,100.08,85.13,69.04,52.53,46.64,40.22,32.11,856.7305467,"7,311",1453.830605,99.2666,,,66.1,96.5,8296.038659,156.3,836.0,298.0,794.0,,8522.0,603.0,0.4507,1309.0,288177.0,23.01,67.85,42551.0,232840.2
962,2012-08-20,113.09,16149.0,4.2,373.8,441.9,100.0,12.794,4.6,32.07,39.5745,113.7,-0.172391487,59698.1,0.042643516,5.82,6.75,1403.55,1428.75,131.73,216.06,13057606,0.001960396,5.2,510527,0.579234398,12.25,10666.8705,0.072179525,43694.4,-0.025,48830.4,0.087568237,13660.59,3639.7151,305.395,101.7,6799.974,0.008,0.716,102373.8183,1220.096592,0.702,0.298,0.942096921,47563.0,249.2838063,7.8,3.6,609729.3,133.1,1.4,8.9,10.3,11.3,9.9,231.0,19.28213689,98.8,98.6,98.0,44.1,94.4,54.1,99.3,0.4,75.74,8.1,10.2,698.6,100.08,85.13,69.04,52.53,46.64,40.22,32.11,856.7305467,"7,311",1453.830605,99.2666,,,66.1,96.5,8296.038659,156.3,836.0,298.0,794.0,,8522.0,603.0,0.4507,1309.0,288177.0,23.01,67.85,42551.0,232840.2
963,2012-08-21,113.09,16149.0,4.2,373.8,441.9,100.0,12.794,4.6,31.7675,39.6168,114.64,-0.172391487,59698.1,0.042643516,5.82,6.75,1442.72,1454.48,131.88,216.18,13057606,0.001960396,5.2,510527,0.579234398,12.25,10666.8705,0.072179525,43694.4,-0.025,48830.4,0.087568237,13660.59,3639.7151,305.395,101.7,6799.974,0.008,0.716,102373.8183,1220.096592,0.702,0.298,0.942096921,47563.0,249.2838063,7.8,3.6,609729.3,133.1,1.4,8.9,10.3,11.3,9.9,231.0,19.28213689,98.8,98.6,98.0,44.1,94.4,54.1,99.3,0.4,75.74,8.1,10.2,698.6,100.08,85.13,69.04,52.53,46.64,40.22,32.11,856.7305467,"7,311",1453.830605,99.2666,,,66.1,96.5,8296.038659,156.3,836.0,298.0,794.0,,8522.0,603.0,0.4507,1309.0,288177.0,23.01,67.85,42551.0,232840.2
964,2012-08-22,113.09,16149.0,4.2,373.8,441.9,100.0,12.794,4.6,31.9053,39.7771,114.91,-0.172391487,59698.1,0.042643516,5.82,6.75,1430.48,1446.84,131.89,216.19,13057606,0.001960396,5.2,510527,0.579234398,12.25,10666.8705,0.072179525,43694.4,-0.025,48830.4,0.087568237,13660.59,3639.7151,305.395,101.7,6799.974,0.008,0.716,102373.8183,1220.096592,0.702,0.298,0.942096921,47563.0,249.2838063,7.8,3.6,609729.3,133.1,1.4,8.9,10.3,11.3,9.9,231.0,19.28213689,98.8,98.6,98.0,44.1,94.4,54.1,99.3,0.4,75.74,8.1,10.2,698.6,100.08,85.13,69.04,52.53,46.64,40.22,32.11,856.7305467,"7,311",1453.830605,99.2666,,,66.1,96.5,8296.038659,156.3,836.0,298.0,794.0,,8522.0,603.0,0.4507,1309.0,288177.0,23.01,67.85,42551.0,232840.2
965,2012-08-23,113.09,16149.0,4.2,373.8,441.9,100.0,12.794,4.6,31.6755,39.848,115.01,-0.172391487,59698.1,0.042643516,5.82,6.75,1442.94,1453.5,132.07,216.37,13057606,0.001960396,5.2,510527,0.579234398,12.25,10666.8705,0.072179525,43694.4,-0.025,48830.4,0.087568237,13660.59,3639.7151,305.395,101.7,6799.974,0.008,0.716,102373.8183,1220.096592,0.702,0.298,0.942096921,47563.0,249.2838063,7.8,3.6,609729.3,133.1,1.4,8.9,10.3,11.3,9.9,231.0,19.28213689,98.8,98.6,98.0,44.1,94.4,54.1,99.3,0.4,75.74,8.1,10.2,698.6,100.08,85.13,69.04,52.53,46.64,40.22,32.11,856.7305467,"7,311",1453.830605,99.2666,,,66.1,96.5,8296.038659,156.3,836.0,298.0,794.0,,8522.0,603.0,0.4507,1309.0,288177.0,23.01,67.85,42551.0,232840.2
966,2012-08-24,113.09,16149.0,4.2,373.8,441.9,100.0,12.794,4.6,31.794,39.9073,113.59,-0.172391487,59698.1,0.042643516,5.82,6.75,1436.84,1454.08,131.96,216.42,13057606,0.001960396,5.2,510527,0.579234398,12.25,10666.8705,0.072179525,43694.4,-0.025,48830.4,0.087568237,13660.59,3639.7151,305.395,101.7,6799.974,0.008,0.716,102373.8183,1220.096592,0.702,0.298,0.942096921,47563.0,249.2838063,7.8,3.6,609729.3,133.1,1.4,8.9,10.3,11.3,9.9,231.0,19.28213689,98.8,98.6,98.0,44.1,94.4,54.1,99.3,0.4,75.74,8.1,10.2,698.6,100.08,85.13,69.04,52.53,46.64,40.22,32.11,856.7305467,"7,311",1453.830605,99.2666,,,66.1,96.5,8296.038659,156.3,836.0,298.0,794.0,,8522.0,603.0,0.4507,1309.0,288177.0,23.01,67.85,42551.0,232840.2
967,2012-08-25,113.09,16149.0,4.2,373.8,441.9,100.0,12.794,4.6,31.794,39.9073,113.59,-0.172391487,59698.1,0.042643516,5.82,6.75,1436.84,1454.08,131.96,216.42,13057606,0.001960396,5.2,510527,0.579234398,12.25,10666.8705,0.072179525,43694.4,-0.025,48830.4,0.087568237,13660.59,3639.7151,305.395,101.7,6799.974,0.008,0.716,102373.8183,1220.096592,0.702,0.298,0.942096921,47563.0,249.2838063,7.8,3.6,609729.3,133.1,1.4,8.9,10.3,11.3,9.9,231.0,19.28213689,98.8,98.6,98.0,44.1,94.4,54.1,99.3,0.4,75.74,8.1,10.2,698.6,100.08,85.13,69.04,52.53,46.64,40.22,32.11,856.7305467,"7,311",1453.830605,99.2666,,,66.1,96.5,8296.038659,156.3,836.0,298.0,794.0,,8522.0,603.0,0.4507,1309.0,288177.0,23.01,67.85,42551.0,232840.2
968,2012-08-26,113.09,16149.0,4.2,373.8,441.9,100.0,12.794,4.6,31.794,39.9073,113.59,-0.172391487,59698.1,0.042643516,5.82,6.75,1436.84,1454.08,131.96,216.42,13057606,0.001960396,5.2,510527,0.579234398,12.25,10666.8705,0.072179525,43694.4,-0.025,48830.4,0.087568237,13660.59,3639.7151,305.395,101.7,6799.974,0.008,0.716,102373.8183,1220.096592,0.702,0.298,0.942096921,47563.0,249.2838063,7.8,3.6,609729.3,133.1,1.4,8.9,10.3,11.3,9.9,231.0,19.28213689,98.8,98.6,98.0,44.1,94.4,54.1,99.3,0.4,75.74,8.1,10.2,698.6,100.08,85.13,69.04,52.53,46.64,40.22,32.11,856.7305467,"7,311",1453.830605,99.2666,,,66.1,96.5,8296.038659,156.3,836.0,298.0,794.0,,8522.0,603.0,0.4507,1309.0,288177.0,23.01,67.85,42551.0,232840.2
969,2012-08-27,113.09,16149.0,4.2,373.8,441.9,100.0,12.794,4.6,31.9325,39.8944,112.26,-0.172391487,59698.1,0.042643516,5.82,6.75,1431.53,1448.57,132.02,216.6,13057606,0.001960396,5.2,510527,0.579234398,12.25,10666.8705,0.072179525,43694.4,-0.025,48830.4,0.087568237,13660.59,3639.7151,305.395,101.7,6799.974,0.008,0.716,102373.8183,1220.096592,0.702,0.298,0.942096921,47563.0,249.2838063,7.8,3.6,609729.3,133.1,1.4,8.9,10.3,11.3,9.9,231.0,19.28213689,98.8,98.6,98.0,44.1,94.4,54.1,99.3,0.4,75.74,8.1,10.2,698.6,100.08,85.13,69.04,52.53,46.64,40.22,32.11,856.7305467,"7,311",1453.830605,99.2666,,,66.1,96.5,8296.038659,156.3,836.0,298.0,794.0,,8522.0,603.0,0.4507,1309.0,288177.0,23.01,67.85,42551.0,232840.2
970,2012-08-28,113.09,16149.0,4.2,373.8,441.9,100.0,12.794,4.6,31.9806,40.2312,112.58,-0.172391487,59698.1,0.042643516,5.82,6.75,1428.88,1450.81,131.96,216.59,13057606,0.001960396,5.2,510527,0.579234398,12.25,10666.8705,0.072179525,43694.4,-0.025,48830.4,0.087568237,13660.59,3639.7151,305.395,101.7,6799.974,0.008,0.716,102373.8183,1220.096592,0.702,0.298,0.942096921,47563.0,249.2838063,7.8,3.6,609729.3,133.1,1.4,8.9,10.3,11.3,9.9,231.0,19.28213689,98.8,98.6,98.0,44.1,94.4,54.1,99.3,0.4,75.74,8.1,10.2,698.6,100.08,85.13,69.04,52.53,46.64,40.22,32.11,856.7305467,"7,311",1453.830605,99.2666,,,66.1,96.5,8296.038659,156.3,836.0,298.0,794.0,,8522.0,603.0,0.4507,1309.0,288177.0,23.01,67.85,42551.0,232840.2
971,2012-08-29,113.09,16149.0,4.2,373.8,441.9,100.0,12.794,4.6,32.219,40.3178,112.54,-0.172391487,59698.1,0.042643516,5.82,6.75,1410.16,1437.14,132.02,216.69,13057606,0.001960396,5.2,510527,0.579234398,12.25,10666.8705,0.072179525,43694.4,-0.025,48830.4,0.087568237,13660.59,3639.7151,305.395,101.7,6799.974,0.008,0.716,102373.8183,1220.096592,0.702,0.298,0.942096921,47563.0,249.2838063,7.8,3.6,609729.3,133.1,1.4,8.9,10.3,11.3,9.9,231.0,19.28213689,98.8,98.6,98.0,44.1,94.4,54.1,99.3,0.4,75.74,8.1,10.2,698.6,100.08,85.13,69.04,52.53,46.64,40.22,32.11,856.7305467,"7,311",1453.830605,99.2666,,,66.1,96.5,8296.038659,156.3,836.0,298.0,794.0,,8522.0,603.0,0.4507,1309.0,288177.0,23.01,67.85,42551.0,232840.2
972,2012-08-30,113.09,16149.0,4.2,373.8,441.9,100.0,12.794,4.6,32.5643,40.7247,112.65,-0.172391487,59698.1,0.042643516,5.82,6.75,1384.26,1429.82,131.95,216.74,13057606,0.001960396,5.2,510527,0.579234398,12.25,10666.8705,0.072179525,43694.4,-0.025,48830.4,0.087568237,13660.59,3639.7151,305.395,101.7,6799.974,0.008,0.716,102373.8183,1220.096592,0.702,0.298,0.942096921,47563.0,249.2838063,7.8,3.6,609729.3,133.1,1.4,8.9,10.3,11.3,9.9,231.0,19.28213689,98.8,98.6,98.0,44.1,94.4,54.1,99.3,0.4,75.74,8.1,10.2,698.6,100.08,85.13,69.04,52.53,46.64,40.22,32.11,856.7305467,"7,311",1453.830605,99.2666,,,66.1,96.5,8296.038659,156.3,836.0,298.0,794.0,,8522.0,603.0,0.4507,1309.0,288177.0,23.01,67.85,42551.0,232840.2
973,2012-08-31,113.09,16149.0,4.2,373.8,441.9,100.0,12.794,4.6,32.3078,40.6983,114.57,-0.172391487,59698.1,0.042643516,5.82,6.75,1389.72,1422.91,132.0,216.81,13057606,0.001960396,5.2,510527,0.579234398,12.25,10666.8705,0.072179525,43694.4,-0.025,48830.4,0.087568237,13660.59,3639.7151,305.395,101.7,6799.974,0.008,0.716,102373.8183,1220.096592,0.702,0.298,0.942096921,47563.0,249.2838063,7.8,3.6,609729.3,133.1,1.4,8.9,10.3,11.3,9.9,231.0,19.28213689,98.8,98.6,98.0,44.1,94.4,54.1,99.3,0.4,75.74,8.1,10.2,698.6,100.08,85.13,69.04,52.53,46.64,40.22,32.11,856.7305467,"7,311",1453.830605,99.2666,,,66.1,96.5,8296.038659,156.3,836.0,298.0,794.0,,8522.0,603.0,0.4507,1309.0,288177.0,23.01,67.85,42551.0,232840.2
974,2012-09-01,111.73,16149.0,4.2,374.1,464.6,100.0,12.785,4.6,32.3078,40.6983,114.57,-0.169049786,59698.1,0.042643516,5.82,6.75,1389.72,1422.91,132.0,206.84,13057606,0.001960396,5.5,604721,0.565061544,12.26,10666.8705,0.072179525,45348.6,-0.025,48830.4,0.087568237,13726.03,3639.7151,305.395,101.7,6799.974,0.008,0.716,102373.8183,1220.096592,0.702,0.298,0.942096921,47563.0,249.2838063,7.8,3.6,609729.3,133.1,1.4,8.9,10.3,11.3,9.9,231.0,19.28213689,98.8,98.6,98.0,44.1,94.4,54.1,99.3,0.4,75.74,8.1,10.2,698.6,156.84,91.76,69.87,51.88,47.3,40.66,32.9,856.7305467,"7,311",1453.830605,99.2666,,,66.1,96.5,8296.038659,156.3,836.0,298.0,794.0,,8522.0,603.0,0.4507,1309.0,288177.0,23.01,67.85,42551.0,232840.2
975,2012-09-02,111.73,16149.0,4.2,374.1,464.6,100.0,12.785,4.6,32.3078,40.6983,114.57,-0.169049786,59698.1,0.042643516,5.82,6.75,1389.72,1422.91,132.0,209.48,13057606,0.001960396,5.5,604721,0.565061544,12.26,10666.8705,0.072179525,45348.6,-0.025,48830.4,0.087568237,13726.03,3639.7151,305.395,101.7,6799.974,0.008,0.716,102373.8183,1220.096592,0.702,0.298,0.942096921,47563.0,249.2838063,7.8,3.6,609729.3,133.1,1.4,8.9,10.3,11.3,9.9,231.0,19.28213689,98.8,98.6,98.0,44.1,94.4,54.1,99.3,0.4,75.74,8.1,10.2,698.6,156.84,91.76,69.87,51.88,47.3,40.66,32.9,856.7305467,"7,311",1453.830605,99.2666,,,66.1,96.5,8296.038659,156.3,836.0,298.0,794.0,,8522.0,603.0,0.4507,1309.0,288177.0,23.01,67.85,42551.0,232840.2
976,2012-09-03,111.73,16149.0,4.2,374.1,464.6,100.0,12.785,4.6,32.2773,40.6672,115.78,-0.169049786,59698.1,0.042643516,5.82,6.75,1406.04,1439.31,132.06,209.48,13057606,0.001960396,5.5,604721,0.565061544,12.26,10666.8705,0.072179525,45348.6,-0.025,48830.4,0.087568237,13726.03,3639.7151,305.395,101.7,6799.974,0.008,0.716,102373.8183,1220.096592,0.702,0.298,0.942096921,47563.0,249.2838063,7.8,3.6,609729.3,133.1,1.4,8.9,10.3,11.3,9.9,231.0,19.28213689,98.8,98.6,98.0,44.1,94.4,54.1,99.3,0.4,75.74,8.1,10.2,698.6,156.84,91.76,69.87,51.88,47.3,40.66,32.9,856.7305467,"7,311",1453.830605,99.2666,,,66.1,96.5,8296.038659,156.3,836.0,298.0,794.0,,8522.0,603.0,0.4507,1309.0,288177.0,23.01,67.85,42551.0,232840.2
977,2012-09-04,111.73,16149.0,4.2,374.1,464.6,100.0,12.785,4.6,32.3165,40.5854,114.18,-0.169049786,59698.1,0.042643516,5.82,6.75,1405.71,1436.52,132.34,212.47,13057606,0.001960396,5.5,604721,0.565061544,12.26,10666.8705,0.072179525,45348.6,-0.025,48830.4,0.087568237,13726.03,3639.7151,305.395,101.7,6799.974,0.008,0.716,102373.8183,1220.096592,0.702,0.298,0.942096921,47563.0,249.2838063,7.8,3.6,609729.3,133.1,1.4,8.9,10.3,11.3,9.9,231.0,19.28213689,98.8,98.6,98.0,44.1,94.4,54.1,99.3,0.4,75.74,8.1,10.2,698.6,156.84,91.76,69.87,51.88,47.3,40.66,32.9,856.7305467,"7,311",1453.830605,99.2666,,,66.1,96.5,8296.038659,156.3,836.0,298.0,794.0,,8522.0,603.0,0.4507,1309.0,288177.0,23.01,67.85,42551.0,232840.2
978,2012-09-05,111.73,16149.0,4.2,374.1,464.6,100.0,12.785,4.6,32.2673,40.6872,113.09,-0.169049786,59698.1,0.042643516,5.82,6.75,1391.02,1421.62,132.36,212.47,13057606,0.001960396,5.5,604721,0.565061544,12.26,10666.8705,0.072179525,45348.6,-0.025,48830.4,0.087568237,13726.03,3639.7151,305.395,101.7,6799.974,0.008,0.716,102373.8183,1220.096592,0.702,0.298,0.942096921,47563.0,249.2838063,7.8,3.6,609729.3,133.1,1.4,8.9,10.3,11.3,9.9,231.0,19.28213689,98.8,98.6,98.0,44.1,94.4,54.1,99.3,0.4,75.74,8.1,10.2,698.6,156.84,91.76,69.87,51.88,47.3,40.66,32.9,856.7305467,"7,311",1453.830605,99.2666,,,66.1,96.5,8296.038659,156.3,836.0,298.0,794.0,,8522.0,603.0,0.4507,1309.0,288177.0,23.01,67.85,42551.0,232840.2
979,2012-09-06,111.73,16149.0,4.2,374.1,464.6,100.0,12.785,4.6,31.9858,40.3804,113.49,-0.169049786,59698.1,0.042643516,5.82,6.75,1437.37,1455.07,132.51,211.64,13057606,0.001960396,5.5,604721,0.565061544,12.26,10666.8705,0.072179525,45348.6,-0.025,48830.4,0.087568237,13726.03,3639.7151,305.395,101.7,6799.974,0.008,0.716,102373.8183,1220.096592,0.702,0.298,0.942096921,47563.0,249.2838063,7.8,3.6,609729.3,133.1,1.4,8.9,10.3,11.3,9.9,231.0,19.28213689,98.8,98.6,98.0,44.1,94.4,54.1,99.3,0.4,75.74,8.1,10.2,698.6,156.84,91.76,69.87,51.88,47.3,40.66,32.9,856.7305467,"7,311",1453.830605,99.2666,,,66.1,96.5,8296.038659,156.3,836.0,298.0,794.0,,8522.0,603.0,0.4507,1309.0,288177.0,23.01,67.85,42551.0,232840.2
980,2012-09-07,111.73,16149.0,4.2,374.1,464.6,100.0,12.785,4.6,31.646,40.4898,114.25,-0.169049786,59698.1,0.042643516,5.82,6.75,1471.8,1474.58,132.57,213.28,13057606,0.001960396,5.5,604721,0.565061544,12.26,10666.8705,0.072179525,45348.6,-0.025,48830.4,0.087568237,13726.03,3639.7151,305.395,101.7,6799.974,0.008,0.716,102373.8183,1220.096592,0.702,0.298,0.942096921,47563.0,249.2838063,7.8,3.6,609729.3,133.1,1.4,8.9,10.3,11.3,9.9,231.0,19.28213689,98.8,98.6,98.0,44.1,94.4,54.1,99.3,0.4,75.74,8.1,10.2,698.6,156.84,91.76,69.87,51.88,47.3,40.66,32.9,856.7305467,"7,311",1453.830605,99.2666,,,66.1,96.5,8296.038659,156.3,836.0,298.0,794.0,,8522.0,603.0,0.4507,1309.0,288177.0,23.01,67.85,42551.0,232840.2
981,2012-09-08,111.73,16149.0,4.2,374.1,464.6,100.0,12.785,4.6,31.646,40.4898,114.25,-0.169049786,59698.1,0.042643516,5.82,6.75,1471.8,1474.58,132.57,215.44,13057606,0.001960396,5.5,604721,0.565061544,12.26,10666.8705,0.072179525,45348.6,-0.025,48830.4,0.087568237,13726.03,3639.7151,305.395,101.7,6799.974,0.008,0.716,102373.8183,1220.096592,0.702,0.298,0.942096921,47563.0,249.2838063,7.8,3.6,609729.3,133.1,1.4,8.9,10.3,11.3,9.9,231.0,19.28213689,98.8,98.6,98.0,44.1,94.4,54.1,99.3,0.4,75.74,8.1,10.2,698.6,156.84,91.76,69.87,51.88,47.3,40.66,32.9,856.7305467,"7,311",1453.830605,99.2666,,,66.1,96.5,8296.038659,156.3,836.0,298.0,794.0,,8522.0,603.0,0.4507,1309.0,288177.0,23.01,67.85,42551.0,232840.2
982,2012-09-09,111.73,16149.0,4.2,374.1,464.6,100.0,12.785,4.6,31.646,40.4898,114.25,-0.169049786,59698.1,0.042643516,5.82,6.75,1471.8,1474.58,132.57,215.44,13057606,0.001960396,5.5,604721,0.565061544,12.26,10666.8705,0.072179525,45348.6,-0.025,48830.4,0.087568237,13726.03,3639.7151,305.395,101.7,6799.974,0.008,0.716,102373.8183,1220.096592,0.702,0.298,0.942096921,47563.0,249.2838063,7.8,3.6,609729.3,133.1,1.4,8.9,10.3,11.3,9.9,231.0,19.28213689,98.8,98.6,98.0,44.1,94.4,54.1,99.3,0.4,75.74,8.1,10.2,698.6,156.84,91.76,69.87,51.88,47.3,40.66,32.9,856.7305467,"7,311",1453.830605,99.2666,,,66.1,96.5,8296.038659,156.3,836.0,298.0,794.0,,8522.0,603.0,0.4507,1309.0,288177.0,23.01,67.85,42551.0,232840.2
983,2012-09-10,111.73,16149.0,4.2,374.1,464.6,100.0,12.785,4.6,31.6516,40.4656,114.81,-0.169049786,59698.1,0.042643516,5.82,6.75,1476.44,1478.83,132.39,218.86,13057606,0.001960396,5.5,604721,0.565061544,12.26,10666.8705,0.072179525,45348.6,-0.025,48830.4,0.087568237,13726.03,3639.7151,305.395,101.7,6799.974,0.008,0.716,102373.8183,1220.096592,0.702,0.298,0.942096921,47563.0,249.2838063,7.8,3.6,609729.3,133.1,1.4,8.9,10.3,11.3,9.9,231.0,19.28213689,98.8,98.6,98.0,44.1,94.4,54.1,99.3,0.4,75.74,8.1,10.2,698.6,156.84,91.76,69.87,51.88,47.3,40.66,32.9,856.7305467,"7,311",1453.830605,99.2666,,,66.1,96.5,8296.038659,156.3,836.0,298.0,794.0,,8522.0,603.0,0.4507,1309.0,288177.0,23.01,67.85,42551.0,232840.2
984,2012-09-11,111.73,16149.0,4.2,374.1,464.6,100.0,12.785,4.6,31.477,40.5607,115.4,-0.169049786,59698.1,0.042643516,5.82,6.75,1480.05,1478.05,132.49,220.47,13057606,0.001960396,5.5,604721,0.565061544,12.26,10666.8705,0.072179525,45348.6,-0.025,48830.4,0.087568237,13726.03,3639.7151,305.395,101.7,6799.974,0.008,0.716,102373.8183,1220.096592,0.702,0.298,0.942096921,47563.0,249.2838063,7.8,3.6,609729.3,133.1,1.4,8.9,10.3,11.3,9.9,231.0,19.28213689,98.8,98.6,98.0,44.1,94.4,54.1,99.3,0.4,75.74,8.1,10.2,698.6,156.84,91.76,69.87,51.88,47.3,40.66,32.9,856.7305467,"7,311",1453.830605,99.2666,,,66.1,96.5,8296.038659,156.3,836.0,298.0,794.0,,8522.0,603.0,0.4507,1309.0,288177.0,23.01,67.85,42551.0,232840.2
985,2012-09-12,111.73,16149.0,4.2,374.1,464.6,100.0,12.785,4.6,31.478,40.6121,115.96,-0.169049786,59698.1,0.042643516,5.82,6.75,1482.51,1478.54,132.53,220.47,13057606,0.001960396,5.5,604721,0.565061544,12.26,10666.8705,0.072179525,45348.6,-0.025,48830.4,0.087568237,13726.03,3639.7151,305.395,101.7,6799.974,0.008,0.716,102373.8183,1220.096592,0.702,0.298,0.942096921,47563.0,249.2838063,7.8,3.6,609729.3,133.1,1.4,8.9,10.3,11.3,9.9,231.0,19.28213689,98.8,98.6,98.0,44.1,94.4,54.1,99.3,0.4,75.74,8.1,10.2,698.6,156.84,91.76,69.87,51.88,47.3,40.66,32.9,856.7305467,"7,311",1453.830605,99.2666,,,66.1,96.5,8296.038659,156.3,836.0,298.0,794.0,,8522.0,603.0,0.4507,1309.0,288177.0,23.01,67.85,42551.0,232840.2
986,2012-09-13,111.73,16149.0,4.2,374.1,464.6,100.0,12.785,4.6,31.2321,40.3204,116.9,-0.169049786,59698.1,0.042643516,5.82,6.75,1484.88,1472.6,132.42,217.28,13057606,0.001960396,5.5,604721,0.565061544,12.26,10666.8705,0.072179525,45348.6,-0.025,48830.4,0.087568237,13726.03,3639.7151,305.395,101.7,6799.974,0.008,0.716,102373.8183,1220.096592,0.702,0.298,0.942096921,47563.0,249.2838063,7.8,3.6,609729.3,133.1,1.4,8.9,10.3,11.3,9.9,231.0,19.28213689,98.8,98.6,98.0,44.1,94.4,54.1,99.3,0.4,75.74,8.1,10.2,698.6,156.84,91.76,69.87,51.88,47.3,40.66,32.9,856.7305467,"7,311",1453.830605,99.2666,,,66.1,96.5,8296.038659,156.3,836.0,298.0,794.0,,8522.0,603.0,0.4507,1309.0,288177.0,23.01,67.85,42551.0,232840.2
987,2012-09-14,111.73,16149.0,4.2,374.1,464.6,100.0,12.785,4.6,30.4579,40.0337,116.66,-0.169049786,59698.1,0.042643516,5.82,6.75,1589.4,1535.38,132.6,217.37,13057606,0.001960396,5.5,604721,0.565061544,12.26,10666.8705,0.072179525,45348.6,-0.025,48830.4,0.087568237,13726.03,3639.7151,305.395,101.7,6799.974,0.008,0.716,102373.8183,1220.096592,0.702,0.298,0.942096921,47563.0,249.2838063,7.8,3.6,609729.3,133.1,1.4,8.9,10.3,11.3,9.9,231.0,19.28213689,98.8,98.6,98.0,44.1,94.4,54.1,99.3,0.4,75.74,8.1,10.2,698.6,156.84,91.76,69.87,51.88,47.3,40.66,32.9,856.7305467,"7,311",1453.830605,99.2666,,,66.1,96.5,8296.038659,156.3,836.0,298.0,794.0,,8522.0,603.0,0.4507,1309.0,288177.0,23.01,67.85,42551.0,232840.2
988,2012-09-15,111.73,16149.0,4.2,374.1,464.6,100.0,12.785,4.6,30.4579,40.0337,116.66,-0.169049786,59698.1,0.042643516,5.82,6.75,1589.4,1535.38,132.6,217.37,13057606,0.001960396,5.5,604721,0.565061544,12.26,10666.8705,0.072179525,45348.6,-0.025,48830.4,0.087568237,13726.03,3639.7151,305.395,101.7,6799.974,0.008,0.716,102373.8183,1220.096592,0.702,0.298,0.942096921,47563.0,249.2838063,7.8,3.6,609729.3,133.1,1.4,8.9,10.3,11.3,9.9,231.0,19.28213689,98.8,98.6,98.0,44.1,94.4,54.1,99.3,0.4,75.74,8.1,10.2,698.6,156.84,91.76,69.87,51.88,47.3,40.66,32.9,856.7305467,"7,311",1453.830605,99.2666,,,66.1,96.5,8296.038659,156.3,836.0,298.0,794.0,,8522.0,603.0,0.4507,1309.0,288177.0,23.01,67.85,42551.0,232840.2
989,2012-09-16,111.73,16149.0,4.2,374.1,464.6,100.0,12.785,4.6,30.4579,40.0337,116.66,-0.169049786,59698.1,0.042643516,5.82,6.75,1589.4,1535.38,132.6,217.37,13057606,0.001960396,5.5,604721,0.565061544,12.26,10666.8705,0.072179525,45348.6,-0.025,48830.4,0.087568237,13726.03,3639.7151,305.395,101.7,6799.974,0.008,0.716,102373.8183,1220.096592,0.702,0.298,0.942096921,47563.0,249.2838063,7.8,3.6,609729.3,133.1,1.4,8.9,10.3,11.3,9.9,231.0,19.28213689,98.8,98.6,98.0,44.1,94.4,54.1,99.3,0.4,75.74,8.1,10.2,698.6,156.84,91.76,69.87,51.88,47.3,40.66,32.9,856.7305467,"7,311",1453.830605,99.2666,,,66.1,96.5,8296.038659,156.3,836.0,298.0,794.0,,8522.0,603.0,0.4507,1309.0,288177.0,23.01,67.85,42551.0,232840.2
990,2012-09-17,111.73,16149.0,4.2,374.1,464.6,100.0,12.785,4.6,30.6051,40.1706,113.79,-0.169049786,59698.1,0.042643516,5.82,6.75,1582.22,1530.36,132.5,217.55,13057606,0.001960396,5.5,604721,0.565061544,12.26,10666.8705,0.072179525,45348.6,-0.025,48830.4,0.087568237,13726.03,3639.7151,305.395,101.7,6799.974,0.008,0.716,102373.8183,1220.096592,0.702,0.298,0.942096921,47563.0,249.2838063,7.8,3.6,609729.3,133.1,1.4,8.9,10.3,11.3,9.9,231.0,19.28213689,98.8,98.6,98.0,44.1,94.4,54.1,99.3,0.4,75.74,8.1,10.2,698.6,156.84,91.76,69.87,51.88,47.3,40.66,32.9,856.7305467,"7,311",1453.830605,99.2666,,,66.1,96.5,8296.038659,156.3,836.0,298.0,794.0,,8522.0,603.0,0.4507,1309.0,288177.0,23.01,67.85,42551.0,232840.2
991,2012-09-18,111.73,16149.0,4.2,374.1,464.6,100.0,12.785,4.6,30.9154,40.3182,112.03,-0.169049786,59698.1,0.042643516,5.82,6.75,1547.74,1515.3,132.38,217.64,13057606,0.001960396,5.5,604721,0.565061544,12.26,10666.8705,0.072179525,45348.6,-0.025,48830.4,0.087568237,13726.03,3639.7151,305.395,101.7,6799.974,0.008,0.716,102373.8183,1220.096592,0.702,0.298,0.942096921,47563.0,249.2838063,7.8,3.6,609729.3,133.1,1.4,8.9,10.3,11.3,9.9,231.0,19.28213689,98.8,98.6,98.0,44.1,94.4,54.1,99.3,0.4,75.74,8.1,10.2,698.6,156.84,91.76,69.87,51.88,47.3,40.66,32.9,856.7305467,"7,311",1453.830605,99.2666,,,66.1,96.5,8296.038659,156.3,836.0,298.0,794.0,,8522.0,603.0,0.4507,1309.0,288177.0,23.01,67.85,42551.0,232840.2
992,2012-09-19,111.73,16149.0,4.2,374.1,464.6,100.0,12.785,4.6,31.1801,40.7457,108.19,-0.169049786,59698.1,0.042643516,5.82,6.75,1517.58,1499.12,132.31,217.67,13057606,0.001960396,5.5,604721,0.565061544,12.26,10666.8705,0.072179525,45348.6,-0.025,48830.4,0.087568237,13726.03,3639.7151,305.395,101.7,6799.974,0.008,0.716,102373.8183,1220.096592,0.702,0.298,0.942096921,47563.0,249.2838063,7.8,3.6,609729.3,133.1,1.4,8.9,10.3,11.3,9.9,231.0,19.28213689,98.8,98.6,98.0,44.1,94.4,54.1,99.3,0.4,75.74,8.1,10.2,698.6,156.84,91.76,69.87,51.88,47.3,40.66,32.9,856.7305467,"7,311",1453.830605,99.2666,,,66.1,96.5,8296.038659,156.3,836.0,298.0,794.0,,8522.0,603.0,0.4507,1309.0,288177.0,23.01,67.85,42551.0,232840.2
993,2012-09-20,111.73,16149.0,4.2,374.1,464.6,100.0,12.785,4.6,31.244,40.4836,110.03,-0.169049786,59698.1,0.042643516,5.82,6.75,1515.88,1499.28,132.19,217.64,13057606,0.001960396,5.5,604721,0.565061544,12.26,10666.8705,0.072179525,45348.6,-0.025,48830.4,0.087568237,13726.03,3639.7151,305.395,101.7,6799.974,0.008,0.716,102373.8183,1220.096592,0.702,0.298,0.942096921,47563.0,249.2838063,7.8,3.6,609729.3,133.1,1.4,8.9,10.3,11.3,9.9,231.0,19.28213689,98.8,98.6,98.0,44.1,94.4,54.1,99.3,0.4,75.74,8.1,10.2,698.6,156.84,91.76,69.87,51.88,47.3,40.66,32.9,856.7305467,"7,311",1453.830605,99.2666,,,66.1,96.5,8296.038659,156.3,836.0,298.0,794.0,,8522.0,603.0,0.4507,1309.0,288177.0,23.01,67.85,42551.0,232840.2
994,2012-09-21,111.73,16149.0,4.2,374.1,464.6,100.0,12.785,4.6,31.02,40.3339,111.42,-0.169049786,59698.1,0.042643516,5.82,6.75,1522.63,1496.65,132.33,217.65,13057606,0.001960396,5.5,604721,0.565061544,12.26,10666.8705,0.072179525,45348.6,-0.025,48830.4,0.087568237,13726.03,3639.7151,305.395,101.7,6799.974,0.008,0.716,102373.8183,1220.096592,0.702,0.298,0.942096921,47563.0,249.2838063,7.8,3.6,609729.3,133.1,1.4,8.9,10.3,11.3,9.9,231.0,19.28213689,98.8,98.6,98.0,44.1,94.4,54.1,99.3,0.4,75.74,8.1,10.2,698.6,156.84,91.76,69.87,51.88,47.3,40.66,32.9,856.7305467,"7,311",1453.830605,99.2666,,,66.1,96.5,8296.038659,156.3,836.0,298.0,794.0,,8522.0,603.0,0.4507,1309.0,288177.0,23.01,67.85,42551.0,232840.2
995,2012-09-22,111.73,16149.0,4.2,374.1,464.6,100.0,12.785,4.6,31.02,40.3339,111.42,-0.169049786,59698.1,0.042643516,5.82,6.75,1522.63,1496.65,132.33,217.65,13057606,0.001960396,5.5,604721,0.565061544,12.26,10666.8705,0.072179525,45348.6,-0.025,48830.4,0.087568237,13726.03,3639.7151,305.395,101.7,6799.974,0.008,0.716,102373.8183,1220.096592,0.702,0.298,0.942096921,47563.0,249.2838063,7.8,3.6,609729.3,133.1,1.4,8.9,10.3,11.3,9.9,231.0,19.28213689,98.8,98.6,98.0,44.1,94.4,54.1,99.3,0.4,75.74,8.1,10.2,698.6,156.84,91.76,69.87,51.88,47.3,40.66,32.9,856.7305467,"7,311",1453.830605,99.2666,,,66.1,96.5,8296.038659,156.3,836.0,298.0,794.0,,8522.0,603.0,0.4507,1309.0,288177.0,23.01,67.85,42551.0,232840.2
996,2012-09-23,111.73,16149.0,4.2,374.1,464.6,100.0,12.785,4.6,31.02,40.3339,111.42,-0.169049786,59698.1,0.042643516,5.82,6.75,1522.63,1496.65,132.33,217.65,13057606,0.001960396,5.5,604721,0.565061544,12.26,10666.8705,0.072179525,45348.6,-0.025,48830.4,0.087568237,13726.03,3639.7151,305.395,101.7,6799.974,0.008,0.716,102373.8183,1220.096592,0.702,0.298,0.942096921,47563.0,249.2838063,7.8,3.6,609729.3,133.1,1.4,8.9,10.3,11.3,9.9,231.0,19.28213689,98.8,98.6,98.0,44.1,94.4,54.1,99.3,0.4,75.74,8.1,10.2,698.6,156.84,91.76,69.87,51.88,47.3,40.66,32.9,856.7305467,"7,311",1453.830605,99.2666,,,66.1,96.5,8296.038659,156.3,836.0,298.0,794.0,,8522.0,603.0,0.4507,1309.0,288177.0,23.01,67.85,42551.0,232840.2
997,2012-09-24,111.73,16149.0,4.2,374.1,464.6,100.0,12.785,4.6,31.1566,40.2482,109.81,-0.169049786,59698.1,0.042643516,5.82,6.75,1509.58,1489.92,132.21,217.77,13057606,0.001960396,5.5,604721,0.565061544,12.26,10666.8705,0.072179525,45348.6,-0.025,48830.4,0.087568237,13726.03,3639.7151,305.395,101.7,6799.974,0.008,0.716,102373.8183,1220.096592,0.702,0.298,0.942096921,47563.0,249.2838063,7.8,3.6,609729.3,133.1,1.4,8.9,10.3,11.3,9.9,231.0,19.28213689,98.8,98.6,98.0,44.1,94.4,54.1,99.3,0.4,75.74,8.1,10.2,698.6,156.84,91.76,69.87,51.88,47.3,40.66,32.9,856.7305467,"7,311",1453.830605,99.2666,,,66.1,96.5,8296.038659,156.3,836.0,298.0,794.0,,8522.0,603.0,0.4507,1309.0,288177.0,23.01,67.85,42551.0,232840.2
998,2012-09-25,111.73,16149.0,4.2,374.1,464.6,100.0,12.785,4.6,31.0544,40.2297,110.45,-0.169049786,59698.1,0.042643516,5.82,6.75,1510.96,1482.61,132.27,217.87,13057606,0.001960396,5.5,604721,0.565061544,12.26,10666.8705,0.072179525,45348.6,-0.025,48830.4,0.087568237,13726.03,3639.7151,305.395,101.7,6799.974,0.008,0.716,102373.8183,1220.096592,0.702,0.298,0.942096921,47563.0,249.2838063,7.8,3.6,609729.3,133.1,1.4,8.9,10.3,11.3,9.9,231.0,19.28213689,98.8,98.6,98.0,44.1,94.4,54.1,99.3,0.4,75.74,8.1,10.2,698.6,156.84,91.76,69.87,51.88,47.3,40.66,32.9,856.7305467,"7,311",1453.830605,99.2666,,,66.1,96.5,8296.038659,156.3,836.0,298.0,794.0,,8522.0,603.0,0.4507,1309.0,288177.0,23.01,67.85,42551.0,232840.2
999,2012-09-26,111.73,16149.0,4.2,374.1,464.6,100.0,12.785,4.6,31.332,40.3048,110.04,-0.169049786,59698.1,0.042643516,5.82,6.75,1456.99,1445.38,132.25,217.93,13057606,0.001960396,5.5,604721,0.565061544,12.26,10666.8705,0.072179525,45348.6,-0.025,48830.4,0.087568237,13726.03,3639.7151,305.395,101.7,6799.974,0.008,0.716,102373.8183,1220.096592,0.702,0.298,0.942096921,47563.0,249.2838063,7.8,3.6,609729.3,133.1,1.4,8.9,10.3,11.3,9.9,231.0,19.28213689,98.8,98.6,98.0,44.1,94.4,54.1,99.3,0.4,75.74,8.1,10.2,698.6,156.84,91.76,69.87,51.88,47.3,40.66,32.9,856.7305467,"7,311",1453.830605,99.2666,,,66.1,96.5,8296.038659,156.3,836.0,298.0,794.0,,8522.0,603.0,0.4507,1309.0,288177.0,23.01,67.85,42551.0,232840.2
1000,2012-09-27,111.73,16149.0,4.2,374.1,464.6,100.0,12.785,4.6,31.02,40.022,112.01,-0.169049786,59698.1,0.042643516,5.82,6.75,1474.76,1453.09,132.31,218.09,13057606,0.001960396,5.5,604721,0.565061544,12.26,10666.8705,0.072179525,45348.6,-0.025,48830.4,0.087568237,13726.03,3639.7151,305.395,101.7,6799.974,0.008,0.716,102373.8183,1220.096592,0.702,0.298,0.942096921,47563.0,249.2838063,7.8,3.6,609729.3,133.1,1.4,8.9,10.3,11.3,9.9,231.0,19.28213689,98.8,98.6,98.0,44.1,94.4,54.1,99.3,0.4,75.74,8.1,10.2,698.6,156.84,91.76,69.87,51.88,47.3,40.66,32.9,856.7305467,"7,311",1453.830605,99.2666,,,66.1,96.5,8296.038659,156.3,836.0,298.0,794.0,,8522.0,603.0,0.4507,1309.0,288177.0,23.01,67.85,42551.0,232840.2
1001,2012-09-28,111.73,16149.0,4.2,374.1,464.6,100.0,12.785,4.6,31.18,40.1521,112.39,-0.169049786,59698.1,0.042643516,5.82,6.75,1475.7,1458.26,132.4,218.29,13057606,0.001960396,5.5,604721,0.565061544,12.26,10666.8705,0.072179525,45348.6,-0.025,48830.4,0.087568237,13726.03,3639.7151,305.395,101.7,6799.974,0.008,0.716,102373.8183,1220.096592,0.702,0.298,0.942096921,47563.0,249.2838063,7.8,3.6,609729.3,133.1,1.4,8.9,10.3,11.3,9.9,231.0,19.28213689,98.8,98.6,98.0,44.1,94.4,54.1,99.3,0.4,75.74,8.1,10.2,698.6,156.84,91.76,69.87,51.88,47.3,40.66,32.9,856.7305467,"7,311",1453.830605,99.2666,,,66.1,96.5,8296.038659,156.3,836.0,298.0,794.0,,8522.0,603.0,0.4507,1309.0,288177.0,23.01,67.85,42551.0,232840.2
1002,2012-09-29,111.73,16149.0,4.2,374.1,464.6,100.0,12.785,4.6,31.18,40.1521,112.39,-0.169049786,59698.1,0.042643516,5.82,6.75,1475.7,1458.26,132.4,218.29,13057606,0.001960396,5.5,604721,0.565061544,12.26,10666.8705,0.072179525,45348.6,-0.025,48830.4,0.087568237,13726.03,3639.7151,305.395,101.7,6799.974,0.008,0.716,102373.8183,1220.096592,0.702,0.298,0.942096921,47563.0,249.2838063,7.8,3.6,609729.3,133.1,1.4,8.9,10.3,11.3,9.9,231.0,19.28213689,98.8,98.6,98.0,44.1,94.4,54.1,99.3,0.4,75.74,8.1,10.2,698.6,156.84,91.76,69.87,51.88,47.3,40.66,32.9,856.7305467,"7,311",1453.830605,99.2666,,,66.1,96.5,8296.038659,156.3,836.0,298.0,794.0,,8522.0,603.0,0.4507,1309.0,288177.0,23.01,67.85,42551.0,232840.2
1003,2012-09-30,111.73,16149.0,4.2,374.1,464.6,100.0,12.785,4.6,31.18,40.1521,112.39,-0.169049786,59698.1,0.042643516,5.82,6.75,1475.7,1458.26,132.4,218.29,13057606,0.001960396,5.5,604721,0.565061544,12.26,10666.8705,0.072179525,45348.6,-0.025,48830.4,0.087568237,13726.03,3639.7151,305.395,101.7,6799.974,0.008,0.716,102373.8183,1220.096592,0.702,0.298,0.942096921,47563.0,249.2838063,7.8,3.6,609729.3,133.1,1.4,8.9,10.3,11.3,9.9,231.0,19.28213689,98.8,98.6,98.0,44.1,94.4,54.1,99.3,0.4,75.74,8.1,10.2,698.6,156.84,91.76,69.87,51.88,47.3,40.66,32.9,856.7305467,"7,311",1453.830605,99.2666,,,66.1,96.5,8296.038659,156.3,836.0,298.0,794.0,,8522.0,603.0,0.4507,1309.0,288177.0,23.01,67.85,42551.0,232840.2
1004,2012-10-01,110.23,17442.1,3.1,376.2,487.0,100.0,17.37,7.6,31.1055,40.0892,112.19,0.009942439,59698.1,0.042643516,6.07,6.0,1513.81,1490.21,132.38,206.99,13057606,0.001960396,5.8,690820,0.526087206,12.34,10666.8705,0.072179525,49737.2,-0.025,48830.4,0.087568237,13807.34,3639.7151,305.395,101.7,6799.974,0.008,0.716,102373.8183,1220.096592,0.702,0.298,0.942096921,47563.0,249.2838063,7.8,3.6,609729.3,133.1,1.4,8.9,10.3,11.3,9.9,231.0,19.28213689,98.8,98.6,98.0,44.1,94.4,54.1,99.3,0.4,75.74,8.1,10.2,698.6,153.86,97.07,69.15,51.77,47.19,41.19,32.69,856.7305467,"7,311",1453.830605,99.2666,,,66.1,96.5,8296.038659,156.3,836.0,298.0,794.0,,8522.0,603.0,0.4507,1309.0,288177.0,23.01,67.85,42551.0,232840.2
1005,2012-10-02,110.23,17442.1,3.1,376.2,487.0,100.0,17.37,7.6,31.08,40.2217,111.57,0.009942439,59698.1,0.042643516,6.07,6.0,1507.77,1485.63,132.35,209.37,13057606,0.001960396,5.8,690820,0.526087206,12.34,10666.8705,0.072179525,49737.2,-0.025,48830.4,0.087568237,13807.34,3639.7151,305.395,101.7,6799.974,0.008,0.716,102373.8183,1220.096592,0.702,0.298,0.942096921,47563.0,249.2838063,7.8,3.6,609729.3,133.1,1.4,8.9,10.3,11.3,9.9,231.0,19.28213689,98.8,98.6,98.0,44.1,94.4,54.1,99.3,0.4,75.74,8.1,10.2,698.6,153.86,97.07,69.15,51.77,47.19,41.19,32.69,856.7305467,"7,311",1453.830605,99.2666,,,66.1,96.5,8296.038659,156.3,836.0,298.0,794.0,,8522.0,603.0,0.4507,1309.0,288177.0,23.01,67.85,42551.0,232840.2
1006,2012-10-03,110.23,17442.1,3.1,376.2,487.0,100.0,17.37,7.6,31.1674,40.2364,108.17,0.009942439,59698.1,0.042643516,6.07,6.0,1492.3,1472.5,132.48,209.37,13057606,0.001960396,5.8,690820,0.526087206,12.34,10666.8705,0.072179525,49737.2,-0.025,48830.4,0.087568237,13807.34,3639.7151,305.395,101.7,6799.974,0.008,0.716,102373.8183,1220.096592,0.702,0.298,0.942096921,47563.0,249.2838063,7.8,3.6,609729.3,133.1,1.4,8.9,10.3,11.3,9.9,231.0,19.28213689,98.8,98.6,98.0,44.1,94.4,54.1,99.3,0.4,75.74,8.1,10.2,698.6,153.86,97.07,69.15,51.77,47.19,41.19,32.69,856.7305467,"7,311",1453.830605,99.2666,,,66.1,96.5,8296.038659,156.3,836.0,298.0,794.0,,8522.0,603.0,0.4507,1309.0,288177.0,23.01,67.85,42551.0,232840.2
1007,2012-10-04,110.23,17442.1,3.1,376.2,487.0,100.0,17.37,7.6,30.9221,40.2911,112.58,0.009942439,59698.1,0.042643516,6.07,6.0,1483.03,1456.74,132.63,212.45,13057606,0.001960396,5.8,690820,0.526087206,12.34,10666.8705,0.072179525,49737.2,-0.025,48830.4,0.087568237,13807.34,3639.7151,305.395,101.7,6799.974,0.008,0.716,102373.8183,1220.096592,0.702,0.298,0.942096921,47563.0,249.2838063,7.8,3.6,609729.3,133.1,1.4,8.9,10.3,11.3,9.9,231.0,19.28213689,98.8,98.6,98.0,44.1,94.4,54.1,99.3,0.4,75.74,8.1,10.2,698.6,153.86,97.07,69.15,51.77,47.19,41.19,32.69,856.7305467,"7,311",1453.830605,99.2666,,,66.1,96.5,8296.038659,156.3,836.0,298.0,794.0,,8522.0,603.0,0.4507,1309.0,288177.0,23.01,67.85,42551.0,232840.2
1008,2012-10-05,110.23,17442.1,3.1,376.2,487.0,100.0,17.37,7.6,30.9943,40.395,112.02,0.009942439,59698.1,0.042643516,6.07,6.0,1508.72,1477.6,132.9,213.41,13057606,0.001960396,5.8,690820,0.526087206,12.34,10666.8705,0.072179525,49737.2,-0.025,48830.4,0.087568237,13807.34,3639.7151,305.395,101.7,6799.974,0.008,0.716,102373.8183,1220.096592,0.702,0.298,0.942096921,47563.0,249.2838063,7.8,3.6,609729.3,133.1,1.4,8.9,10.3,11.3,9.9,231.0,19.28213689,98.8,98.6,98.0,44.1,94.4,54.1,99.3,0.4,75.74,8.1,10.2,698.6,153.86,97.07,69.15,51.77,47.19,41.19,32.69,856.7305467,"7,311",1453.830605,99.2666,,,66.1,96.5,8296.038659,156.3,836.0,298.0,794.0,,8522.0,603.0,0.4507,1309.0,288177.0,23.01,67.85,42551.0,232840.2
1009,2012-10-06,110.23,17442.1,3.1,376.2,487.0,100.0,17.37,7.6,30.9943,40.395,112.02,0.009942439,59698.1,0.042643516,6.07,6.0,1508.72,1477.6,132.9,213.41,13057606,0.001960396,5.8,690820,0.526087206,12.34,10666.8705,0.072179525,49737.2,-0.025,48830.4,0.087568237,13807.34,3639.7151,305.395,101.7,6799.974,0.008,0.716,102373.8183,1220.096592,0.702,0.298,0.942096921,47563.0,249.2838063,7.8,3.6,609729.3,133.1,1.4,8.9,10.3,11.3,9.9,231.0,19.28213689,98.8,98.6,98.0,44.1,94.4,54.1,99.3,0.4,75.74,8.1,10.2,698.6,153.86,97.07,69.15,51.77,47.19,41.19,32.69,856.7305467,"7,311",1453.830605,99.2666,,,66.1,96.5,8296.038659,156.3,836.0,298.0,794.0,,8522.0,603.0,0.4507,1309.0,288177.0,23.01,67.85,42551.0,232840.2
1010,2012-10-07,110.23,17442.1,3.1,376.2,487.0,100.0,17.37,7.6,30.9943,40.395,112.02,0.009942439,59698.1,0.042643516,6.07,6.0,1508.72,1477.6,132.9,213.36,13057606,0.001960396,5.8,690820,0.526087206,12.34,10666.8705,0.072179525,49737.2,-0.025,48830.4,0.087568237,13807.34,3639.7151,305.395,101.7,6799.974,0.008,0.716,102373.8183,1220.096592,0.702,0.298,0.942096921,47563.0,249.2838063,7.8,3.6,609729.3,133.1,1.4,8.9,10.3,11.3,9.9,231.0,19.28213689,98.8,98.6,98.0,44.1,94.4,54.1,99.3,0.4,75.74,8.1,10.2,698.6,153.86,97.07,69.15,51.77,47.19,41.19,32.69,856.7305467,"7,311",1453.830605,99.2666,,,66.1,96.5,8296.038659,156.3,836.0,298.0,794.0,,8522.0,603.0,0.4507,1309.0,288177.0,23.01,67.85,42551.0,232840.2
1011,2012-10-08,110.23,17442.1,3.1,376.2,487.0,100.0,17.37,7.6,31.1483,40.4269,111.82,0.009942439,59698.1,0.042643516,6.07,6.0,1492.51,1473.61,132.9,215.46,13057606,0.001960396,5.8,690820,0.526087206,12.34,10666.8705,0.072179525,49737.2,-0.025,48830.4,0.087568237,13807.34,3639.7151,305.395,101.7,6799.974,0.008,0.716,102373.8183,1220.096592,0.702,0.298,0.942096921,47563.0,249.2838063,7.8,3.6,609729.3,133.1,1.4,8.9,10.3,11.3,9.9,231.0,19.28213689,98.8,98.6,98.0,44.1,94.4,54.1,99.3,0.4,75.74,8.1,10.2,698.6,153.86,97.07,69.15,51.77,47.19,41.19,32.69,856.7305467,"7,311",1453.830605,99.2666,,,66.1,96.5,8296.038659,156.3,836.0,298.0,794.0,,8522.0,603.0,0.4507,1309.0,288177.0,23.01,67.85,42551.0,232840.2
1012,2012-10-09,110.23,17442.1,3.1,376.2,487.0,100.0,17.37,7.6,31.165,40.1321,114.5,0.009942439,59698.1,0.042643516,6.07,6.0,1494.16,1472.94,133.06,216.95,13057606,0.001960396,5.8,690820,0.526087206,12.34,10666.8705,0.072179525,49737.2,-0.025,48830.4,0.087568237,13807.34,3639.7151,305.395,101.7,6799.974,0.008,0.716,102373.8183,1220.096592,0.702,0.298,0.942096921,47563.0,249.2838063,7.8,3.6,609729.3,133.1,1.4,8.9,10.3,11.3,9.9,231.0,19.28213689,98.8,98.6,98.0,44.1,94.4,54.1,99.3,0.4,75.74,8.1,10.2,698.6,153.86,97.07,69.15,51.77,47.19,41.19,32.69,856.7305467,"7,311",1453.830605,99.2666,,,66.1,96.5,8296.038659,156.3,836.0,298.0,794.0,,8522.0,603.0,0.4507,1309.0,288177.0,23.01,67.85,42551.0,232840.2
1013,2012-10-10,110.23,17442.1,3.1,376.2,487.0,100.0,17.37,7.6,31.1515,40.161,114.33,0.009942439,59698.1,0.042643516,6.07,6.0,1483.84,1460.93,133.18,218.94,13057606,0.001960396,5.8,690820,0.526087206,12.34,10666.8705,0.072179525,49737.2,-0.025,48830.4,0.087568237,13807.34,3639.7151,305.395,101.7,6799.974,0.008,0.716,102373.8183,1220.096592,0.702,0.298,0.942096921,47563.0,249.2838063,7.8,3.6,609729.3,133.1,1.4,8.9,10.3,11.3,9.9,231.0,19.28213689,98.8,98.6,98.0,44.1,94.4,54.1,99.3,0.4,75.74,8.1,10.2,698.6,153.86,97.07,69.15,51.77,47.19,41.19,32.69,856.7305467,"7,311",1453.830605,99.2666,,,66.1,96.5,8296.038659,156.3,836.0,298.0,794.0,,8522.0,603.0,0.4507,1309.0,288177.0,23.01,67.85,42551.0,232840.2
1014,2012-10-11,110.23,17442.1,3.1,376.2,487.0,100.0,17.37,7.6,31.022,40.1542,115.71,0.009942439,59698.1,0.042643516,6.07,6.0,1490.41,1463.12,133.37,218.94,13057606,0.001960396,5.8,690820,0.526087206,12.34,10666.8705,0.072179525,49737.2,-0.025,48830.4,0.087568237,13807.34,3639.7151,305.395,101.7,6799.974,0.008,0.716,102373.8183,1220.096592,0.702,0.298,0.942096921,47563.0,249.2838063,7.8,3.6,609729.3,133.1,1.4,8.9,10.3,11.3,9.9,231.0,19.28213689,98.8,98.6,98.0,44.1,94.4,54.1,99.3,0.4,75.74,8.1,10.2,698.6,153.86,97.07,69.15,51.77,47.19,41.19,32.69,856.7305467,"7,311",1453.830605,99.2666,,,66.1,96.5,8296.038659,156.3,836.0,298.0,794.0,,8522.0,603.0,0.4507,1309.0,288177.0,23.01,67.85,42551.0,232840.2
1015,2012-10-12,110.23,17442.1,3.1,376.2,487.0,100.0,17.37,7.6,31.106,40.2242,114.62,0.009942439,59698.1,0.042643516,6.07,6.0,1472.36,1446.01,133.69,222.28,13057606,0.001960396,5.8,690820,0.526087206,12.34,10666.8705,0.072179525,49737.2,-0.025,48830.4,0.087568237,13807.34,3639.7151,305.395,101.7,6799.974,0.008,0.716,102373.8183,1220.096592,0.702,0.298,0.942096921,47563.0,249.2838063,7.8,3.6,609729.3,133.1,1.4,8.9,10.3,11.3,9.9,231.0,19.28213689,98.8,98.6,98.0,44.1,94.4,54.1,99.3,0.4,75.74,8.1,10.2,698.6,153.86,97.07,69.15,51.77,47.19,41.19,32.69,856.7305467,"7,311",1453.830605,99.2666,,,66.1,96.5,8296.038659,156.3,836.0,298.0,794.0,,8522.0,603.0,0.4507,1309.0,288177.0,23.01,67.85,42551.0,232840.2
1016,2012-10-13,110.23,17442.1,3.1,376.2,487.0,100.0,17.37,7.6,31.106,40.2242,114.62,0.009942439,59698.1,0.042643516,6.07,6.0,1472.36,1446.01,133.69,222.28,13057606,0.001960396,5.8,690820,0.526087206,12.34,10666.8705,0.072179525,49737.2,-0.025,48830.4,0.087568237,13807.34,3639.7151,305.395,101.7,6799.974,0.008,0.716,102373.8183,1220.096592,0.702,0.298,0.942096921,47563.0,249.2838063,7.8,3.6,609729.3,133.1,1.4,8.9,10.3,11.3,9.9,231.0,19.28213689,98.8,98.6,98.0,44.1,94.4,54.1,99.3,0.4,75.74,8.1,10.2,698.6,153.86,97.07,69.15,51.77,47.19,41.19,32.69,856.7305467,"7,311",1453.830605,99.2666,,,66.1,96.5,8296.038659,156.3,836.0,298.0,794.0,,8522.0,603.0,0.4507,1309.0,288177.0,23.01,67.85,42551.0,232840.2
1017,2012-10-14,110.23,17442.1,3.1,376.2,487.0,100.0,17.37,7.6,31.106,40.2242,114.62,0.009942439,59698.1,0.042643516,6.07,6.0,1472.36,1446.01,133.69,222.28,13057606,0.001960396,5.8,690820,0.526087206,12.34,10666.8705,0.072179525,49737.2,-0.025,48830.4,0.087568237,13807.34,3639.7151,305.395,101.7,6799.974,0.008,0.716,102373.8183,1220.096592,0.702,0.298,0.942096921,47563.0,249.2838063,7.8,3.6,609729.3,133.1,1.4,8.9,10.3,11.3,9.9,231.0,19.28213689,98.8,98.6,98.0,44.1,94.4,54.1,99.3,0.4,75.74,8.1,10.2,698.6,153.86,97.07,69.15,51.77,47.19,41.19,32.69,856.7305467,"7,311",1453.830605,99.2666,,,66.1,96.5,8296.038659,156.3,836.0,298.0,794.0,,8522.0,603.0,0.4507,1309.0,288177.0,23.01,67.85,42551.0,232840.2
1018,2012-10-15,110.23,17442.1,3.1,376.2,487.0,100.0,17.37,7.6,31.0598,40.1791,115.8,0.009942439,59698.1,0.042643516,6.07,6.0,1466.82,1443.42,133.85,219.19,13057606,0.001960396,5.8,690820,0.526087206,12.34,10666.8705,0.072179525,49737.2,-0.025,48830.4,0.087568237,13807.34,3639.7151,305.395,101.7,6799.974,0.008,0.716,102373.8183,1220.096592,0.702,0.298,0.942096921,47563.0,249.2838063,7.8,3.6,609729.3,133.1,1.4,8.9,10.3,11.3,9.9,231.0,19.28213689,98.8,98.6,98.0,44.1,94.4,54.1,99.3,0.4,75.74,8.1,10.2,698.6,153.86,97.07,69.15,51.77,47.19,41.19,32.69,856.7305467,"7,311",1453.830605,99.2666,,,66.1,96.5,8296.038659,156.3,836.0,298.0,794.0,,8522.0,603.0,0.4507,1309.0,288177.0,23.01,67.85,42551.0,232840.2
1019,2012-10-16,110.23,17442.1,3.1,376.2,487.0,100.0,17.37,7.6,30.8706,40.285,115.07,0.009942439,59698.1,0.042643516,6.07,6.0,1488.18,1456.07,134.17,219.28,13057606,0.001960396,5.8,690820,0.526087206,12.34,10666.8705,0.072179525,49737.2,-0.025,48830.4,0.087568237,13807.34,3639.7151,305.395,101.7,6799.974,0.008,0.716,102373.8183,1220.096592,0.702,0.298,0.942096921,47563.0,249.2838063,7.8,3.6,609729.3,133.1,1.4,8.9,10.3,11.3,9.9,231.0,19.28213689,98.8,98.6,98.0,44.1,94.4,54.1,99.3,0.4,75.74,8.1,10.2,698.6,153.86,97.07,69.15,51.77,47.19,41.19,32.69,856.7305467,"7,311",1453.830605,99.2666,,,66.1,96.5,8296.038659,156.3,836.0,298.0,794.0,,8522.0,603.0,0.4507,1309.0,288177.0,23.01,67.85,42551.0,232840.2
1020,2012-10-17,110.23,17442.1,3.1,376.2,487.0,100.0,17.37,7.6,30.7569,40.3566,113.22,0.009942439,59698.1,0.042643516,6.07,6.0,1513.96,1474.3,134.41,219.36,13057606,0.001960396,5.8,690820,0.526087206,12.34,10666.8705,0.072179525,49737.2,-0.025,48830.4,0.087568237,13807.34,3639.7151,305.395,101.7,6799.974,0.008,0.716,102373.8183,1220.096592,0.702,0.298,0.942096921,47563.0,249.2838063,7.8,3.6,609729.3,133.1,1.4,8.9,10.3,11.3,9.9,231.0,19.28213689,98.8,98.6,98.0,44.1,94.4,54.1,99.3,0.4,75.74,8.1,10.2,698.6,153.86,97.07,69.15,51.77,47.19,41.19,32.69,856.7305467,"7,311",1453.830605,99.2666,,,66.1,96.5,8296.038659,156.3,836.0,298.0,794.0,,8522.0,603.0,0.4507,1309.0,288177.0,23.01,67.85,42551.0,232840.2
1021,2012-10-18,110.23,17442.1,3.1,376.2,487.0,100.0,17.37,7.6,30.7457,40.309,112.42,0.009942439,59698.1,0.042643516,6.07,6.0,1512.01,1475.27,134.38,219.43,13057606,0.001960396,5.8,690820,0.526087206,12.34,10666.8705,0.072179525,49737.2,-0.025,48830.4,0.087568237,13807.34,3639.7151,305.395,101.7,6799.974,0.008,0.716,102373.8183,1220.096592,0.702,0.298,0.942096921,47563.0,249.2838063,7.8,3.6,609729.3,133.1,1.4,8.9,10.3,11.3,9.9,231.0,19.28213689,98.8,98.6,98.0,44.1,94.4,54.1,99.3,0.4,75.74,8.1,10.2,698.6,153.86,97.07,69.15,51.77,47.19,41.19,32.69,856.7305467,"7,311",1453.830605,99.2666,,,66.1,96.5,8296.038659,156.3,836.0,298.0,794.0,,8522.0,603.0,0.4507,1309.0,288177.0,23.01,67.85,42551.0,232840.2
1022,2012-10-19,110.23,17442.1,3.1,376.2,487.0,100.0,17.37,7.6,30.8913,40.235,110.14,0.009942439,59698.1,0.042643516,6.07,6.0,1494.44,1460.06,134.44,219.46,13057606,0.001960396,5.8,690820,0.526087206,12.34,10666.8705,0.072179525,49737.2,-0.025,48830.4,0.087568237,13807.34,3639.7151,305.395,101.7,6799.974,0.008,0.716,102373.8183,1220.096592,0.702,0.298,0.942096921,47563.0,249.2838063,7.8,3.6,609729.3,133.1,1.4,8.9,10.3,11.3,9.9,231.0,19.28213689,98.8,98.6,98.0,44.1,94.4,54.1,99.3,0.4,75.74,8.1,10.2,698.6,153.86,97.07,69.15,51.77,47.19,41.19,32.69,856.7305467,"7,311",1453.830605,99.2666,,,66.1,96.5,8296.038659,156.3,836.0,298.0,794.0,,8522.0,603.0,0.4507,1309.0,288177.0,23.01,67.85,42551.0,232840.2
1023,2012-10-20,110.23,17442.1,3.1,376.2,487.0,100.0,17.37,7.6,30.8913,40.235,110.14,0.009942439,59698.1,0.042643516,6.07,6.0,1494.44,1460.06,134.44,219.46,13057606,0.001960396,5.8,690820,0.526087206,12.34,10666.8705,0.072179525,49737.2,-0.025,48830.4,0.087568237,13807.34,3639.7151,305.395,101.7,6799.974,0.008,0.716,102373.8183,1220.096592,0.702,0.298,0.942096921,47563.0,249.2838063,7.8,3.6,609729.3,133.1,1.4,8.9,10.3,11.3,9.9,231.0,19.28213689,98.8,98.6,98.0,44.1,94.4,54.1,99.3,0.4,75.74,8.1,10.2,698.6,153.86,97.07,69.15,51.77,47.19,41.19,32.69,856.7305467,"7,311",1453.830605,99.2666,,,66.1,96.5,8296.038659,156.3,836.0,298.0,794.0,,8522.0,603.0,0.4507,1309.0,288177.0,23.01,67.85,42551.0,232840.2
1024,2012-10-21,110.23,17442.1,3.1,376.2,487.0,100.0,17.37,7.6,30.8913,40.235,110.14,0.009942439,59698.1,0.042643516,6.07,6.0,1494.44,1460.06,134.44,219.46,13057606,0.001960396,5.8,690820,0.526087206,12.34,10666.8705,0.072179525,49737.2,-0.025,48830.4,0.087568237,13807.34,3639.7151,305.395,101.7,6799.974,0.008,0.716,102373.8183,1220.096592,0.702,0.298,0.942096921,47563.0,249.2838063,7.8,3.6,609729.3,133.1,1.4,8.9,10.3,11.3,9.9,231.0,19.28213689,98.8,98.6,98.0,44.1,94.4,54.1,99.3,0.4,75.74,8.1,10.2,698.6,153.86,97.07,69.15,51.77,47.19,41.19,32.69,856.7305467,"7,311",1453.830605,99.2666,,,66.1,96.5,8296.038659,156.3,836.0,298.0,794.0,,8522.0,603.0,0.4507,1309.0,288177.0,23.01,67.85,42551.0,232840.2
1025,2012-10-22,110.23,17442.1,3.1,376.2,487.0,100.0,17.37,7.6,31.1115,40.6502,109.44,0.009942439,59698.1,0.042643516,6.07,6.0,1497.63,1474.92,134.65,219.64,13057606,0.001960396,5.8,690820,0.526087206,12.34,10666.8705,0.072179525,49737.2,-0.025,48830.4,0.087568237,13807.34,3639.7151,305.395,101.7,6799.974,0.008,0.716,102373.8183,1220.096592,0.702,0.298,0.942096921,47563.0,249.2838063,7.8,3.6,609729.3,133.1,1.4,8.9,10.3,11.3,9.9,231.0,19.28213689,98.8,98.6,98.0,44.1,94.4,54.1,99.3,0.4,75.74,8.1,10.2,698.6,153.86,97.07,69.15,51.77,47.19,41.19,32.69,856.7305467,"7,311",1453.830605,99.2666,,,66.1,96.5,8296.038659,156.3,836.0,298.0,794.0,,8522.0,603.0,0.4507,1309.0,288177.0,23.01,67.85,42551.0,232840.2
1026,2012-10-23,110.23,17442.1,3.1,376.2,487.0,100.0,17.37,7.6,31.4245,40.7764,108.25,0.009942439,59698.1,0.042643516,6.07,6.0,1456.73,1455.31,134.34,219.58,13057606,0.001960396,5.8,690820,0.526087206,12.34,10666.8705,0.072179525,49737.2,-0.025,48830.4,0.087568237,13807.34,3639.7151,305.395,101.7,6799.974,0.008,0.716,102373.8183,1220.096592,0.702,0.298,0.942096921,47563.0,249.2838063,7.8,3.6,609729.3,133.1,1.4,8.9,10.3,11.3,9.9,231.0,19.28213689,98.8,98.6,98.0,44.1,94.4,54.1,99.3,0.4,75.74,8.1,10.2,698.6,153.86,97.07,69.15,51.77,47.19,41.19,32.69,856.7305467,"7,311",1453.830605,99.2666,,,66.1,96.5,8296.038659,156.3,836.0,298.0,794.0,,8522.0,603.0,0.4507,1309.0,288177.0,23.01,67.85,42551.0,232840.2
1027,2012-10-24,110.23,17442.1,3.1,376.2,487.0,100.0,17.37,7.6,31.4335,40.6904,107.85,0.009942439,59698.1,0.042643516,6.07,6.0,1462.43,1451.61,134.22,219.62,13057606,0.001960396,5.8,690820,0.526087206,12.34,10666.8705,0.072179525,49737.2,-0.025,48830.4,0.087568237,13807.34,3639.7151,305.395,101.7,6799.974,0.008,0.716,102373.8183,1220.096592,0.702,0.298,0.942096921,47563.0,249.2838063,7.8,3.6,609729.3,133.1,1.4,8.9,10.3,11.3,9.9,231.0,19.28213689,98.8,98.6,98.0,44.1,94.4,54.1,99.3,0.4,75.74,8.1,10.2,698.6,153.86,97.07,69.15,51.77,47.19,41.19,32.69,856.7305467,"7,311",1453.830605,99.2666,,,66.1,96.5,8296.038659,156.3,836.0,298.0,794.0,,8522.0,603.0,0.4507,1309.0,288177.0,23.01,67.85,42551.0,232840.2
1028,2012-10-25,110.23,17442.1,3.1,376.2,487.0,100.0,17.37,7.6,31.335,40.6403,108.49,0.009942439,59698.1,0.042643516,6.07,6.0,1456.91,1446.0,134.36,219.66,13057606,0.001960396,5.8,690820,0.526087206,12.34,10666.8705,0.072179525,49737.2,-0.025,48830.4,0.087568237,13807.34,3639.7151,305.395,101.7,6799.974,0.008,0.716,102373.8183,1220.096592,0.702,0.298,0.942096921,47563.0,249.2838063,7.8,3.6,609729.3,133.1,1.4,8.9,10.3,11.3,9.9,231.0,19.28213689,98.8,98.6,98.0,44.1,94.4,54.1,99.3,0.4,75.74,8.1,10.2,698.6,153.86,97.07,69.15,51.77,47.19,41.19,32.69,856.7305467,"7,311",1453.830605,99.2666,,,66.1,96.5,8296.038659,156.3,836.0,298.0,794.0,,8522.0,603.0,0.4507,1309.0,288177.0,23.01,67.85,42551.0,232840.2
1029,2012-10-26,110.23,17442.1,3.1,376.2,487.0,100.0,17.37,7.6,31.3804,40.5967,109.55,0.009942439,59698.1,0.042643516,6.07,6.0,1441.38,1433.52,134.28,219.69,13057606,0.001960396,5.8,690820,0.526087206,12.34,10666.8705,0.072179525,49737.2,-0.025,48830.4,0.087568237,13807.34,3639.7151,305.395,101.7,6799.974,0.008,0.716,102373.8183,1220.096592,0.702,0.298,0.942096921,47563.0,249.2838063,7.8,3.6,609729.3,133.1,1.4,8.9,10.3,11.3,9.9,231.0,19.28213689,98.8,98.6,98.0,44.1,94.4,54.1,99.3,0.4,75.74,8.1,10.2,698.6,153.86,97.07,69.15,51.77,47.19,41.19,32.69,856.7305467,"7,311",1453.830605,99.2666,,,66.1,96.5,8296.038659,156.3,836.0,298.0,794.0,,8522.0,603.0,0.4507,1309.0,288177.0,23.01,67.85,42551.0,232840.2
1030,2012-10-27,110.23,17442.1,3.1,376.2,487.0,100.0,17.37,7.6,31.3804,40.5967,109.55,0.009942439,59698.1,0.042643516,6.07,6.0,1441.38,1433.52,134.28,219.69,13057606,0.001960396,5.8,690820,0.526087206,12.34,10666.8705,0.072179525,49737.2,-0.025,48830.4,0.087568237,13807.34,3639.7151,305.395,101.7,6799.974,0.008,0.716,102373.8183,1220.096592,0.702,0.298,0.942096921,47563.0,249.2838063,7.8,3.6,609729.3,133.1,1.4,8.9,10.3,11.3,9.9,231.0,19.28213689,98.8,98.6,98.0,44.1,94.4,54.1,99.3,0.4,75.74,8.1,10.2,698.6,153.86,97.07,69.15,51.77,47.19,41.19,32.69,856.7305467,"7,311",1453.830605,99.2666,,,66.1,96.5,8296.038659,156.3,836.0,298.0,794.0,,8522.0,603.0,0.4507,1309.0,288177.0,23.01,67.85,42551.0,232840.2
1031,2012-10-28,110.23,17442.1,3.1,376.2,487.0,100.0,17.37,7.6,31.3804,40.5967,109.55,0.009942439,59698.1,0.042643516,6.07,6.0,1441.38,1433.52,134.28,219.69,13057606,0.001960396,5.8,690820,0.526087206,12.34,10666.8705,0.072179525,49737.2,-0.025,48830.4,0.087568237,13807.34,3639.7151,305.395,101.7,6799.974,0.008,0.716,102373.8183,1220.096592,0.702,0.298,0.942096921,47563.0,249.2838063,7.8,3.6,609729.3,133.1,1.4,8.9,10.3,11.3,9.9,231.0,19.28213689,98.8,98.6,98.0,44.1,94.4,54.1,99.3,0.4,75.74,8.1,10.2,698.6,153.86,97.07,69.15,51.77,47.19,41.19,32.69,856.7305467,"7,311",1453.830605,99.2666,,,66.1,96.5,8296.038659,156.3,836.0,298.0,794.0,,8522.0,603.0,0.4507,1309.0,288177.0,23.01,67.85,42551.0,232840.2
1032,2012-10-29,110.23,17442.1,3.1,376.2,487.0,100.0,17.37,7.6,31.5085,40.6348,109.44,0.009942439,59698.1,0.042643516,6.07,6.0,1435.05,1431.9,134.23,219.93,13057606,0.001960396,5.8,690820,0.526087206,12.34,10666.8705,0.072179525,49737.2,-0.025,48830.4,0.087568237,13807.34,3639.7151,305.395,101.7,6799.974,0.008,0.716,102373.8183,1220.096592,0.702,0.298,0.942096921,47563.0,249.2838063,7.8,3.6,609729.3,133.1,1.4,8.9,10.3,11.3,9.9,231.0,19.28213689,98.8,98.6,98.0,44.1,94.4,54.1,99.3,0.4,75.74,8.1,10.2,698.6,153.86,97.07,69.15,51.77,47.19,41.19,32.69,856.7305467,"7,311",1453.830605,99.2666,,,66.1,96.5,8296.038659,156.3,836.0,298.0,794.0,,8522.0,603.0,0.4507,1309.0,288177.0,23.01,67.85,42551.0,232840.2
1033,2012-10-30,110.23,17442.1,3.1,376.2,487.0,100.0,17.37,7.6,31.3685,40.674,109.08,0.009942439,59698.1,0.042643516,6.07,6.0,1430.1,1421.75,134.25,219.9,13057606,0.001960396,5.8,690820,0.526087206,12.34,10666.8705,0.072179525,49737.2,-0.025,48830.4,0.087568237,13807.34,3639.7151,305.395,101.7,6799.974,0.008,0.716,102373.8183,1220.096592,0.702,0.298,0.942096921,47563.0,249.2838063,7.8,3.6,609729.3,133.1,1.4,8.9,10.3,11.3,9.9,231.0,19.28213689,98.8,98.6,98.0,44.1,94.4,54.1,99.3,0.4,75.74,8.1,10.2,698.6,153.86,97.07,69.15,51.77,47.19,41.19,32.69,856.7305467,"7,311",1453.830605,99.2666,,,66.1,96.5,8296.038659,156.3,836.0,298.0,794.0,,8522.0,603.0,0.4507,1309.0,288177.0,23.01,67.85,42551.0,232840.2
1034,2012-10-31,110.23,17442.1,3.1,376.2,487.0,100.0,17.37,7.6,31.353,40.6678,108.7,0.009942439,59698.1,0.042643516,6.07,6.0,1433.96,1425.7,134.37,220.06,13057606,0.001960396,5.8,690820,0.526087206,12.34,10666.8705,0.072179525,49737.2,-0.025,48830.4,0.087568237,13807.34,3639.7151,305.395,101.7,6799.974,0.008,0.716,102373.8183,1220.096592,0.702,0.298,0.942096921,47563.0,249.2838063,7.8,3.6,609729.3,133.1,1.4,8.9,10.3,11.3,9.9,231.0,19.28213689,98.8,98.6,98.0,44.1,94.4,54.1,99.3,0.4,75.74,8.1,10.2,698.6,153.86,97.07,69.15,51.77,47.19,41.19,32.69,856.7305467,"7,311",1453.830605,99.2666,,,66.1,96.5,8296.038659,156.3,836.0,298.0,794.0,,8522.0,603.0,0.4507,1309.0,288177.0,23.01,67.85,42551.0,232840.2
1035,2012-11-01,108.65,17442.1,3.1,377.9,479.1,100.0,15.614,7.6,31.2946,40.5157,108.17,-0.114300301,59698.1,0.042643516,6.07,6.0,1443.5,1430.91,134.72,207.02,13196495,0.010636636,6.0,791792,0.518212794,12.44,10666.8705,0.072179525,51261.0,-0.025,48830.4,0.087568237,13872.82,3639.7151,305.395,101.7,6799.974,0.008,0.716,102373.8183,1220.096592,0.702,0.298,0.942096921,47563.0,249.2838063,7.8,3.6,609729.3,133.1,1.4,8.9,10.3,11.3,9.9,231.0,19.28213689,98.8,98.6,98.0,44.1,94.4,54.1,99.3,0.4,75.74,8.1,10.2,698.6,163.06,90.97,70.37,51.74,48.97,40.83,32.93,856.7305467,"7,311",1453.830605,99.2666,,,66.1,96.5,8296.038659,156.3,836.0,298.0,794.0,,8522.0,603.0,0.4507,1309.0,288177.0,23.01,67.85,42551.0,232840.2
1036,2012-11-02,108.65,17442.1,3.1,377.9,479.1,100.0,15.614,7.6,31.4725,40.426,105.68,-0.114300301,59698.1,0.042643516,6.07,6.0,1444.19,1440.25,134.52,207.02,13196495,0.010636636,6.0,791792,0.518212794,12.44,10666.8705,0.072179525,51261.0,-0.025,48830.4,0.087568237,13872.82,3639.7151,305.395,101.7,6799.974,0.008,0.716,102373.8183,1220.096592,0.702,0.298,0.942096921,47563.0,249.2838063,7.8,3.6,609729.3,133.1,1.4,8.9,10.3,11.3,9.9,231.0,19.28213689,98.8,98.6,98.0,44.1,94.4,54.1,99.3,0.4,75.74,8.1,10.2,698.6,163.06,90.97,70.37,51.74,48.97,40.83,32.93,856.7305467,"7,311",1453.830605,99.2666,,,66.1,96.5,8296.038659,156.3,836.0,298.0,794.0,,8522.0,603.0,0.4507,1309.0,288177.0,23.01,67.85,42551.0,232840.2
1037,2012-11-03,108.65,17442.1,3.1,377.9,479.1,100.0,15.614,7.6,31.4725,40.426,105.68,-0.114300301,59698.1,0.042643516,6.07,6.0,1444.19,1440.25,134.52,210.77,13196495,0.010636636,6.0,791792,0.518212794,12.44,10666.8705,0.072179525,51261.0,-0.025,48830.4,0.087568237,13872.82,3639.7151,305.395,101.7,6799.974,0.008,0.716,102373.8183,1220.096592,0.702,0.298,0.942096921,47563.0,249.2838063,7.8,3.6,609729.3,133.1,1.4,8.9,10.3,11.3,9.9,231.0,19.28213689,98.8,98.6,98.0,44.1,94.4,54.1,99.3,0.4,75.74,8.1,10.2,698.6,163.06,90.97,70.37,51.74,48.97,40.83,32.93,856.7305467,"7,311",1453.830605,99.2666,,,66.1,96.5,8296.038659,156.3,836.0,298.0,794.0,,8522.0,603.0,0.4507,1309.0,288177.0,23.01,67.85,42551.0,232840.2
1038,2012-11-04,108.65,17442.1,3.1,377.9,479.1,100.0,15.614,7.6,31.4725,40.426,105.68,-0.114300301,59698.1,0.042643516,6.07,6.0,1444.19,1440.25,134.52,212.47,13196495,0.010636636,6.0,791792,0.518212794,12.44,10666.8705,0.072179525,51261.0,-0.025,48830.4,0.087568237,13872.82,3639.7151,305.395,101.7,6799.974,0.008,0.716,102373.8183,1220.096592,0.702,0.298,0.942096921,47563.0,249.2838063,7.8,3.6,609729.3,133.1,1.4,8.9,10.3,11.3,9.9,231.0,19.28213689,98.8,98.6,98.0,44.1,94.4,54.1,99.3,0.4,75.74,8.1,10.2,698.6,163.06,90.97,70.37,51.74,48.97,40.83,32.93,856.7305467,"7,311",1453.830605,99.2666,,,66.1,96.5,8296.038659,156.3,836.0,298.0,794.0,,8522.0,603.0,0.4507,1309.0,288177.0,23.01,67.85,42551.0,232840.2
1039,2012-11-05,108.65,17442.1,3.1,377.9,479.1,100.0,15.614,7.6,31.6267,40.4511,107.73,-0.114300301,59698.1,0.042643516,6.07,6.0,1444.19,1440.25,134.52,213.42,13196495,0.010636636,6.0,791792,0.518212794,12.44,10666.8705,0.072179525,51261.0,-0.025,48830.4,0.087568237,13872.82,3639.7151,305.395,101.7,6799.974,0.008,0.716,102373.8183,1220.096592,0.702,0.298,0.942096921,47563.0,249.2838063,7.8,3.6,609729.3,133.1,1.4,8.9,10.3,11.3,9.9,231.0,19.28213689,98.8,98.6,98.0,44.1,94.4,54.1,99.3,0.4,75.74,8.1,10.2,698.6,163.06,90.97,70.37,51.74,48.97,40.83,32.93,856.7305467,"7,311",1453.830605,99.2666,,,66.1,96.5,8296.038659,156.3,836.0,298.0,794.0,,8522.0,603.0,0.4507,1309.0,288177.0,23.01,67.85,42551.0,232840.2
1040,2012-11-06,108.65,17442.1,3.1,377.9,479.1,100.0,15.614,7.6,31.426,40.2921,111.07,-0.114300301,59698.1,0.042643516,6.07,6.0,1448.98,1446.46,134.58,213.42,13196495,0.010636636,6.0,791792,0.518212794,12.44,10666.8705,0.072179525,51261.0,-0.025,48830.4,0.087568237,13872.82,3639.7151,305.395,101.7,6799.974,0.008,0.716,102373.8183,1220.096592,0.702,0.298,0.942096921,47563.0,249.2838063,7.8,3.6,609729.3,133.1,1.4,8.9,10.3,11.3,9.9,231.0,19.28213689,98.8,98.6,98.0,44.1,94.4,54.1,99.3,0.4,75.74,8.1,10.2,698.6,163.06,90.97,70.37,51.74,48.97,40.83,32.93,856.7305467,"7,311",1453.830605,99.2666,,,66.1,96.5,8296.038659,156.3,836.0,298.0,794.0,,8522.0,603.0,0.4507,1309.0,288177.0,23.01,67.85,42551.0,232840.2
1041,2012-11-07,108.65,17442.1,3.1,377.9,479.1,100.0,15.614,7.6,31.5179,40.2167,106.82,-0.114300301,59698.1,0.042643516,6.07,6.0,1426.94,1423.36,134.54,213.48,13196495,0.010636636,6.0,791792,0.518212794,12.44,10666.8705,0.072179525,51261.0,-0.025,48830.4,0.087568237,13872.82,3639.7151,305.395,101.7,6799.974,0.008,0.716,102373.8183,1220.096592,0.702,0.298,0.942096921,47563.0,249.2838063,7.8,3.6,609729.3,133.1,1.4,8.9,10.3,11.3,9.9,231.0,19.28213689,98.8,98.6,98.0,44.1,94.4,54.1,99.3,0.4,75.74,8.1,10.2,698.6,163.06,90.97,70.37,51.74,48.97,40.83,32.93,856.7305467,"7,311",1453.830605,99.2666,,,66.1,96.5,8296.038659,156.3,836.0,298.0,794.0,,8522.0,603.0,0.4507,1309.0,288177.0,23.01,67.85,42551.0,232840.2
1042,2012-11-08,108.65,17442.1,3.1,377.9,479.1,100.0,15.614,7.6,31.54,40.1781,107.25,-0.114300301,59698.1,0.042643516,6.07,6.0,1410.27,1407.79,134.56,213.48,13196495,0.010636636,6.0,791792,0.518212794,12.44,10666.8705,0.072179525,51261.0,-0.025,48830.4,0.087568237,13872.82,3639.7151,305.395,101.7,6799.974,0.008,0.716,102373.8183,1220.096592,0.702,0.298,0.942096921,47563.0,249.2838063,7.8,3.6,609729.3,133.1,1.4,8.9,10.3,11.3,9.9,231.0,19.28213689,98.8,98.6,98.0,44.1,94.4,54.1,99.3,0.4,75.74,8.1,10.2,698.6,163.06,90.97,70.37,51.74,48.97,40.83,32.93,856.7305467,"7,311",1453.830605,99.2666,,,66.1,96.5,8296.038659,156.3,836.0,298.0,794.0,,8522.0,603.0,0.4507,1309.0,288177.0,23.01,67.85,42551.0,232840.2
1043,2012-11-09,108.65,17442.1,3.1,377.9,479.1,100.0,15.614,7.6,31.575,40.1515,109.4,-0.114300301,59698.1,0.042643516,6.07,6.0,1397.86,1401.32,134.6,217.23,13196495,0.010636636,6.0,791792,0.518212794,12.44,10666.8705,0.072179525,51261.0,-0.025,48830.4,0.087568237,13872.82,3639.7151,305.395,101.7,6799.974,0.008,0.716,102373.8183,1220.096592,0.702,0.298,0.942096921,47563.0,249.2838063,7.8,3.6,609729.3,133.1,1.4,8.9,10.3,11.3,9.9,231.0,19.28213689,98.8,98.6,98.0,44.1,94.4,54.1,99.3,0.4,75.74,8.1,10.2,698.6,163.06,90.97,70.37,51.74,48.97,40.83,32.93,856.7305467,"7,311",1453.830605,99.2666,,,66.1,96.5,8296.038659,156.3,836.0,298.0,794.0,,8522.0,603.0,0.4507,1309.0,288177.0,23.01,67.85,42551.0,232840.2
1044,2012-11-10,108.65,17442.1,3.1,377.9,479.1,100.0,15.614,7.6,31.575,40.1515,109.4,-0.114300301,59698.1,0.042643516,6.07,6.0,1397.86,1401.32,134.6,218.95,13196495,0.010636636,6.0,791792,0.518212794,12.44,10666.8705,0.072179525,51261.0,-0.025,48830.4,0.087568237,13872.82,3639.7151,305.395,101.7,6799.974,0.008,0.716,102373.8183,1220.096592,0.702,0.298,0.942096921,47563.0,249.2838063,7.8,3.6,609729.3,133.1,1.4,8.9,10.3,11.3,9.9,231.0,19.28213689,98.8,98.6,98.0,44.1,94.4,54.1,99.3,0.4,75.74,8.1,10.2,698.6,163.06,90.97,70.37,51.74,48.97,40.83,32.93,856.7305467,"7,311",1453.830605,99.2666,,,66.1,96.5,8296.038659,156.3,836.0,298.0,794.0,,8522.0,603.0,0.4507,1309.0,288177.0,23.01,67.85,42551.0,232840.2
1045,2012-11-11,108.65,17442.1,3.1,377.9,479.1,100.0,15.614,7.6,31.575,40.1515,109.4,-0.114300301,59698.1,0.042643516,6.07,6.0,1397.86,1401.32,134.6,218.95,13196495,0.010636636,6.0,791792,0.518212794,12.44,10666.8705,0.072179525,51261.0,-0.025,48830.4,0.087568237,13872.82,3639.7151,305.395,101.7,6799.974,0.008,0.716,102373.8183,1220.096592,0.702,0.298,0.942096921,47563.0,249.2838063,7.8,3.6,609729.3,133.1,1.4,8.9,10.3,11.3,9.9,231.0,19.28213689,98.8,98.6,98.0,44.1,94.4,54.1,99.3,0.4,75.74,8.1,10.2,698.6,163.06,90.97,70.37,51.74,48.97,40.83,32.93,856.7305467,"7,311",1453.830605,99.2666,,,66.1,96.5,8296.038659,156.3,836.0,298.0,794.0,,8522.0,603.0,0.4507,1309.0,288177.0,23.01,67.85,42551.0,232840.2
1046,2012-11-12,108.65,17442.1,3.1,377.9,479.1,100.0,15.614,7.6,31.6335,40.2011,109.07,-0.114300301,59698.1,0.042643516,6.07,6.0,1404.26,1407.9,134.63,222.4,13196495,0.010636636,6.0,791792,0.518212794,12.44,10666.8705,0.072179525,51261.0,-0.025,48830.4,0.087568237,13872.82,3639.7151,305.395,101.7,6799.974,0.008,0.716,102373.8183,1220.096592,0.702,0.298,0.942096921,47563.0,249.2838063,7.8,3.6,609729.3,133.1,1.4,8.9,10.3,11.3,9.9,231.0,19.28213689,98.8,98.6,98.0,44.1,94.4,54.1,99.3,0.4,75.74,8.1,10.2,698.6,163.06,90.97,70.37,51.74,48.97,40.83,32.93,856.7305467,"7,311",1453.830605,99.2666,,,66.1,96.5,8296.038659,156.3,836.0,298.0,794.0,,8522.0,603.0,0.4507,1309.0,288177.0,23.01,67.85,42551.0,232840.2
1047,2012-11-13,108.65,17442.1,3.1,377.9,479.1,100.0,15.614,7.6,31.7394,40.366,108.26,-0.114300301,59698.1,0.042643516,6.07,6.0,1363.63,1373.83,134.58,220.59,13196495,0.010636636,6.0,791792,0.518212794,12.44,10666.8705,0.072179525,51261.0,-0.025,48830.4,0.087568237,13872.82,3639.7151,305.395,101.7,6799.974,0.008,0.716,102373.8183,1220.096592,0.702,0.298,0.942096921,47563.0,249.2838063,7.8,3.6,609729.3,133.1,1.4,8.9,10.3,11.3,9.9,231.0,19.28213689,98.8,98.6,98.0,44.1,94.4,54.1,99.3,0.4,75.74,8.1,10.2,698.6,163.06,90.97,70.37,51.74,48.97,40.83,32.93,856.7305467,"7,311",1453.830605,99.2666,,,66.1,96.5,8296.038659,156.3,836.0,298.0,794.0,,8522.0,603.0,0.4507,1309.0,288177.0,23.01,67.85,42551.0,232840.2
1048,2012-11-14,108.65,17442.1,3.1,377.9,479.1,100.0,15.614,7.6,31.7167,40.4033,109.61,-0.114300301,59698.1,0.042643516,6.07,6.0,1367.15,1372.19,134.55,220.64,13196495,0.010636636,6.0,791792,0.518212794,12.44,10666.8705,0.072179525,51261.0,-0.025,48830.4,0.087568237,13872.82,3639.7151,305.395,101.7,6799.974,0.008,0.716,102373.8183,1220.096592,0.702,0.298,0.942096921,47563.0,249.2838063,7.8,3.6,609729.3,133.1,1.4,8.9,10.3,11.3,9.9,231.0,19.28213689,98.8,98.6,98.0,44.1,94.4,54.1,99.3,0.4,75.74,8.1,10.2,698.6,163.06,90.97,70.37,51.74,48.97,40.83,32.93,856.7305467,"7,311",1453.830605,99.2666,,,66.1,96.5,8296.038659,156.3,836.0,298.0,794.0,,8522.0,603.0,0.4507,1309.0,288177.0,23.01,67.85,42551.0,232840.2
1049,2012-11-15,108.65,17442.1,3.1,377.9,479.1,100.0,15.614,7.6,31.6657,40.4779,110.98,-0.114300301,59698.1,0.042643516,6.07,6.0,1381.58,1386.25,134.56,220.57,13196495,0.010636636,6.0,791792,0.518212794,12.44,10666.8705,0.072179525,51261.0,-0.025,48830.4,0.087568237,13872.82,3639.7151,305.395,101.7,6799.974,0.008,0.716,102373.8183,1220.096592,0.702,0.298,0.942096921,47563.0,249.2838063,7.8,3.6,609729.3,133.1,1.4,8.9,10.3,11.3,9.9,231.0,19.28213689,98.8,98.6,98.0,44.1,94.4,54.1,99.3,0.4,75.74,8.1,10.2,698.6,163.06,90.97,70.37,51.74,48.97,40.83,32.93,856.7305467,"7,311",1453.830605,99.2666,,,66.1,96.5,8296.038659,156.3,836.0,298.0,794.0,,8522.0,603.0,0.4507,1309.0,288177.0,23.01,67.85,42551.0,232840.2
1050,2012-11-16,108.65,17442.1,3.1,377.9,479.1,100.0,15.614,7.6,31.7404,40.3614,108.95,-0.114300301,59698.1,0.042643516,6.07,6.0,1376.1,1383.66,134.6,220.61,13196495,0.010636636,6.0,791792,0.518212794,12.44,10666.8705,0.072179525,51261.0,-0.025,48830.4,0.087568237,13872.82,3639.7151,305.395,101.7,6799.974,0.008,0.716,102373.8183,1220.096592,0.702,0.298,0.942096921,47563.0,249.2838063,7.8,3.6,609729.3,133.1,1.4,8.9,10.3,11.3,9.9,231.0,19.28213689,98.8,98.6,98.0,44.1,94.4,54.1,99.3,0.4,75.74,8.1,10.2,698.6,163.06,90.97,70.37,51.74,48.97,40.83,32.93,856.7305467,"7,311",1453.830605,99.2666,,,66.1,96.5,8296.038659,156.3,836.0,298.0,794.0,,8522.0,603.0,0.4507,1309.0,288177.0,23.01,67.85,42551.0,232840.2
1051,2012-11-17,108.65,17442.1,3.1,377.9,479.1,100.0,15.614,7.6,31.7404,40.3614,108.95,-0.114300301,59698.1,0.042643516,6.07,6.0,1376.1,1383.66,134.6,220.61,13196495,0.010636636,6.0,791792,0.518212794,12.44,10666.8705,0.072179525,51261.0,-0.025,48830.4,0.087568237,13872.82,3639.7151,305.395,101.7,6799.974,0.008,0.716,102373.8183,1220.096592,0.702,0.298,0.942096921,47563.0,249.2838063,7.8,3.6,609729.3,133.1,1.4,8.9,10.3,11.3,9.9,231.0,19.28213689,98.8,98.6,98.0,44.1,94.4,54.1,99.3,0.4,75.74,8.1,10.2,698.6,163.06,90.97,70.37,51.74,48.97,40.83,32.93,856.7305467,"7,311",1453.830605,99.2666,,,66.1,96.5,8296.038659,156.3,836.0,298.0,794.0,,8522.0,603.0,0.4507,1309.0,288177.0,23.01,67.85,42551.0,232840.2
1052,2012-11-18,108.65,17442.1,3.1,377.9,479.1,100.0,15.614,7.6,31.7404,40.3614,108.95,-0.114300301,59698.1,0.042643516,6.07,6.0,1376.1,1383.66,134.6,220.61,13196495,0.010636636,6.0,791792,0.518212794,12.44,10666.8705,0.072179525,51261.0,-0.025,48830.4,0.087568237,13872.82,3639.7151,305.395,101.7,6799.974,0.008,0.716,102373.8183,1220.096592,0.702,0.298,0.942096921,47563.0,249.2838063,7.8,3.6,609729.3,133.1,1.4,8.9,10.3,11.3,9.9,231.0,19.28213689,98.8,98.6,98.0,44.1,94.4,54.1,99.3,0.4,75.74,8.1,10.2,698.6,163.06,90.97,70.37,51.74,48.97,40.83,32.93,856.7305467,"7,311",1453.830605,99.2666,,,66.1,96.5,8296.038659,156.3,836.0,298.0,794.0,,8522.0,603.0,0.4507,1309.0,288177.0,23.01,67.85,42551.0,232840.2
1053,2012-11-19,108.65,17442.1,3.1,377.9,479.1,100.0,15.614,7.6,31.4305,40.2519,111.7,-0.114300301,59698.1,0.042643516,6.07,6.0,1399.7,1398.57,134.99,220.77,13196495,0.010636636,6.0,791792,0.518212794,12.44,10666.8705,0.072179525,51261.0,-0.025,48830.4,0.087568237,13872.82,3639.7151,305.395,101.7,6799.974,0.008,0.716,102373.8183,1220.096592,0.702,0.298,0.942096921,47563.0,249.2838063,7.8,3.6,609729.3,133.1,1.4,8.9,10.3,11.3,9.9,231.0,19.28213689,98.8,98.6,98.0,44.1,94.4,54.1,99.3,0.4,75.74,8.1,10.2,698.6,163.06,90.97,70.37,51.74,48.97,40.83,32.93,856.7305467,"7,311",1453.830605,99.2666,,,66.1,96.5,8296.038659,156.3,836.0,298.0,794.0,,8522.0,603.0,0.4507,1309.0,288177.0,23.01,67.85,42551.0,232840.2
1054,2012-11-20,108.65,17442.1,3.1,377.9,479.1,100.0,15.614,7.6,31.2955,40.1005,109.83,-0.114300301,59698.1,0.042643516,6.07,6.0,1403.59,1396.39,135.21,220.82,13196495,0.010636636,6.0,791792,0.518212794,12.44,10666.8705,0.072179525,51261.0,-0.025,48830.4,0.087568237,13872.82,3639.7151,305.395,101.7,6799.974,0.008,0.716,102373.8183,1220.096592,0.702,0.298,0.942096921,47563.0,249.2838063,7.8,3.6,609729.3,133.1,1.4,8.9,10.3,11.3,9.9,231.0,19.28213689,98.8,98.6,98.0,44.1,94.4,54.1,99.3,0.4,75.74,8.1,10.2,698.6,163.06,90.97,70.37,51.74,48.97,40.83,32.93,856.7305467,"7,311",1453.830605,99.2666,,,66.1,96.5,8296.038659,156.3,836.0,298.0,794.0,,8522.0,603.0,0.4507,1309.0,288177.0,23.01,67.85,42551.0,232840.2
1055,2012-11-21,108.65,17442.1,3.1,377.9,479.1,100.0,15.614,7.6,31.1763,39.9552,110.86,-0.114300301,59698.1,0.042643516,6.07,6.0,1420.97,1405.7,135.88,220.92,13196495,0.010636636,6.0,791792,0.518212794,12.44,10666.8705,0.072179525,51261.0,-0.025,48830.4,0.087568237,13872.82,3639.7151,305.395,101.7,6799.974,0.008,0.716,102373.8183,1220.096592,0.702,0.298,0.942096921,47563.0,249.2838063,7.8,3.6,609729.3,133.1,1.4,8.9,10.3,11.3,9.9,231.0,19.28213689,98.8,98.6,98.0,44.1,94.4,54.1,99.3,0.4,75.74,8.1,10.2,698.6,163.06,90.97,70.37,51.74,48.97,40.83,32.93,856.7305467,"7,311",1453.830605,99.2666,,,66.1,96.5,8296.038659,156.3,836.0,298.0,794.0,,8522.0,603.0,0.4507,1309.0,288177.0,23.01,67.85,42551.0,232840.2
1056,2012-11-22,108.65,17442.1,3.1,377.9,479.1,100.0,15.614,7.6,31.181,40.1456,110.55,-0.114300301,59698.1,0.042643516,6.07,6.0,1419.88,1402.64,136.25,221.08,13196495,0.010636636,6.0,791792,0.518212794,12.44,10666.8705,0.072179525,51261.0,-0.025,48830.4,0.087568237,13872.82,3639.7151,305.395,101.7,6799.974,0.008,0.716,102373.8183,1220.096592,0.702,0.298,0.942096921,47563.0,249.2838063,7.8,3.6,609729.3,133.1,1.4,8.9,10.3,11.3,9.9,231.0,19.28213689,98.8,98.6,98.0,44.1,94.4,54.1,99.3,0.4,75.74,8.1,10.2,698.6,163.06,90.97,70.37,51.74,48.97,40.83,32.93,856.7305467,"7,311",1453.830605,99.2666,,,66.1,96.5,8296.038659,156.3,836.0,298.0,794.0,,8522.0,603.0,0.4507,1309.0,288177.0,23.01,67.85,42551.0,232840.2
1057,2012-11-23,108.65,17442.1,3.1,377.9,479.1,100.0,15.614,7.6,31.0653,40.2629,111.38,-0.114300301,59698.1,0.042643516,6.07,6.0,1432.24,1413.15,136.25,221.14,13196495,0.010636636,6.0,791792,0.518212794,12.44,10666.8705,0.072179525,51261.0,-0.025,48830.4,0.087568237,13872.82,3639.7151,305.395,101.7,6799.974,0.008,0.716,102373.8183,1220.096592,0.702,0.298,0.942096921,47563.0,249.2838063,7.8,3.6,609729.3,133.1,1.4,8.9,10.3,11.3,9.9,231.0,19.28213689,98.8,98.6,98.0,44.1,94.4,54.1,99.3,0.4,75.74,8.1,10.2,698.6,163.06,90.97,70.37,51.74,48.97,40.83,32.93,856.7305467,"7,311",1453.830605,99.2666,,,66.1,96.5,8296.038659,156.3,836.0,298.0,794.0,,8522.0,603.0,0.4507,1309.0,288177.0,23.01,67.85,42551.0,232840.2
1058,2012-11-24,108.65,17442.1,3.1,377.9,479.1,100.0,15.614,7.6,31.0653,40.2629,111.38,-0.114300301,59698.1,0.042643516,6.07,6.0,1432.24,1413.15,136.25,221.14,13196495,0.010636636,6.0,791792,0.518212794,12.44,10666.8705,0.072179525,51261.0,-0.025,48830.4,0.087568237,13872.82,3639.7151,305.395,101.7,6799.974,0.008,0.716,102373.8183,1220.096592,0.702,0.298,0.942096921,47563.0,249.2838063,7.8,3.6,609729.3,133.1,1.4,8.9,10.3,11.3,9.9,231.0,19.28213689,98.8,98.6,98.0,44.1,94.4,54.1,99.3,0.4,75.74,8.1,10.2,698.6,163.06,90.97,70.37,51.74,48.97,40.83,32.93,856.7305467,"7,311",1453.830605,99.2666,,,66.1,96.5,8296.038659,156.3,836.0,298.0,794.0,,8522.0,603.0,0.4507,1309.0,288177.0,23.01,67.85,42551.0,232840.2
1059,2012-11-25,108.65,17442.1,3.1,377.9,479.1,100.0,15.614,7.6,31.0653,40.2629,111.38,-0.114300301,59698.1,0.042643516,6.07,6.0,1432.24,1413.15,136.25,221.14,13196495,0.010636636,6.0,791792,0.518212794,12.44,10666.8705,0.072179525,51261.0,-0.025,48830.4,0.087568237,13872.82,3639.7151,305.395,101.7,6799.974,0.008,0.716,102373.8183,1220.096592,0.702,0.298,0.942096921,47563.0,249.2838063,7.8,3.6,609729.3,133.1,1.4,8.9,10.3,11.3,9.9,231.0,19.28213689,98.8,98.6,98.0,44.1,94.4,54.1,99.3,0.4,75.74,8.1,10.2,698.6,163.06,90.97,70.37,51.74,48.97,40.83,32.93,856.7305467,"7,311",1453.830605,99.2666,,,66.1,96.5,8296.038659,156.3,836.0,298.0,794.0,,8522.0,603.0,0.4507,1309.0,288177.0,23.01,67.85,42551.0,232840.2
1060,2012-11-26,108.65,17442.1,3.1,377.9,479.1,100.0,15.614,7.6,31.0295,40.2378,110.92,-0.114300301,59698.1,0.042643516,6.07,6.0,1426.96,1403.94,136.2,221.28,13196495,0.010636636,6.0,791792,0.518212794,12.44,10666.8705,0.072179525,51261.0,-0.025,48830.4,0.087568237,13872.82,3639.7151,305.395,101.7,6799.974,0.008,0.716,102373.8183,1220.096592,0.702,0.298,0.942096921,47563.0,249.2838063,7.8,3.6,609729.3,133.1,1.4,8.9,10.3,11.3,9.9,231.0,19.28213689,98.8,98.6,98.0,44.1,94.4,54.1,99.3,0.4,75.74,8.1,10.2,698.6,163.06,90.97,70.37,51.74,48.97,40.83,32.93,856.7305467,"7,311",1453.830605,99.2666,,,66.1,96.5,8296.038659,156.3,836.0,298.0,794.0,,8522.0,603.0,0.4507,1309.0,288177.0,23.01,67.85,42551.0,232840.2
1061,2012-11-27,108.65,17442.1,3.1,377.9,479.1,100.0,15.614,7.6,31.056,40.1845,109.87,-0.114300301,59698.1,0.042643516,6.07,6.0,1417.6,1394.87,136.22,221.41,13196495,0.010636636,6.0,791792,0.518212794,12.44,10666.8705,0.072179525,51261.0,-0.025,48830.4,0.087568237,13872.82,3639.7151,305.395,101.7,6799.974,0.008,0.716,102373.8183,1220.096592,0.702,0.298,0.942096921,47563.0,249.2838063,7.8,3.6,609729.3,133.1,1.4,8.9,10.3,11.3,9.9,231.0,19.28213689,98.8,98.6,98.0,44.1,94.4,54.1,99.3,0.4,75.74,8.1,10.2,698.6,163.06,90.97,70.37,51.74,48.97,40.83,32.93,856.7305467,"7,311",1453.830605,99.2666,,,66.1,96.5,8296.038659,156.3,836.0,298.0,794.0,,8522.0,603.0,0.4507,1309.0,288177.0,23.01,67.85,42551.0,232840.2
1062,2012-11-28,108.65,17442.1,3.1,377.9,479.1,100.0,15.614,7.6,31.1428,40.2421,109.51,-0.114300301,59698.1,0.042643516,6.07,6.0,1397.38,1380.94,136.2,221.45,13196495,0.010636636,6.0,791792,0.518212794,12.44,10666.8705,0.072179525,51261.0,-0.025,48830.4,0.087568237,13872.82,3639.7151,305.395,101.7,6799.974,0.008,0.716,102373.8183,1220.096592,0.702,0.298,0.942096921,47563.0,249.2838063,7.8,3.6,609729.3,133.1,1.4,8.9,10.3,11.3,9.9,231.0,19.28213689,98.8,98.6,98.0,44.1,94.4,54.1,99.3,0.4,75.74,8.1,10.2,698.6,163.06,90.97,70.37,51.74,48.97,40.83,32.93,856.7305467,"7,311",1453.830605,99.2666,,,66.1,96.5,8296.038659,156.3,836.0,298.0,794.0,,8522.0,603.0,0.4507,1309.0,288177.0,23.01,67.85,42551.0,232840.2
1063,2012-11-29,108.65,17442.1,3.1,377.9,479.1,100.0,15.614,7.6,30.9068,40.0408,110.76,-0.114300301,59698.1,0.042643516,6.07,6.0,1420.35,1388.31,136.59,221.58,13196495,0.010636636,6.0,791792,0.518212794,12.44,10666.8705,0.072179525,51261.0,-0.025,48830.4,0.087568237,13872.82,3639.7151,305.395,101.7,6799.974,0.008,0.716,102373.8183,1220.096592,0.702,0.298,0.942096921,47563.0,249.2838063,7.8,3.6,609729.3,133.1,1.4,8.9,10.3,11.3,9.9,231.0,19.28213689,98.8,98.6,98.0,44.1,94.4,54.1,99.3,0.4,75.74,8.1,10.2,698.6,163.06,90.97,70.37,51.74,48.97,40.83,32.93,856.7305467,"7,311",1453.830605,99.2666,,,66.1,96.5,8296.038659,156.3,836.0,298.0,794.0,,8522.0,603.0,0.4507,1309.0,288177.0,23.01,67.85,42551.0,232840.2
1064,2012-11-30,108.65,17442.1,3.1,377.9,479.1,100.0,15.614,7.6,30.8806,40.1772,111.23,-0.114300301,59698.1,0.042643516,6.07,6.0,1436.55,1405.97,136.93,221.62,13196495,0.010636636,6.0,791792,0.518212794,12.44,10666.8705,0.072179525,51261.0,-0.025,48830.4,0.087568237,13872.82,3639.7151,305.395,101.7,6799.974,0.008,0.716,102373.8183,1220.096592,0.702,0.298,0.942096921,47563.0,249.2838063,7.8,3.6,609729.3,133.1,1.4,8.9,10.3,11.3,9.9,231.0,19.28213689,98.8,98.6,98.0,44.1,94.4,54.1,99.3,0.4,75.74,8.1,10.2,698.6,163.06,90.97,70.37,51.74,48.97,40.83,32.93,856.7305467,"7,311",1453.830605,99.2666,,,66.1,96.5,8296.038659,156.3,836.0,298.0,794.0,,8522.0,603.0,0.4507,1309.0,288177.0,23.01,67.85,42551.0,232840.2
1065,2012-12-01,108.6,17442.1,3.1,379.2,473.5,100.0,16.041,7.6,30.8806,40.1772,111.23,-0.158659394,59698.1,0.042643516,6.07,6.0,1436.55,1405.97,136.93,207.11,13434237,0.018015541,6.1,895130,0.500616924,12.55,10666.8705,0.072179525,87653.4,-0.025,48830.4,0.087568237,13948.2,3639.7151,305.395,101.7,6799.974,0.008,0.716,102373.8183,1220.096592,0.702,0.298,0.942096921,47563.0,249.2838063,7.8,3.6,609729.3,133.1,1.4,8.9,10.3,11.3,9.9,231.0,19.28213689,98.8,98.6,98.0,44.1,94.4,54.1,99.3,0.4,75.74,8.1,10.2,698.6,135.25,90.53,68.42,49.1,46.94,41.01,33.1,856.7305467,"7,311",1453.830605,99.2666,,,66.1,96.5,8296.038659,156.3,836.0,298.0,794.0,,8522.0,603.0,0.4507,1309.0,288177.0,23.01,67.85,42551.0,232840.2
1066,2012-12-02,108.6,17442.1,3.1,379.2,473.5,100.0,16.041,7.6,30.8806,40.1772,111.23,-0.158659394,59698.1,0.042643516,6.07,6.0,1436.55,1405.97,136.93,207.11,13434237,0.018015541,6.1,895130,0.500616924,12.55,10666.8705,0.072179525,87653.4,-0.025,48830.4,0.087568237,13948.2,3639.7151,305.395,101.7,6799.974,0.008,0.716,102373.8183,1220.096592,0.702,0.298,0.942096921,47563.0,249.2838063,7.8,3.6,609729.3,133.1,1.4,8.9,10.3,11.3,9.9,231.0,19.28213689,98.8,98.6,98.0,44.1,94.4,54.1,99.3,0.4,75.74,8.1,10.2,698.6,135.25,90.53,68.42,49.1,46.94,41.01,33.1,856.7305467,"7,311",1453.830605,99.2666,,,66.1,96.5,8296.038659,156.3,836.0,298.0,794.0,,8522.0,603.0,0.4507,1309.0,288177.0,23.01,67.85,42551.0,232840.2
1067,2012-12-03,108.6,17442.1,3.1,379.2,473.5,100.0,16.041,7.6,30.902,40.376,110.92,-0.158659394,59698.1,0.042643516,6.07,6.0,1451.69,1421.97,137.42,210.71,13434237,0.018015541,6.1,895130,0.500616924,12.55,10666.8705,0.072179525,87653.4,-0.025,48830.4,0.087568237,13948.2,3639.7151,305.395,101.7,6799.974,0.008,0.716,102373.8183,1220.096592,0.702,0.298,0.942096921,47563.0,249.2838063,7.8,3.6,609729.3,133.1,1.4,8.9,10.3,11.3,9.9,231.0,19.28213689,98.8,98.6,98.0,44.1,94.4,54.1,99.3,0.4,75.74,8.1,10.2,698.6,135.25,90.53,68.42,49.1,46.94,41.01,33.1,856.7305467,"7,311",1453.830605,99.2666,,,66.1,96.5,8296.038659,156.3,836.0,298.0,794.0,,8522.0,603.0,0.4507,1309.0,288177.0,23.01,67.85,42551.0,232840.2
1068,2012-12-04,108.6,17442.1,3.1,379.2,473.5,100.0,16.041,7.6,30.8595,40.3659,109.84,-0.158659394,59698.1,0.042643516,6.07,6.0,1443.87,1411.83,137.63,212.49,13434237,0.018015541,6.1,895130,0.500616924,12.55,10666.8705,0.072179525,87653.4,-0.025,48830.4,0.087568237,13948.2,3639.7151,305.395,101.7,6799.974,0.008,0.716,102373.8183,1220.096592,0.702,0.298,0.942096921,47563.0,249.2838063,7.8,3.6,609729.3,133.1,1.4,8.9,10.3,11.3,9.9,231.0,19.28213689,98.8,98.6,98.0,44.1,94.4,54.1,99.3,0.4,75.74,8.1,10.2,698.6,135.25,90.53,68.42,49.1,46.94,41.01,33.1,856.7305467,"7,311",1453.830605,99.2666,,,66.1,96.5,8296.038659,156.3,836.0,298.0,794.0,,8522.0,603.0,0.4507,1309.0,288177.0,23.01,67.85,42551.0,232840.2
1069,2012-12-05,108.6,17442.1,3.1,379.2,473.5,100.0,16.041,7.6,30.7728,40.244,108.81,-0.158659394,59698.1,0.042643516,6.07,6.0,1469.54,1435.97,137.62,213.36,13434237,0.018015541,6.1,895130,0.500616924,12.55,10666.8705,0.072179525,87653.4,-0.025,48830.4,0.087568237,13948.2,3639.7151,305.395,101.7,6799.974,0.008,0.716,102373.8183,1220.096592,0.702,0.298,0.942096921,47563.0,249.2838063,7.8,3.6,609729.3,133.1,1.4,8.9,10.3,11.3,9.9,231.0,19.28213689,98.8,98.6,98.0,44.1,94.4,54.1,99.3,0.4,75.74,8.1,10.2,698.6,135.25,90.53,68.42,49.1,46.94,41.01,33.1,856.7305467,"7,311",1453.830605,99.2666,,,66.1,96.5,8296.038659,156.3,836.0,298.0,794.0,,8522.0,603.0,0.4507,1309.0,288177.0,23.01,67.85,42551.0,232840.2
1070,2012-12-06,108.6,17442.1,3.1,379.2,473.5,100.0,16.041,7.6,30.895,40.0716,107.03,-0.158659394,59698.1,0.042643516,6.07,6.0,1467.0,1438.54,137.44,213.36,13434237,0.018015541,6.1,895130,0.500616924,12.55,10666.8705,0.072179525,87653.4,-0.025,48830.4,0.087568237,13948.2,3639.7151,305.395,101.7,6799.974,0.008,0.716,102373.8183,1220.096592,0.702,0.298,0.942096921,47563.0,249.2838063,7.8,3.6,609729.3,133.1,1.4,8.9,10.3,11.3,9.9,231.0,19.28213689,98.8,98.6,98.0,44.1,94.4,54.1,99.3,0.4,75.74,8.1,10.2,698.6,135.25,90.53,68.42,49.1,46.94,41.01,33.1,856.7305467,"7,311",1453.830605,99.2666,,,66.1,96.5,8296.038659,156.3,836.0,298.0,794.0,,8522.0,603.0,0.4507,1309.0,288177.0,23.01,67.85,42551.0,232840.2
1071,2012-12-07,108.6,17442.1,3.1,379.2,473.5,100.0,16.041,7.6,30.8138,39.8825,107.02,-0.158659394,59698.1,0.042643516,6.07,6.0,1471.09,1441.47,137.51,213.79,13434237,0.018015541,6.1,895130,0.500616924,12.55,10666.8705,0.072179525,87653.4,-0.025,48830.4,0.087568237,13948.2,3639.7151,305.395,101.7,6799.974,0.008,0.716,102373.8183,1220.096592,0.702,0.298,0.942096921,47563.0,249.2838063,7.8,3.6,609729.3,133.1,1.4,8.9,10.3,11.3,9.9,231.0,19.28213689,98.8,98.6,98.0,44.1,94.4,54.1,99.3,0.4,75.74,8.1,10.2,698.6,135.25,90.53,68.42,49.1,46.94,41.01,33.1,856.7305467,"7,311",1453.830605,99.2666,,,66.1,96.5,8296.038659,156.3,836.0,298.0,794.0,,8522.0,603.0,0.4507,1309.0,288177.0,23.01,67.85,42551.0,232840.2
1072,2012-12-08,108.6,17442.1,3.1,379.2,473.5,100.0,16.041,7.6,30.8138,39.8825,107.02,-0.158659394,59698.1,0.042643516,6.07,6.0,1471.09,1441.47,137.51,213.79,13434237,0.018015541,6.1,895130,0.500616924,12.55,10666.8705,0.072179525,87653.4,-0.025,48830.4,0.087568237,13948.2,3639.7151,305.395,101.7,6799.974,0.008,0.716,102373.8183,1220.096592,0.702,0.298,0.942096921,47563.0,249.2838063,7.8,3.6,609729.3,133.1,1.4,8.9,10.3,11.3,9.9,231.0,19.28213689,98.8,98.6,98.0,44.1,94.4,54.1,99.3,0.4,75.74,8.1,10.2,698.6,135.25,90.53,68.42,49.1,46.94,41.01,33.1,856.7305467,"7,311",1453.830605,99.2666,,,66.1,96.5,8296.038659,156.3,836.0,298.0,794.0,,8522.0,603.0,0.4507,1309.0,288177.0,23.01,67.85,42551.0,232840.2
1073,2012-12-09,108.6,17442.1,3.1,379.2,473.5,100.0,16.041,7.6,30.8138,39.8825,107.02,-0.158659394,59698.1,0.042643516,6.07,6.0,1471.09,1441.47,137.51,217.33,13434237,0.018015541,6.1,895130,0.500616924,12.55,10666.8705,0.072179525,87653.4,-0.025,48830.4,0.087568237,13948.2,3639.7151,305.395,101.7,6799.974,0.008,0.716,102373.8183,1220.096592,0.702,0.298,0.942096921,47563.0,249.2838063,7.8,3.6,609729.3,133.1,1.4,8.9,10.3,11.3,9.9,231.0,19.28213689,98.8,98.6,98.0,44.1,94.4,54.1,99.3,0.4,75.74,8.1,10.2,698.6,135.25,90.53,68.42,49.1,46.94,41.01,33.1,856.7305467,"7,311",1453.830605,99.2666,,,66.1,96.5,8296.038659,156.3,836.0,298.0,794.0,,8522.0,603.0,0.4507,1309.0,288177.0,23.01,67.85,42551.0,232840.2
1074,2012-12-10,108.6,17442.1,3.1,379.2,473.5,100.0,16.041,7.6,30.7341,39.7394,107.33,-0.158659394,59698.1,0.042643516,6.07,6.0,1480.78,1447.72,137.91,219.01,13434237,0.018015541,6.1,895130,0.500616924,12.55,10666.8705,0.072179525,87653.4,-0.025,48830.4,0.087568237,13948.2,3639.7151,305.395,101.7,6799.974,0.008,0.716,102373.8183,1220.096592,0.702,0.298,0.942096921,47563.0,249.2838063,7.8,3.6,609729.3,133.1,1.4,8.9,10.3,11.3,9.9,231.0,19.28213689,98.8,98.6,98.0,44.1,94.4,54.1,99.3,0.4,75.74,8.1,10.2,698.6,135.25,90.53,68.42,49.1,46.94,41.01,33.1,856.7305467,"7,311",1453.830605,99.2666,,,66.1,96.5,8296.038659,156.3,836.0,298.0,794.0,,8522.0,603.0,0.4507,1309.0,288177.0,23.01,67.85,42551.0,232840.2
1075,2012-12-11,108.6,17442.1,3.1,379.2,473.5,100.0,16.041,7.6,30.7132,39.9044,108.01,-0.158659394,59698.1,0.042643516,6.07,6.0,1484.5,1448.43,137.92,220.58,13434237,0.018015541,6.1,895130,0.500616924,12.55,10666.8705,0.072179525,87653.4,-0.025,48830.4,0.087568237,13948.2,3639.7151,305.395,101.7,6799.974,0.008,0.716,102373.8183,1220.096592,0.702,0.298,0.942096921,47563.0,249.2838063,7.8,3.6,609729.3,133.1,1.4,8.9,10.3,11.3,9.9,231.0,19.28213689,98.8,98.6,98.0,44.1,94.4,54.1,99.3,0.4,75.74,8.1,10.2,698.6,135.25,90.53,68.42,49.1,46.94,41.01,33.1,856.7305467,"7,311",1453.830605,99.2666,,,66.1,96.5,8296.038659,156.3,836.0,298.0,794.0,,8522.0,603.0,0.4507,1309.0,288177.0,23.01,67.85,42551.0,232840.2
1076,2012-12-12,108.6,17442.1,3.1,379.2,473.5,100.0,16.041,7.6,30.587,39.881,109.5,-0.158659394,59698.1,0.042643516,6.07,6.0,1506.91,1466.51,138.43,222.53,13434237,0.018015541,6.1,895130,0.500616924,12.55,10666.8705,0.072179525,87653.4,-0.025,48830.4,0.087568237,13948.2,3639.7151,305.395,101.7,6799.974,0.008,0.716,102373.8183,1220.096592,0.702,0.298,0.942096921,47563.0,249.2838063,7.8,3.6,609729.3,133.1,1.4,8.9,10.3,11.3,9.9,231.0,19.28213689,98.8,98.6,98.0,44.1,94.4,54.1,99.3,0.4,75.74,8.1,10.2,698.6,135.25,90.53,68.42,49.1,46.94,41.01,33.1,856.7305467,"7,311",1453.830605,99.2666,,,66.1,96.5,8296.038659,156.3,836.0,298.0,794.0,,8522.0,603.0,0.4507,1309.0,288177.0,23.01,67.85,42551.0,232840.2
1077,2012-12-13,108.6,17442.1,3.1,379.2,473.5,100.0,16.041,7.6,30.6923,40.1347,107.91,-0.158659394,59698.1,0.042643516,6.07,6.0,1499.68,1462.87,138.17,222.64,13434237,0.018015541,6.1,895130,0.500616924,12.55,10666.8705,0.072179525,87653.4,-0.025,48830.4,0.087568237,13948.2,3639.7151,305.395,101.7,6799.974,0.008,0.716,102373.8183,1220.096592,0.702,0.298,0.942096921,47563.0,249.2838063,7.8,3.6,609729.3,133.1,1.4,8.9,10.3,11.3,9.9,231.0,19.28213689,98.8,98.6,98.0,44.1,94.4,54.1,99.3,0.4,75.74,8.1,10.2,698.6,135.25,90.53,68.42,49.1,46.94,41.01,33.1,856.7305467,"7,311",1453.830605,99.2666,,,66.1,96.5,8296.038659,156.3,836.0,298.0,794.0,,8522.0,603.0,0.4507,1309.0,288177.0,23.01,67.85,42551.0,232840.2
1078,2012-12-14,108.6,17442.1,3.1,379.2,473.5,100.0,16.041,7.6,30.7147,40.3392,109.15,-0.158659394,59698.1,0.042643516,6.07,6.0,1500.89,1466.15,138.33,222.77,13434237,0.018015541,6.1,895130,0.500616924,12.55,10666.8705,0.072179525,87653.4,-0.025,48830.4,0.087568237,13948.2,3639.7151,305.395,101.7,6799.974,0.008,0.716,102373.8183,1220.096592,0.702,0.298,0.942096921,47563.0,249.2838063,7.8,3.6,609729.3,133.1,1.4,8.9,10.3,11.3,9.9,231.0,19.28213689,98.8,98.6,98.0,44.1,94.4,54.1,99.3,0.4,75.74,8.1,10.2,698.6,135.25,90.53,68.42,49.1,46.94,41.01,33.1,856.7305467,"7,311",1453.830605,99.2666,,,66.1,96.5,8296.038659,156.3,836.0,298.0,794.0,,8522.0,603.0,0.4507,1309.0,288177.0,23.01,67.85,42551.0,232840.2
1079,2012-12-15,108.6,17442.1,3.1,379.2,473.5,100.0,16.041,7.6,30.7147,40.3392,109.15,-0.158659394,59698.1,0.042643516,6.07,6.0,1500.89,1466.15,138.33,222.77,13434237,0.018015541,6.1,895130,0.500616924,12.55,10666.8705,0.072179525,87653.4,-0.025,48830.4,0.087568237,13948.2,3639.7151,305.395,101.7,6799.974,0.008,0.716,102373.8183,1220.096592,0.702,0.298,0.942096921,47563.0,249.2838063,7.8,3.6,609729.3,133.1,1.4,8.9,10.3,11.3,9.9,231.0,19.28213689,98.8,98.6,98.0,44.1,94.4,54.1,99.3,0.4,75.74,8.1,10.2,698.6,135.25,90.53,68.42,49.1,46.94,41.01,33.1,856.7305467,"7,311",1453.830605,99.2666,,,66.1,96.5,8296.038659,156.3,836.0,298.0,794.0,,8522.0,603.0,0.4507,1309.0,288177.0,23.01,67.85,42551.0,232840.2
1080,2012-12-16,108.6,17442.1,3.1,379.2,473.5,100.0,16.041,7.6,30.7147,40.3392,109.15,-0.158659394,59698.1,0.042643516,6.07,6.0,1500.89,1466.15,138.33,222.77,13434237,0.018015541,6.1,895130,0.500616924,12.55,10666.8705,0.072179525,87653.4,-0.025,48830.4,0.087568237,13948.2,3639.7151,305.395,101.7,6799.974,0.008,0.716,102373.8183,1220.096592,0.702,0.298,0.942096921,47563.0,249.2838063,7.8,3.6,609729.3,133.1,1.4,8.9,10.3,11.3,9.9,231.0,19.28213689,98.8,98.6,98.0,44.1,94.4,54.1,99.3,0.4,75.74,8.1,10.2,698.6,135.25,90.53,68.42,49.1,46.94,41.01,33.1,856.7305467,"7,311",1453.830605,99.2666,,,66.1,96.5,8296.038659,156.3,836.0,298.0,794.0,,8522.0,603.0,0.4507,1309.0,288177.0,23.01,67.85,42551.0,232840.2
1081,2012-12-17,108.6,17442.1,3.1,379.2,473.5,100.0,16.041,7.6,30.9979,40.8234,107.64,-0.158659394,59698.1,0.042643516,6.07,6.0,1491.21,1469.53,138.26,222.9,13434237,0.018015541,6.1,895130,0.500616924,12.55,10666.8705,0.072179525,87653.4,-0.025,48830.4,0.087568237,13948.2,3639.7151,305.395,101.7,6799.974,0.008,0.716,102373.8183,1220.096592,0.702,0.298,0.942096921,47563.0,249.2838063,7.8,3.6,609729.3,133.1,1.4,8.9,10.3,11.3,9.9,231.0,19.28213689,98.8,98.6,98.0,44.1,94.4,54.1,99.3,0.4,75.74,8.1,10.2,698.6,135.25,90.53,68.42,49.1,46.94,41.01,33.1,856.7305467,"7,311",1453.830605,99.2666,,,66.1,96.5,8296.038659,156.3,836.0,298.0,794.0,,8522.0,603.0,0.4507,1309.0,288177.0,23.01,67.85,42551.0,232840.2
1082,2012-12-18,108.6,17442.1,3.1,379.2,473.5,100.0,16.041,7.6,30.7473,40.6642,108.84,-0.158659394,59698.1,0.042643516,6.07,6.0,1511.43,1481.54,138.25,222.98,13434237,0.018015541,6.1,895130,0.500616924,12.55,10666.8705,0.072179525,87653.4,-0.025,48830.4,0.087568237,13948.2,3639.7151,305.395,101.7,6799.974,0.008,0.716,102373.8183,1220.096592,0.702,0.298,0.942096921,47563.0,249.2838063,7.8,3.6,609729.3,133.1,1.4,8.9,10.3,11.3,9.9,231.0,19.28213689,98.8,98.6,98.0,44.1,94.4,54.1,99.3,0.4,75.74,8.1,10.2,698.6,135.25,90.53,68.42,49.1,46.94,41.01,33.1,856.7305467,"7,311",1453.830605,99.2666,,,66.1,96.5,8296.038659,156.3,836.0,298.0,794.0,,8522.0,603.0,0.4507,1309.0,288177.0,23.01,67.85,42551.0,232840.2
1083,2012-12-19,108.6,17442.1,3.1,379.2,473.5,100.0,16.041,7.6,30.764,40.7603,110.36,-0.158659394,59698.1,0.042643516,6.07,6.0,1517.39,1478.83,138.08,223.2,13434237,0.018015541,6.1,895130,0.500616924,12.55,10666.8705,0.072179525,87653.4,-0.025,48830.4,0.087568237,13948.2,3639.7151,305.395,101.7,6799.974,0.008,0.716,102373.8183,1220.096592,0.702,0.298,0.942096921,47563.0,249.2838063,7.8,3.6,609729.3,133.1,1.4,8.9,10.3,11.3,9.9,231.0,19.28213689,98.8,98.6,98.0,44.1,94.4,54.1,99.3,0.4,75.74,8.1,10.2,698.6,135.25,90.53,68.42,49.1,46.94,41.01,33.1,856.7305467,"7,311",1453.830605,99.2666,,,66.1,96.5,8296.038659,156.3,836.0,298.0,794.0,,8522.0,603.0,0.4507,1309.0,288177.0,23.01,67.85,42551.0,232840.2
1084,2012-12-20,108.6,17442.1,3.1,379.2,473.5,100.0,16.041,7.6,30.7075,40.6172,110.2,-0.158659394,59698.1,0.042643516,6.07,6.0,1528.89,1488.22,138.02,223.18,13434237,0.018015541,6.1,895130,0.500616924,12.55,10666.8705,0.072179525,87653.4,-0.025,48830.4,0.087568237,13948.2,3639.7151,305.395,101.7,6799.974,0.008,0.716,102373.8183,1220.096592,0.702,0.298,0.942096921,47563.0,249.2838063,7.8,3.6,609729.3,133.1,1.4,8.9,10.3,11.3,9.9,231.0,19.28213689,98.8,98.6,98.0,44.1,94.4,54.1,99.3,0.4,75.74,8.1,10.2,698.6,135.25,90.53,68.42,49.1,46.94,41.01,33.1,856.7305467,"7,311",1453.830605,99.2666,,,66.1,96.5,8296.038659,156.3,836.0,298.0,794.0,,8522.0,603.0,0.4507,1309.0,288177.0,23.01,67.85,42551.0,232840.2
1085,2012-12-21,108.6,17442.1,3.1,379.2,473.5,100.0,16.041,7.6,30.8341,40.6034,108.97,-0.158659394,59698.1,0.042643516,6.07,6.0,1512.18,1477.44,137.99,223.32,13434237,0.018015541,6.1,895130,0.500616924,12.55,10666.8705,0.072179525,87653.4,-0.025,48830.4,0.087568237,13948.2,3639.7151,305.395,101.7,6799.974,0.008,0.716,102373.8183,1220.096592,0.702,0.298,0.942096921,47563.0,249.2838063,7.8,3.6,609729.3,133.1,1.4,8.9,10.3,11.3,9.9,231.0,19.28213689,98.8,98.6,98.0,44.1,94.4,54.1,99.3,0.4,75.74,8.1,10.2,698.6,135.25,90.53,68.42,49.1,46.94,41.01,33.1,856.7305467,"7,311",1453.830605,99.2666,,,66.1,96.5,8296.038659,156.3,836.0,298.0,794.0,,8522.0,603.0,0.4507,1309.0,288177.0,23.01,67.85,42551.0,232840.2
1086,2012-12-22,108.6,17442.1,3.1,379.2,473.5,100.0,16.041,7.6,30.8341,40.6034,108.97,-0.158659394,59698.1,0.042643516,6.07,6.0,1512.18,1477.44,137.99,223.32,13434237,0.018015541,6.1,895130,0.500616924,12.55,10666.8705,0.072179525,87653.4,-0.025,48830.4,0.087568237,13948.2,3639.7151,305.395,101.7,6799.974,0.008,0.716,102373.8183,1220.096592,0.702,0.298,0.942096921,47563.0,249.2838063,7.8,3.6,609729.3,133.1,1.4,8.9,10.3,11.3,9.9,231.0,19.28213689,98.8,98.6,98.0,44.1,94.4,54.1,99.3,0.4,75.74,8.1,10.2,698.6,135.25,90.53,68.42,49.1,46.94,41.01,33.1,856.7305467,"7,311",1453.830605,99.2666,,,66.1,96.5,8296.038659,156.3,836.0,298.0,794.0,,8522.0,603.0,0.4507,1309.0,288177.0,23.01,67.85,42551.0,232840.2
1087,2012-12-23,108.6,17442.1,3.1,379.2,473.5,100.0,16.041,7.6,30.8341,40.6034,108.97,-0.158659394,59698.1,0.042643516,6.07,6.0,1512.18,1477.44,137.99,223.32,13434237,0.018015541,6.1,895130,0.500616924,12.55,10666.8705,0.072179525,87653.4,-0.025,48830.4,0.087568237,13948.2,3639.7151,305.395,101.7,6799.974,0.008,0.716,102373.8183,1220.096592,0.702,0.298,0.942096921,47563.0,249.2838063,7.8,3.6,609729.3,133.1,1.4,8.9,10.3,11.3,9.9,231.0,19.28213689,98.8,98.6,98.0,44.1,94.4,54.1,99.3,0.4,75.74,8.1,10.2,698.6,135.25,90.53,68.42,49.1,46.94,41.01,33.1,856.7305467,"7,311",1453.830605,99.2666,,,66.1,96.5,8296.038659,156.3,836.0,298.0,794.0,,8522.0,603.0,0.4507,1309.0,288177.0,23.01,67.85,42551.0,232840.2
1088,2012-12-24,108.6,17442.1,3.1,379.2,473.5,100.0,16.041,7.6,30.6028,40.3388,108.8,-0.158659394,59698.1,0.042643516,6.07,6.0,1515.87,1471.73,137.99,223.49,13434237,0.018015541,6.1,895130,0.500616924,12.55,10666.8705,0.072179525,87653.4,-0.025,48830.4,0.087568237,13948.2,3639.7151,305.395,101.7,6799.974,0.008,0.716,102373.8183,1220.096592,0.702,0.298,0.942096921,47563.0,249.2838063,7.8,3.6,609729.3,133.1,1.4,8.9,10.3,11.3,9.9,231.0,19.28213689,98.8,98.6,98.0,44.1,94.4,54.1,99.3,0.4,75.74,8.1,10.2,698.6,135.25,90.53,68.42,49.1,46.94,41.01,33.1,856.7305467,"7,311",1453.830605,99.2666,,,66.1,96.5,8296.038659,156.3,836.0,298.0,794.0,,8522.0,603.0,0.4507,1309.0,288177.0,23.01,67.85,42551.0,232840.2
1089,2012-12-25,108.6,17442.1,3.1,379.2,473.5,100.0,16.041,7.6,30.651,40.4682,108.8,-0.158659394,59698.1,0.042643516,6.07,6.0,1513.74,1473.53,137.89,223.61,13434237,0.018015541,6.1,895130,0.500616924,12.55,10666.8705,0.072179525,87653.4,-0.025,48830.4,0.087568237,13948.2,3639.7151,305.395,101.7,6799.974,0.008,0.716,102373.8183,1220.096592,0.702,0.298,0.942096921,47563.0,249.2838063,7.8,3.6,609729.3,133.1,1.4,8.9,10.3,11.3,9.9,231.0,19.28213689,98.8,98.6,98.0,44.1,94.4,54.1,99.3,0.4,75.74,8.1,10.2,698.6,135.25,90.53,68.42,49.1,46.94,41.01,33.1,856.7305467,"7,311",1453.830605,99.2666,,,66.1,96.5,8296.038659,156.3,836.0,298.0,794.0,,8522.0,603.0,0.4507,1309.0,288177.0,23.01,67.85,42551.0,232840.2
1090,2012-12-26,108.6,17442.1,3.1,379.2,473.5,100.0,16.041,7.6,30.5662,40.4299,111.07,-0.158659394,59698.1,0.042643516,6.07,6.0,1526.34,1478.61,137.94,223.68,13434237,0.018015541,6.1,895130,0.500616924,12.55,10666.8705,0.072179525,87653.4,-0.025,48830.4,0.087568237,13948.2,3639.7151,305.395,101.7,6799.974,0.008,0.716,102373.8183,1220.096592,0.702,0.298,0.942096921,47563.0,249.2838063,7.8,3.6,609729.3,133.1,1.4,8.9,10.3,11.3,9.9,231.0,19.28213689,98.8,98.6,98.0,44.1,94.4,54.1,99.3,0.4,75.74,8.1,10.2,698.6,135.25,90.53,68.42,49.1,46.94,41.01,33.1,856.7305467,"7,311",1453.830605,99.2666,,,66.1,96.5,8296.038659,156.3,836.0,298.0,794.0,,8522.0,603.0,0.4507,1309.0,288177.0,23.01,67.85,42551.0,232840.2
1091,2012-12-27,108.6,17442.1,3.1,379.2,473.5,100.0,16.041,7.6,30.3234,40.1049,110.8,-0.158659394,59698.1,0.042643516,6.07,6.0,1535.05,1478.24,137.93,223.84,13434237,0.018015541,6.1,895130,0.500616924,12.55,10666.8705,0.072179525,87653.4,-0.025,48830.4,0.087568237,13948.2,3639.7151,305.395,101.7,6799.974,0.008,0.716,102373.8183,1220.096592,0.702,0.298,0.942096921,47563.0,249.2838063,7.8,3.6,609729.3,133.1,1.4,8.9,10.3,11.3,9.9,231.0,19.28213689,98.8,98.6,98.0,44.1,94.4,54.1,99.3,0.4,75.74,8.1,10.2,698.6,135.25,90.53,68.42,49.1,46.94,41.01,33.1,856.7305467,"7,311",1453.830605,99.2666,,,66.1,96.5,8296.038659,156.3,836.0,298.0,794.0,,8522.0,603.0,0.4507,1309.0,288177.0,23.01,67.85,42551.0,232840.2
1092,2012-12-28,108.6,17442.1,3.1,379.2,473.5,100.0,16.041,7.6,30.345,40.1487,110.62,-0.158659394,59698.1,0.042643516,6.07,6.0,1526.98,1474.72,138.04,224.16,13434237,0.018015541,6.1,895130,0.500616924,12.55,10666.8705,0.072179525,87653.4,-0.025,48830.4,0.087568237,13948.2,3639.7151,305.395,101.7,6799.974,0.008,0.716,102373.8183,1220.096592,0.702,0.298,0.942096921,47563.0,249.2838063,7.8,3.6,609729.3,133.1,1.4,8.9,10.3,11.3,9.9,231.0,19.28213689,98.8,98.6,98.0,44.1,94.4,54.1,99.3,0.4,75.74,8.1,10.2,698.6,135.25,90.53,68.42,49.1,46.94,41.01,33.1,856.7305467,"7,311",1453.830605,99.2666,,,66.1,96.5,8296.038659,156.3,836.0,298.0,794.0,,8522.0,603.0,0.4507,1309.0,288177.0,23.01,67.85,42551.0,232840.2
1093,2012-12-29,108.6,17442.1,3.1,379.2,473.5,100.0,16.041,7.6,30.345,40.1487,110.62,-0.158659394,59698.1,0.042643516,6.07,6.0,1526.98,1474.72,138.04,224.16,13434237,0.018015541,6.1,895130,0.500616924,12.55,10666.8705,0.072179525,87653.4,-0.025,48830.4,0.087568237,13948.2,3639.7151,305.395,101.7,6799.974,0.008,0.716,102373.8183,1220.096592,0.702,0.298,0.942096921,47563.0,249.2838063,7.8,3.6,609729.3,133.1,1.4,8.9,10.3,11.3,9.9,231.0,19.28213689,98.8,98.6,98.0,44.1,94.4,54.1,99.3,0.4,75.74,8.1,10.2,698.6,135.25,90.53,68.42,49.1,46.94,41.01,33.1,856.7305467,"7,311",1453.830605,99.2666,,,66.1,96.5,8296.038659,156.3,836.0,298.0,794.0,,8522.0,603.0,0.4507,1309.0,288177.0,23.01,67.85,42551.0,232840.2
1094,2012-12-30,108.6,17442.1,3.1,379.2,473.5,100.0,16.041,7.6,30.345,40.1487,110.62,-0.158659394,59698.1,0.042643516,6.07,6.0,1526.98,1474.72,138.04,224.16,13434237,0.018015541,6.1,895130,0.500616924,12.55,10666.8705,0.072179525,87653.4,-0.025,48830.4,0.087568237,13948.2,3639.7151,305.395,101.7,6799.974,0.008,0.716,102373.8183,1220.096592,0.702,0.298,0.942096921,47563.0,249.2838063,7.8,3.6,609729.3,133.1,1.4,8.9,10.3,11.3,9.9,231.0,19.28213689,98.8,98.6,98.0,44.1,94.4,54.1,99.3,0.4,75.74,8.1,10.2,698.6,135.25,90.53,68.42,49.1,46.94,41.01,33.1,856.7305467,"7,311",1453.830605,99.2666,,,66.1,96.5,8296.038659,156.3,836.0,298.0,794.0,,8522.0,603.0,0.4507,1309.0,288177.0,23.01,67.85,42551.0,232840.2
1095,2012-12-31,108.6,17442.1,3.1,379.2,473.5,100.0,16.041,7.6,30.525,40.248,111.11,-0.158659394,59698.1,0.042643516,6.07,6.0,1526.98,1474.72,138.04,224.16,13434237,0.018015541,6.1,895130,0.500616924,12.55,10666.8705,0.072179525,87653.4,-0.025,48830.4,0.087568237,13948.2,3639.7151,305.395,101.7,6799.974,0.008,0.716,102373.8183,1220.096592,0.702,0.298,0.942096921,47563.0,249.2838063,7.8,3.6,609729.3,133.1,1.4,8.9,10.3,11.3,9.9,231.0,19.28213689,98.8,98.6,98.0,44.1,94.4,54.1,99.3,0.4,75.74,8.1,10.2,698.6,135.25,90.53,68.42,49.1,46.94,41.01,33.1,856.7305467,"7,311",1453.830605,99.2666,,,66.1,96.5,8296.038659,156.3,836.0,298.0,794.0,,8522.0,603.0,0.4507,1309.0,288177.0,23.01,67.85,42551.0,232840.2
1096,2013-01-01,111.92,18410.7,2.0,381.2,468.3,108.299,17.851,8.1,30.558,40.3369,111.11,-0.186334838,66926.9,0.035178674,5.91,5.96,1526.98,1474.72,138.04,224.16,14251046,0.06080055,6.1,1017316,0.458691142,12.67,11814.8974,0.107625465,39108.3,0.054,55485.2,0.136283954,14289.4,4016.9869,333.529,103.5,6879.314,0.017,0.718,117328.6496,1413.093702,0.685,0.315,0.969793753,84183.0,198.0047076,8.0,3.8,674276.8,107.1,1.7,9.0,10.7,11.3,9.6,233.0,19.24347539,98.8,98.6,98.0,43.6,94.3,54.5,99.3,0.4,76.37,7.6,8.82,684.2,152.51,82.27,69.46,52.41,45.2,40.25,32.84,863.3947939,"3,013",1437.739554,100.0,"90,92","23,14",65.2,97.9,8846.956102,121.1,772.0,293.0,,,9350.0,627.0,0.43939,1440.0,329348.0,26.7,76.2,46352.0,226047.3
1097,2013-01-02,111.92,18410.7,2.0,381.2,468.3,108.299,17.851,8.1,30.173,39.8171,112.47,-0.186334838,66926.9,0.035178674,5.91,5.96,1526.98,1474.72,138.04,227.28,14251046,0.06080055,6.1,1017316,0.458691142,12.67,11814.8974,0.107625465,39108.3,0.054,55485.2,0.136283954,14289.4,4016.9869,333.529,103.5,6879.314,0.017,0.718,117328.6496,1413.093702,0.685,0.315,0.969793753,84183.0,198.0047076,8.0,3.8,674276.8,107.1,1.7,9.0,10.7,11.3,9.6,233.0,19.24347539,98.8,98.6,98.0,43.6,94.3,54.5,99.3,0.4,76.37,7.6,8.82,684.2,152.51,82.27,69.46,52.41,45.2,40.25,32.84,863.3947939,"3,013",1437.739554,100.0,"90,92","23,14",65.2,97.9,8846.956102,121.1,772.0,293.0,,,9350.0,627.0,0.43939,1440.0,329348.0,26.7,76.2,46352.0,226047.3
1098,2013-01-03,111.92,18410.7,2.0,381.2,468.3,108.299,17.851,8.1,30.169,39.5531,112.14,-0.186334838,66926.9,0.035178674,5.91,5.96,1526.98,1474.72,138.04,228.67,14251046,0.06080055,6.1,1017316,0.458691142,12.67,11814.8974,0.107625465,39108.3,0.054,55485.2,0.136283954,14289.4,4016.9869,333.529,103.5,6879.314,0.017,0.718,117328.6496,1413.093702,0.685,0.315,0.969793753,84183.0,198.0047076,8.0,3.8,674276.8,107.1,1.7,9.0,10.7,11.3,9.6,233.0,19.24347539,98.8,98.6,98.0,43.6,94.3,54.5,99.3,0.4,76.37,7.6,8.82,684.2,152.51,82.27,69.46,52.41,45.2,40.25,32.84,863.3947939,"3,013",1437.739554,100.0,"90,92","23,14",65.2,97.9,8846.956102,121.1,772.0,293.0,,,9350.0,627.0,0.43939,1440.0,329348.0,26.7,76.2,46352.0,226047.3
1099,2013-01-04,111.92,18410.7,2.0,381.2,468.3,108.299,17.851,8.1,30.389,39.6434,111.31,-0.186334838,66926.9,0.035178674,5.91,5.96,1526.98,1474.72,138.04,229.85,14251046,0.06080055,6.1,1017316,0.458691142,12.67,11814.8974,0.107625465,39108.3,0.054,55485.2,0.136283954,14289.4,4016.9869,333.529,103.5,6879.314,0.017,0.718,117328.6496,1413.093702,0.685,0.315,0.969793753,84183.0,198.0047076,8.0,3.8,674276.8,107.1,1.7,9.0,10.7,11.3,9.6,233.0,19.24347539,98.8,98.6,98.0,43.6,94.3,54.5,99.3,0.4,76.37,7.6,8.82,684.2,152.51,82.27,69.46,52.41,45.2,40.25,32.84,863.3947939,"3,013",1437.739554,100.0,"90,92","23,14",65.2,97.9,8846.956102,121.1,772.0,293.0,,,9350.0,627.0,0.43939,1440.0,329348.0,26.7,76.2,46352.0,226047.3
1100,2013-01-05,111.92,18410.7,2.0,381.2,468.3,108.299,17.851,8.1,30.389,39.6434,111.31,-0.186334838,66926.9,0.035178674,5.91,5.96,1526.98,1474.72,138.04,229.85,14251046,0.06080055,6.1,1017316,0.458691142,12.67,11814.8974,0.107625465,39108.3,0.054,55485.2,0.136283954,14289.4,4016.9869,333.529,103.5,6879.314,0.017,0.718,117328.6496,1413.093702,0.685,0.315,0.969793753,84183.0,198.0047076,8.0,3.8,674276.8,107.1,1.7,9.0,10.7,11.3,9.6,233.0,19.24347539,98.8,98.6,98.0,43.6,94.3,54.5,99.3,0.4,76.37,7.6,8.82,684.2,152.51,82.27,69.46,52.41,45.2,40.25,32.84,863.3947939,"3,013",1437.739554,100.0,"90,92","23,14",65.2,97.9,8846.956102,121.1,772.0,293.0,,,9350.0,627.0,0.43939,1440.0,329348.0,26.7,76.2,46352.0,226047.3
1101,2013-01-06,111.92,18410.7,2.0,381.2,468.3,108.299,17.851,8.1,30.389,39.6434,111.31,-0.186334838,66926.9,0.035178674,5.91,5.96,1526.98,1474.72,138.04,229.85,14251046,0.06080055,6.1,1017316,0.458691142,12.67,11814.8974,0.107625465,39108.3,0.054,55485.2,0.136283954,14289.4,4016.9869,333.529,103.5,6879.314,0.017,0.718,117328.6496,1413.093702,0.685,0.315,0.969793753,84183.0,198.0047076,8.0,3.8,674276.8,107.1,1.7,9.0,10.7,11.3,9.6,233.0,19.24347539,98.8,98.6,98.0,43.6,94.3,54.5,99.3,0.4,76.37,7.6,8.82,684.2,152.51,82.27,69.46,52.41,45.2,40.25,32.84,863.3947939,"3,013",1437.739554,100.0,"90,92","23,14",65.2,97.9,8846.956102,121.1,772.0,293.0,,,9350.0,627.0,0.43939,1440.0,329348.0,26.7,76.2,46352.0,226047.3
1102,2013-01-07,111.92,18410.7,2.0,381.2,468.3,108.299,17.851,8.1,30.36,39.7685,111.4,-0.186334838,66926.9,0.035178674,5.91,5.96,1526.98,1474.72,138.04,233.69,14251046,0.06080055,6.1,1017316,0.458691142,12.67,11814.8974,0.107625465,39108.3,0.054,55485.2,0.136283954,14289.4,4016.9869,333.529,103.5,6879.314,0.017,0.718,117328.6496,1413.093702,0.685,0.315,0.969793753,84183.0,198.0047076,8.0,3.8,674276.8,107.1,1.7,9.0,10.7,11.3,9.6,233.0,19.24347539,98.8,98.6,98.0,43.6,94.3,54.5,99.3,0.4,76.37,7.6,8.82,684.2,152.51,82.27,69.46,52.41,45.2,40.25,32.84,863.3947939,"3,013",1437.739554,100.0,"90,92","23,14",65.2,97.9,8846.956102,121.1,772.0,293.0,,,9350.0,627.0,0.43939,1440.0,329348.0,26.7,76.2,46352.0,226047.3
1103,2013-01-08,111.92,18410.7,2.0,381.2,468.3,108.299,17.851,8.1,30.3158,39.6128,111.94,-0.186334838,66926.9,0.035178674,5.91,5.96,1576.1,1514.82,137.82,236.08,14251046,0.06080055,6.1,1017316,0.458691142,12.67,11814.8974,0.107625465,39108.3,0.054,55485.2,0.136283954,14289.4,4016.9869,333.529,103.5,6879.314,0.017,0.718,117328.6496,1413.093702,0.685,0.315,0.969793753,84183.0,198.0047076,8.0,3.8,674276.8,107.1,1.7,9.0,10.7,11.3,9.6,233.0,19.24347539,98.8,98.6,98.0,43.6,94.3,54.5,99.3,0.4,76.37,7.6,8.82,684.2,152.51,82.27,69.46,52.41,45.2,40.25,32.84,863.3947939,"3,013",1437.739554,100.0,"90,92","23,14",65.2,97.9,8846.956102,121.1,772.0,293.0,,,9350.0,627.0,0.43939,1440.0,329348.0,26.7,76.2,46352.0,226047.3
1104,2013-01-09,111.92,18410.7,2.0,381.2,468.3,108.299,17.851,8.1,30.3389,39.6687,111.76,-0.186334838,66926.9,0.035178674,5.91,5.96,1568.59,1516.01,138.55,236.08,14251046,0.06080055,6.1,1017316,0.458691142,12.67,11814.8974,0.107625465,39108.3,0.054,55485.2,0.136283954,14289.4,4016.9869,333.529,103.5,6879.314,0.017,0.718,117328.6496,1413.093702,0.685,0.315,0.969793753,84183.0,198.0047076,8.0,3.8,674276.8,107.1,1.7,9.0,10.7,11.3,9.6,233.0,19.24347539,98.8,98.6,98.0,43.6,94.3,54.5,99.3,0.4,76.37,7.6,8.82,684.2,152.51,82.27,69.46,52.41,45.2,40.25,32.84,863.3947939,"3,013",1437.739554,100.0,"90,92","23,14",65.2,97.9,8846.956102,121.1,772.0,293.0,,,9350.0,627.0,0.43939,1440.0,329348.0,26.7,76.2,46352.0,226047.3
1105,2013-01-10,111.92,18410.7,2.0,381.2,468.3,108.299,17.851,8.1,30.2356,39.9697,111.89,-0.186334838,66926.9,0.035178674,5.91,5.96,1572.0,1507.16,139.82,239.41,14251046,0.06080055,6.1,1017316,0.458691142,12.67,11814.8974,0.107625465,39108.3,0.054,55485.2,0.136283954,14289.4,4016.9869,333.529,103.5,6879.314,0.017,0.718,117328.6496,1413.093702,0.685,0.315,0.969793753,84183.0,198.0047076,8.0,3.8,674276.8,107.1,1.7,9.0,10.7,11.3,9.6,233.0,19.24347539,98.8,98.6,98.0,43.6,94.3,54.5,99.3,0.4,76.37,7.6,8.82,684.2,152.51,82.27,69.46,52.41,45.2,40.25,32.84,863.3947939,"3,013",1437.739554,100.0,"90,92","23,14",65.2,97.9,8846.956102,121.1,772.0,293.0,,,9350.0,627.0,0.43939,1440.0,329348.0,26.7,76.2,46352.0,226047.3
1106,2013-01-11,111.92,18410.7,2.0,381.2,468.3,108.299,17.851,8.1,30.3343,40.5025,110.64,-0.186334838,66926.9,0.035178674,5.91,5.96,1571.73,1510.84,139.53,241.12,14251046,0.06080055,6.1,1017316,0.458691142,12.67,11814.8974,0.107625465,39108.3,0.054,55485.2,0.136283954,14289.4,4016.9869,333.529,103.5,6879.314,0.017,0.718,117328.6496,1413.093702,0.685,0.315,0.969793753,84183.0,198.0047076,8.0,3.8,674276.8,107.1,1.7,9.0,10.7,11.3,9.6,233.0,19.24347539,98.8,98.6,98.0,43.6,94.3,54.5,99.3,0.4,76.37,7.6,8.82,684.2,152.51,82.27,69.46,52.41,45.2,40.25,32.84,863.3947939,"3,013",1437.739554,100.0,"90,92","23,14",65.2,97.9,8846.956102,121.1,772.0,293.0,,,9350.0,627.0,0.43939,1440.0,329348.0,26.7,76.2,46352.0,226047.3
1107,2013-01-12,111.92,18410.7,2.0,381.2,468.3,108.299,17.851,8.1,30.3343,40.5025,110.64,-0.186334838,66926.9,0.035178674,5.91,5.96,1571.73,1510.84,139.53,241.12,14251046,0.06080055,6.1,1017316,0.458691142,12.67,11814.8974,0.107625465,39108.3,0.054,55485.2,0.136283954,14289.4,4016.9869,333.529,103.5,6879.314,0.017,0.718,117328.6496,1413.093702,0.685,0.315,0.969793753,84183.0,198.0047076,8.0,3.8,674276.8,107.1,1.7,9.0,10.7,11.3,9.6,233.0,19.24347539,98.8,98.6,98.0,43.6,94.3,54.5,99.3,0.4,76.37,7.6,8.82,684.2,152.51,82.27,69.46,52.41,45.2,40.25,32.84,863.3947939,"3,013",1437.739554,100.0,"90,92","23,14",65.2,97.9,8846.956102,121.1,772.0,293.0,,,9350.0,627.0,0.43939,1440.0,329348.0,26.7,76.2,46352.0,226047.3
1108,2013-01-13,111.92,18410.7,2.0,381.2,468.3,108.299,17.851,8.1,30.3343,40.5025,110.64,-0.186334838,66926.9,0.035178674,5.91,5.96,1571.73,1510.84,139.53,241.12,14251046,0.06080055,6.1,1017316,0.458691142,12.67,11814.8974,0.107625465,39108.3,0.054,55485.2,0.136283954,14289.4,4016.9869,333.529,103.5,6879.314,0.017,0.718,117328.6496,1413.093702,0.685,0.315,0.969793753,84183.0,198.0047076,8.0,3.8,674276.8,107.1,1.7,9.0,10.7,11.3,9.6,233.0,19.24347539,98.8,98.6,98.0,43.6,94.3,54.5,99.3,0.4,76.37,7.6,8.82,684.2,152.51,82.27,69.46,52.41,45.2,40.25,32.84,863.3947939,"3,013",1437.739554,100.0,"90,92","23,14",65.2,97.9,8846.956102,121.1,772.0,293.0,,,9350.0,627.0,0.43939,1440.0,329348.0,26.7,76.2,46352.0,226047.3
1109,2013-01-14,111.92,18410.7,2.0,381.2,468.3,108.299,17.851,8.1,30.249,40.4363,111.88,-0.186334838,66926.9,0.035178674,5.91,5.96,1590.21,1528.48,139.57,225.32,14251046,0.06080055,6.1,1017316,0.458691142,12.67,11814.8974,0.107625465,39108.3,0.054,55485.2,0.136283954,14289.4,4016.9869,333.529,103.5,6879.314,0.017,0.718,117328.6496,1413.093702,0.685,0.315,0.969793753,84183.0,198.0047076,8.0,3.8,674276.8,107.1,1.7,9.0,10.7,11.3,9.6,233.0,19.24347539,98.8,98.6,98.0,43.6,94.3,54.5,99.3,0.4,76.37,7.6,8.82,684.2,152.51,82.27,69.46,52.41,45.2,40.25,32.84,863.3947939,"3,013",1437.739554,100.0,"90,92","23,14",65.2,97.9,8846.956102,121.1,772.0,293.0,,,9350.0,627.0,0.43939,1440.0,329348.0,26.7,76.2,46352.0,226047.3
1110,2013-01-15,111.92,18410.7,2.0,381.2,468.3,108.299,17.851,8.1,30.267,40.3766,110.3,-0.186334838,66926.9,0.035178674,5.91,5.96,1576.54,1515.25,139.46,225.41,14251046,0.06080055,6.1,1017316,0.458691142,12.67,11814.8974,0.107625465,39108.3,0.054,55485.2,0.136283954,14289.4,4016.9869,333.529,103.5,6879.314,0.017,0.718,117328.6496,1413.093702,0.685,0.315,0.969793753,84183.0,198.0047076,8.0,3.8,674276.8,107.1,1.7,9.0,10.7,11.3,9.6,233.0,19.24347539,98.8,98.6,98.0,43.6,94.3,54.5,99.3,0.4,76.37,7.6,8.82,684.2,152.51,82.27,69.46,52.41,45.2,40.25,32.84,863.3947939,"3,013",1437.739554,100.0,"90,92","23,14",65.2,97.9,8846.956102,121.1,772.0,293.0,,,9350.0,627.0,0.43939,1440.0,329348.0,26.7,76.2,46352.0,226047.3
1111,2013-01-16,111.92,18410.7,2.0,381.2,468.3,108.299,17.851,8.1,30.2958,40.3108,110.61,-0.186334838,66926.9,0.035178674,5.91,5.96,1571.15,1514.86,139.08,225.63,14251046,0.06080055,6.1,1017316,0.458691142,12.67,11814.8974,0.107625465,39108.3,0.054,55485.2,0.136283954,14289.4,4016.9869,333.529,103.5,6879.314,0.017,0.718,117328.6496,1413.093702,0.685,0.315,0.969793753,84183.0,198.0047076,8.0,3.8,674276.8,107.1,1.7,9.0,10.7,11.3,9.6,233.0,19.24347539,98.8,98.6,98.0,43.6,94.3,54.5,99.3,0.4,76.37,7.6,8.82,684.2,152.51,82.27,69.46,52.41,45.2,40.25,32.84,863.3947939,"3,013",1437.739554,100.0,"90,92","23,14",65.2,97.9,8846.956102,121.1,772.0,293.0,,,9350.0,627.0,0.43939,1440.0,329348.0,26.7,76.2,46352.0,226047.3
1112,2013-01-17,111.92,18410.7,2.0,381.2,468.3,108.299,17.851,8.1,30.2297,40.3733,111.1,-0.186334838,66926.9,0.035178674,5.91,5.96,1585.44,1523.74,138.86,225.76,14251046,0.06080055,6.1,1017316,0.458691142,12.67,11814.8974,0.107625465,39108.3,0.054,55485.2,0.136283954,14289.4,4016.9869,333.529,103.5,6879.314,0.017,0.718,117328.6496,1413.093702,0.685,0.315,0.969793753,84183.0,198.0047076,8.0,3.8,674276.8,107.1,1.7,9.0,10.7,11.3,9.6,233.0,19.24347539,98.8,98.6,98.0,43.6,94.3,54.5,99.3,0.4,76.37,7.6,8.82,684.2,152.51,82.27,69.46,52.41,45.2,40.25,32.84,863.3947939,"3,013",1437.739554,100.0,"90,92","23,14",65.2,97.9,8846.956102,121.1,772.0,293.0,,,9350.0,627.0,0.43939,1440.0,329348.0,26.7,76.2,46352.0,226047.3
1113,2013-01-18,111.92,18410.7,2.0,381.2,468.3,108.299,17.851,8.1,30.2759,40.2766,111.89,-0.186334838,66926.9,0.035178674,5.91,5.96,1603.5,1540.55,139.19,225.88,14251046,0.06080055,6.1,1017316,0.458691142,12.67,11814.8974,0.107625465,39108.3,0.054,55485.2,0.136283954,14289.4,4016.9869,333.529,103.5,6879.314,0.017,0.718,117328.6496,1413.093702,0.685,0.315,0.969793753,84183.0,198.0047076,8.0,3.8,674276.8,107.1,1.7,9.0,10.7,11.3,9.6,233.0,19.24347539,98.8,98.6,98.0,43.6,94.3,54.5,99.3,0.4,76.37,7.6,8.82,684.2,152.51,82.27,69.46,52.41,45.2,40.25,32.84,863.3947939,"3,013",1437.739554,100.0,"90,92","23,14",65.2,97.9,8846.956102,121.1,772.0,293.0,,,9350.0,627.0,0.43939,1440.0,329348.0,26.7,76.2,46352.0,226047.3
1114,2013-01-19,111.92,18410.7,2.0,381.2,468.3,108.299,17.851,8.1,30.2759,40.2766,111.89,-0.186334838,66926.9,0.035178674,5.91,5.96,1603.5,1540.55,139.19,225.88,14251046,0.06080055,6.1,1017316,0.458691142,12.67,11814.8974,0.107625465,39108.3,0.054,55485.2,0.136283954,14289.4,4016.9869,333.529,103.5,6879.314,0.017,0.718,117328.6496,1413.093702,0.685,0.315,0.969793753,84183.0,198.0047076,8.0,3.8,674276.8,107.1,1.7,9.0,10.7,11.3,9.6,233.0,19.24347539,98.8,98.6,98.0,43.6,94.3,54.5,99.3,0.4,76.37,7.6,8.82,684.2,152.51,82.27,69.46,52.41,45.2,40.25,32.84,863.3947939,"3,013",1437.739554,100.0,"90,92","23,14",65.2,97.9,8846.956102,121.1,772.0,293.0,,,9350.0,627.0,0.43939,1440.0,329348.0,26.7,76.2,46352.0,226047.3
1115,2013-01-20,111.92,18410.7,2.0,381.2,468.3,108.299,17.851,8.1,30.2759,40.2766,111.89,-0.186334838,66926.9,0.035178674,5.91,5.96,1603.5,1540.55,139.19,225.88,14251046,0.06080055,6.1,1017316,0.458691142,12.67,11814.8974,0.107625465,39108.3,0.054,55485.2,0.136283954,14289.4,4016.9869,333.529,103.5,6879.314,0.017,0.718,117328.6496,1413.093702,0.685,0.315,0.969793753,84183.0,198.0047076,8.0,3.8,674276.8,107.1,1.7,9.0,10.7,11.3,9.6,233.0,19.24347539,98.8,98.6,98.0,43.6,94.3,54.5,99.3,0.4,76.37,7.6,8.82,684.2,152.51,82.27,69.46,52.41,45.2,40.25,32.84,863.3947939,"3,013",1437.739554,100.0,"90,92","23,14",65.2,97.9,8846.956102,121.1,772.0,293.0,,,9350.0,627.0,0.43939,1440.0,329348.0,26.7,76.2,46352.0,226047.3
1116,2013-01-21,111.92,18410.7,2.0,381.2,468.3,108.299,17.851,8.1,30.2657,40.298,111.71,-0.186334838,66926.9,0.035178674,5.91,5.96,1600.13,1537.66,139.03,226.01,14251046,0.06080055,6.1,1017316,0.458691142,12.67,11814.8974,0.107625465,39108.3,0.054,55485.2,0.136283954,14289.4,4016.9869,333.529,103.5,6879.314,0.017,0.718,117328.6496,1413.093702,0.685,0.315,0.969793753,84183.0,198.0047076,8.0,3.8,674276.8,107.1,1.7,9.0,10.7,11.3,9.6,233.0,19.24347539,98.8,98.6,98.0,43.6,94.3,54.5,99.3,0.4,76.37,7.6,8.82,684.2,152.51,82.27,69.46,52.41,45.2,40.25,32.84,863.3947939,"3,013",1437.739554,100.0,"90,92","23,14",65.2,97.9,8846.956102,121.1,772.0,293.0,,,9350.0,627.0,0.43939,1440.0,329348.0,26.7,76.2,46352.0,226047.3
1117,2013-01-22,111.92,18410.7,2.0,381.2,468.3,108.299,17.851,8.1,30.243,40.2305,112.42,-0.186334838,66926.9,0.035178674,5.91,5.96,1589.02,1525.36,139.09,226.13,14251046,0.06080055,6.1,1017316,0.458691142,12.67,11814.8974,0.107625465,39108.3,0.054,55485.2,0.136283954,14289.4,4016.9869,333.529,103.5,6879.314,0.017,0.718,117328.6496,1413.093702,0.685,0.315,0.969793753,84183.0,198.0047076,8.0,3.8,674276.8,107.1,1.7,9.0,10.7,11.3,9.6,233.0,19.24347539,98.8,98.6,98.0,43.6,94.3,54.5,99.3,0.4,76.37,7.6,8.82,684.2,152.51,82.27,69.46,52.41,45.2,40.25,32.84,863.3947939,"3,013",1437.739554,100.0,"90,92","23,14",65.2,97.9,8846.956102,121.1,772.0,293.0,,,9350.0,627.0,0.43939,1440.0,329348.0,26.7,76.2,46352.0,226047.3
1118,2013-01-23,111.92,18410.7,2.0,381.2,468.3,108.299,17.851,8.1,30.1831,40.1638,112.8,-0.186334838,66926.9,0.035178674,5.91,5.96,1605.36,1537.49,139.17,226.32,14251046,0.06080055,6.1,1017316,0.458691142,12.67,11814.8974,0.107625465,39108.3,0.054,55485.2,0.136283954,14289.4,4016.9869,333.529,103.5,6879.314,0.017,0.718,117328.6496,1413.093702,0.685,0.315,0.969793753,84183.0,198.0047076,8.0,3.8,674276.8,107.1,1.7,9.0,10.7,11.3,9.6,233.0,19.24347539,98.8,98.6,98.0,43.6,94.3,54.5,99.3,0.4,76.37,7.6,8.82,684.2,152.51,82.27,69.46,52.41,45.2,40.25,32.84,863.3947939,"3,013",1437.739554,100.0,"90,92","23,14",65.2,97.9,8846.956102,121.1,772.0,293.0,,,9350.0,627.0,0.43939,1440.0,329348.0,26.7,76.2,46352.0,226047.3
1119,2013-01-24,111.92,18410.7,2.0,381.2,468.3,108.299,17.851,8.1,30.0531,40.206,113.28,-0.186334838,66926.9,0.035178674,5.91,5.96,1604.65,1533.77,139.27,226.64,14251046,0.06080055,6.1,1017316,0.458691142,12.67,11814.8974,0.107625465,39108.3,0.054,55485.2,0.136283954,14289.4,4016.9869,333.529,103.5,6879.314,0.017,0.718,117328.6496,1413.093702,0.685,0.315,0.969793753,84183.0,198.0047076,8.0,3.8,674276.8,107.1,1.7,9.0,10.7,11.3,9.6,233.0,19.24347539,98.8,98.6,98.0,43.6,94.3,54.5,99.3,0.4,76.37,7.6,8.82,684.2,152.51,82.27,69.46,52.41,45.2,40.25,32.84,863.3947939,"3,013",1437.739554,100.0,"90,92","23,14",65.2,97.9,8846.956102,121.1,772.0,293.0,,,9350.0,627.0,0.43939,1440.0,329348.0,26.7,76.2,46352.0,226047.3
1120,2013-01-25,111.92,18410.7,2.0,381.2,468.3,108.299,17.851,8.1,30.0364,40.4164,113.28,-0.186334838,66926.9,0.035178674,5.91,5.96,1618.84,1544.02,139.66,226.7,14251046,0.06080055,6.1,1017316,0.458691142,12.67,11814.8974,0.107625465,39108.3,0.054,55485.2,0.136283954,14289.4,4016.9869,333.529,103.5,6879.314,0.017,0.718,117328.6496,1413.093702,0.685,0.315,0.969793753,84183.0,198.0047076,8.0,3.8,674276.8,107.1,1.7,9.0,10.7,11.3,9.6,233.0,19.24347539,98.8,98.6,98.0,43.6,94.3,54.5,99.3,0.4,76.37,7.6,8.82,684.2,152.51,82.27,69.46,52.41,45.2,40.25,32.84,863.3947939,"3,013",1437.739554,100.0,"90,92","23,14",65.2,97.9,8846.956102,121.1,772.0,293.0,,,9350.0,627.0,0.43939,1440.0,329348.0,26.7,76.2,46352.0,226047.3
1121,2013-01-26,111.92,18410.7,2.0,381.2,468.3,108.299,17.851,8.1,30.0364,40.4164,113.28,-0.186334838,66926.9,0.035178674,5.91,5.96,1618.84,1544.02,139.66,226.7,14251046,0.06080055,6.1,1017316,0.458691142,12.67,11814.8974,0.107625465,39108.3,0.054,55485.2,0.136283954,14289.4,4016.9869,333.529,103.5,6879.314,0.017,0.718,117328.6496,1413.093702,0.685,0.315,0.969793753,84183.0,198.0047076,8.0,3.8,674276.8,107.1,1.7,9.0,10.7,11.3,9.6,233.0,19.24347539,98.8,98.6,98.0,43.6,94.3,54.5,99.3,0.4,76.37,7.6,8.82,684.2,152.51,82.27,69.46,52.41,45.2,40.25,32.84,863.3947939,"3,013",1437.739554,100.0,"90,92","23,14",65.2,97.9,8846.956102,121.1,772.0,293.0,,,9350.0,627.0,0.43939,1440.0,329348.0,26.7,76.2,46352.0,226047.3
1122,2013-01-27,111.92,18410.7,2.0,381.2,468.3,108.299,17.851,8.1,30.0364,40.4164,113.28,-0.186334838,66926.9,0.035178674,5.91,5.96,1618.84,1544.02,139.66,226.7,14251046,0.06080055,6.1,1017316,0.458691142,12.67,11814.8974,0.107625465,39108.3,0.054,55485.2,0.136283954,14289.4,4016.9869,333.529,103.5,6879.314,0.017,0.718,117328.6496,1413.093702,0.685,0.315,0.969793753,84183.0,198.0047076,8.0,3.8,674276.8,107.1,1.7,9.0,10.7,11.3,9.6,233.0,19.24347539,98.8,98.6,98.0,43.6,94.3,54.5,99.3,0.4,76.37,7.6,8.82,684.2,152.51,82.27,69.46,52.41,45.2,40.25,32.84,863.3947939,"3,013",1437.739554,100.0,"90,92","23,14",65.2,97.9,8846.956102,121.1,772.0,293.0,,,9350.0,627.0,0.43939,1440.0,329348.0,26.7,76.2,46352.0,226047.3
1123,2013-01-28,111.92,18410.7,2.0,381.2,468.3,108.299,17.851,8.1,30.1898,40.6322,113.48,-0.186334838,66926.9,0.035178674,5.91,5.96,1635.5,1562.93,139.65,226.93,14251046,0.06080055,6.1,1017316,0.458691142,12.67,11814.8974,0.107625465,39108.3,0.054,55485.2,0.136283954,14289.4,4016.9869,333.529,103.5,6879.314,0.017,0.718,117328.6496,1413.093702,0.685,0.315,0.969793753,84183.0,198.0047076,8.0,3.8,674276.8,107.1,1.7,9.0,10.7,11.3,9.6,233.0,19.24347539,98.8,98.6,98.0,43.6,94.3,54.5,99.3,0.4,76.37,7.6,8.82,684.2,152.51,82.27,69.46,52.41,45.2,40.25,32.84,863.3947939,"3,013",1437.739554,100.0,"90,92","23,14",65.2,97.9,8846.956102,121.1,772.0,293.0,,,9350.0,627.0,0.43939,1440.0,329348.0,26.7,76.2,46352.0,226047.3
1124,2013-01-29,111.92,18410.7,2.0,381.2,468.3,108.299,17.851,8.1,30.0457,40.5149,114.36,-0.186334838,66926.9,0.035178674,5.91,5.96,1623.87,1549.75,139.54,227.11,14251046,0.06080055,6.1,1017316,0.458691142,12.67,11814.8974,0.107625465,39108.3,0.054,55485.2,0.136283954,14289.4,4016.9869,333.529,103.5,6879.314,0.017,0.718,117328.6496,1413.093702,0.685,0.315,0.969793753,84183.0,198.0047076,8.0,3.8,674276.8,107.1,1.7,9.0,10.7,11.3,9.6,233.0,19.24347539,98.8,98.6,98.0,43.6,94.3,54.5,99.3,0.4,76.37,7.6,8.82,684.2,152.51,82.27,69.46,52.41,45.2,40.25,32.84,863.3947939,"3,013",1437.739554,100.0,"90,92","23,14",65.2,97.9,8846.956102,121.1,772.0,293.0,,,9350.0,627.0,0.43939,1440.0,329348.0,26.7,76.2,46352.0,226047.3
1125,2013-01-30,111.92,18410.7,2.0,381.2,468.3,108.299,17.851,8.1,30.0337,40.7403,114.9,-0.186334838,66926.9,0.035178674,5.91,5.96,1618.77,1543.43,139.52,227.27,14251046,0.06080055,6.1,1017316,0.458691142,12.67,11814.8974,0.107625465,39108.3,0.054,55485.2,0.136283954,14289.4,4016.9869,333.529,103.5,6879.314,0.017,0.718,117328.6496,1413.093702,0.685,0.315,0.969793753,84183.0,198.0047076,8.0,3.8,674276.8,107.1,1.7,9.0,10.7,11.3,9.6,233.0,19.24347539,98.8,98.6,98.0,43.6,94.3,54.5,99.3,0.4,76.37,7.6,8.82,684.2,152.51,82.27,69.46,52.41,45.2,40.25,32.84,863.3947939,"3,013",1437.739554,100.0,"90,92","23,14",65.2,97.9,8846.956102,121.1,772.0,293.0,,,9350.0,627.0,0.43939,1440.0,329348.0,26.7,76.2,46352.0,226047.3
1126,2013-01-31,111.92,18410.7,2.0,381.2,468.3,108.299,17.851,8.1,30.0056,40.7548,115.55,-0.186334838,66926.9,0.035178674,5.91,5.96,1622.13,1546.76,139.22,227.26,14251046,0.06080055,6.1,1017316,0.458691142,12.67,11814.8974,0.107625465,39108.3,0.054,55485.2,0.136283954,14289.4,4016.9869,333.529,103.5,6879.314,0.017,0.718,117328.6496,1413.093702,0.685,0.315,0.969793753,84183.0,198.0047076,8.0,3.8,674276.8,107.1,1.7,9.0,10.7,11.3,9.6,233.0,19.24347539,98.8,98.6,98.0,43.6,94.3,54.5,99.3,0.4,76.37,7.6,8.82,684.2,152.51,82.27,69.46,52.41,45.2,40.25,32.84,863.3947939,"3,013",1437.739554,100.0,"90,92","23,14",65.2,97.9,8846.956102,121.1,772.0,293.0,,,9350.0,627.0,0.43939,1440.0,329348.0,26.7,76.2,46352.0,226047.3
1127,2013-02-01,114.51,18410.7,2.0,384.9,466.2,108.299,19.183,8.1,29.8546,40.8763,116.76,-0.121335654,66926.9,0.035178674,5.91,5.96,1628.31,1547.22,139.17,227.26,14069260,-0.012755976,6.2,51472,0.333264259,12.69,11814.8974,0.107625465,51394.4,0.054,55485.2,0.136283954,14377.54,4016.9869,333.529,103.5,6879.314,0.017,0.718,117328.6496,1413.093702,0.685,0.315,0.969793753,84183.0,198.0047076,8.0,3.8,674276.8,107.1,1.7,9.0,10.7,11.3,9.6,233.0,19.24347539,98.8,98.6,98.0,43.6,94.3,54.5,99.3,0.4,76.37,7.6,8.82,684.2,132.42,89.46,68.5,52.57,47.9,0.1,32.62,863.3947939,"3,013",1437.739554,100.0,"90,92","23,14",65.2,97.9,8846.956102,121.1,772.0,293.0,,,9350.0,627.0,0.43939,1440.0,329348.0,26.7,76.2,46352.0,226047.3
1128,2013-02-02,114.51,18410.7,2.0,384.9,466.2,108.299,19.183,8.1,29.8546,40.8763,116.76,-0.121335654,66926.9,0.035178674,5.91,5.96,1628.31,1547.22,139.17,227.26,14069260,-0.012755976,6.2,51472,0.333264259,12.69,11814.8974,0.107625465,51394.4,0.054,55485.2,0.136283954,14377.54,4016.9869,333.529,103.5,6879.314,0.017,0.718,117328.6496,1413.093702,0.685,0.315,0.969793753,84183.0,198.0047076,8.0,3.8,674276.8,107.1,1.7,9.0,10.7,11.3,9.6,233.0,19.24347539,98.8,98.6,98.0,43.6,94.3,54.5,99.3,0.4,76.37,7.6,8.82,684.2,132.42,89.46,68.5,52.57,47.9,0.1,32.62,863.3947939,"3,013",1437.739554,100.0,"90,92","23,14",65.2,97.9,8846.956102,121.1,772.0,293.0,,,9350.0,627.0,0.43939,1440.0,329348.0,26.7,76.2,46352.0,226047.3
1129,2013-02-03,114.51,18410.7,2.0,384.9,466.2,108.299,19.183,8.1,29.8546,40.8763,116.76,-0.121335654,66926.9,0.035178674,5.91,5.96,1628.31,1547.22,139.17,227.26,14069260,-0.012755976,6.2,51472,0.333264259,12.69,11814.8974,0.107625465,51394.4,0.054,55485.2,0.136283954,14377.54,4016.9869,333.529,103.5,6879.314,0.017,0.718,117328.6496,1413.093702,0.685,0.315,0.969793753,84183.0,198.0047076,8.0,3.8,674276.8,107.1,1.7,9.0,10.7,11.3,9.6,233.0,19.24347539,98.8,98.6,98.0,43.6,94.3,54.5,99.3,0.4,76.37,7.6,8.82,684.2,132.42,89.46,68.5,52.57,47.9,0.1,32.62,863.3947939,"3,013",1437.739554,100.0,"90,92","23,14",65.2,97.9,8846.956102,121.1,772.0,293.0,,,9350.0,627.0,0.43939,1440.0,329348.0,26.7,76.2,46352.0,226047.3
1130,2013-02-04,114.51,18410.7,2.0,384.9,466.2,108.299,19.183,8.1,30.0573,40.6592,115.6,-0.121335654,66926.9,0.035178674,5.91,5.96,1612.52,1535.35,139.06,230.03,14069260,-0.012755976,6.2,51472,0.333264259,12.69,11814.8974,0.107625465,51394.4,0.054,55485.2,0.136283954,14377.54,4016.9869,333.529,103.5,6879.314,0.017,0.718,117328.6496,1413.093702,0.685,0.315,0.969793753,84183.0,198.0047076,8.0,3.8,674276.8,107.1,1.7,9.0,10.7,11.3,9.6,233.0,19.24347539,98.8,98.6,98.0,43.6,94.3,54.5,99.3,0.4,76.37,7.6,8.82,684.2,132.42,89.46,68.5,52.57,47.9,0.1,32.62,863.3947939,"3,013",1437.739554,100.0,"90,92","23,14",65.2,97.9,8846.956102,121.1,772.0,293.0,,,9350.0,627.0,0.43939,1440.0,329348.0,26.7,76.2,46352.0,226047.3
1131,2013-02-05,114.51,18410.7,2.0,384.9,466.2,108.299,19.183,8.1,29.9601,40.6502,116.52,-0.121335654,66926.9,0.035178674,5.91,5.96,1614.09,1540.36,138.87,232.17,14069260,-0.012755976,6.2,51472,0.333264259,12.69,11814.8974,0.107625465,51394.4,0.054,55485.2,0.136283954,14377.54,4016.9869,333.529,103.5,6879.314,0.017,0.718,117328.6496,1413.093702,0.685,0.315,0.969793753,84183.0,198.0047076,8.0,3.8,674276.8,107.1,1.7,9.0,10.7,11.3,9.6,233.0,19.24347539,98.8,98.6,98.0,43.6,94.3,54.5,99.3,0.4,76.37,7.6,8.82,684.2,132.42,89.46,68.5,52.57,47.9,0.1,32.62,863.3947939,"3,013",1437.739554,100.0,"90,92","23,14",65.2,97.9,8846.956102,121.1,772.0,293.0,,,9350.0,627.0,0.43939,1440.0,329348.0,26.7,76.2,46352.0,226047.3
1132,2013-02-06,114.51,18410.7,2.0,384.9,466.2,108.299,19.183,8.1,30.0848,40.7003,116.73,-0.121335654,66926.9,0.035178674,5.91,5.96,1602.99,1530.38,139.09,232.17,14069260,-0.012755976,6.2,51472,0.333264259,12.69,11814.8974,0.107625465,51394.4,0.054,55485.2,0.136283954,14377.54,4016.9869,333.529,103.5,6879.314,0.017,0.718,117328.6496,1413.093702,0.685,0.315,0.969793753,84183.0,198.0047076,8.0,3.8,674276.8,107.1,1.7,9.0,10.7,11.3,9.6,233.0,19.24347539,98.8,98.6,98.0,43.6,94.3,54.5,99.3,0.4,76.37,7.6,8.82,684.2,132.42,89.46,68.5,52.57,47.9,0.1,32.62,863.3947939,"3,013",1437.739554,100.0,"90,92","23,14",65.2,97.9,8846.956102,121.1,772.0,293.0,,,9350.0,627.0,0.43939,1440.0,329348.0,26.7,76.2,46352.0,226047.3
1133,2013-02-07,114.51,18410.7,2.0,384.9,466.2,108.299,19.183,8.1,30.2308,40.449,117.24,-0.121335654,66926.9,0.035178674,5.91,5.96,1595.36,1525.88,139.05,233.7,14069260,-0.012755976,6.2,51472,0.333264259,12.69,11814.8974,0.107625465,51394.4,0.054,55485.2,0.136283954,14377.54,4016.9869,333.529,103.5,6879.314,0.017,0.718,117328.6496,1413.093702,0.685,0.315,0.969793753,84183.0,198.0047076,8.0,3.8,674276.8,107.1,1.7,9.0,10.7,11.3,9.6,233.0,19.24347539,98.8,98.6,98.0,43.6,94.3,54.5,99.3,0.4,76.37,7.6,8.82,684.2,132.42,89.46,68.5,52.57,47.9,0.1,32.62,863.3947939,"3,013",1437.739554,100.0,"90,92","23,14",65.2,97.9,8846.956102,121.1,772.0,293.0,,,9350.0,627.0,0.43939,1440.0,329348.0,26.7,76.2,46352.0,226047.3
1134,2013-02-08,114.51,18410.7,2.0,384.9,466.2,108.299,19.183,8.1,30.1498,40.297,118.9,-0.121335654,66926.9,0.035178674,5.91,5.96,1590.13,1519.91,139.2,236.13,14069260,-0.012755976,6.2,51472,0.333264259,12.69,11814.8974,0.107625465,51394.4,0.054,55485.2,0.136283954,14377.54,4016.9869,333.529,103.5,6879.314,0.017,0.718,117328.6496,1413.093702,0.685,0.315,0.969793753,84183.0,198.0047076,8.0,3.8,674276.8,107.1,1.7,9.0,10.7,11.3,9.6,233.0,19.24347539,98.8,98.6,98.0,43.6,94.3,54.5,99.3,0.4,76.37,7.6,8.82,684.2,132.42,89.46,68.5,52.57,47.9,0.1,32.62,863.3947939,"3,013",1437.739554,100.0,"90,92","23,14",65.2,97.9,8846.956102,121.1,772.0,293.0,,,9350.0,627.0,0.43939,1440.0,329348.0,26.7,76.2,46352.0,226047.3
1135,2013-02-09,114.51,18410.7,2.0,384.9,466.2,108.299,19.183,8.1,30.1498,40.297,118.9,-0.121335654,66926.9,0.035178674,5.91,5.96,1590.13,1519.91,139.2,237.7,14069260,-0.012755976,6.2,51472,0.333264259,12.69,11814.8974,0.107625465,51394.4,0.054,55485.2,0.136283954,14377.54,4016.9869,333.529,103.5,6879.314,0.017,0.718,117328.6496,1413.093702,0.685,0.315,0.969793753,84183.0,198.0047076,8.0,3.8,674276.8,107.1,1.7,9.0,10.7,11.3,9.6,233.0,19.24347539,98.8,98.6,98.0,43.6,94.3,54.5,99.3,0.4,76.37,7.6,8.82,684.2,132.42,89.46,68.5,52.57,47.9,0.1,32.62,863.3947939,"3,013",1437.739554,100.0,"90,92","23,14",65.2,97.9,8846.956102,121.1,772.0,293.0,,,9350.0,627.0,0.43939,1440.0,329348.0,26.7,76.2,46352.0,226047.3
1136,2013-02-10,114.51,18410.7,2.0,384.9,466.2,108.299,19.183,8.1,30.1498,40.297,118.9,-0.121335654,66926.9,0.035178674,5.91,5.96,1590.13,1519.91,139.2,239.42,14069260,-0.012755976,6.2,51472,0.333264259,12.69,11814.8974,0.107625465,51394.4,0.054,55485.2,0.136283954,14377.54,4016.9869,333.529,103.5,6879.314,0.017,0.718,117328.6496,1413.093702,0.685,0.315,0.969793753,84183.0,198.0047076,8.0,3.8,674276.8,107.1,1.7,9.0,10.7,11.3,9.6,233.0,19.24347539,98.8,98.6,98.0,43.6,94.3,54.5,99.3,0.4,76.37,7.6,8.82,684.2,132.42,89.46,68.5,52.57,47.9,0.1,32.62,863.3947939,"3,013",1437.739554,100.0,"90,92","23,14",65.2,97.9,8846.956102,121.1,772.0,293.0,,,9350.0,627.0,0.43939,1440.0,329348.0,26.7,76.2,46352.0,226047.3
1137,2013-02-11,114.51,18410.7,2.0,384.9,466.2,108.299,19.183,8.1,30.1723,40.4715,118.13,-0.121335654,66926.9,0.035178674,5.91,5.96,1581.95,1515.89,139.27,239.42,14069260,-0.012755976,6.2,51472,0.333264259,12.69,11814.8974,0.107625465,51394.4,0.054,55485.2,0.136283954,14377.54,4016.9869,333.529,103.5,6879.314,0.017,0.718,117328.6496,1413.093702,0.685,0.315,0.969793753,84183.0,198.0047076,8.0,3.8,674276.8,107.1,1.7,9.0,10.7,11.3,9.6,233.0,19.24347539,98.8,98.6,98.0,43.6,94.3,54.5,99.3,0.4,76.37,7.6,8.82,684.2,132.42,89.46,68.5,52.57,47.9,0.1,32.62,863.3947939,"3,013",1437.739554,100.0,"90,92","23,14",65.2,97.9,8846.956102,121.1,772.0,293.0,,,9350.0,627.0,0.43939,1440.0,329348.0,26.7,76.2,46352.0,226047.3
1138,2013-02-12,114.51,18410.7,2.0,384.9,466.2,108.299,19.183,8.1,30.0502,40.4185,118.66,-0.121335654,66926.9,0.035178674,5.91,5.96,1582.35,1512.03,139.17,241.92,14069260,-0.012755976,6.2,51472,0.333264259,12.69,11814.8974,0.107625465,51394.4,0.054,55485.2,0.136283954,14377.54,4016.9869,333.529,103.5,6879.314,0.017,0.718,117328.6496,1413.093702,0.685,0.315,0.969793753,84183.0,198.0047076,8.0,3.8,674276.8,107.1,1.7,9.0,10.7,11.3,9.6,233.0,19.24347539,98.8,98.6,98.0,43.6,94.3,54.5,99.3,0.4,76.37,7.6,8.82,684.2,132.42,89.46,68.5,52.57,47.9,0.1,32.62,863.3947939,"3,013",1437.739554,100.0,"90,92","23,14",65.2,97.9,8846.956102,121.1,772.0,293.0,,,9350.0,627.0,0.43939,1440.0,329348.0,26.7,76.2,46352.0,226047.3
1139,2013-02-13,114.51,18410.7,2.0,384.9,466.2,108.299,19.183,8.1,30.056,40.4216,118.72,-0.121335654,66926.9,0.035178674,5.91,5.96,1612.65,1537.93,139.22,227.96,14069260,-0.012755976,6.2,51472,0.333264259,12.69,11814.8974,0.107625465,51394.4,0.054,55485.2,0.136283954,14377.54,4016.9869,333.529,103.5,6879.314,0.017,0.718,117328.6496,1413.093702,0.685,0.315,0.969793753,84183.0,198.0047076,8.0,3.8,674276.8,107.1,1.7,9.0,10.7,11.3,9.6,233.0,19.24347539,98.8,98.6,98.0,43.6,94.3,54.5,99.3,0.4,76.37,7.6,8.82,684.2,132.42,89.46,68.5,52.57,47.9,0.1,32.62,863.3947939,"3,013",1437.739554,100.0,"90,92","23,14",65.2,97.9,8846.956102,121.1,772.0,293.0,,,9350.0,627.0,0.43939,1440.0,329348.0,26.7,76.2,46352.0,226047.3
1140,2013-02-14,114.51,18410.7,2.0,384.9,466.2,108.299,19.183,8.1,30.1118,40.1499,118.0,-0.121335654,66926.9,0.035178674,5.91,5.96,1588.31,1519.22,139.15,228.05,14069260,-0.012755976,6.2,51472,0.333264259,12.69,11814.8974,0.107625465,51394.4,0.054,55485.2,0.136283954,14377.54,4016.9869,333.529,103.5,6879.314,0.017,0.718,117328.6496,1413.093702,0.685,0.315,0.969793753,84183.0,198.0047076,8.0,3.8,674276.8,107.1,1.7,9.0,10.7,11.3,9.6,233.0,19.24347539,98.8,98.6,98.0,43.6,94.3,54.5,99.3,0.4,76.37,7.6,8.82,684.2,132.42,89.46,68.5,52.57,47.9,0.1,32.62,863.3947939,"3,013",1437.739554,100.0,"90,92","23,14",65.2,97.9,8846.956102,121.1,772.0,293.0,,,9350.0,627.0,0.43939,1440.0,329348.0,26.7,76.2,46352.0,226047.3
1141,2013-02-15,114.51,18410.7,2.0,384.9,466.2,108.299,19.183,8.1,30.1185,40.242,117.66,-0.121335654,66926.9,0.035178674,5.91,5.96,1577.26,1508.17,139.1,228.11,14069260,-0.012755976,6.2,51472,0.333264259,12.69,11814.8974,0.107625465,51394.4,0.054,55485.2,0.136283954,14377.54,4016.9869,333.529,103.5,6879.314,0.017,0.718,117328.6496,1413.093702,0.685,0.315,0.969793753,84183.0,198.0047076,8.0,3.8,674276.8,107.1,1.7,9.0,10.7,11.3,9.6,233.0,19.24347539,98.8,98.6,98.0,43.6,94.3,54.5,99.3,0.4,76.37,7.6,8.82,684.2,132.42,89.46,68.5,52.57,47.9,0.1,32.62,863.3947939,"3,013",1437.739554,100.0,"90,92","23,14",65.2,97.9,8846.956102,121.1,772.0,293.0,,,9350.0,627.0,0.43939,1440.0,329348.0,26.7,76.2,46352.0,226047.3
1142,2013-02-16,114.51,18410.7,2.0,384.9,466.2,108.299,19.183,8.1,30.1185,40.242,117.66,-0.121335654,66926.9,0.035178674,5.91,5.96,1577.26,1508.17,139.1,228.11,14069260,-0.012755976,6.2,51472,0.333264259,12.69,11814.8974,0.107625465,51394.4,0.054,55485.2,0.136283954,14377.54,4016.9869,333.529,103.5,6879.314,0.017,0.718,117328.6496,1413.093702,0.685,0.315,0.969793753,84183.0,198.0047076,8.0,3.8,674276.8,107.1,1.7,9.0,10.7,11.3,9.6,233.0,19.24347539,98.8,98.6,98.0,43.6,94.3,54.5,99.3,0.4,76.37,7.6,8.82,684.2,132.42,89.46,68.5,52.57,47.9,0.1,32.62,863.3947939,"3,013",1437.739554,100.0,"90,92","23,14",65.2,97.9,8846.956102,121.1,772.0,293.0,,,9350.0,627.0,0.43939,1440.0,329348.0,26.7,76.2,46352.0,226047.3
1143,2013-02-17,114.51,18410.7,2.0,384.9,466.2,108.299,19.183,8.1,30.1185,40.242,117.66,-0.121335654,66926.9,0.035178674,5.91,5.96,1577.26,1508.17,139.1,228.11,14069260,-0.012755976,6.2,51472,0.333264259,12.69,11814.8974,0.107625465,51394.4,0.054,55485.2,0.136283954,14377.54,4016.9869,333.529,103.5,6879.314,0.017,0.718,117328.6496,1413.093702,0.685,0.315,0.969793753,84183.0,198.0047076,8.0,3.8,674276.8,107.1,1.7,9.0,10.7,11.3,9.6,233.0,19.24347539,98.8,98.6,98.0,43.6,94.3,54.5,99.3,0.4,76.37,7.6,8.82,684.2,132.42,89.46,68.5,52.57,47.9,0.1,32.62,863.3947939,"3,013",1437.739554,100.0,"90,92","23,14",65.2,97.9,8846.956102,121.1,772.0,293.0,,,9350.0,627.0,0.43939,1440.0,329348.0,26.7,76.2,46352.0,226047.3
1144,2013-02-18,114.51,18410.7,2.0,384.9,466.2,108.299,19.183,8.1,30.1225,40.2184,117.38,-0.121335654,66926.9,0.035178674,5.91,5.96,1578.65,1510.35,139.07,228.26,14069260,-0.012755976,6.2,51472,0.333264259,12.69,11814.8974,0.107625465,51394.4,0.054,55485.2,0.136283954,14377.54,4016.9869,333.529,103.5,6879.314,0.017,0.718,117328.6496,1413.093702,0.685,0.315,0.969793753,84183.0,198.0047076,8.0,3.8,674276.8,107.1,1.7,9.0,10.7,11.3,9.6,233.0,19.24347539,98.8,98.6,98.0,43.6,94.3,54.5,99.3,0.4,76.37,7.6,8.82,684.2,132.42,89.46,68.5,52.57,47.9,0.1,32.62,863.3947939,"3,013",1437.739554,100.0,"90,92","23,14",65.2,97.9,8846.956102,121.1,772.0,293.0,,,9350.0,627.0,0.43939,1440.0,329348.0,26.7,76.2,46352.0,226047.3
1145,2013-02-19,114.51,18410.7,2.0,384.9,466.2,108.299,19.183,8.1,30.0811,40.2706,117.52,-0.121335654,66926.9,0.035178674,5.91,5.96,1592.74,1522.69,139.03,228.29,14069260,-0.012755976,6.2,51472,0.333264259,12.69,11814.8974,0.107625465,51394.4,0.054,55485.2,0.136283954,14377.54,4016.9869,333.529,103.5,6879.314,0.017,0.718,117328.6496,1413.093702,0.685,0.315,0.969793753,84183.0,198.0047076,8.0,3.8,674276.8,107.1,1.7,9.0,10.7,11.3,9.6,233.0,19.24347539,98.8,98.6,98.0,43.6,94.3,54.5,99.3,0.4,76.37,7.6,8.82,684.2,132.42,89.46,68.5,52.57,47.9,0.1,32.62,863.3947939,"3,013",1437.739554,100.0,"90,92","23,14",65.2,97.9,8846.956102,121.1,772.0,293.0,,,9350.0,627.0,0.43939,1440.0,329348.0,26.7,76.2,46352.0,226047.3
1146,2013-02-20,114.51,18410.7,2.0,384.9,466.2,108.299,19.183,8.1,30.1672,40.2688,115.6,-0.121335654,66926.9,0.035178674,5.91,5.96,1582.63,1511.4,139.05,228.32,14069260,-0.012755976,6.2,51472,0.333264259,12.69,11814.8974,0.107625465,51394.4,0.054,55485.2,0.136283954,14377.54,4016.9869,333.529,103.5,6879.314,0.017,0.718,117328.6496,1413.093702,0.685,0.315,0.969793753,84183.0,198.0047076,8.0,3.8,674276.8,107.1,1.7,9.0,10.7,11.3,9.6,233.0,19.24347539,98.8,98.6,98.0,43.6,94.3,54.5,99.3,0.4,76.37,7.6,8.82,684.2,132.42,89.46,68.5,52.57,47.9,0.1,32.62,863.3947939,"3,013",1437.739554,100.0,"90,92","23,14",65.2,97.9,8846.956102,121.1,772.0,293.0,,,9350.0,627.0,0.43939,1440.0,329348.0,26.7,76.2,46352.0,226047.3
1147,2013-02-21,114.51,18410.7,2.0,384.9,466.2,108.299,19.183,8.1,30.4674,40.2253,113.53,-0.121335654,66926.9,0.035178674,5.91,5.96,1548.76,1493.71,138.89,228.28,14069260,-0.012755976,6.2,51472,0.333264259,12.69,11814.8974,0.107625465,51394.4,0.054,55485.2,0.136283954,14377.54,4016.9869,333.529,103.5,6879.314,0.017,0.718,117328.6496,1413.093702,0.685,0.315,0.969793753,84183.0,198.0047076,8.0,3.8,674276.8,107.1,1.7,9.0,10.7,11.3,9.6,233.0,19.24347539,98.8,98.6,98.0,43.6,94.3,54.5,99.3,0.4,76.37,7.6,8.82,684.2,132.42,89.46,68.5,52.57,47.9,0.1,32.62,863.3947939,"3,013",1437.739554,100.0,"90,92","23,14",65.2,97.9,8846.956102,121.1,772.0,293.0,,,9350.0,627.0,0.43939,1440.0,329348.0,26.7,76.2,46352.0,226047.3
1148,2013-02-22,114.51,18410.7,2.0,384.9,466.2,108.299,19.183,8.1,30.4491,40.0858,114.1,-0.121335654,66926.9,0.035178674,5.91,5.96,1551.04,1496.61,138.75,228.36,14069260,-0.012755976,6.2,51472,0.333264259,12.69,11814.8974,0.107625465,51394.4,0.054,55485.2,0.136283954,14377.54,4016.9869,333.529,103.5,6879.314,0.017,0.718,117328.6496,1413.093702,0.685,0.315,0.969793753,84183.0,198.0047076,8.0,3.8,674276.8,107.1,1.7,9.0,10.7,11.3,9.6,233.0,19.24347539,98.8,98.6,98.0,43.6,94.3,54.5,99.3,0.4,76.37,7.6,8.82,684.2,132.42,89.46,68.5,52.57,47.9,0.1,32.62,863.3947939,"3,013",1437.739554,100.0,"90,92","23,14",65.2,97.9,8846.956102,121.1,772.0,293.0,,,9350.0,627.0,0.43939,1440.0,329348.0,26.7,76.2,46352.0,226047.3
1149,2013-02-23,114.51,18410.7,2.0,384.9,466.2,108.299,19.183,8.1,30.4491,40.0858,114.1,-0.121335654,66926.9,0.035178674,5.91,5.96,1551.04,1496.61,138.75,228.36,14069260,-0.012755976,6.2,51472,0.333264259,12.69,11814.8974,0.107625465,51394.4,0.054,55485.2,0.136283954,14377.54,4016.9869,333.529,103.5,6879.314,0.017,0.718,117328.6496,1413.093702,0.685,0.315,0.969793753,84183.0,198.0047076,8.0,3.8,674276.8,107.1,1.7,9.0,10.7,11.3,9.6,233.0,19.24347539,98.8,98.6,98.0,43.6,94.3,54.5,99.3,0.4,76.37,7.6,8.82,684.2,132.42,89.46,68.5,52.57,47.9,0.1,32.62,863.3947939,"3,013",1437.739554,100.0,"90,92","23,14",65.2,97.9,8846.956102,121.1,772.0,293.0,,,9350.0,627.0,0.43939,1440.0,329348.0,26.7,76.2,46352.0,226047.3
1150,2013-02-24,114.51,18410.7,2.0,384.9,466.2,108.299,19.183,8.1,30.4491,40.0858,114.1,-0.121335654,66926.9,0.035178674,5.91,5.96,1551.04,1496.61,138.75,228.36,14069260,-0.012755976,6.2,51472,0.333264259,12.69,11814.8974,0.107625465,51394.4,0.054,55485.2,0.136283954,14377.54,4016.9869,333.529,103.5,6879.314,0.017,0.718,117328.6496,1413.093702,0.685,0.315,0.969793753,84183.0,198.0047076,8.0,3.8,674276.8,107.1,1.7,9.0,10.7,11.3,9.6,233.0,19.24347539,98.8,98.6,98.0,43.6,94.3,54.5,99.3,0.4,76.37,7.6,8.82,684.2,132.42,89.46,68.5,52.57,47.9,0.1,32.62,863.3947939,"3,013",1437.739554,100.0,"90,92","23,14",65.2,97.9,8846.956102,121.1,772.0,293.0,,,9350.0,627.0,0.43939,1440.0,329348.0,26.7,76.2,46352.0,226047.3
1151,2013-02-25,114.51,18410.7,2.0,384.9,466.2,108.299,19.183,8.1,30.4373,40.0912,114.44,-0.121335654,66926.9,0.035178674,5.91,5.96,1565.07,1503.66,138.84,228.53,14069260,-0.012755976,6.2,51472,0.333264259,12.69,11814.8974,0.107625465,51394.4,0.054,55485.2,0.136283954,14377.54,4016.9869,333.529,103.5,6879.314,0.017,0.718,117328.6496,1413.093702,0.685,0.315,0.969793753,84183.0,198.0047076,8.0,3.8,674276.8,107.1,1.7,9.0,10.7,11.3,9.6,233.0,19.24347539,98.8,98.6,98.0,43.6,94.3,54.5,99.3,0.4,76.37,7.6,8.82,684.2,132.42,89.46,68.5,52.57,47.9,0.1,32.62,863.3947939,"3,013",1437.739554,100.0,"90,92","23,14",65.2,97.9,8846.956102,121.1,772.0,293.0,,,9350.0,627.0,0.43939,1440.0,329348.0,26.7,76.2,46352.0,226047.3
1152,2013-02-26,114.51,18410.7,2.0,384.9,466.2,108.299,19.183,8.1,30.6784,40.0413,112.71,-0.121335654,66926.9,0.035178674,5.91,5.96,1530.82,1484.67,138.58,228.55,14069260,-0.012755976,6.2,51472,0.333264259,12.69,11814.8974,0.107625465,51394.4,0.054,55485.2,0.136283954,14377.54,4016.9869,333.529,103.5,6879.314,0.017,0.718,117328.6496,1413.093702,0.685,0.315,0.969793753,84183.0,198.0047076,8.0,3.8,674276.8,107.1,1.7,9.0,10.7,11.3,9.6,233.0,19.24347539,98.8,98.6,98.0,43.6,94.3,54.5,99.3,0.4,76.37,7.6,8.82,684.2,132.42,89.46,68.5,52.57,47.9,0.1,32.62,863.3947939,"3,013",1437.739554,100.0,"90,92","23,14",65.2,97.9,8846.956102,121.1,772.0,293.0,,,9350.0,627.0,0.43939,1440.0,329348.0,26.7,76.2,46352.0,226047.3
1153,2013-02-27,114.51,18410.7,2.0,384.9,466.2,108.299,19.183,8.1,30.5434,40.0226,111.87,-0.121335654,66926.9,0.035178674,5.91,5.96,1530.52,1487.17,138.76,228.59,14069260,-0.012755976,6.2,51472,0.333264259,12.69,11814.8974,0.107625465,51394.4,0.054,55485.2,0.136283954,14377.54,4016.9869,333.529,103.5,6879.314,0.017,0.718,117328.6496,1413.093702,0.685,0.315,0.969793753,84183.0,198.0047076,8.0,3.8,674276.8,107.1,1.7,9.0,10.7,11.3,9.6,233.0,19.24347539,98.8,98.6,98.0,43.6,94.3,54.5,99.3,0.4,76.37,7.6,8.82,684.2,132.42,89.46,68.5,52.57,47.9,0.1,32.62,863.3947939,"3,013",1437.739554,100.0,"90,92","23,14",65.2,97.9,8846.956102,121.1,772.0,293.0,,,9350.0,627.0,0.43939,1440.0,329348.0,26.7,76.2,46352.0,226047.3
1154,2013-02-28,114.51,18410.7,2.0,384.9,466.2,108.299,19.183,8.1,30.6036,40.0288,111.38,-0.121335654,66926.9,0.035178674,5.91,5.96,1534.41,1486.04,138.76,228.66,14069260,-0.012755976,6.2,51472,0.333264259,12.69,11814.8974,0.107625465,51394.4,0.054,55485.2,0.136283954,14377.54,4016.9869,333.529,103.5,6879.314,0.017,0.718,117328.6496,1413.093702,0.685,0.315,0.969793753,84183.0,198.0047076,8.0,3.8,674276.8,107.1,1.7,9.0,10.7,11.3,9.6,233.0,19.24347539,98.8,98.6,98.0,43.6,94.3,54.5,99.3,0.4,76.37,7.6,8.82,684.2,132.42,89.46,68.5,52.57,47.9,0.1,32.62,863.3947939,"3,013",1437.739554,100.0,"90,92","23,14",65.2,97.9,8846.956102,121.1,772.0,293.0,,,9350.0,627.0,0.43939,1440.0,329348.0,26.7,76.2,46352.0,226047.3
1155,2013-03-01,107.4,18410.7,2.0,387.1,469.8,108.299,17.95,8.1,30.7353,39.9128,110.4,-0.139418928,66926.9,0.035178674,5.91,5.96,1509.8,1473.54,138.65,228.66,14396193,0.023237398,6.1,131412,0.28388452,12.83,11814.8974,0.107625465,52700.0,0.054,55485.2,0.136283954,14581.91,4016.9869,333.529,103.5,6879.314,0.017,0.718,117328.6496,1413.093702,0.685,0.315,0.969793753,84183.0,198.0047076,8.0,3.8,674276.8,107.1,1.7,9.0,10.7,11.3,9.6,233.0,19.24347539,98.8,98.6,98.0,43.6,94.3,54.5,99.3,0.4,76.37,7.6,8.82,684.2,136.02,90.61,70.03,52.0,47.56,41.96,33.07,863.3947939,"3,013",1437.739554,100.0,"90,92","23,14",65.2,97.9,8846.956102,121.1,772.0,293.0,,,9350.0,627.0,0.43939,1440.0,329348.0,26.7,76.2,46352.0,226047.3
1156,2013-03-02,107.4,18410.7,2.0,387.1,469.8,108.299,17.95,8.1,30.7353,39.9128,110.4,-0.139418928,66926.9,0.035178674,5.91,5.96,1509.8,1473.54,138.65,228.66,14396193,0.023237398,6.1,131412,0.28388452,12.83,11814.8974,0.107625465,52700.0,0.054,55485.2,0.136283954,14581.91,4016.9869,333.529,103.5,6879.314,0.017,0.718,117328.6496,1413.093702,0.685,0.315,0.969793753,84183.0,198.0047076,8.0,3.8,674276.8,107.1,1.7,9.0,10.7,11.3,9.6,233.0,19.24347539,98.8,98.6,98.0,43.6,94.3,54.5,99.3,0.4,76.37,7.6,8.82,684.2,136.02,90.61,70.03,52.0,47.56,41.96,33.07,863.3947939,"3,013",1437.739554,100.0,"90,92","23,14",65.2,97.9,8846.956102,121.1,772.0,293.0,,,9350.0,627.0,0.43939,1440.0,329348.0,26.7,76.2,46352.0,226047.3
1157,2013-03-03,107.4,18410.7,2.0,387.1,469.8,108.299,17.95,8.1,30.7353,39.9128,110.4,-0.139418928,66926.9,0.035178674,5.91,5.96,1509.8,1473.54,138.65,228.66,14396193,0.023237398,6.1,131412,0.28388452,12.83,11814.8974,0.107625465,52700.0,0.054,55485.2,0.136283954,14581.91,4016.9869,333.529,103.5,6879.314,0.017,0.718,117328.6496,1413.093702,0.685,0.315,0.969793753,84183.0,198.0047076,8.0,3.8,674276.8,107.1,1.7,9.0,10.7,11.3,9.6,233.0,19.24347539,98.8,98.6,98.0,43.6,94.3,54.5,99.3,0.4,76.37,7.6,8.82,684.2,136.02,90.61,70.03,52.0,47.56,41.96,33.07,863.3947939,"3,013",1437.739554,100.0,"90,92","23,14",65.2,97.9,8846.956102,121.1,772.0,293.0,,,9350.0,627.0,0.43939,1440.0,329348.0,26.7,76.2,46352.0,226047.3
1158,2013-03-04,107.4,18410.7,2.0,387.1,469.8,108.299,17.95,8.1,30.7885,40.0097,110.09,-0.139418928,66926.9,0.035178674,5.91,5.96,1498.79,1464.45,138.54,230.15,14396193,0.023237398,6.1,131412,0.28388452,12.83,11814.8974,0.107625465,52700.0,0.054,55485.2,0.136283954,14581.91,4016.9869,333.529,103.5,6879.314,0.017,0.718,117328.6496,1413.093702,0.685,0.315,0.969793753,84183.0,198.0047076,8.0,3.8,674276.8,107.1,1.7,9.0,10.7,11.3,9.6,233.0,19.24347539,98.8,98.6,98.0,43.6,94.3,54.5,99.3,0.4,76.37,7.6,8.82,684.2,136.02,90.61,70.03,52.0,47.56,41.96,33.07,863.3947939,"3,013",1437.739554,100.0,"90,92","23,14",65.2,97.9,8846.956102,121.1,772.0,293.0,,,9350.0,627.0,0.43939,1440.0,329348.0,26.7,76.2,46352.0,226047.3
1159,2013-03-05,107.4,18410.7,2.0,387.1,469.8,108.299,17.95,8.1,30.6737,39.9289,111.61,-0.139418928,66926.9,0.035178674,5.91,5.96,1523.34,1484.22,138.55,232.17,14396193,0.023237398,6.1,131412,0.28388452,12.83,11814.8974,0.107625465,52700.0,0.054,55485.2,0.136283954,14581.91,4016.9869,333.529,103.5,6879.314,0.017,0.718,117328.6496,1413.093702,0.685,0.315,0.969793753,84183.0,198.0047076,8.0,3.8,674276.8,107.1,1.7,9.0,10.7,11.3,9.6,233.0,19.24347539,98.8,98.6,98.0,43.6,94.3,54.5,99.3,0.4,76.37,7.6,8.82,684.2,136.02,90.61,70.03,52.0,47.56,41.96,33.07,863.3947939,"3,013",1437.739554,100.0,"90,92","23,14",65.2,97.9,8846.956102,121.1,772.0,293.0,,,9350.0,627.0,0.43939,1440.0,329348.0,26.7,76.2,46352.0,226047.3
1160,2013-03-06,107.4,18410.7,2.0,387.1,469.8,108.299,17.95,8.1,30.7477,39.94,111.06,-0.139418928,66926.9,0.035178674,5.91,5.96,1529.32,1491.49,138.46,233.42,14396193,0.023237398,6.1,131412,0.28388452,12.83,11814.8974,0.107625465,52700.0,0.054,55485.2,0.136283954,14581.91,4016.9869,333.529,103.5,6879.314,0.017,0.718,117328.6496,1413.093702,0.685,0.315,0.969793753,84183.0,198.0047076,8.0,3.8,674276.8,107.1,1.7,9.0,10.7,11.3,9.6,233.0,19.24347539,98.8,98.6,98.0,43.6,94.3,54.5,99.3,0.4,76.37,7.6,8.82,684.2,136.02,90.61,70.03,52.0,47.56,41.96,33.07,863.3947939,"3,013",1437.739554,100.0,"90,92","23,14",65.2,97.9,8846.956102,121.1,772.0,293.0,,,9350.0,627.0,0.43939,1440.0,329348.0,26.7,76.2,46352.0,226047.3
1161,2013-03-07,107.4,18410.7,2.0,387.1,469.8,108.299,17.95,8.1,30.7049,40.2163,111.15,-0.139418928,66926.9,0.035178674,5.91,5.96,1532.09,1491.35,138.35,233.41,14396193,0.023237398,6.1,131412,0.28388452,12.83,11814.8974,0.107625465,52700.0,0.054,55485.2,0.136283954,14581.91,4016.9869,333.529,103.5,6879.314,0.017,0.718,117328.6496,1413.093702,0.685,0.315,0.969793753,84183.0,198.0047076,8.0,3.8,674276.8,107.1,1.7,9.0,10.7,11.3,9.6,233.0,19.24347539,98.8,98.6,98.0,43.6,94.3,54.5,99.3,0.4,76.37,7.6,8.82,684.2,136.02,90.61,70.03,52.0,47.56,41.96,33.07,863.3947939,"3,013",1437.739554,100.0,"90,92","23,14",65.2,97.9,8846.956102,121.1,772.0,293.0,,,9350.0,627.0,0.43939,1440.0,329348.0,26.7,76.2,46352.0,226047.3
1162,2013-03-08,107.4,18410.7,2.0,387.1,469.8,108.299,17.95,8.1,30.7848,39.9893,110.85,-0.139418928,66926.9,0.035178674,5.91,5.96,1532.09,1491.35,138.35,233.41,14396193,0.023237398,6.1,131412,0.28388452,12.83,11814.8974,0.107625465,52700.0,0.054,55485.2,0.136283954,14581.91,4016.9869,333.529,103.5,6879.314,0.017,0.718,117328.6496,1413.093702,0.685,0.315,0.969793753,84183.0,198.0047076,8.0,3.8,674276.8,107.1,1.7,9.0,10.7,11.3,9.6,233.0,19.24347539,98.8,98.6,98.0,43.6,94.3,54.5,99.3,0.4,76.37,7.6,8.82,684.2,136.02,90.61,70.03,52.0,47.56,41.96,33.07,863.3947939,"3,013",1437.739554,100.0,"90,92","23,14",65.2,97.9,8846.956102,121.1,772.0,293.0,,,9350.0,627.0,0.43939,1440.0,329348.0,26.7,76.2,46352.0,226047.3
1163,2013-03-09,107.4,18410.7,2.0,387.1,469.8,108.299,17.95,8.1,30.7848,39.9893,110.85,-0.139418928,66926.9,0.035178674,5.91,5.96,1532.09,1491.35,138.35,237.79,14396193,0.023237398,6.1,131412,0.28388452,12.83,11814.8974,0.107625465,52700.0,0.054,55485.2,0.136283954,14581.91,4016.9869,333.529,103.5,6879.314,0.017,0.718,117328.6496,1413.093702,0.685,0.315,0.969793753,84183.0,198.0047076,8.0,3.8,674276.8,107.1,1.7,9.0,10.7,11.3,9.6,233.0,19.24347539,98.8,98.6,98.0,43.6,94.3,54.5,99.3,0.4,76.37,7.6,8.82,684.2,136.02,90.61,70.03,52.0,47.56,41.96,33.07,863.3947939,"3,013",1437.739554,100.0,"90,92","23,14",65.2,97.9,8846.956102,121.1,772.0,293.0,,,9350.0,627.0,0.43939,1440.0,329348.0,26.7,76.2,46352.0,226047.3
1164,2013-03-10,107.4,18410.7,2.0,387.1,469.8,108.299,17.95,8.1,30.7848,39.9893,110.85,-0.139418928,66926.9,0.035178674,5.91,5.96,1532.09,1491.35,138.35,239.5,14396193,0.023237398,6.1,131412,0.28388452,12.83,11814.8974,0.107625465,52700.0,0.054,55485.2,0.136283954,14581.91,4016.9869,333.529,103.5,6879.314,0.017,0.718,117328.6496,1413.093702,0.685,0.315,0.969793753,84183.0,198.0047076,8.0,3.8,674276.8,107.1,1.7,9.0,10.7,11.3,9.6,233.0,19.24347539,98.8,98.6,98.0,43.6,94.3,54.5,99.3,0.4,76.37,7.6,8.82,684.2,136.02,90.61,70.03,52.0,47.56,41.96,33.07,863.3947939,"3,013",1437.739554,100.0,"90,92","23,14",65.2,97.9,8846.956102,121.1,772.0,293.0,,,9350.0,627.0,0.43939,1440.0,329348.0,26.7,76.2,46352.0,226047.3
1165,2013-03-11,107.4,18410.7,2.0,387.1,469.8,108.299,17.95,8.1,30.7463,40.0217,110.22,-0.139418928,66926.9,0.035178674,5.91,5.96,1539.87,1504.05,138.11,239.5,14396193,0.023237398,6.1,131412,0.28388452,12.83,11814.8974,0.107625465,52700.0,0.054,55485.2,0.136283954,14581.91,4016.9869,333.529,103.5,6879.314,0.017,0.718,117328.6496,1413.093702,0.685,0.315,0.969793753,84183.0,198.0047076,8.0,3.8,674276.8,107.1,1.7,9.0,10.7,11.3,9.6,233.0,19.24347539,98.8,98.6,98.0,43.6,94.3,54.5,99.3,0.4,76.37,7.6,8.82,684.2,136.02,90.61,70.03,52.0,47.56,41.96,33.07,863.3947939,"3,013",1437.739554,100.0,"90,92","23,14",65.2,97.9,8846.956102,121.1,772.0,293.0,,,9350.0,627.0,0.43939,1440.0,329348.0,26.7,76.2,46352.0,226047.3
1166,2013-03-12,107.4,18410.7,2.0,387.1,469.8,108.299,17.95,8.1,30.7158,40.0127,109.65,-0.139418928,66926.9,0.035178674,5.91,5.96,1542.55,1501.76,137.96,241.91,14396193,0.023237398,6.1,131412,0.28388452,12.83,11814.8974,0.107625465,52700.0,0.054,55485.2,0.136283954,14581.91,4016.9869,333.529,103.5,6879.314,0.017,0.718,117328.6496,1413.093702,0.685,0.315,0.969793753,84183.0,198.0047076,8.0,3.8,674276.8,107.1,1.7,9.0,10.7,11.3,9.6,233.0,19.24347539,98.8,98.6,98.0,43.6,94.3,54.5,99.3,0.4,76.37,7.6,8.82,684.2,136.02,90.61,70.03,52.0,47.56,41.96,33.07,863.3947939,"3,013",1437.739554,100.0,"90,92","23,14",65.2,97.9,8846.956102,121.1,772.0,293.0,,,9350.0,627.0,0.43939,1440.0,329348.0,26.7,76.2,46352.0,226047.3
1167,2013-03-13,107.4,18410.7,2.0,387.1,469.8,108.299,17.95,8.1,30.8165,39.9304,108.52,-0.139418928,66926.9,0.035178674,5.91,5.96,1531.14,1496.37,137.82,229.2,14396193,0.023237398,6.1,131412,0.28388452,12.83,11814.8974,0.107625465,52700.0,0.054,55485.2,0.136283954,14581.91,4016.9869,333.529,103.5,6879.314,0.017,0.718,117328.6496,1413.093702,0.685,0.315,0.969793753,84183.0,198.0047076,8.0,3.8,674276.8,107.1,1.7,9.0,10.7,11.3,9.6,233.0,19.24347539,98.8,98.6,98.0,43.6,94.3,54.5,99.3,0.4,76.37,7.6,8.82,684.2,136.02,90.61,70.03,52.0,47.56,41.96,33.07,863.3947939,"3,013",1437.739554,100.0,"90,92","23,14",65.2,97.9,8846.956102,121.1,772.0,293.0,,,9350.0,627.0,0.43939,1440.0,329348.0,26.7,76.2,46352.0,226047.3
1168,2013-03-14,107.4,18410.7,2.0,387.1,469.8,108.299,17.95,8.1,30.7272,40.002,109.42,-0.139418928,66926.9,0.035178674,5.91,5.96,1535.73,1498.97,137.61,229.24,14396193,0.023237398,6.1,131412,0.28388452,12.83,11814.8974,0.107625465,52700.0,0.054,55485.2,0.136283954,14581.91,4016.9869,333.529,103.5,6879.314,0.017,0.718,117328.6496,1413.093702,0.685,0.315,0.969793753,84183.0,198.0047076,8.0,3.8,674276.8,107.1,1.7,9.0,10.7,11.3,9.6,233.0,19.24347539,98.8,98.6,98.0,43.6,94.3,54.5,99.3,0.4,76.37,7.6,8.82,684.2,136.02,90.61,70.03,52.0,47.56,41.96,33.07,863.3947939,"3,013",1437.739554,100.0,"90,92","23,14",65.2,97.9,8846.956102,121.1,772.0,293.0,,,9350.0,627.0,0.43939,1440.0,329348.0,26.7,76.2,46352.0,226047.3
1169,2013-03-15,107.4,18410.7,2.0,387.1,469.8,108.299,17.95,8.1,30.645,40.0188,109.82,-0.139418928,66926.9,0.035178674,5.91,5.96,1537.66,1495.11,137.46,229.24,14396193,0.023237398,6.1,131412,0.28388452,12.83,11814.8974,0.107625465,52700.0,0.054,55485.2,0.136283954,14581.91,4016.9869,333.529,103.5,6879.314,0.017,0.718,117328.6496,1413.093702,0.685,0.315,0.969793753,84183.0,198.0047076,8.0,3.8,674276.8,107.1,1.7,9.0,10.7,11.3,9.6,233.0,19.24347539,98.8,98.6,98.0,43.6,94.3,54.5,99.3,0.4,76.37,7.6,8.82,684.2,136.02,90.61,70.03,52.0,47.56,41.96,33.07,863.3947939,"3,013",1437.739554,100.0,"90,92","23,14",65.2,97.9,8846.956102,121.1,772.0,293.0,,,9350.0,627.0,0.43939,1440.0,329348.0,26.7,76.2,46352.0,226047.3
1170,2013-03-16,107.4,18410.7,2.0,387.1,469.8,108.299,17.95,8.1,30.645,40.0188,109.82,-0.139418928,66926.9,0.035178674,5.91,5.96,1537.66,1495.11,137.46,229.24,14396193,0.023237398,6.1,131412,0.28388452,12.83,11814.8974,0.107625465,52700.0,0.054,55485.2,0.136283954,14581.91,4016.9869,333.529,103.5,6879.314,0.017,0.718,117328.6496,1413.093702,0.685,0.315,0.969793753,84183.0,198.0047076,8.0,3.8,674276.8,107.1,1.7,9.0,10.7,11.3,9.6,233.0,19.24347539,98.8,98.6,98.0,43.6,94.3,54.5,99.3,0.4,76.37,7.6,8.82,684.2,136.02,90.61,70.03,52.0,47.56,41.96,33.07,863.3947939,"3,013",1437.739554,100.0,"90,92","23,14",65.2,97.9,8846.956102,121.1,772.0,293.0,,,9350.0,627.0,0.43939,1440.0,329348.0,26.7,76.2,46352.0,226047.3
1171,2013-03-17,107.4,18410.7,2.0,387.1,469.8,108.299,17.95,8.1,30.645,40.0188,109.82,-0.139418928,66926.9,0.035178674,5.91,5.96,1537.66,1495.11,137.46,229.24,14396193,0.023237398,6.1,131412,0.28388452,12.83,11814.8974,0.107625465,52700.0,0.054,55485.2,0.136283954,14581.91,4016.9869,333.529,103.5,6879.314,0.017,0.718,117328.6496,1413.093702,0.685,0.315,0.969793753,84183.0,198.0047076,8.0,3.8,674276.8,107.1,1.7,9.0,10.7,11.3,9.6,233.0,19.24347539,98.8,98.6,98.0,43.6,94.3,54.5,99.3,0.4,76.37,7.6,8.82,684.2,136.02,90.61,70.03,52.0,47.56,41.96,33.07,863.3947939,"3,013",1437.739554,100.0,"90,92","23,14",65.2,97.9,8846.956102,121.1,772.0,293.0,,,9350.0,627.0,0.43939,1440.0,329348.0,26.7,76.2,46352.0,226047.3
1172,2013-03-18,107.4,18410.7,2.0,387.1,469.8,108.299,17.95,8.1,30.7713,39.9208,109.51,-0.139418928,66926.9,0.035178674,5.91,5.96,1494.3,1462.82,137.11,229.33,14396193,0.023237398,6.1,131412,0.28388452,12.83,11814.8974,0.107625465,52700.0,0.054,55485.2,0.136283954,14581.91,4016.9869,333.529,103.5,6879.314,0.017,0.718,117328.6496,1413.093702,0.685,0.315,0.969793753,84183.0,198.0047076,8.0,3.8,674276.8,107.1,1.7,9.0,10.7,11.3,9.6,233.0,19.24347539,98.8,98.6,98.0,43.6,94.3,54.5,99.3,0.4,76.37,7.6,8.82,684.2,136.02,90.61,70.03,52.0,47.56,41.96,33.07,863.3947939,"3,013",1437.739554,100.0,"90,92","23,14",65.2,97.9,8846.956102,121.1,772.0,293.0,,,9350.0,627.0,0.43939,1440.0,329348.0,26.7,76.2,46352.0,226047.3
1173,2013-03-19,107.4,18410.7,2.0,387.1,469.8,108.299,17.95,8.1,30.981,39.8387,107.45,-0.139418928,66926.9,0.035178674,5.91,5.96,1478.82,1449.2,137.02,229.35,14396193,0.023237398,6.1,131412,0.28388452,12.83,11814.8974,0.107625465,52700.0,0.054,55485.2,0.136283954,14581.91,4016.9869,333.529,103.5,6879.314,0.017,0.718,117328.6496,1413.093702,0.685,0.315,0.969793753,84183.0,198.0047076,8.0,3.8,674276.8,107.1,1.7,9.0,10.7,11.3,9.6,233.0,19.24347539,98.8,98.6,98.0,43.6,94.3,54.5,99.3,0.4,76.37,7.6,8.82,684.2,136.02,90.61,70.03,52.0,47.56,41.96,33.07,863.3947939,"3,013",1437.739554,100.0,"90,92","23,14",65.2,97.9,8846.956102,121.1,772.0,293.0,,,9350.0,627.0,0.43939,1440.0,329348.0,26.7,76.2,46352.0,226047.3
1174,2013-03-20,107.4,18410.7,2.0,387.1,469.8,108.299,17.95,8.1,30.8602,39.961,108.72,-0.139418928,66926.9,0.035178674,5.91,5.96,1489.34,1459.03,137.21,229.4,14396193,0.023237398,6.1,131412,0.28388452,12.83,11814.8974,0.107625465,52700.0,0.054,55485.2,0.136283954,14581.91,4016.9869,333.529,103.5,6879.314,0.017,0.718,117328.6496,1413.093702,0.685,0.315,0.969793753,84183.0,198.0047076,8.0,3.8,674276.8,107.1,1.7,9.0,10.7,11.3,9.6,233.0,19.24347539,98.8,98.6,98.0,43.6,94.3,54.5,99.3,0.4,76.37,7.6,8.82,684.2,136.02,90.61,70.03,52.0,47.56,41.96,33.07,863.3947939,"3,013",1437.739554,100.0,"90,92","23,14",65.2,97.9,8846.956102,121.1,772.0,293.0,,,9350.0,627.0,0.43939,1440.0,329348.0,26.7,76.2,46352.0,226047.3
1175,2013-03-21,107.4,18410.7,2.0,387.1,469.8,108.299,17.95,8.1,30.916,39.8985,107.47,-0.139418928,66926.9,0.035178674,5.91,5.96,1485.73,1459.22,137.23,229.46,14396193,0.023237398,6.1,131412,0.28388452,12.83,11814.8974,0.107625465,52700.0,0.054,55485.2,0.136283954,14581.91,4016.9869,333.529,103.5,6879.314,0.017,0.718,117328.6496,1413.093702,0.685,0.315,0.969793753,84183.0,198.0047076,8.0,3.8,674276.8,107.1,1.7,9.0,10.7,11.3,9.6,233.0,19.24347539,98.8,98.6,98.0,43.6,94.3,54.5,99.3,0.4,76.37,7.6,8.82,684.2,136.02,90.61,70.03,52.0,47.56,41.96,33.07,863.3947939,"3,013",1437.739554,100.0,"90,92","23,14",65.2,97.9,8846.956102,121.1,772.0,293.0,,,9350.0,627.0,0.43939,1440.0,329348.0,26.7,76.2,46352.0,226047.3
1176,2013-03-22,107.4,18410.7,2.0,387.1,469.8,108.299,17.95,8.1,30.819,40.0192,107.66,-0.139418928,66926.9,0.035178674,5.91,5.96,1470.91,1441.36,137.28,229.53,14396193,0.023237398,6.1,131412,0.28388452,12.83,11814.8974,0.107625465,52700.0,0.054,55485.2,0.136283954,14581.91,4016.9869,333.529,103.5,6879.314,0.017,0.718,117328.6496,1413.093702,0.685,0.315,0.969793753,84183.0,198.0047076,8.0,3.8,674276.8,107.1,1.7,9.0,10.7,11.3,9.6,233.0,19.24347539,98.8,98.6,98.0,43.6,94.3,54.5,99.3,0.4,76.37,7.6,8.82,684.2,136.02,90.61,70.03,52.0,47.56,41.96,33.07,863.3947939,"3,013",1437.739554,100.0,"90,92","23,14",65.2,97.9,8846.956102,121.1,772.0,293.0,,,9350.0,627.0,0.43939,1440.0,329348.0,26.7,76.2,46352.0,226047.3
1177,2013-03-23,107.4,18410.7,2.0,387.1,469.8,108.299,17.95,8.1,30.819,40.0192,107.66,-0.139418928,66926.9,0.035178674,5.91,5.96,1470.91,1441.36,137.28,229.53,14396193,0.023237398,6.1,131412,0.28388452,12.83,11814.8974,0.107625465,52700.0,0.054,55485.2,0.136283954,14581.91,4016.9869,333.529,103.5,6879.314,0.017,0.718,117328.6496,1413.093702,0.685,0.315,0.969793753,84183.0,198.0047076,8.0,3.8,674276.8,107.1,1.7,9.0,10.7,11.3,9.6,233.0,19.24347539,98.8,98.6,98.0,43.6,94.3,54.5,99.3,0.4,76.37,7.6,8.82,684.2,136.02,90.61,70.03,52.0,47.56,41.96,33.07,863.3947939,"3,013",1437.739554,100.0,"90,92","23,14",65.2,97.9,8846.956102,121.1,772.0,293.0,,,9350.0,627.0,0.43939,1440.0,329348.0,26.7,76.2,46352.0,226047.3
1178,2013-03-24,107.4,18410.7,2.0,387.1,469.8,108.299,17.95,8.1,30.819,40.0192,107.66,-0.139418928,66926.9,0.035178674,5.91,5.96,1470.91,1441.36,137.28,229.53,14396193,0.023237398,6.1,131412,0.28388452,12.83,11814.8974,0.107625465,52700.0,0.054,55485.2,0.136283954,14581.91,4016.9869,333.529,103.5,6879.314,0.017,0.718,117328.6496,1413.093702,0.685,0.315,0.969793753,84183.0,198.0047076,8.0,3.8,674276.8,107.1,1.7,9.0,10.7,11.3,9.6,233.0,19.24347539,98.8,98.6,98.0,43.6,94.3,54.5,99.3,0.4,76.37,7.6,8.82,684.2,136.02,90.61,70.03,52.0,47.56,41.96,33.07,863.3947939,"3,013",1437.739554,100.0,"90,92","23,14",65.2,97.9,8846.956102,121.1,772.0,293.0,,,9350.0,627.0,0.43939,1440.0,329348.0,26.7,76.2,46352.0,226047.3
1179,2013-03-25,107.4,18410.7,2.0,387.1,469.8,108.299,17.95,8.1,30.9377,39.759,108.17,-0.139418928,66926.9,0.035178674,5.91,5.96,1458.8,1428.46,137.38,229.65,14396193,0.023237398,6.1,131412,0.28388452,12.83,11814.8974,0.107625465,52700.0,0.054,55485.2,0.136283954,14581.91,4016.9869,333.529,103.5,6879.314,0.017,0.718,117328.6496,1413.093702,0.685,0.315,0.969793753,84183.0,198.0047076,8.0,3.8,674276.8,107.1,1.7,9.0,10.7,11.3,9.6,233.0,19.24347539,98.8,98.6,98.0,43.6,94.3,54.5,99.3,0.4,76.37,7.6,8.82,684.2,136.02,90.61,70.03,52.0,47.56,41.96,33.07,863.3947939,"3,013",1437.739554,100.0,"90,92","23,14",65.2,97.9,8846.956102,121.1,772.0,293.0,,,9350.0,627.0,0.43939,1440.0,329348.0,26.7,76.2,46352.0,226047.3
1180,2013-03-26,107.4,18410.7,2.0,387.1,469.8,108.299,17.95,8.1,30.9056,39.7087,109.36,-0.139418928,66926.9,0.035178674,5.91,5.96,1445.46,1417.0,137.28,229.6,14396193,0.023237398,6.1,131412,0.28388452,12.83,11814.8974,0.107625465,52700.0,0.054,55485.2,0.136283954,14581.91,4016.9869,333.529,103.5,6879.314,0.017,0.718,117328.6496,1413.093702,0.685,0.315,0.969793753,84183.0,198.0047076,8.0,3.8,674276.8,107.1,1.7,9.0,10.7,11.3,9.6,233.0,19.24347539,98.8,98.6,98.0,43.6,94.3,54.5,99.3,0.4,76.37,7.6,8.82,684.2,136.02,90.61,70.03,52.0,47.56,41.96,33.07,863.3947939,"3,013",1437.739554,100.0,"90,92","23,14",65.2,97.9,8846.956102,121.1,772.0,293.0,,,9350.0,627.0,0.43939,1440.0,329348.0,26.7,76.2,46352.0,226047.3
1181,2013-03-27,107.4,18410.7,2.0,387.1,469.8,108.299,17.95,8.1,31.0605,39.6731,109.69,-0.139418928,66926.9,0.035178674,5.91,5.96,1446.04,1425.0,137.19,229.69,14396193,0.023237398,6.1,131412,0.28388452,12.83,11814.8974,0.107625465,52700.0,0.054,55485.2,0.136283954,14581.91,4016.9869,333.529,103.5,6879.314,0.017,0.718,117328.6496,1413.093702,0.685,0.315,0.969793753,84183.0,198.0047076,8.0,3.8,674276.8,107.1,1.7,9.0,10.7,11.3,9.6,233.0,19.24347539,98.8,98.6,98.0,43.6,94.3,54.5,99.3,0.4,76.37,7.6,8.82,684.2,136.02,90.61,70.03,52.0,47.56,41.96,33.07,863.3947939,"3,013",1437.739554,100.0,"90,92","23,14",65.2,97.9,8846.956102,121.1,772.0,293.0,,,9350.0,627.0,0.43939,1440.0,329348.0,26.7,76.2,46352.0,226047.3
1182,2013-03-28,107.4,18410.7,2.0,387.1,469.8,108.299,17.95,8.1,31.1004,39.8856,110.02,-0.139418928,66926.9,0.035178674,5.91,5.96,1454.72,1434.18,137.45,229.76,14396193,0.023237398,6.1,131412,0.28388452,12.83,11814.8974,0.107625465,52700.0,0.054,55485.2,0.136283954,14581.91,4016.9869,333.529,103.5,6879.314,0.017,0.718,117328.6496,1413.093702,0.685,0.315,0.969793753,84183.0,198.0047076,8.0,3.8,674276.8,107.1,1.7,9.0,10.7,11.3,9.6,233.0,19.24347539,98.8,98.6,98.0,43.6,94.3,54.5,99.3,0.4,76.37,7.6,8.82,684.2,136.02,90.61,70.03,52.0,47.56,41.96,33.07,863.3947939,"3,013",1437.739554,100.0,"90,92","23,14",65.2,97.9,8846.956102,121.1,772.0,293.0,,,9350.0,627.0,0.43939,1440.0,329348.0,26.7,76.2,46352.0,226047.3
1183,2013-03-29,107.4,18410.7,2.0,387.1,469.8,108.299,17.95,8.1,31.0564,39.8147,110.02,-0.139418928,66926.9,0.035178674,5.91,5.96,1460.04,1438.57,137.67,229.63,14396193,0.023237398,6.1,131412,0.28388452,12.83,11814.8974,0.107625465,52700.0,0.054,55485.2,0.136283954,14581.91,4016.9869,333.529,103.5,6879.314,0.017,0.718,117328.6496,1413.093702,0.685,0.315,0.969793753,84183.0,198.0047076,8.0,3.8,674276.8,107.1,1.7,9.0,10.7,11.3,9.6,233.0,19.24347539,98.8,98.6,98.0,43.6,94.3,54.5,99.3,0.4,76.37,7.6,8.82,684.2,136.02,90.61,70.03,52.0,47.56,41.96,33.07,863.3947939,"3,013",1437.739554,100.0,"90,92","23,14",65.2,97.9,8846.956102,121.1,772.0,293.0,,,9350.0,627.0,0.43939,1440.0,329348.0,26.7,76.2,46352.0,226047.3
1184,2013-03-30,107.4,18410.7,2.0,387.1,469.8,108.299,17.95,8.1,31.0564,39.8147,110.02,-0.139418928,66926.9,0.035178674,5.91,5.96,1460.04,1438.57,137.67,229.63,14396193,0.023237398,6.1,131412,0.28388452,12.83,11814.8974,0.107625465,52700.0,0.054,55485.2,0.136283954,14581.91,4016.9869,333.529,103.5,6879.314,0.017,0.718,117328.6496,1413.093702,0.685,0.315,0.969793753,84183.0,198.0047076,8.0,3.8,674276.8,107.1,1.7,9.0,10.7,11.3,9.6,233.0,19.24347539,98.8,98.6,98.0,43.6,94.3,54.5,99.3,0.4,76.37,7.6,8.82,684.2,136.02,90.61,70.03,52.0,47.56,41.96,33.07,863.3947939,"3,013",1437.739554,100.0,"90,92","23,14",65.2,97.9,8846.956102,121.1,772.0,293.0,,,9350.0,627.0,0.43939,1440.0,329348.0,26.7,76.2,46352.0,226047.3
1185,2013-03-31,107.4,18410.7,2.0,387.1,469.8,108.299,17.95,8.1,31.0564,39.8147,110.02,-0.139418928,66926.9,0.035178674,5.91,5.96,1460.04,1438.57,137.67,229.63,14396193,0.023237398,6.1,131412,0.28388452,12.83,11814.8974,0.107625465,52700.0,0.054,55485.2,0.136283954,14581.91,4016.9869,333.529,103.5,6879.314,0.017,0.718,117328.6496,1413.093702,0.685,0.315,0.969793753,84183.0,198.0047076,8.0,3.8,674276.8,107.1,1.7,9.0,10.7,11.3,9.6,233.0,19.24347539,98.8,98.6,98.0,43.6,94.3,54.5,99.3,0.4,76.37,7.6,8.82,684.2,136.02,90.61,70.03,52.0,47.56,41.96,33.07,863.3947939,"3,013",1437.739554,100.0,"90,92","23,14",65.2,97.9,8846.956102,121.1,772.0,293.0,,,9350.0,627.0,0.43939,1440.0,329348.0,26.7,76.2,46352.0,226047.3
1186,2013-04-01,101.99,15891.7,0.7,388.5,472.2,108.299,18.336,27.9,31.0848,39.9449,111.08,-0.066347574,66926.9,0.035178674,5.98,6.13,1445.57,1428.47,137.51,229.63,14738946,0.023808586,6.1,224235,0.25163966,12.89,11814.8974,0.107625465,58779.1,0.054,55485.2,0.136283954,14739.33,4016.9869,333.529,103.5,6879.314,0.017,0.718,117328.6496,1413.093702,0.685,0.315,0.969793753,84183.0,198.0047076,8.0,3.8,674276.8,107.1,1.7,9.0,10.7,11.3,9.6,233.0,19.24347539,98.8,98.6,98.0,43.6,94.3,54.5,99.3,0.4,76.37,7.6,8.82,684.2,139.43,89.07,70.6,50.64,47.09,41.3,32.61,863.3947939,"3,013",1437.739554,100.0,"90,92","23,14",65.2,97.9,8846.956102,121.1,772.0,293.0,,,9350.0,627.0,0.43939,1440.0,329348.0,26.7,76.2,46352.0,226047.3
1187,2013-04-02,101.99,15891.7,0.7,388.5,472.2,108.299,18.336,27.9,31.303,40.1501,110.69,-0.066347574,66926.9,0.035178674,5.98,6.13,1440.1,1430.3,137.65,227.41,14738946,0.023808586,6.1,224235,0.25163966,12.89,11814.8974,0.107625465,58779.1,0.054,55485.2,0.136283954,14739.33,4016.9869,333.529,103.5,6879.314,0.017,0.718,117328.6496,1413.093702,0.685,0.315,0.969793753,84183.0,198.0047076,8.0,3.8,674276.8,107.1,1.7,9.0,10.7,11.3,9.6,233.0,19.24347539,98.8,98.6,98.0,43.6,94.3,54.5,99.3,0.4,76.37,7.6,8.82,684.2,139.43,89.07,70.6,50.64,47.09,41.3,32.61,863.3947939,"3,013",1437.739554,100.0,"90,92","23,14",65.2,97.9,8846.956102,121.1,772.0,293.0,,,9350.0,627.0,0.43939,1440.0,329348.0,26.7,76.2,46352.0,226047.3
1188,2013-04-03,101.99,15891.7,0.7,388.5,472.2,108.299,18.336,27.9,31.5949,40.5803,107.11,-0.066347574,66926.9,0.035178674,5.98,6.13,1425.99,1427.94,137.57,228.78,14738946,0.023808586,6.1,224235,0.25163966,12.89,11814.8974,0.107625465,58779.1,0.054,55485.2,0.136283954,14739.33,4016.9869,333.529,103.5,6879.314,0.017,0.718,117328.6496,1413.093702,0.685,0.315,0.969793753,84183.0,198.0047076,8.0,3.8,674276.8,107.1,1.7,9.0,10.7,11.3,9.6,233.0,19.24347539,98.8,98.6,98.0,43.6,94.3,54.5,99.3,0.4,76.37,7.6,8.82,684.2,139.43,89.07,70.6,50.64,47.09,41.3,32.61,863.3947939,"3,013",1437.739554,100.0,"90,92","23,14",65.2,97.9,8846.956102,121.1,772.0,293.0,,,9350.0,627.0,0.43939,1440.0,329348.0,26.7,76.2,46352.0,226047.3
1189,2013-04-04,101.99,15891.7,0.7,388.5,472.2,108.299,18.336,27.9,31.6348,40.7336,106.34,-0.066347574,66926.9,0.035178674,5.98,6.13,1419.45,1426.87,137.76,230.15,14738946,0.023808586,6.1,224235,0.25163966,12.89,11814.8974,0.107625465,58779.1,0.054,55485.2,0.136283954,14739.33,4016.9869,333.529,103.5,6879.314,0.017,0.718,117328.6496,1413.093702,0.685,0.315,0.969793753,84183.0,198.0047076,8.0,3.8,674276.8,107.1,1.7,9.0,10.7,11.3,9.6,233.0,19.24347539,98.8,98.6,98.0,43.6,94.3,54.5,99.3,0.4,76.37,7.6,8.82,684.2,139.43,89.07,70.6,50.64,47.09,41.3,32.61,863.3947939,"3,013",1437.739554,100.0,"90,92","23,14",65.2,97.9,8846.956102,121.1,772.0,293.0,,,9350.0,627.0,0.43939,1440.0,329348.0,26.7,76.2,46352.0,226047.3
1190,2013-04-05,101.99,15891.7,0.7,388.5,472.2,108.299,18.336,27.9,31.5458,41.0407,104.12,-0.066347574,66926.9,0.035178674,5.98,6.13,1411.09,1416.69,138.51,230.15,14738946,0.023808586,6.1,224235,0.25163966,12.89,11814.8974,0.107625465,58779.1,0.054,55485.2,0.136283954,14739.33,4016.9869,333.529,103.5,6879.314,0.017,0.718,117328.6496,1413.093702,0.685,0.315,0.969793753,84183.0,198.0047076,8.0,3.8,674276.8,107.1,1.7,9.0,10.7,11.3,9.6,233.0,19.24347539,98.8,98.6,98.0,43.6,94.3,54.5,99.3,0.4,76.37,7.6,8.82,684.2,139.43,89.07,70.6,50.64,47.09,41.3,32.61,863.3947939,"3,013",1437.739554,100.0,"90,92","23,14",65.2,97.9,8846.956102,121.1,772.0,293.0,,,9350.0,627.0,0.43939,1440.0,329348.0,26.7,76.2,46352.0,226047.3
1191,2013-04-06,101.99,15891.7,0.7,388.5,472.2,108.299,18.336,27.9,31.5458,41.0407,104.12,-0.066347574,66926.9,0.035178674,5.98,6.13,1411.09,1416.69,138.51,233.4,14738946,0.023808586,6.1,224235,0.25163966,12.89,11814.8974,0.107625465,58779.1,0.054,55485.2,0.136283954,14739.33,4016.9869,333.529,103.5,6879.314,0.017,0.718,117328.6496,1413.093702,0.685,0.315,0.969793753,84183.0,198.0047076,8.0,3.8,674276.8,107.1,1.7,9.0,10.7,11.3,9.6,233.0,19.24347539,98.8,98.6,98.0,43.6,94.3,54.5,99.3,0.4,76.37,7.6,8.82,684.2,139.43,89.07,70.6,50.64,47.09,41.3,32.61,863.3947939,"3,013",1437.739554,100.0,"90,92","23,14",65.2,97.9,8846.956102,121.1,772.0,293.0,,,9350.0,627.0,0.43939,1440.0,329348.0,26.7,76.2,46352.0,226047.3
1192,2013-04-07,101.99,15891.7,0.7,388.5,472.2,108.299,18.336,27.9,31.5458,41.0407,104.12,-0.066347574,66926.9,0.035178674,5.98,6.13,1411.09,1416.69,138.51,233.57,14738946,0.023808586,6.1,224235,0.25163966,12.89,11814.8974,0.107625465,58779.1,0.054,55485.2,0.136283954,14739.33,4016.9869,333.529,103.5,6879.314,0.017,0.718,117328.6496,1413.093702,0.685,0.315,0.969793753,84183.0,198.0047076,8.0,3.8,674276.8,107.1,1.7,9.0,10.7,11.3,9.6,233.0,19.24347539,98.8,98.6,98.0,43.6,94.3,54.5,99.3,0.4,76.37,7.6,8.82,684.2,139.43,89.07,70.6,50.64,47.09,41.3,32.61,863.3947939,"3,013",1437.739554,100.0,"90,92","23,14",65.2,97.9,8846.956102,121.1,772.0,293.0,,,9350.0,627.0,0.43939,1440.0,329348.0,26.7,76.2,46352.0,226047.3
1193,2013-04-08,101.99,15891.7,0.7,388.5,472.2,108.299,18.336,27.9,31.267,40.6745,104.66,-0.066347574,66926.9,0.035178674,5.98,6.13,1419.63,1408.55,139.56,233.57,14738946,0.023808586,6.1,224235,0.25163966,12.89,11814.8974,0.107625465,58779.1,0.054,55485.2,0.136283954,14739.33,4016.9869,333.529,103.5,6879.314,0.017,0.718,117328.6496,1413.093702,0.685,0.315,0.969793753,84183.0,198.0047076,8.0,3.8,674276.8,107.1,1.7,9.0,10.7,11.3,9.6,233.0,19.24347539,98.8,98.6,98.0,43.6,94.3,54.5,99.3,0.4,76.37,7.6,8.82,684.2,139.43,89.07,70.6,50.64,47.09,41.3,32.61,863.3947939,"3,013",1437.739554,100.0,"90,92","23,14",65.2,97.9,8846.956102,121.1,772.0,293.0,,,9350.0,627.0,0.43939,1440.0,329348.0,26.7,76.2,46352.0,226047.3
1194,2013-04-09,101.99,15891.7,0.7,388.5,472.2,108.299,18.336,27.9,31.0274,40.5887,106.23,-0.066347574,66926.9,0.035178674,5.98,6.13,1439.46,1425.49,139.51,237.82,14738946,0.023808586,6.1,224235,0.25163966,12.89,11814.8974,0.107625465,58779.1,0.054,55485.2,0.136283954,14739.33,4016.9869,333.529,103.5,6879.314,0.017,0.718,117328.6496,1413.093702,0.685,0.315,0.969793753,84183.0,198.0047076,8.0,3.8,674276.8,107.1,1.7,9.0,10.7,11.3,9.6,233.0,19.24347539,98.8,98.6,98.0,43.6,94.3,54.5,99.3,0.4,76.37,7.6,8.82,684.2,139.43,89.07,70.6,50.64,47.09,41.3,32.61,863.3947939,"3,013",1437.739554,100.0,"90,92","23,14",65.2,97.9,8846.956102,121.1,772.0,293.0,,,9350.0,627.0,0.43939,1440.0,329348.0,26.7,76.2,46352.0,226047.3
1195,2013-04-10,101.99,15891.7,0.7,388.5,472.2,108.299,18.336,27.9,30.878,40.3303,105.79,-0.066347574,66926.9,0.035178674,5.98,6.13,1453.81,1425.5,139.79,239.62,14738946,0.023808586,6.1,224235,0.25163966,12.89,11814.8974,0.107625465,58779.1,0.054,55485.2,0.136283954,14739.33,4016.9869,333.529,103.5,6879.314,0.017,0.718,117328.6496,1413.093702,0.685,0.315,0.969793753,84183.0,198.0047076,8.0,3.8,674276.8,107.1,1.7,9.0,10.7,11.3,9.6,233.0,19.24347539,98.8,98.6,98.0,43.6,94.3,54.5,99.3,0.4,76.37,7.6,8.82,684.2,139.43,89.07,70.6,50.64,47.09,41.3,32.61,863.3947939,"3,013",1437.739554,100.0,"90,92","23,14",65.2,97.9,8846.956102,121.1,772.0,293.0,,,9350.0,627.0,0.43939,1440.0,329348.0,26.7,76.2,46352.0,226047.3
1196,2013-04-11,101.99,15891.7,0.7,388.5,472.2,108.299,18.336,27.9,30.8276,40.4569,104.27,-0.066347574,66926.9,0.035178674,5.98,6.13,1433.08,1401.73,139.85,239.62,14738946,0.023808586,6.1,224235,0.25163966,12.89,11814.8974,0.107625465,58779.1,0.054,55485.2,0.136283954,14739.33,4016.9869,333.529,103.5,6879.314,0.017,0.718,117328.6496,1413.093702,0.685,0.315,0.969793753,84183.0,198.0047076,8.0,3.8,674276.8,107.1,1.7,9.0,10.7,11.3,9.6,233.0,19.24347539,98.8,98.6,98.0,43.6,94.3,54.5,99.3,0.4,76.37,7.6,8.82,684.2,139.43,89.07,70.6,50.64,47.09,41.3,32.61,863.3947939,"3,013",1437.739554,100.0,"90,92","23,14",65.2,97.9,8846.956102,121.1,772.0,293.0,,,9350.0,627.0,0.43939,1440.0,329348.0,26.7,76.2,46352.0,226047.3
1197,2013-04-12,101.99,15891.7,0.7,388.5,472.2,108.299,18.336,27.9,31.0859,40.7068,103.11,-0.066347574,66926.9,0.035178674,5.98,6.13,1405.47,1385.84,139.59,241.9,14738946,0.023808586,6.1,224235,0.25163966,12.89,11814.8974,0.107625465,58779.1,0.054,55485.2,0.136283954,14739.33,4016.9869,333.529,103.5,6879.314,0.017,0.718,117328.6496,1413.093702,0.685,0.315,0.969793753,84183.0,198.0047076,8.0,3.8,674276.8,107.1,1.7,9.0,10.7,11.3,9.6,233.0,19.24347539,98.8,98.6,98.0,43.6,94.3,54.5,99.3,0.4,76.37,7.6,8.82,684.2,139.43,89.07,70.6,50.64,47.09,41.3,32.61,863.3947939,"3,013",1437.739554,100.0,"90,92","23,14",65.2,97.9,8846.956102,121.1,772.0,293.0,,,9350.0,627.0,0.43939,1440.0,329348.0,26.7,76.2,46352.0,226047.3
1198,2013-04-13,101.99,15891.7,0.7,388.5,472.2,108.299,18.336,27.9,31.0859,40.7068,103.11,-0.066347574,66926.9,0.035178674,5.98,6.13,1405.47,1385.84,139.59,241.9,14738946,0.023808586,6.1,224235,0.25163966,12.89,11814.8974,0.107625465,58779.1,0.054,55485.2,0.136283954,14739.33,4016.9869,333.529,103.5,6879.314,0.017,0.718,117328.6496,1413.093702,0.685,0.315,0.969793753,84183.0,198.0047076,8.0,3.8,674276.8,107.1,1.7,9.0,10.7,11.3,9.6,233.0,19.24347539,98.8,98.6,98.0,43.6,94.3,54.5,99.3,0.4,76.37,7.6,8.82,684.2,139.43,89.07,70.6,50.64,47.09,41.3,32.61,863.3947939,"3,013",1437.739554,100.0,"90,92","23,14",65.2,97.9,8846.956102,121.1,772.0,293.0,,,9350.0,627.0,0.43939,1440.0,329348.0,26.7,76.2,46352.0,226047.3
1199,2013-04-14,101.99,15891.7,0.7,388.5,472.2,108.299,18.336,27.9,31.0859,40.7068,103.11,-0.066347574,66926.9,0.035178674,5.98,6.13,1405.47,1385.84,139.59,241.9,14738946,0.023808586,6.1,224235,0.25163966,12.89,11814.8974,0.107625465,58779.1,0.054,55485.2,0.136283954,14739.33,4016.9869,333.529,103.5,6879.314,0.017,0.718,117328.6496,1413.093702,0.685,0.315,0.969793753,84183.0,198.0047076,8.0,3.8,674276.8,107.1,1.7,9.0,10.7,11.3,9.6,233.0,19.24347539,98.8,98.6,98.0,43.6,94.3,54.5,99.3,0.4,76.37,7.6,8.82,684.2,139.43,89.07,70.6,50.64,47.09,41.3,32.61,863.3947939,"3,013",1437.739554,100.0,"90,92","23,14",65.2,97.9,8846.956102,121.1,772.0,293.0,,,9350.0,627.0,0.43939,1440.0,329348.0,26.7,76.2,46352.0,226047.3
1200,2013-04-15,101.99,15891.7,0.7,388.5,472.2,108.299,18.336,27.9,31.4145,41.0602,100.39,-0.066347574,66926.9,0.035178674,5.98,6.13,1366.53,1359.69,138.82,231.24,14738946,0.023808586,6.1,224235,0.25163966,12.89,11814.8974,0.107625465,58779.1,0.054,55485.2,0.136283954,14739.33,4016.9869,333.529,103.5,6879.314,0.017,0.718,117328.6496,1413.093702,0.685,0.315,0.969793753,84183.0,198.0047076,8.0,3.8,674276.8,107.1,1.7,9.0,10.7,11.3,9.6,233.0,19.24347539,98.8,98.6,98.0,43.6,94.3,54.5,99.3,0.4,76.37,7.6,8.82,684.2,139.43,89.07,70.6,50.64,47.09,41.3,32.61,863.3947939,"3,013",1437.739554,100.0,"90,92","23,14",65.2,97.9,8846.956102,121.1,772.0,293.0,,,9350.0,627.0,0.43939,1440.0,329348.0,26.7,76.2,46352.0,226047.3
1201,2013-04-16,101.99,15891.7,0.7,388.5,472.2,108.299,18.336,27.9,31.3073,41.2451,99.91,-0.066347574,66926.9,0.035178674,5.98,6.13,1356.65,1352.37,138.48,231.28,14738946,0.023808586,6.1,224235,0.25163966,12.89,11814.8974,0.107625465,58779.1,0.054,55485.2,0.136283954,14739.33,4016.9869,333.529,103.5,6879.314,0.017,0.718,117328.6496,1413.093702,0.685,0.315,0.969793753,84183.0,198.0047076,8.0,3.8,674276.8,107.1,1.7,9.0,10.7,11.3,9.6,233.0,19.24347539,98.8,98.6,98.0,43.6,94.3,54.5,99.3,0.4,76.37,7.6,8.82,684.2,139.43,89.07,70.6,50.64,47.09,41.3,32.61,863.3947939,"3,013",1437.739554,100.0,"90,92","23,14",65.2,97.9,8846.956102,121.1,772.0,293.0,,,9350.0,627.0,0.43939,1440.0,329348.0,26.7,76.2,46352.0,226047.3
1202,2013-04-17,101.99,15891.7,0.7,388.5,472.2,108.299,18.336,27.9,31.8425,41.4754,97.69,-0.066347574,66926.9,0.035178674,5.98,6.13,1327.92,1335.89,138.81,231.3,14738946,0.023808586,6.1,224235,0.25163966,12.89,11814.8974,0.107625465,58779.1,0.054,55485.2,0.136283954,14739.33,4016.9869,333.529,103.5,6879.314,0.017,0.718,117328.6496,1413.093702,0.685,0.315,0.969793753,84183.0,198.0047076,8.0,3.8,674276.8,107.1,1.7,9.0,10.7,11.3,9.6,233.0,19.24347539,98.8,98.6,98.0,43.6,94.3,54.5,99.3,0.4,76.37,7.6,8.82,684.2,139.43,89.07,70.6,50.64,47.09,41.3,32.61,863.3947939,"3,013",1437.739554,100.0,"90,92","23,14",65.2,97.9,8846.956102,121.1,772.0,293.0,,,9350.0,627.0,0.43939,1440.0,329348.0,26.7,76.2,46352.0,226047.3
1203,2013-04-18,101.99,15891.7,0.7,388.5,472.2,108.299,18.336,27.9,31.5845,41.3049,99.13,-0.066347574,66926.9,0.035178674,5.98,6.13,1327.55,1335.21,139.26,231.32,14738946,0.023808586,6.1,224235,0.25163966,12.89,11814.8974,0.107625465,58779.1,0.054,55485.2,0.136283954,14739.33,4016.9869,333.529,103.5,6879.314,0.017,0.718,117328.6496,1413.093702,0.685,0.315,0.969793753,84183.0,198.0047076,8.0,3.8,674276.8,107.1,1.7,9.0,10.7,11.3,9.6,233.0,19.24347539,98.8,98.6,98.0,43.6,94.3,54.5,99.3,0.4,76.37,7.6,8.82,684.2,139.43,89.07,70.6,50.64,47.09,41.3,32.61,863.3947939,"3,013",1437.739554,100.0,"90,92","23,14",65.2,97.9,8846.956102,121.1,772.0,293.0,,,9350.0,627.0,0.43939,1440.0,329348.0,26.7,76.2,46352.0,226047.3
1204,2013-04-19,101.99,15891.7,0.7,388.5,472.2,108.299,18.336,27.9,31.7211,41.451,99.65,-0.066347574,66926.9,0.035178674,5.98,6.13,1336.46,1338.43,139.75,231.39,14738946,0.023808586,6.1,224235,0.25163966,12.89,11814.8974,0.107625465,58779.1,0.054,55485.2,0.136283954,14739.33,4016.9869,333.529,103.5,6879.314,0.017,0.718,117328.6496,1413.093702,0.685,0.315,0.969793753,84183.0,198.0047076,8.0,3.8,674276.8,107.1,1.7,9.0,10.7,11.3,9.6,233.0,19.24347539,98.8,98.6,98.0,43.6,94.3,54.5,99.3,0.4,76.37,7.6,8.82,684.2,139.43,89.07,70.6,50.64,47.09,41.3,32.61,863.3947939,"3,013",1437.739554,100.0,"90,92","23,14",65.2,97.9,8846.956102,121.1,772.0,293.0,,,9350.0,627.0,0.43939,1440.0,329348.0,26.7,76.2,46352.0,226047.3
1205,2013-04-20,101.99,15891.7,0.7,388.5,472.2,108.299,18.336,27.9,31.7211,41.451,99.65,-0.066347574,66926.9,0.035178674,5.98,6.13,1336.46,1338.43,139.75,231.39,14738946,0.023808586,6.1,224235,0.25163966,12.89,11814.8974,0.107625465,58779.1,0.054,55485.2,0.136283954,14739.33,4016.9869,333.529,103.5,6879.314,0.017,0.718,117328.6496,1413.093702,0.685,0.315,0.969793753,84183.0,198.0047076,8.0,3.8,674276.8,107.1,1.7,9.0,10.7,11.3,9.6,233.0,19.24347539,98.8,98.6,98.0,43.6,94.3,54.5,99.3,0.4,76.37,7.6,8.82,684.2,139.43,89.07,70.6,50.64,47.09,41.3,32.61,863.3947939,"3,013",1437.739554,100.0,"90,92","23,14",65.2,97.9,8846.956102,121.1,772.0,293.0,,,9350.0,627.0,0.43939,1440.0,329348.0,26.7,76.2,46352.0,226047.3
1206,2013-04-21,101.99,15891.7,0.7,388.5,472.2,108.299,18.336,27.9,31.7211,41.451,99.65,-0.066347574,66926.9,0.035178674,5.98,6.13,1336.46,1338.43,139.75,231.39,14738946,0.023808586,6.1,224235,0.25163966,12.89,11814.8974,0.107625465,58779.1,0.054,55485.2,0.136283954,14739.33,4016.9869,333.529,103.5,6879.314,0.017,0.718,117328.6496,1413.093702,0.685,0.315,0.969793753,84183.0,198.0047076,8.0,3.8,674276.8,107.1,1.7,9.0,10.7,11.3,9.6,233.0,19.24347539,98.8,98.6,98.0,43.6,94.3,54.5,99.3,0.4,76.37,7.6,8.82,684.2,139.43,89.07,70.6,50.64,47.09,41.3,32.61,863.3947939,"3,013",1437.739554,100.0,"90,92","23,14",65.2,97.9,8846.956102,121.1,772.0,293.0,,,9350.0,627.0,0.43939,1440.0,329348.0,26.7,76.2,46352.0,226047.3
1207,2013-04-22,101.99,15891.7,0.7,388.5,472.2,108.299,18.336,27.9,31.5805,41.2035,100.39,-0.066347574,66926.9,0.035178674,5.98,6.13,1329.14,1336.84,139.62,231.52,14738946,0.023808586,6.1,224235,0.25163966,12.89,11814.8974,0.107625465,58779.1,0.054,55485.2,0.136283954,14739.33,4016.9869,333.529,103.5,6879.314,0.017,0.718,117328.6496,1413.093702,0.685,0.315,0.969793753,84183.0,198.0047076,8.0,3.8,674276.8,107.1,1.7,9.0,10.7,11.3,9.6,233.0,19.24347539,98.8,98.6,98.0,43.6,94.3,54.5,99.3,0.4,76.37,7.6,8.82,684.2,139.43,89.07,70.6,50.64,47.09,41.3,32.61,863.3947939,"3,013",1437.739554,100.0,"90,92","23,14",65.2,97.9,8846.956102,121.1,772.0,293.0,,,9350.0,627.0,0.43939,1440.0,329348.0,26.7,76.2,46352.0,226047.3
1208,2013-04-23,101.99,15891.7,0.7,388.5,472.2,108.299,18.336,27.9,31.6055,41.1193,100.31,-0.066347574,66926.9,0.035178674,5.98,6.13,1333.89,1339.91,140.12,231.63,14738946,0.023808586,6.1,224235,0.25163966,12.89,11814.8974,0.107625465,58779.1,0.054,55485.2,0.136283954,14739.33,4016.9869,333.529,103.5,6879.314,0.017,0.718,117328.6496,1413.093702,0.685,0.315,0.969793753,84183.0,198.0047076,8.0,3.8,674276.8,107.1,1.7,9.0,10.7,11.3,9.6,233.0,19.24347539,98.8,98.6,98.0,43.6,94.3,54.5,99.3,0.4,76.37,7.6,8.82,684.2,139.43,89.07,70.6,50.64,47.09,41.3,32.61,863.3947939,"3,013",1437.739554,100.0,"90,92","23,14",65.2,97.9,8846.956102,121.1,772.0,293.0,,,9350.0,627.0,0.43939,1440.0,329348.0,26.7,76.2,46352.0,226047.3
1209,2013-04-24,101.99,15891.7,0.7,388.5,472.2,108.299,18.336,27.9,31.4705,40.93,101.73,-0.066347574,66926.9,0.035178674,5.98,6.13,1375.4,1377.01,140.38,231.69,14738946,0.023808586,6.1,224235,0.25163966,12.89,11814.8974,0.107625465,58779.1,0.054,55485.2,0.136283954,14739.33,4016.9869,333.529,103.5,6879.314,0.017,0.718,117328.6496,1413.093702,0.685,0.315,0.969793753,84183.0,198.0047076,8.0,3.8,674276.8,107.1,1.7,9.0,10.7,11.3,9.6,233.0,19.24347539,98.8,98.6,98.0,43.6,94.3,54.5,99.3,0.4,76.37,7.6,8.82,684.2,139.43,89.07,70.6,50.64,47.09,41.3,32.61,863.3947939,"3,013",1437.739554,100.0,"90,92","23,14",65.2,97.9,8846.956102,121.1,772.0,293.0,,,9350.0,627.0,0.43939,1440.0,329348.0,26.7,76.2,46352.0,226047.3
1210,2013-04-25,101.99,15891.7,0.7,388.5,472.2,108.299,18.336,27.9,31.1382,40.5018,103.41,-0.066347574,66926.9,0.035178674,5.98,6.13,1387.98,1372.2,140.47,231.77,14738946,0.023808586,6.1,224235,0.25163966,12.89,11814.8974,0.107625465,58779.1,0.054,55485.2,0.136283954,14739.33,4016.9869,333.529,103.5,6879.314,0.017,0.718,117328.6496,1413.093702,0.685,0.315,0.969793753,84183.0,198.0047076,8.0,3.8,674276.8,107.1,1.7,9.0,10.7,11.3,9.6,233.0,19.24347539,98.8,98.6,98.0,43.6,94.3,54.5,99.3,0.4,76.37,7.6,8.82,684.2,139.43,89.07,70.6,50.64,47.09,41.3,32.61,863.3947939,"3,013",1437.739554,100.0,"90,92","23,14",65.2,97.9,8846.956102,121.1,772.0,293.0,,,9350.0,627.0,0.43939,1440.0,329348.0,26.7,76.2,46352.0,226047.3
1211,2013-04-26,101.99,15891.7,0.7,388.5,472.2,108.299,18.336,27.9,31.2733,40.7096,103.16,-0.066347574,66926.9,0.035178674,5.98,6.13,1382.22,1372.04,140.7,231.82,14738946,0.023808586,6.1,224235,0.25163966,12.89,11814.8974,0.107625465,58779.1,0.054,55485.2,0.136283954,14739.33,4016.9869,333.529,103.5,6879.314,0.017,0.718,117328.6496,1413.093702,0.685,0.315,0.969793753,84183.0,198.0047076,8.0,3.8,674276.8,107.1,1.7,9.0,10.7,11.3,9.6,233.0,19.24347539,98.8,98.6,98.0,43.6,94.3,54.5,99.3,0.4,76.37,7.6,8.82,684.2,139.43,89.07,70.6,50.64,47.09,41.3,32.61,863.3947939,"3,013",1437.739554,100.0,"90,92","23,14",65.2,97.9,8846.956102,121.1,772.0,293.0,,,9350.0,627.0,0.43939,1440.0,329348.0,26.7,76.2,46352.0,226047.3
1212,2013-04-27,101.99,15891.7,0.7,388.5,472.2,108.299,18.336,27.9,31.2733,40.7096,103.16,-0.066347574,66926.9,0.035178674,5.98,6.13,1382.22,1372.04,140.7,231.82,14738946,0.023808586,6.1,224235,0.25163966,12.89,11814.8974,0.107625465,58779.1,0.054,55485.2,0.136283954,14739.33,4016.9869,333.529,103.5,6879.314,0.017,0.718,117328.6496,1413.093702,0.685,0.315,0.969793753,84183.0,198.0047076,8.0,3.8,674276.8,107.1,1.7,9.0,10.7,11.3,9.6,233.0,19.24347539,98.8,98.6,98.0,43.6,94.3,54.5,99.3,0.4,76.37,7.6,8.82,684.2,139.43,89.07,70.6,50.64,47.09,41.3,32.61,863.3947939,"3,013",1437.739554,100.0,"90,92","23,14",65.2,97.9,8846.956102,121.1,772.0,293.0,,,9350.0,627.0,0.43939,1440.0,329348.0,26.7,76.2,46352.0,226047.3
1213,2013-04-28,101.99,15891.7,0.7,388.5,472.2,108.299,18.336,27.9,31.2733,40.7096,103.16,-0.066347574,66926.9,0.035178674,5.98,6.13,1382.22,1372.04,140.7,231.82,14738946,0.023808586,6.1,224235,0.25163966,12.89,11814.8974,0.107625465,58779.1,0.054,55485.2,0.136283954,14739.33,4016.9869,333.529,103.5,6879.314,0.017,0.718,117328.6496,1413.093702,0.685,0.315,0.969793753,84183.0,198.0047076,8.0,3.8,674276.8,107.1,1.7,9.0,10.7,11.3,9.6,233.0,19.24347539,98.8,98.6,98.0,43.6,94.3,54.5,99.3,0.4,76.37,7.6,8.82,684.2,139.43,89.07,70.6,50.64,47.09,41.3,32.61,863.3947939,"3,013",1437.739554,100.0,"90,92","23,14",65.2,97.9,8846.956102,121.1,772.0,293.0,,,9350.0,627.0,0.43939,1440.0,329348.0,26.7,76.2,46352.0,226047.3
1214,2013-04-29,101.99,15891.7,0.7,388.5,472.2,108.299,18.336,27.9,30.941,40.4884,103.81,-0.066347574,66926.9,0.035178674,5.98,6.13,1387.54,1362.57,141.09,231.99,14738946,0.023808586,6.1,224235,0.25163966,12.89,11814.8974,0.107625465,58779.1,0.054,55485.2,0.136283954,14739.33,4016.9869,333.529,103.5,6879.314,0.017,0.718,117328.6496,1413.093702,0.685,0.315,0.969793753,84183.0,198.0047076,8.0,3.8,674276.8,107.1,1.7,9.0,10.7,11.3,9.6,233.0,19.24347539,98.8,98.6,98.0,43.6,94.3,54.5,99.3,0.4,76.37,7.6,8.82,684.2,139.43,89.07,70.6,50.64,47.09,41.3,32.61,863.3947939,"3,013",1437.739554,100.0,"90,92","23,14",65.2,97.9,8846.956102,121.1,772.0,293.0,,,9350.0,627.0,0.43939,1440.0,329348.0,26.7,76.2,46352.0,226047.3
1215,2013-04-30,101.99,15891.7,0.7,388.5,472.2,108.299,18.336,27.9,31.0622,40.8685,102.37,-0.066347574,66926.9,0.035178674,5.98,6.13,1407.21,1385.88,141.33,232.06,14738946,0.023808586,6.1,224235,0.25163966,12.89,11814.8974,0.107625465,58779.1,0.054,55485.2,0.136283954,14739.33,4016.9869,333.529,103.5,6879.314,0.017,0.718,117328.6496,1413.093702,0.685,0.315,0.969793753,84183.0,198.0047076,8.0,3.8,674276.8,107.1,1.7,9.0,10.7,11.3,9.6,233.0,19.24347539,98.8,98.6,98.0,43.6,94.3,54.5,99.3,0.4,76.37,7.6,8.82,684.2,139.43,89.07,70.6,50.64,47.09,41.3,32.61,863.3947939,"3,013",1437.739554,100.0,"90,92","23,14",65.2,97.9,8846.956102,121.1,772.0,293.0,,,9350.0,627.0,0.43939,1440.0,329348.0,26.7,76.2,46352.0,226047.3
1216,2013-05-01,103.34,15891.7,0.7,390.4,466.6,108.299,16.432,27.9,31.332,41.3196,99.95,-0.156641347,66926.9,0.035178674,5.98,6.13,1407.21,1385.88,141.33,232.06,15210054,0.03196348,5.7,336199,0.273244739,12.62,11814.8974,0.107625465,46508.8,0.054,55485.2,0.136283954,14983.92,4016.9869,333.529,103.5,6879.314,0.017,0.718,117328.6496,1413.093702,0.685,0.315,0.969793753,84183.0,198.0047076,8.0,3.8,674276.8,107.1,1.7,9.0,10.7,11.3,9.6,233.0,19.24347539,98.8,98.6,98.0,43.6,94.3,54.5,99.3,0.4,76.37,7.6,8.82,684.2,160.69,87.26,72.47,51.77,47.35,40.77,2.31,863.3947939,"3,013",1437.739554,100.0,"90,92","23,14",65.2,97.9,8846.956102,121.1,772.0,293.0,,,9350.0,627.0,0.43939,1440.0,329348.0,26.7,76.2,46352.0,226047.3
1217,2013-05-02,103.34,15891.7,0.7,390.4,466.6,108.299,16.432,27.9,31.2024,40.7756,102.85,-0.156641347,66926.9,0.035178674,5.98,6.13,1387.47,1376.56,141.3,227.48,15210054,0.03196348,5.7,336199,0.273244739,12.62,11814.8974,0.107625465,46508.8,0.054,55485.2,0.136283954,14983.92,4016.9869,333.529,103.5,6879.314,0.017,0.718,117328.6496,1413.093702,0.685,0.315,0.969793753,84183.0,198.0047076,8.0,3.8,674276.8,107.1,1.7,9.0,10.7,11.3,9.6,233.0,19.24347539,98.8,98.6,98.0,43.6,94.3,54.5,99.3,0.4,76.37,7.6,8.82,684.2,160.69,87.26,72.47,51.77,47.35,40.77,2.31,863.3947939,"3,013",1437.739554,100.0,"90,92","23,14",65.2,97.9,8846.956102,121.1,772.0,293.0,,,9350.0,627.0,0.43939,1440.0,329348.0,26.7,76.2,46352.0,226047.3
1218,2013-05-03,103.34,15891.7,0.7,390.4,466.6,108.299,16.432,27.9,31.047,40.6915,104.19,-0.156641347,66926.9,0.035178674,5.98,6.13,1429.86,1408.03,141.65,228.82,15210054,0.03196348,5.7,336199,0.273244739,12.62,11814.8974,0.107625465,46508.8,0.054,55485.2,0.136283954,14983.92,4016.9869,333.529,103.5,6879.314,0.017,0.718,117328.6496,1413.093702,0.685,0.315,0.969793753,84183.0,198.0047076,8.0,3.8,674276.8,107.1,1.7,9.0,10.7,11.3,9.6,233.0,19.24347539,98.8,98.6,98.0,43.6,94.3,54.5,99.3,0.4,76.37,7.6,8.82,684.2,160.69,87.26,72.47,51.77,47.35,40.77,2.31,863.3947939,"3,013",1437.739554,100.0,"90,92","23,14",65.2,97.9,8846.956102,121.1,772.0,293.0,,,9350.0,627.0,0.43939,1440.0,329348.0,26.7,76.2,46352.0,226047.3
1219,2013-05-04,103.34,15891.7,0.7,390.4,466.6,108.299,16.432,27.9,31.047,40.6915,104.19,-0.156641347,66926.9,0.035178674,5.98,6.13,1429.86,1408.03,141.65,230.34,15210054,0.03196348,5.7,336199,0.273244739,12.62,11814.8974,0.107625465,46508.8,0.054,55485.2,0.136283954,14983.92,4016.9869,333.529,103.5,6879.314,0.017,0.718,117328.6496,1413.093702,0.685,0.315,0.969793753,84183.0,198.0047076,8.0,3.8,674276.8,107.1,1.7,9.0,10.7,11.3,9.6,233.0,19.24347539,98.8,98.6,98.0,43.6,94.3,54.5,99.3,0.4,76.37,7.6,8.82,684.2,160.69,87.26,72.47,51.77,47.35,40.77,2.31,863.3947939,"3,013",1437.739554,100.0,"90,92","23,14",65.2,97.9,8846.956102,121.1,772.0,293.0,,,9350.0,627.0,0.43939,1440.0,329348.0,26.7,76.2,46352.0,226047.3
1220,2013-05-05,103.34,15891.7,0.7,390.4,466.6,108.299,16.432,27.9,31.047,40.6915,104.19,-0.156641347,66926.9,0.035178674,5.98,6.13,1429.86,1408.03,141.65,230.34,15210054,0.03196348,5.7,336199,0.273244739,12.62,11814.8974,0.107625465,46508.8,0.054,55485.2,0.136283954,14983.92,4016.9869,333.529,103.5,6879.314,0.017,0.718,117328.6496,1413.093702,0.685,0.315,0.969793753,84183.0,198.0047076,8.0,3.8,674276.8,107.1,1.7,9.0,10.7,11.3,9.6,233.0,19.24347539,98.8,98.6,98.0,43.6,94.3,54.5,99.3,0.4,76.37,7.6,8.82,684.2,160.69,87.26,72.47,51.77,47.35,40.77,2.31,863.3947939,"3,013",1437.739554,100.0,"90,92","23,14",65.2,97.9,8846.956102,121.1,772.0,293.0,,,9350.0,627.0,0.43939,1440.0,329348.0,26.7,76.2,46352.0,226047.3
1221,2013-05-06,103.34,15891.7,0.7,390.4,466.6,108.299,16.432,27.9,31.0455,40.5904,105.46,-0.156641347,66926.9,0.035178674,5.98,6.13,1432.15,1413.43,141.64,233.42,15210054,0.03196348,5.7,336199,0.273244739,12.62,11814.8974,0.107625465,46508.8,0.054,55485.2,0.136283954,14983.92,4016.9869,333.529,103.5,6879.314,0.017,0.718,117328.6496,1413.093702,0.685,0.315,0.969793753,84183.0,198.0047076,8.0,3.8,674276.8,107.1,1.7,9.0,10.7,11.3,9.6,233.0,19.24347539,98.8,98.6,98.0,43.6,94.3,54.5,99.3,0.4,76.37,7.6,8.82,684.2,160.69,87.26,72.47,51.77,47.35,40.77,2.31,863.3947939,"3,013",1437.739554,100.0,"90,92","23,14",65.2,97.9,8846.956102,121.1,772.0,293.0,,,9350.0,627.0,0.43939,1440.0,329348.0,26.7,76.2,46352.0,226047.3
1222,2013-05-07,103.34,15891.7,0.7,390.4,466.6,108.299,16.432,27.9,31.0444,40.6195,104.4,-0.156641347,66926.9,0.035178674,5.98,6.13,1451.84,1430.18,141.51,233.6,15210054,0.03196348,5.7,336199,0.273244739,12.62,11814.8974,0.107625465,46508.8,0.054,55485.2,0.136283954,14983.92,4016.9869,333.529,103.5,6879.314,0.017,0.718,117328.6496,1413.093702,0.685,0.315,0.969793753,84183.0,198.0047076,8.0,3.8,674276.8,107.1,1.7,9.0,10.7,11.3,9.6,233.0,19.24347539,98.8,98.6,98.0,43.6,94.3,54.5,99.3,0.4,76.37,7.6,8.82,684.2,160.69,87.26,72.47,51.77,47.35,40.77,2.31,863.3947939,"3,013",1437.739554,100.0,"90,92","23,14",65.2,97.9,8846.956102,121.1,772.0,293.0,,,9350.0,627.0,0.43939,1440.0,329348.0,26.7,76.2,46352.0,226047.3
1223,2013-05-08,103.34,15891.7,0.7,390.4,466.6,108.299,16.432,27.9,31.0978,40.9607,104.34,-0.156641347,66926.9,0.035178674,5.98,6.13,1452.17,1432.94,141.55,236.33,15210054,0.03196348,5.7,336199,0.273244739,12.62,11814.8974,0.107625465,46508.8,0.054,55485.2,0.136283954,14983.92,4016.9869,333.529,103.5,6879.314,0.017,0.718,117328.6496,1413.093702,0.685,0.315,0.969793753,84183.0,198.0047076,8.0,3.8,674276.8,107.1,1.7,9.0,10.7,11.3,9.6,233.0,19.24347539,98.8,98.6,98.0,43.6,94.3,54.5,99.3,0.4,76.37,7.6,8.82,684.2,160.69,87.26,72.47,51.77,47.35,40.77,2.31,863.3947939,"3,013",1437.739554,100.0,"90,92","23,14",65.2,97.9,8846.956102,121.1,772.0,293.0,,,9350.0,627.0,0.43939,1440.0,329348.0,26.7,76.2,46352.0,226047.3
1224,2013-05-09,103.34,15891.7,0.7,390.4,466.6,108.299,16.432,27.9,31.136,40.834,104.47,-0.156641347,66926.9,0.035178674,5.98,6.13,1452.17,1432.94,141.55,237.87,15210054,0.03196348,5.7,336199,0.273244739,12.62,11814.8974,0.107625465,46508.8,0.054,55485.2,0.136283954,14983.92,4016.9869,333.529,103.5,6879.314,0.017,0.718,117328.6496,1413.093702,0.685,0.315,0.969793753,84183.0,198.0047076,8.0,3.8,674276.8,107.1,1.7,9.0,10.7,11.3,9.6,233.0,19.24347539,98.8,98.6,98.0,43.6,94.3,54.5,99.3,0.4,76.37,7.6,8.82,684.2,160.69,87.26,72.47,51.77,47.35,40.77,2.31,863.3947939,"3,013",1437.739554,100.0,"90,92","23,14",65.2,97.9,8846.956102,121.1,772.0,293.0,,,9350.0,627.0,0.43939,1440.0,329348.0,26.7,76.2,46352.0,226047.3
1225,2013-05-10,103.34,15891.7,0.7,390.4,466.6,108.299,16.432,27.9,31.4208,40.7516,103.91,-0.156641347,66926.9,0.035178674,5.98,6.13,1429.78,1426.25,141.47,237.87,15210054,0.03196348,5.7,336199,0.273244739,12.62,11814.8974,0.107625465,46508.8,0.054,55485.2,0.136283954,14983.92,4016.9869,333.529,103.5,6879.314,0.017,0.718,117328.6496,1413.093702,0.685,0.315,0.969793753,84183.0,198.0047076,8.0,3.8,674276.8,107.1,1.7,9.0,10.7,11.3,9.6,233.0,19.24347539,98.8,98.6,98.0,43.6,94.3,54.5,99.3,0.4,76.37,7.6,8.82,684.2,160.69,87.26,72.47,51.77,47.35,40.77,2.31,863.3947939,"3,013",1437.739554,100.0,"90,92","23,14",65.2,97.9,8846.956102,121.1,772.0,293.0,,,9350.0,627.0,0.43939,1440.0,329348.0,26.7,76.2,46352.0,226047.3
1226,2013-05-11,103.34,15891.7,0.7,390.4,466.6,108.299,16.432,27.9,31.4208,40.7516,103.91,-0.156641347,66926.9,0.035178674,5.98,6.13,1429.78,1426.25,141.47,241.41,15210054,0.03196348,5.7,336199,0.273244739,12.62,11814.8974,0.107625465,46508.8,0.054,55485.2,0.136283954,14983.92,4016.9869,333.529,103.5,6879.314,0.017,0.718,117328.6496,1413.093702,0.685,0.315,0.969793753,84183.0,198.0047076,8.0,3.8,674276.8,107.1,1.7,9.0,10.7,11.3,9.6,233.0,19.24347539,98.8,98.6,98.0,43.6,94.3,54.5,99.3,0.4,76.37,7.6,8.82,684.2,160.69,87.26,72.47,51.77,47.35,40.77,2.31,863.3947939,"3,013",1437.739554,100.0,"90,92","23,14",65.2,97.9,8846.956102,121.1,772.0,293.0,,,9350.0,627.0,0.43939,1440.0,329348.0,26.7,76.2,46352.0,226047.3
1227,2013-05-12,103.34,15891.7,0.7,390.4,466.6,108.299,16.432,27.9,31.4208,40.7516,103.91,-0.156641347,66926.9,0.035178674,5.98,6.13,1429.78,1426.25,141.47,242.06,15210054,0.03196348,5.7,336199,0.273244739,12.62,11814.8974,0.107625465,46508.8,0.054,55485.2,0.136283954,14983.92,4016.9869,333.529,103.5,6879.314,0.017,0.718,117328.6496,1413.093702,0.685,0.315,0.969793753,84183.0,198.0047076,8.0,3.8,674276.8,107.1,1.7,9.0,10.7,11.3,9.6,233.0,19.24347539,98.8,98.6,98.0,43.6,94.3,54.5,99.3,0.4,76.37,7.6,8.82,684.2,160.69,87.26,72.47,51.77,47.35,40.77,2.31,863.3947939,"3,013",1437.739554,100.0,"90,92","23,14",65.2,97.9,8846.956102,121.1,772.0,293.0,,,9350.0,627.0,0.43939,1440.0,329348.0,26.7,76.2,46352.0,226047.3
1228,2013-05-13,103.34,15891.7,0.7,390.4,466.6,108.299,16.432,27.9,31.3368,40.6624,102.82,-0.156641347,66926.9,0.035178674,5.98,6.13,1422.29,1416.5,140.71,232.91,15210054,0.03196348,5.7,336199,0.273244739,12.62,11814.8974,0.107625465,46508.8,0.054,55485.2,0.136283954,14983.92,4016.9869,333.529,103.5,6879.314,0.017,0.718,117328.6496,1413.093702,0.685,0.315,0.969793753,84183.0,198.0047076,8.0,3.8,674276.8,107.1,1.7,9.0,10.7,11.3,9.6,233.0,19.24347539,98.8,98.6,98.0,43.6,94.3,54.5,99.3,0.4,76.37,7.6,8.82,684.2,160.69,87.26,72.47,51.77,47.35,40.77,2.31,863.3947939,"3,013",1437.739554,100.0,"90,92","23,14",65.2,97.9,8846.956102,121.1,772.0,293.0,,,9350.0,627.0,0.43939,1440.0,329348.0,26.7,76.2,46352.0,226047.3
1229,2013-05-14,103.34,15891.7,0.7,390.4,466.6,108.299,16.432,27.9,31.3391,40.5982,102.6,-0.156641347,66926.9,0.035178674,5.98,6.13,1412.69,1405.76,140.45,232.95,15210054,0.03196348,5.7,336199,0.273244739,12.62,11814.8974,0.107625465,46508.8,0.054,55485.2,0.136283954,14983.92,4016.9869,333.529,103.5,6879.314,0.017,0.718,117328.6496,1413.093702,0.685,0.315,0.969793753,84183.0,198.0047076,8.0,3.8,674276.8,107.1,1.7,9.0,10.7,11.3,9.6,233.0,19.24347539,98.8,98.6,98.0,43.6,94.3,54.5,99.3,0.4,76.37,7.6,8.82,684.2,160.69,87.26,72.47,51.77,47.35,40.77,2.31,863.3947939,"3,013",1437.739554,100.0,"90,92","23,14",65.2,97.9,8846.956102,121.1,772.0,293.0,,,9350.0,627.0,0.43939,1440.0,329348.0,26.7,76.2,46352.0,226047.3
1230,2013-05-15,103.34,15891.7,0.7,390.4,466.6,108.299,16.432,27.9,31.5049,40.5143,103.68,-0.156641347,66926.9,0.035178674,5.98,6.13,1391.01,1391.98,140.68,233.02,15210054,0.03196348,5.7,336199,0.273244739,12.62,11814.8974,0.107625465,46508.8,0.054,55485.2,0.136283954,14983.92,4016.9869,333.529,103.5,6879.314,0.017,0.718,117328.6496,1413.093702,0.685,0.315,0.969793753,84183.0,198.0047076,8.0,3.8,674276.8,107.1,1.7,9.0,10.7,11.3,9.6,233.0,19.24347539,98.8,98.6,98.0,43.6,94.3,54.5,99.3,0.4,76.37,7.6,8.82,684.2,160.69,87.26,72.47,51.77,47.35,40.77,2.31,863.3947939,"3,013",1437.739554,100.0,"90,92","23,14",65.2,97.9,8846.956102,121.1,772.0,293.0,,,9350.0,627.0,0.43939,1440.0,329348.0,26.7,76.2,46352.0,226047.3
1231,2013-05-16,103.34,15891.7,0.7,390.4,466.6,108.299,16.432,27.9,31.3426,40.4196,103.8,-0.156641347,66926.9,0.035178674,5.98,6.13,1380.58,1373.65,140.45,232.83,15210054,0.03196348,5.7,336199,0.273244739,12.62,11814.8974,0.107625465,46508.8,0.054,55485.2,0.136283954,14983.92,4016.9869,333.529,103.5,6879.314,0.017,0.718,117328.6496,1413.093702,0.685,0.315,0.969793753,84183.0,198.0047076,8.0,3.8,674276.8,107.1,1.7,9.0,10.7,11.3,9.6,233.0,19.24347539,98.8,98.6,98.0,43.6,94.3,54.5,99.3,0.4,76.37,7.6,8.82,684.2,160.69,87.26,72.47,51.77,47.35,40.77,2.31,863.3947939,"3,013",1437.739554,100.0,"90,92","23,14",65.2,97.9,8846.956102,121.1,772.0,293.0,,,9350.0,627.0,0.43939,1440.0,329348.0,26.7,76.2,46352.0,226047.3
1232,2013-05-17,103.34,15891.7,0.7,390.4,466.6,108.299,16.432,27.9,31.4358,40.3238,104.64,-0.156641347,66926.9,0.035178674,5.98,6.13,1405.34,1401.79,140.6,232.95,15210054,0.03196348,5.7,336199,0.273244739,12.62,11814.8974,0.107625465,46508.8,0.054,55485.2,0.136283954,14983.92,4016.9869,333.529,103.5,6879.314,0.017,0.718,117328.6496,1413.093702,0.685,0.315,0.969793753,84183.0,198.0047076,8.0,3.8,674276.8,107.1,1.7,9.0,10.7,11.3,9.6,233.0,19.24347539,98.8,98.6,98.0,43.6,94.3,54.5,99.3,0.4,76.37,7.6,8.82,684.2,160.69,87.26,72.47,51.77,47.35,40.77,2.31,863.3947939,"3,013",1437.739554,100.0,"90,92","23,14",65.2,97.9,8846.956102,121.1,772.0,293.0,,,9350.0,627.0,0.43939,1440.0,329348.0,26.7,76.2,46352.0,226047.3
1233,2013-05-18,103.34,15891.7,0.7,390.4,466.6,108.299,16.432,27.9,31.4358,40.3238,104.64,-0.156641347,66926.9,0.035178674,5.98,6.13,1405.34,1401.79,140.6,232.95,15210054,0.03196348,5.7,336199,0.273244739,12.62,11814.8974,0.107625465,46508.8,0.054,55485.2,0.136283954,14983.92,4016.9869,333.529,103.5,6879.314,0.017,0.718,117328.6496,1413.093702,0.685,0.315,0.969793753,84183.0,198.0047076,8.0,3.8,674276.8,107.1,1.7,9.0,10.7,11.3,9.6,233.0,19.24347539,98.8,98.6,98.0,43.6,94.3,54.5,99.3,0.4,76.37,7.6,8.82,684.2,160.69,87.26,72.47,51.77,47.35,40.77,2.31,863.3947939,"3,013",1437.739554,100.0,"90,92","23,14",65.2,97.9,8846.956102,121.1,772.0,293.0,,,9350.0,627.0,0.43939,1440.0,329348.0,26.7,76.2,46352.0,226047.3
1234,2013-05-19,103.34,15891.7,0.7,390.4,466.6,108.299,16.432,27.9,31.4358,40.3238,104.64,-0.156641347,66926.9,0.035178674,5.98,6.13,1405.34,1401.79,140.6,232.95,15210054,0.03196348,5.7,336199,0.273244739,12.62,11814.8974,0.107625465,46508.8,0.054,55485.2,0.136283954,14983.92,4016.9869,333.529,103.5,6879.314,0.017,0.718,117328.6496,1413.093702,0.685,0.315,0.969793753,84183.0,198.0047076,8.0,3.8,674276.8,107.1,1.7,9.0,10.7,11.3,9.6,233.0,19.24347539,98.8,98.6,98.0,43.6,94.3,54.5,99.3,0.4,76.37,7.6,8.82,684.2,160.69,87.26,72.47,51.77,47.35,40.77,2.31,863.3947939,"3,013",1437.739554,100.0,"90,92","23,14",65.2,97.9,8846.956102,121.1,772.0,293.0,,,9350.0,627.0,0.43939,1440.0,329348.0,26.7,76.2,46352.0,226047.3
1235,2013-05-20,103.34,15891.7,0.7,390.4,466.6,108.299,16.432,27.9,31.2546,40.2369,104.8,-0.156641347,66926.9,0.035178674,5.98,6.13,1417.05,1406.86,140.5,233.16,15210054,0.03196348,5.7,336199,0.273244739,12.62,11814.8974,0.107625465,46508.8,0.054,55485.2,0.136283954,14983.92,4016.9869,333.529,103.5,6879.314,0.017,0.718,117328.6496,1413.093702,0.685,0.315,0.969793753,84183.0,198.0047076,8.0,3.8,674276.8,107.1,1.7,9.0,10.7,11.3,9.6,233.0,19.24347539,98.8,98.6,98.0,43.6,94.3,54.5,99.3,0.4,76.37,7.6,8.82,684.2,160.69,87.26,72.47,51.77,47.35,40.77,2.31,863.3947939,"3,013",1437.739554,100.0,"90,92","23,14",65.2,97.9,8846.956102,121.1,772.0,293.0,,,9350.0,627.0,0.43939,1440.0,329348.0,26.7,76.2,46352.0,226047.3
1236,2013-05-21,103.34,15891.7,0.7,390.4,466.6,108.299,16.432,27.9,31.2116,40.3061,103.91,-0.156641347,66926.9,0.035178674,5.98,6.13,1433.02,1422.99,139.37,233.22,15210054,0.03196348,5.7,336199,0.273244739,12.62,11814.8974,0.107625465,46508.8,0.054,55485.2,0.136283954,14983.92,4016.9869,333.529,103.5,6879.314,0.017,0.718,117328.6496,1413.093702,0.685,0.315,0.969793753,84183.0,198.0047076,8.0,3.8,674276.8,107.1,1.7,9.0,10.7,11.3,9.6,233.0,19.24347539,98.8,98.6,98.0,43.6,94.3,54.5,99.3,0.4,76.37,7.6,8.82,684.2,160.69,87.26,72.47,51.77,47.35,40.77,2.31,863.3947939,"3,013",1437.739554,100.0,"90,92","23,14",65.2,97.9,8846.956102,121.1,772.0,293.0,,,9350.0,627.0,0.43939,1440.0,329348.0,26.7,76.2,46352.0,226047.3
1237,2013-05-22,103.34,15891.7,0.7,390.4,466.6,108.299,16.432,27.9,31.2825,40.2537,102.6,-0.156641347,66926.9,0.035178674,5.98,6.13,1461.93,1448.42,139.29,233.32,15210054,0.03196348,5.7,336199,0.273244739,12.62,11814.8974,0.107625465,46508.8,0.054,55485.2,0.136283954,14983.92,4016.9869,333.529,103.5,6879.314,0.017,0.718,117328.6496,1413.093702,0.685,0.315,0.969793753,84183.0,198.0047076,8.0,3.8,674276.8,107.1,1.7,9.0,10.7,11.3,9.6,233.0,19.24347539,98.8,98.6,98.0,43.6,94.3,54.5,99.3,0.4,76.37,7.6,8.82,684.2,160.69,87.26,72.47,51.77,47.35,40.77,2.31,863.3947939,"3,013",1437.739554,100.0,"90,92","23,14",65.2,97.9,8846.956102,121.1,772.0,293.0,,,9350.0,627.0,0.43939,1440.0,329348.0,26.7,76.2,46352.0,226047.3
1238,2013-05-23,103.34,15891.7,0.7,390.4,466.6,108.299,16.432,27.9,31.3906,40.5988,102.44,-0.156641347,66926.9,0.035178674,5.98,6.13,1400.84,1396.91,138.36,233.37,15210054,0.03196348,5.7,336199,0.273244739,12.62,11814.8974,0.107625465,46508.8,0.054,55485.2,0.136283954,14983.92,4016.9869,333.529,103.5,6879.314,0.017,0.718,117328.6496,1413.093702,0.685,0.315,0.969793753,84183.0,198.0047076,8.0,3.8,674276.8,107.1,1.7,9.0,10.7,11.3,9.6,233.0,19.24347539,98.8,98.6,98.0,43.6,94.3,54.5,99.3,0.4,76.37,7.6,8.82,684.2,160.69,87.26,72.47,51.77,47.35,40.77,2.31,863.3947939,"3,013",1437.739554,100.0,"90,92","23,14",65.2,97.9,8846.956102,121.1,772.0,293.0,,,9350.0,627.0,0.43939,1440.0,329348.0,26.7,76.2,46352.0,226047.3
1239,2013-05-24,103.34,15891.7,0.7,390.4,466.6,108.299,16.432,27.9,31.384,40.5427,102.64,-0.156641347,66926.9,0.035178674,5.98,6.13,1388.52,1380.88,138.2,233.39,15210054,0.03196348,5.7,336199,0.273244739,12.62,11814.8974,0.107625465,46508.8,0.054,55485.2,0.136283954,14983.92,4016.9869,333.529,103.5,6879.314,0.017,0.718,117328.6496,1413.093702,0.685,0.315,0.969793753,84183.0,198.0047076,8.0,3.8,674276.8,107.1,1.7,9.0,10.7,11.3,9.6,233.0,19.24347539,98.8,98.6,98.0,43.6,94.3,54.5,99.3,0.4,76.37,7.6,8.82,684.2,160.69,87.26,72.47,51.77,47.35,40.77,2.31,863.3947939,"3,013",1437.739554,100.0,"90,92","23,14",65.2,97.9,8846.956102,121.1,772.0,293.0,,,9350.0,627.0,0.43939,1440.0,329348.0,26.7,76.2,46352.0,226047.3
1240,2013-05-25,103.34,15891.7,0.7,390.4,466.6,108.299,16.432,27.9,31.384,40.5427,102.64,-0.156641347,66926.9,0.035178674,5.98,6.13,1388.52,1380.88,138.2,233.39,15210054,0.03196348,5.7,336199,0.273244739,12.62,11814.8974,0.107625465,46508.8,0.054,55485.2,0.136283954,14983.92,4016.9869,333.529,103.5,6879.314,0.017,0.718,117328.6496,1413.093702,0.685,0.315,0.969793753,84183.0,198.0047076,8.0,3.8,674276.8,107.1,1.7,9.0,10.7,11.3,9.6,233.0,19.24347539,98.8,98.6,98.0,43.6,94.3,54.5,99.3,0.4,76.37,7.6,8.82,684.2,160.69,87.26,72.47,51.77,47.35,40.77,2.31,863.3947939,"3,013",1437.739554,100.0,"90,92","23,14",65.2,97.9,8846.956102,121.1,772.0,293.0,,,9350.0,627.0,0.43939,1440.0,329348.0,26.7,76.2,46352.0,226047.3
1241,2013-05-26,103.34,15891.7,0.7,390.4,466.6,108.299,16.432,27.9,31.384,40.5427,102.64,-0.156641347,66926.9,0.035178674,5.98,6.13,1388.52,1380.88,138.2,233.39,15210054,0.03196348,5.7,336199,0.273244739,12.62,11814.8974,0.107625465,46508.8,0.054,55485.2,0.136283954,14983.92,4016.9869,333.529,103.5,6879.314,0.017,0.718,117328.6496,1413.093702,0.685,0.315,0.969793753,84183.0,198.0047076,8.0,3.8,674276.8,107.1,1.7,9.0,10.7,11.3,9.6,233.0,19.24347539,98.8,98.6,98.0,43.6,94.3,54.5,99.3,0.4,76.37,7.6,8.82,684.2,160.69,87.26,72.47,51.77,47.35,40.77,2.31,863.3947939,"3,013",1437.739554,100.0,"90,92","23,14",65.2,97.9,8846.956102,121.1,772.0,293.0,,,9350.0,627.0,0.43939,1440.0,329348.0,26.7,76.2,46352.0,226047.3
1242,2013-05-27,103.34,15891.7,0.7,390.4,466.6,108.299,16.432,27.9,31.3538,40.5367,102.62,-0.156641347,66926.9,0.035178674,5.98,6.13,1385.08,1378.29,138.32,233.56,15210054,0.03196348,5.7,336199,0.273244739,12.62,11814.8974,0.107625465,46508.8,0.054,55485.2,0.136283954,14983.92,4016.9869,333.529,103.5,6879.314,0.017,0.718,117328.6496,1413.093702,0.685,0.315,0.969793753,84183.0,198.0047076,8.0,3.8,674276.8,107.1,1.7,9.0,10.7,11.3,9.6,233.0,19.24347539,98.8,98.6,98.0,43.6,94.3,54.5,99.3,0.4,76.37,7.6,8.82,684.2,160.69,87.26,72.47,51.77,47.35,40.77,2.31,863.3947939,"3,013",1437.739554,100.0,"90,92","23,14",65.2,97.9,8846.956102,121.1,772.0,293.0,,,9350.0,627.0,0.43939,1440.0,329348.0,26.7,76.2,46352.0,226047.3
1243,2013-05-28,103.34,15891.7,0.7,390.4,466.6,108.299,16.432,27.9,31.4907,40.5142,104.23,-0.156641347,66926.9,0.035178674,5.98,6.13,1399.11,1397.72,138.17,233.51,15210054,0.03196348,5.7,336199,0.273244739,12.62,11814.8974,0.107625465,46508.8,0.054,55485.2,0.136283954,14983.92,4016.9869,333.529,103.5,6879.314,0.017,0.718,117328.6496,1413.093702,0.685,0.315,0.969793753,84183.0,198.0047076,8.0,3.8,674276.8,107.1,1.7,9.0,10.7,11.3,9.6,233.0,19.24347539,98.8,98.6,98.0,43.6,94.3,54.5,99.3,0.4,76.37,7.6,8.82,684.2,160.69,87.26,72.47,51.77,47.35,40.77,2.31,863.3947939,"3,013",1437.739554,100.0,"90,92","23,14",65.2,97.9,8846.956102,121.1,772.0,293.0,,,9350.0,627.0,0.43939,1440.0,329348.0,26.7,76.2,46352.0,226047.3
1244,2013-05-29,103.34,15891.7,0.7,390.4,466.6,108.299,16.432,27.9,31.6288,40.9171,102.43,-0.156641347,66926.9,0.035178674,5.98,6.13,1360.06,1361.43,137.48,233.45,15210054,0.03196348,5.7,336199,0.273244739,12.62,11814.8974,0.107625465,46508.8,0.054,55485.2,0.136283954,14983.92,4016.9869,333.529,103.5,6879.314,0.017,0.718,117328.6496,1413.093702,0.685,0.315,0.969793753,84183.0,198.0047076,8.0,3.8,674276.8,107.1,1.7,9.0,10.7,11.3,9.6,233.0,19.24347539,98.8,98.6,98.0,43.6,94.3,54.5,99.3,0.4,76.37,7.6,8.82,684.2,160.69,87.26,72.47,51.77,47.35,40.77,2.31,863.3947939,"3,013",1437.739554,100.0,"90,92","23,14",65.2,97.9,8846.956102,121.1,772.0,293.0,,,9350.0,627.0,0.43939,1440.0,329348.0,26.7,76.2,46352.0,226047.3
1245,2013-05-30,103.34,15891.7,0.7,390.4,466.6,108.299,16.432,27.9,31.708,41.3618,102.19,-0.156641347,66926.9,0.035178674,5.98,6.13,1350.42,1361.26,136.82,233.37,15210054,0.03196348,5.7,336199,0.273244739,12.62,11814.8974,0.107625465,46508.8,0.054,55485.2,0.136283954,14983.92,4016.9869,333.529,103.5,6879.314,0.017,0.718,117328.6496,1413.093702,0.685,0.315,0.969793753,84183.0,198.0047076,8.0,3.8,674276.8,107.1,1.7,9.0,10.7,11.3,9.6,233.0,19.24347539,98.8,98.6,98.0,43.6,94.3,54.5,99.3,0.4,76.37,7.6,8.82,684.2,160.69,87.26,72.47,51.77,47.35,40.77,2.31,863.3947939,"3,013",1437.739554,100.0,"90,92","23,14",65.2,97.9,8846.956102,121.1,772.0,293.0,,,9350.0,627.0,0.43939,1440.0,329348.0,26.7,76.2,46352.0,226047.3
1246,2013-05-31,103.34,15891.7,0.7,390.4,466.6,108.299,16.432,27.9,31.8777,41.3478,100.39,-0.156641347,66926.9,0.035178674,5.98,6.13,1331.43,1350.17,136.15,233.32,15210054,0.03196348,5.7,336199,0.273244739,12.62,11814.8974,0.107625465,46508.8,0.054,55485.2,0.136283954,14983.92,4016.9869,333.529,103.5,6879.314,0.017,0.718,117328.6496,1413.093702,0.685,0.315,0.969793753,84183.0,198.0047076,8.0,3.8,674276.8,107.1,1.7,9.0,10.7,11.3,9.6,233.0,19.24347539,98.8,98.6,98.0,43.6,94.3,54.5,99.3,0.4,76.37,7.6,8.82,684.2,160.69,87.26,72.47,51.77,47.35,40.77,2.31,863.3947939,"3,013",1437.739554,100.0,"90,92","23,14",65.2,97.9,8846.956102,121.1,772.0,293.0,,,9350.0,627.0,0.43939,1440.0,329348.0,26.7,76.2,46352.0,226047.3
1247,2013-06-01,102.62,15891.7,0.7,393.0,462.1,108.299,16.954,27.9,31.8777,41.3478,100.39,-0.076730382,66926.9,0.035178674,5.98,6.13,1331.43,1350.17,136.15,233.32,15227268,0.001131751,5.6,429229,0.248844199,12.7,11814.8974,0.107625465,56458.1,0.054,55485.2,0.136283954,15130.84,4016.9869,333.529,103.5,6879.314,0.017,0.718,117328.6496,1413.093702,0.685,0.315,0.969793753,84183.0,198.0047076,8.0,3.8,674276.8,107.1,1.7,9.0,10.7,11.3,9.6,233.0,19.24347539,98.8,98.6,98.0,43.6,94.3,54.5,99.3,0.4,76.37,7.6,8.82,684.2,152.76,94.53,70.28,52.62,46.56,41.09,32.23,863.3947939,"3,013",1437.739554,100.0,"90,92","23,14",65.2,97.9,8846.956102,121.1,772.0,293.0,,,9350.0,627.0,0.43939,1440.0,329348.0,26.7,76.2,46352.0,226047.3
1248,2013-06-02,102.62,15891.7,0.7,393.0,462.1,108.299,16.954,27.9,31.8777,41.3478,100.39,-0.076730382,66926.9,0.035178674,5.98,6.13,1331.43,1350.17,136.15,227.52,15227268,0.001131751,5.6,429229,0.248844199,12.7,11814.8974,0.107625465,56458.1,0.054,55485.2,0.136283954,15130.84,4016.9869,333.529,103.5,6879.314,0.017,0.718,117328.6496,1413.093702,0.685,0.315,0.969793753,84183.0,198.0047076,8.0,3.8,674276.8,107.1,1.7,9.0,10.7,11.3,9.6,233.0,19.24347539,98.8,98.6,98.0,43.6,94.3,54.5,99.3,0.4,76.37,7.6,8.82,684.2,152.76,94.53,70.28,52.62,46.56,41.09,32.23,863.3947939,"3,013",1437.739554,100.0,"90,92","23,14",65.2,97.9,8846.956102,121.1,772.0,293.0,,,9350.0,627.0,0.43939,1440.0,329348.0,26.7,76.2,46352.0,226047.3
1249,2013-06-03,102.62,15891.7,0.7,393.0,462.1,108.299,16.954,27.9,31.7918,41.5926,102.06,-0.076730382,66926.9,0.035178674,5.98,6.13,1319.01,1337.4,135.55,228.86,15227268,0.001131751,5.6,429229,0.248844199,12.7,11814.8974,0.107625465,56458.1,0.054,55485.2,0.136283954,15130.84,4016.9869,333.529,103.5,6879.314,0.017,0.718,117328.6496,1413.093702,0.685,0.315,0.969793753,84183.0,198.0047076,8.0,3.8,674276.8,107.1,1.7,9.0,10.7,11.3,9.6,233.0,19.24347539,98.8,98.6,98.0,43.6,94.3,54.5,99.3,0.4,76.37,7.6,8.82,684.2,152.76,94.53,70.28,52.62,46.56,41.09,32.23,863.3947939,"3,013",1437.739554,100.0,"90,92","23,14",65.2,97.9,8846.956102,121.1,772.0,293.0,,,9350.0,627.0,0.43939,1440.0,329348.0,26.7,76.2,46352.0,226047.3
1250,2013-06-04,102.62,15891.7,0.7,393.0,462.1,108.299,16.954,27.9,31.9496,41.7611,103.24,-0.076730382,66926.9,0.035178674,5.98,6.13,1322.39,1341.62,135.83,228.86,15227268,0.001131751,5.6,429229,0.248844199,12.7,11814.8974,0.107625465,56458.1,0.054,55485.2,0.136283954,15130.84,4016.9869,333.529,103.5,6879.314,0.017,0.718,117328.6496,1413.093702,0.685,0.315,0.969793753,84183.0,198.0047076,8.0,3.8,674276.8,107.1,1.7,9.0,10.7,11.3,9.6,233.0,19.24347539,98.8,98.6,98.0,43.6,94.3,54.5,99.3,0.4,76.37,7.6,8.82,684.2,152.76,94.53,70.28,52.62,46.56,41.09,32.23,863.3947939,"3,013",1437.739554,100.0,"90,92","23,14",65.2,97.9,8846.956102,121.1,772.0,293.0,,,9350.0,627.0,0.43939,1440.0,329348.0,26.7,76.2,46352.0,226047.3
1251,2013-06-05,102.62,15891.7,0.7,393.0,462.1,108.299,16.954,27.9,32.1816,42.123,103.04,-0.076730382,66926.9,0.035178674,5.98,6.13,1301.08,1326.78,136.24,232.41,15227268,0.001131751,5.6,429229,0.248844199,12.7,11814.8974,0.107625465,56458.1,0.054,55485.2,0.136283954,15130.84,4016.9869,333.529,103.5,6879.314,0.017,0.718,117328.6496,1413.093702,0.685,0.315,0.969793753,84183.0,198.0047076,8.0,3.8,674276.8,107.1,1.7,9.0,10.7,11.3,9.6,233.0,19.24347539,98.8,98.6,98.0,43.6,94.3,54.5,99.3,0.4,76.37,7.6,8.82,684.2,152.76,94.53,70.28,52.62,46.56,41.09,32.23,863.3947939,"3,013",1437.739554,100.0,"90,92","23,14",65.2,97.9,8846.956102,121.1,772.0,293.0,,,9350.0,627.0,0.43939,1440.0,329348.0,26.7,76.2,46352.0,226047.3
1252,2013-06-06,102.62,15891.7,0.7,393.0,462.1,108.299,16.954,27.9,32.1964,42.6615,103.61,-0.076730382,66926.9,0.035178674,5.98,6.13,1286.86,1316.92,135.26,233.44,15227268,0.001131751,5.6,429229,0.248844199,12.7,11814.8974,0.107625465,56458.1,0.054,55485.2,0.136283954,15130.84,4016.9869,333.529,103.5,6879.314,0.017,0.718,117328.6496,1413.093702,0.685,0.315,0.969793753,84183.0,198.0047076,8.0,3.8,674276.8,107.1,1.7,9.0,10.7,11.3,9.6,233.0,19.24347539,98.8,98.6,98.0,43.6,94.3,54.5,99.3,0.4,76.37,7.6,8.82,684.2,152.76,94.53,70.28,52.62,46.56,41.09,32.23,863.3947939,"3,013",1437.739554,100.0,"90,92","23,14",65.2,97.9,8846.956102,121.1,772.0,293.0,,,9350.0,627.0,0.43939,1440.0,329348.0,26.7,76.2,46352.0,226047.3
1253,2013-06-07,102.62,15891.7,0.7,393.0,462.1,108.299,16.954,27.9,32.1608,42.5191,104.56,-0.076730382,66926.9,0.035178674,5.98,6.13,1314.41,1343.9,134.63,233.44,15227268,0.001131751,5.6,429229,0.248844199,12.7,11814.8974,0.107625465,56458.1,0.054,55485.2,0.136283954,15130.84,4016.9869,333.529,103.5,6879.314,0.017,0.718,117328.6496,1413.093702,0.685,0.315,0.969793753,84183.0,198.0047076,8.0,3.8,674276.8,107.1,1.7,9.0,10.7,11.3,9.6,233.0,19.24347539,98.8,98.6,98.0,43.6,94.3,54.5,99.3,0.4,76.37,7.6,8.82,684.2,152.76,94.53,70.28,52.62,46.56,41.09,32.23,863.3947939,"3,013",1437.739554,100.0,"90,92","23,14",65.2,97.9,8846.956102,121.1,772.0,293.0,,,9350.0,627.0,0.43939,1440.0,329348.0,26.7,76.2,46352.0,226047.3
1254,2013-06-08,102.62,15891.7,0.7,393.0,462.1,108.299,16.954,27.9,32.1608,42.5191,104.56,-0.076730382,66926.9,0.035178674,5.98,6.13,1314.41,1343.9,134.63,236.37,15227268,0.001131751,5.6,429229,0.248844199,12.7,11814.8974,0.107625465,56458.1,0.054,55485.2,0.136283954,15130.84,4016.9869,333.529,103.5,6879.314,0.017,0.718,117328.6496,1413.093702,0.685,0.315,0.969793753,84183.0,198.0047076,8.0,3.8,674276.8,107.1,1.7,9.0,10.7,11.3,9.6,233.0,19.24347539,98.8,98.6,98.0,43.6,94.3,54.5,99.3,0.4,76.37,7.6,8.82,684.2,152.76,94.53,70.28,52.62,46.56,41.09,32.23,863.3947939,"3,013",1437.739554,100.0,"90,92","23,14",65.2,97.9,8846.956102,121.1,772.0,293.0,,,9350.0,627.0,0.43939,1440.0,329348.0,26.7,76.2,46352.0,226047.3
1255,2013-06-09,102.62,15891.7,0.7,393.0,462.1,108.299,16.954,27.9,32.1608,42.5191,104.56,-0.076730382,66926.9,0.035178674,5.98,6.13,1314.41,1343.9,134.63,237.91,15227268,0.001131751,5.6,429229,0.248844199,12.7,11814.8974,0.107625465,56458.1,0.054,55485.2,0.136283954,15130.84,4016.9869,333.529,103.5,6879.314,0.017,0.718,117328.6496,1413.093702,0.685,0.315,0.969793753,84183.0,198.0047076,8.0,3.8,674276.8,107.1,1.7,9.0,10.7,11.3,9.6,233.0,19.24347539,98.8,98.6,98.0,43.6,94.3,54.5,99.3,0.4,76.37,7.6,8.82,684.2,152.76,94.53,70.28,52.62,46.56,41.09,32.23,863.3947939,"3,013",1437.739554,100.0,"90,92","23,14",65.2,97.9,8846.956102,121.1,772.0,293.0,,,9350.0,627.0,0.43939,1440.0,329348.0,26.7,76.2,46352.0,226047.3
1256,2013-06-10,102.62,15891.7,0.7,393.0,462.1,108.299,16.954,27.9,32.2928,42.7313,103.95,-0.076730382,66926.9,0.035178674,5.98,6.13,1300.54,1335.25,134.11,237.91,15227268,0.001131751,5.6,429229,0.248844199,12.7,11814.8974,0.107625465,56458.1,0.054,55485.2,0.136283954,15130.84,4016.9869,333.529,103.5,6879.314,0.017,0.718,117328.6496,1413.093702,0.685,0.315,0.969793753,84183.0,198.0047076,8.0,3.8,674276.8,107.1,1.7,9.0,10.7,11.3,9.6,233.0,19.24347539,98.8,98.6,98.0,43.6,94.3,54.5,99.3,0.4,76.37,7.6,8.82,684.2,152.76,94.53,70.28,52.62,46.56,41.09,32.23,863.3947939,"3,013",1437.739554,100.0,"90,92","23,14",65.2,97.9,8846.956102,121.1,772.0,293.0,,,9350.0,627.0,0.43939,1440.0,329348.0,26.7,76.2,46352.0,226047.3
1257,2013-06-11,102.62,15891.7,0.7,393.0,462.1,108.299,16.954,27.9,32.4141,43.0386,102.96,-0.076730382,66926.9,0.035178674,5.98,6.13,1263.66,1301.31,133.02,241.38,15227268,0.001131751,5.6,429229,0.248844199,12.7,11814.8974,0.107625465,56458.1,0.054,55485.2,0.136283954,15130.84,4016.9869,333.529,103.5,6879.314,0.017,0.718,117328.6496,1413.093702,0.685,0.315,0.969793753,84183.0,198.0047076,8.0,3.8,674276.8,107.1,1.7,9.0,10.7,11.3,9.6,233.0,19.24347539,98.8,98.6,98.0,43.6,94.3,54.5,99.3,0.4,76.37,7.6,8.82,684.2,152.76,94.53,70.28,52.62,46.56,41.09,32.23,863.3947939,"3,013",1437.739554,100.0,"90,92","23,14",65.2,97.9,8846.956102,121.1,772.0,293.0,,,9350.0,627.0,0.43939,1440.0,329348.0,26.7,76.2,46352.0,226047.3
1258,2013-06-12,102.62,15891.7,0.7,393.0,462.1,108.299,16.954,27.9,32.1998,42.952,103.49,-0.076730382,66926.9,0.035178674,5.98,6.13,1263.66,1301.31,133.02,242.04,15227268,0.001131751,5.6,429229,0.248844199,12.7,11814.8974,0.107625465,56458.1,0.054,55485.2,0.136283954,15130.84,4016.9869,333.529,103.5,6879.314,0.017,0.718,117328.6496,1413.093702,0.685,0.315,0.969793753,84183.0,198.0047076,8.0,3.8,674276.8,107.1,1.7,9.0,10.7,11.3,9.6,233.0,19.24347539,98.8,98.6,98.0,43.6,94.3,54.5,99.3,0.4,76.37,7.6,8.82,684.2,152.76,94.53,70.28,52.62,46.56,41.09,32.23,863.3947939,"3,013",1437.739554,100.0,"90,92","23,14",65.2,97.9,8846.956102,121.1,772.0,293.0,,,9350.0,627.0,0.43939,1440.0,329348.0,26.7,76.2,46352.0,226047.3
1259,2013-06-13,102.62,15891.7,0.7,393.0,462.1,108.299,16.954,27.9,31.9724,42.6065,104.25,-0.076730382,66926.9,0.035178674,5.98,6.13,1261.63,1281.89,133.97,233.47,15227268,0.001131751,5.6,429229,0.248844199,12.7,11814.8974,0.107625465,56458.1,0.054,55485.2,0.136283954,15130.84,4016.9869,333.529,103.5,6879.314,0.017,0.718,117328.6496,1413.093702,0.685,0.315,0.969793753,84183.0,198.0047076,8.0,3.8,674276.8,107.1,1.7,9.0,10.7,11.3,9.6,233.0,19.24347539,98.8,98.6,98.0,43.6,94.3,54.5,99.3,0.4,76.37,7.6,8.82,684.2,152.76,94.53,70.28,52.62,46.56,41.09,32.23,863.3947939,"3,013",1437.739554,100.0,"90,92","23,14",65.2,97.9,8846.956102,121.1,772.0,293.0,,,9350.0,627.0,0.43939,1440.0,329348.0,26.7,76.2,46352.0,226047.3
1260,2013-06-14,102.62,15891.7,0.7,393.0,462.1,108.299,16.954,27.9,31.7216,42.2519,105.93,-0.076730382,66926.9,0.035178674,5.98,6.13,1293.88,1299.61,135.57,233.08,15227268,0.001131751,5.6,429229,0.248844199,12.7,11814.8974,0.107625465,56458.1,0.054,55485.2,0.136283954,15130.84,4016.9869,333.529,103.5,6879.314,0.017,0.718,117328.6496,1413.093702,0.685,0.315,0.969793753,84183.0,198.0047076,8.0,3.8,674276.8,107.1,1.7,9.0,10.7,11.3,9.6,233.0,19.24347539,98.8,98.6,98.0,43.6,94.3,54.5,99.3,0.4,76.37,7.6,8.82,684.2,152.76,94.53,70.28,52.62,46.56,41.09,32.23,863.3947939,"3,013",1437.739554,100.0,"90,92","23,14",65.2,97.9,8846.956102,121.1,772.0,293.0,,,9350.0,627.0,0.43939,1440.0,329348.0,26.7,76.2,46352.0,226047.3
1261,2013-06-15,102.62,15891.7,0.7,393.0,462.1,108.299,16.954,27.9,31.7216,42.2519,105.93,-0.076730382,66926.9,0.035178674,5.98,6.13,1293.88,1299.61,135.57,233.08,15227268,0.001131751,5.6,429229,0.248844199,12.7,11814.8974,0.107625465,56458.1,0.054,55485.2,0.136283954,15130.84,4016.9869,333.529,103.5,6879.314,0.017,0.718,117328.6496,1413.093702,0.685,0.315,0.969793753,84183.0,198.0047076,8.0,3.8,674276.8,107.1,1.7,9.0,10.7,11.3,9.6,233.0,19.24347539,98.8,98.6,98.0,43.6,94.3,54.5,99.3,0.4,76.37,7.6,8.82,684.2,152.76,94.53,70.28,52.62,46.56,41.09,32.23,863.3947939,"3,013",1437.739554,100.0,"90,92","23,14",65.2,97.9,8846.956102,121.1,772.0,293.0,,,9350.0,627.0,0.43939,1440.0,329348.0,26.7,76.2,46352.0,226047.3
1262,2013-06-16,102.62,15891.7,0.7,393.0,462.1,108.299,16.954,27.9,31.7216,42.2519,105.93,-0.076730382,66926.9,0.035178674,5.98,6.13,1293.88,1299.61,135.57,233.08,15227268,0.001131751,5.6,429229,0.248844199,12.7,11814.8974,0.107625465,56458.1,0.054,55485.2,0.136283954,15130.84,4016.9869,333.529,103.5,6879.314,0.017,0.718,117328.6496,1413.093702,0.685,0.315,0.969793753,84183.0,198.0047076,8.0,3.8,674276.8,107.1,1.7,9.0,10.7,11.3,9.6,233.0,19.24347539,98.8,98.6,98.0,43.6,94.3,54.5,99.3,0.4,76.37,7.6,8.82,684.2,152.76,94.53,70.28,52.62,46.56,41.09,32.23,863.3947939,"3,013",1437.739554,100.0,"90,92","23,14",65.2,97.9,8846.956102,121.1,772.0,293.0,,,9350.0,627.0,0.43939,1440.0,329348.0,26.7,76.2,46352.0,226047.3
1263,2013-06-17,102.62,15891.7,0.7,393.0,462.1,108.299,16.954,27.9,31.7465,42.3223,105.47,-0.076730382,66926.9,0.035178674,5.98,6.13,1314.01,1325.27,135.26,233.0,15227268,0.001131751,5.6,429229,0.248844199,12.7,11814.8974,0.107625465,56458.1,0.054,55485.2,0.136283954,15130.84,4016.9869,333.529,103.5,6879.314,0.017,0.718,117328.6496,1413.093702,0.685,0.315,0.969793753,84183.0,198.0047076,8.0,3.8,674276.8,107.1,1.7,9.0,10.7,11.3,9.6,233.0,19.24347539,98.8,98.6,98.0,43.6,94.3,54.5,99.3,0.4,76.37,7.6,8.82,684.2,152.76,94.53,70.28,52.62,46.56,41.09,32.23,863.3947939,"3,013",1437.739554,100.0,"90,92","23,14",65.2,97.9,8846.956102,121.1,772.0,293.0,,,9350.0,627.0,0.43939,1440.0,329348.0,26.7,76.2,46352.0,226047.3
1264,2013-06-18,102.62,15891.7,0.7,393.0,462.1,108.299,16.954,27.9,31.99,42.8461,106.02,-0.076730382,66926.9,0.035178674,5.98,6.13,1314.06,1335.14,134.44,232.93,15227268,0.001131751,5.6,429229,0.248844199,12.7,11814.8974,0.107625465,56458.1,0.054,55485.2,0.136283954,15130.84,4016.9869,333.529,103.5,6879.314,0.017,0.718,117328.6496,1413.093702,0.685,0.315,0.969793753,84183.0,198.0047076,8.0,3.8,674276.8,107.1,1.7,9.0,10.7,11.3,9.6,233.0,19.24347539,98.8,98.6,98.0,43.6,94.3,54.5,99.3,0.4,76.37,7.6,8.82,684.2,152.76,94.53,70.28,52.62,46.56,41.09,32.23,863.3947939,"3,013",1437.739554,100.0,"90,92","23,14",65.2,97.9,8846.956102,121.1,772.0,293.0,,,9350.0,627.0,0.43939,1440.0,329348.0,26.7,76.2,46352.0,226047.3
1265,2013-06-19,102.62,15891.7,0.7,393.0,462.1,108.299,16.954,27.9,32.248,43.2167,106.12,-0.076730382,66926.9,0.035178674,5.98,6.13,1291.72,1323.57,134.22,233.04,15227268,0.001131751,5.6,429229,0.248844199,12.7,11814.8974,0.107625465,56458.1,0.054,55485.2,0.136283954,15130.84,4016.9869,333.529,103.5,6879.314,0.017,0.718,117328.6496,1413.093702,0.685,0.315,0.969793753,84183.0,198.0047076,8.0,3.8,674276.8,107.1,1.7,9.0,10.7,11.3,9.6,233.0,19.24347539,98.8,98.6,98.0,43.6,94.3,54.5,99.3,0.4,76.37,7.6,8.82,684.2,152.76,94.53,70.28,52.62,46.56,41.09,32.23,863.3947939,"3,013",1437.739554,100.0,"90,92","23,14",65.2,97.9,8846.956102,121.1,772.0,293.0,,,9350.0,627.0,0.43939,1440.0,329348.0,26.7,76.2,46352.0,226047.3
1266,2013-06-20,102.62,15891.7,0.7,393.0,462.1,108.299,16.954,27.9,32.8488,43.4875,102.15,-0.076730382,66926.9,0.035178674,5.98,6.13,1243.32,1297.01,132.49,232.92,15227268,0.001131751,5.6,429229,0.248844199,12.7,11814.8974,0.107625465,56458.1,0.054,55485.2,0.136283954,15130.84,4016.9869,333.529,103.5,6879.314,0.017,0.718,117328.6496,1413.093702,0.685,0.315,0.969793753,84183.0,198.0047076,8.0,3.8,674276.8,107.1,1.7,9.0,10.7,11.3,9.6,233.0,19.24347539,98.8,98.6,98.0,43.6,94.3,54.5,99.3,0.4,76.37,7.6,8.82,684.2,152.76,94.53,70.28,52.62,46.56,41.09,32.23,863.3947939,"3,013",1437.739554,100.0,"90,92","23,14",65.2,97.9,8846.956102,121.1,772.0,293.0,,,9350.0,627.0,0.43939,1440.0,329348.0,26.7,76.2,46352.0,226047.3
1267,2013-06-21,102.62,15891.7,0.7,393.0,462.1,108.299,16.954,27.9,32.825,43.1387,100.91,-0.076730382,66926.9,0.035178674,5.98,6.13,1245.72,1298.89,132.35,232.96,15227268,0.001131751,5.6,429229,0.248844199,12.7,11814.8974,0.107625465,56458.1,0.054,55485.2,0.136283954,15130.84,4016.9869,333.529,103.5,6879.314,0.017,0.718,117328.6496,1413.093702,0.685,0.315,0.969793753,84183.0,198.0047076,8.0,3.8,674276.8,107.1,1.7,9.0,10.7,11.3,9.6,233.0,19.24347539,98.8,98.6,98.0,43.6,94.3,54.5,99.3,0.4,76.37,7.6,8.82,684.2,152.76,94.53,70.28,52.62,46.56,41.09,32.23,863.3947939,"3,013",1437.739554,100.0,"90,92","23,14",65.2,97.9,8846.956102,121.1,772.0,293.0,,,9350.0,627.0,0.43939,1440.0,329348.0,26.7,76.2,46352.0,226047.3
1268,2013-06-22,102.62,15891.7,0.7,393.0,462.1,108.299,16.954,27.9,32.825,43.1387,100.91,-0.076730382,66926.9,0.035178674,5.98,6.13,1245.72,1298.89,132.35,232.96,15227268,0.001131751,5.6,429229,0.248844199,12.7,11814.8974,0.107625465,56458.1,0.054,55485.2,0.136283954,15130.84,4016.9869,333.529,103.5,6879.314,0.017,0.718,117328.6496,1413.093702,0.685,0.315,0.969793753,84183.0,198.0047076,8.0,3.8,674276.8,107.1,1.7,9.0,10.7,11.3,9.6,233.0,19.24347539,98.8,98.6,98.0,43.6,94.3,54.5,99.3,0.4,76.37,7.6,8.82,684.2,152.76,94.53,70.28,52.62,46.56,41.09,32.23,863.3947939,"3,013",1437.739554,100.0,"90,92","23,14",65.2,97.9,8846.956102,121.1,772.0,293.0,,,9350.0,627.0,0.43939,1440.0,329348.0,26.7,76.2,46352.0,226047.3
1269,2013-06-23,102.62,15891.7,0.7,393.0,462.1,108.299,16.954,27.9,32.825,43.1387,100.91,-0.076730382,66926.9,0.035178674,5.98,6.13,1245.72,1298.89,132.35,232.96,15227268,0.001131751,5.6,429229,0.248844199,12.7,11814.8974,0.107625465,56458.1,0.054,55485.2,0.136283954,15130.84,4016.9869,333.529,103.5,6879.314,0.017,0.718,117328.6496,1413.093702,0.685,0.315,0.969793753,84183.0,198.0047076,8.0,3.8,674276.8,107.1,1.7,9.0,10.7,11.3,9.6,233.0,19.24347539,98.8,98.6,98.0,43.6,94.3,54.5,99.3,0.4,76.37,7.6,8.82,684.2,152.76,94.53,70.28,52.62,46.56,41.09,32.23,863.3947939,"3,013",1437.739554,100.0,"90,92","23,14",65.2,97.9,8846.956102,121.1,772.0,293.0,,,9350.0,627.0,0.43939,1440.0,329348.0,26.7,76.2,46352.0,226047.3
1270,2013-06-24,102.62,15891.7,0.7,393.0,462.1,108.299,16.954,27.9,32.9305,43.1235,101.16,-0.076730382,66926.9,0.035178674,5.98,6.13,1233.04,1290.26,129.9,232.8,15227268,0.001131751,5.6,429229,0.248844199,12.7,11814.8974,0.107625465,56458.1,0.054,55485.2,0.136283954,15130.84,4016.9869,333.529,103.5,6879.314,0.017,0.718,117328.6496,1413.093702,0.685,0.315,0.969793753,84183.0,198.0047076,8.0,3.8,674276.8,107.1,1.7,9.0,10.7,11.3,9.6,233.0,19.24347539,98.8,98.6,98.0,43.6,94.3,54.5,99.3,0.4,76.37,7.6,8.82,684.2,152.76,94.53,70.28,52.62,46.56,41.09,32.23,863.3947939,"3,013",1437.739554,100.0,"90,92","23,14",65.2,97.9,8846.956102,121.1,772.0,293.0,,,9350.0,627.0,0.43939,1440.0,329348.0,26.7,76.2,46352.0,226047.3
1271,2013-06-25,102.62,15891.7,0.7,393.0,462.1,108.299,16.954,27.9,32.8571,43.0593,101.26,-0.076730382,66926.9,0.035178674,5.98,6.13,1243.2,1297.59,130.51,233.12,15227268,0.001131751,5.6,429229,0.248844199,12.7,11814.8974,0.107625465,56458.1,0.054,55485.2,0.136283954,15130.84,4016.9869,333.529,103.5,6879.314,0.017,0.718,117328.6496,1413.093702,0.685,0.315,0.969793753,84183.0,198.0047076,8.0,3.8,674276.8,107.1,1.7,9.0,10.7,11.3,9.6,233.0,19.24347539,98.8,98.6,98.0,43.6,94.3,54.5,99.3,0.4,76.37,7.6,8.82,684.2,152.76,94.53,70.28,52.62,46.56,41.09,32.23,863.3947939,"3,013",1437.739554,100.0,"90,92","23,14",65.2,97.9,8846.956102,121.1,772.0,293.0,,,9350.0,627.0,0.43939,1440.0,329348.0,26.7,76.2,46352.0,226047.3
1272,2013-06-26,102.62,15891.7,0.7,393.0,462.1,108.299,16.954,27.9,32.9538,42.8622,101.66,-0.076730382,66926.9,0.035178674,5.98,6.13,1261.13,1320.39,131.3,233.19,15227268,0.001131751,5.6,429229,0.248844199,12.7,11814.8974,0.107625465,56458.1,0.054,55485.2,0.136283954,15130.84,4016.9869,333.529,103.5,6879.314,0.017,0.718,117328.6496,1413.093702,0.685,0.315,0.969793753,84183.0,198.0047076,8.0,3.8,674276.8,107.1,1.7,9.0,10.7,11.3,9.6,233.0,19.24347539,98.8,98.6,98.0,43.6,94.3,54.5,99.3,0.4,76.37,7.6,8.82,684.2,152.76,94.53,70.28,52.62,46.56,41.09,32.23,863.3947939,"3,013",1437.739554,100.0,"90,92","23,14",65.2,97.9,8846.956102,121.1,772.0,293.0,,,9350.0,627.0,0.43939,1440.0,329348.0,26.7,76.2,46352.0,226047.3
1273,2013-06-27,102.62,15891.7,0.7,393.0,462.1,108.299,16.954,27.9,32.7739,42.7412,102.82,-0.076730382,66926.9,0.035178674,5.98,6.13,1262.77,1313.23,132.81,233.27,15227268,0.001131751,5.6,429229,0.248844199,12.7,11814.8974,0.107625465,56458.1,0.054,55485.2,0.136283954,15130.84,4016.9869,333.529,103.5,6879.314,0.017,0.718,117328.6496,1413.093702,0.685,0.315,0.969793753,84183.0,198.0047076,8.0,3.8,674276.8,107.1,1.7,9.0,10.7,11.3,9.6,233.0,19.24347539,98.8,98.6,98.0,43.6,94.3,54.5,99.3,0.4,76.37,7.6,8.82,684.2,152.76,94.53,70.28,52.62,46.56,41.09,32.23,863.3947939,"3,013",1437.739554,100.0,"90,92","23,14",65.2,97.9,8846.956102,121.1,772.0,293.0,,,9350.0,627.0,0.43939,1440.0,329348.0,26.7,76.2,46352.0,226047.3
1274,2013-06-28,102.62,15891.7,0.7,393.0,462.1,108.299,16.954,27.9,32.8395,42.7158,102.16,-0.076730382,66926.9,0.035178674,5.98,6.13,1275.44,1330.46,133.47,233.59,15227268,0.001131751,5.6,429229,0.248844199,12.7,11814.8974,0.107625465,56458.1,0.054,55485.2,0.136283954,15130.84,4016.9869,333.529,103.5,6879.314,0.017,0.718,117328.6496,1413.093702,0.685,0.315,0.969793753,84183.0,198.0047076,8.0,3.8,674276.8,107.1,1.7,9.0,10.7,11.3,9.6,233.0,19.24347539,98.8,98.6,98.0,43.6,94.3,54.5,99.3,0.4,76.37,7.6,8.82,684.2,152.76,94.53,70.28,52.62,46.56,41.09,32.23,863.3947939,"3,013",1437.739554,100.0,"90,92","23,14",65.2,97.9,8846.956102,121.1,772.0,293.0,,,9350.0,627.0,0.43939,1440.0,329348.0,26.7,76.2,46352.0,226047.3
1275,2013-06-29,102.62,15891.7,0.7,393.0,462.1,108.299,16.954,27.9,32.8395,42.7158,102.16,-0.076730382,66926.9,0.035178674,5.98,6.13,1275.44,1330.46,133.47,233.59,15227268,0.001131751,5.6,429229,0.248844199,12.7,11814.8974,0.107625465,56458.1,0.054,55485.2,0.136283954,15130.84,4016.9869,333.529,103.5,6879.314,0.017,0.718,117328.6496,1413.093702,0.685,0.315,0.969793753,84183.0,198.0047076,8.0,3.8,674276.8,107.1,1.7,9.0,10.7,11.3,9.6,233.0,19.24347539,98.8,98.6,98.0,43.6,94.3,54.5,99.3,0.4,76.37,7.6,8.82,684.2,152.76,94.53,70.28,52.62,46.56,41.09,32.23,863.3947939,"3,013",1437.739554,100.0,"90,92","23,14",65.2,97.9,8846.956102,121.1,772.0,293.0,,,9350.0,627.0,0.43939,1440.0,329348.0,26.7,76.2,46352.0,226047.3
1276,2013-06-30,102.62,15891.7,0.7,393.0,462.1,108.299,16.954,27.9,32.8395,42.7158,102.16,-0.076730382,66926.9,0.035178674,5.98,6.13,1275.44,1330.46,133.47,233.59,15227268,0.001131751,5.6,429229,0.248844199,12.7,11814.8974,0.107625465,56458.1,0.054,55485.2,0.136283954,15130.84,4016.9869,333.529,103.5,6879.314,0.017,0.718,117328.6496,1413.093702,0.685,0.315,0.969793753,84183.0,198.0047076,8.0,3.8,674276.8,107.1,1.7,9.0,10.7,11.3,9.6,233.0,19.24347539,98.8,98.6,98.0,43.6,94.3,54.5,99.3,0.4,76.37,7.6,8.82,684.2,152.76,94.53,70.28,52.62,46.56,41.09,32.23,863.3947939,"3,013",1437.739554,100.0,"90,92","23,14",65.2,97.9,8846.956102,121.1,772.0,293.0,,,9350.0,627.0,0.43939,1440.0,329348.0,26.7,76.2,46352.0,226047.3
1277,2013-07-01,108.6204,17015.1,1.2,394.7,464.0,108.299,16.104,5.1,32.9608,43.0263,103.0,0.081603869,66926.9,0.035178674,6.01,6.56,1276.85,1336.17,133.54,233.59,15632019,0.026580671,5.4,535188,0.261923344,12.62,11814.8974,0.107625465,54012.1,0.054,55485.2,0.136283954,15163.82,4016.9869,333.529,103.5,6879.314,0.017,0.718,117328.6496,1413.093702,0.685,0.315,0.969793753,84183.0,198.0047076,8.0,3.8,674276.8,107.1,1.7,9.0,10.7,11.3,9.6,233.0,19.24347539,98.8,98.6,98.0,43.6,94.3,54.5,99.3,0.4,76.37,7.6,8.82,684.2,144.03,88.67,71.88,51.01,48.08,41.42,32.55,863.3947939,"3,013",1437.739554,100.0,"90,92","23,14",65.2,97.9,8846.956102,121.1,772.0,293.0,,,9350.0,627.0,0.43939,1440.0,329348.0,26.7,76.2,46352.0,226047.3
1278,2013-07-02,108.6204,17015.1,1.2,394.7,464.0,108.299,16.104,5.1,33.1044,43.1028,104.0,0.081603869,66926.9,0.035178674,6.01,6.56,1274.07,1337.92,134.28,227.55,15632019,0.026580671,5.4,535188,0.261923344,12.62,11814.8974,0.107625465,54012.1,0.054,55485.2,0.136283954,15163.82,4016.9869,333.529,103.5,6879.314,0.017,0.718,117328.6496,1413.093702,0.685,0.315,0.969793753,84183.0,198.0047076,8.0,3.8,674276.8,107.1,1.7,9.0,10.7,11.3,9.6,233.0,19.24347539,98.8,98.6,98.0,43.6,94.3,54.5,99.3,0.4,76.37,7.6,8.82,684.2,144.03,88.67,71.88,51.01,48.08,41.42,32.55,863.3947939,"3,013",1437.739554,100.0,"90,92","23,14",65.2,97.9,8846.956102,121.1,772.0,293.0,,,9350.0,627.0,0.43939,1440.0,329348.0,26.7,76.2,46352.0,226047.3
1279,2013-07-03,108.6204,17015.1,1.2,394.7,464.0,108.299,16.104,5.1,33.1418,43.1227,105.76,0.081603869,66926.9,0.035178674,6.01,6.56,1264.29,1333.35,134.11,228.94,15632019,0.026580671,5.4,535188,0.261923344,12.62,11814.8974,0.107625465,54012.1,0.054,55485.2,0.136283954,15163.82,4016.9869,333.529,103.5,6879.314,0.017,0.718,117328.6496,1413.093702,0.685,0.315,0.969793753,84183.0,198.0047076,8.0,3.8,674276.8,107.1,1.7,9.0,10.7,11.3,9.6,233.0,19.24347539,98.8,98.6,98.0,43.6,94.3,54.5,99.3,0.4,76.37,7.6,8.82,684.2,144.03,88.67,71.88,51.01,48.08,41.42,32.55,863.3947939,"3,013",1437.739554,100.0,"90,92","23,14",65.2,97.9,8846.956102,121.1,772.0,293.0,,,9350.0,627.0,0.43939,1440.0,329348.0,26.7,76.2,46352.0,226047.3
1280,2013-07-04,108.6204,17015.1,1.2,394.7,464.0,108.299,16.104,5.1,33.204,42.9075,105.54,0.081603869,66926.9,0.035178674,6.01,6.56,1280.61,1349.21,134.11,228.94,15632019,0.026580671,5.4,535188,0.261923344,12.62,11814.8974,0.107625465,54012.1,0.054,55485.2,0.136283954,15163.82,4016.9869,333.529,103.5,6879.314,0.017,0.718,117328.6496,1413.093702,0.685,0.315,0.969793753,84183.0,198.0047076,8.0,3.8,674276.8,107.1,1.7,9.0,10.7,11.3,9.6,233.0,19.24347539,98.8,98.6,98.0,43.6,94.3,54.5,99.3,0.4,76.37,7.6,8.82,684.2,144.03,88.67,71.88,51.01,48.08,41.42,32.55,863.3947939,"3,013",1437.739554,100.0,"90,92","23,14",65.2,97.9,8846.956102,121.1,772.0,293.0,,,9350.0,627.0,0.43939,1440.0,329348.0,26.7,76.2,46352.0,226047.3
1281,2013-07-05,108.6204,17015.1,1.2,394.7,464.0,108.299,16.104,5.1,33.3168,42.7563,107.72,0.081603869,66926.9,0.035178674,6.01,6.56,1268.59,1342.72,133.82,232.49,15632019,0.026580671,5.4,535188,0.261923344,12.62,11814.8974,0.107625465,54012.1,0.054,55485.2,0.136283954,15163.82,4016.9869,333.529,103.5,6879.314,0.017,0.718,117328.6496,1413.093702,0.685,0.315,0.969793753,84183.0,198.0047076,8.0,3.8,674276.8,107.1,1.7,9.0,10.7,11.3,9.6,233.0,19.24347539,98.8,98.6,98.0,43.6,94.3,54.5,99.3,0.4,76.37,7.6,8.82,684.2,144.03,88.67,71.88,51.01,48.08,41.42,32.55,863.3947939,"3,013",1437.739554,100.0,"90,92","23,14",65.2,97.9,8846.956102,121.1,772.0,293.0,,,9350.0,627.0,0.43939,1440.0,329348.0,26.7,76.2,46352.0,226047.3
1282,2013-07-06,108.6204,17015.1,1.2,394.7,464.0,108.299,16.104,5.1,33.3168,42.7563,107.72,0.081603869,66926.9,0.035178674,6.01,6.56,1268.59,1342.72,133.82,233.46,15632019,0.026580671,5.4,535188,0.261923344,12.62,11814.8974,0.107625465,54012.1,0.054,55485.2,0.136283954,15163.82,4016.9869,333.529,103.5,6879.314,0.017,0.718,117328.6496,1413.093702,0.685,0.315,0.969793753,84183.0,198.0047076,8.0,3.8,674276.8,107.1,1.7,9.0,10.7,11.3,9.6,233.0,19.24347539,98.8,98.6,98.0,43.6,94.3,54.5,99.3,0.4,76.37,7.6,8.82,684.2,144.03,88.67,71.88,51.01,48.08,41.42,32.55,863.3947939,"3,013",1437.739554,100.0,"90,92","23,14",65.2,97.9,8846.956102,121.1,772.0,293.0,,,9350.0,627.0,0.43939,1440.0,329348.0,26.7,76.2,46352.0,226047.3
1283,2013-07-07,108.6204,17015.1,1.2,394.7,464.0,108.299,16.104,5.1,33.3168,42.7563,107.72,0.081603869,66926.9,0.035178674,6.01,6.56,1268.59,1342.72,133.82,233.46,15632019,0.026580671,5.4,535188,0.261923344,12.62,11814.8974,0.107625465,54012.1,0.054,55485.2,0.136283954,15163.82,4016.9869,333.529,103.5,6879.314,0.017,0.718,117328.6496,1413.093702,0.685,0.315,0.969793753,84183.0,198.0047076,8.0,3.8,674276.8,107.1,1.7,9.0,10.7,11.3,9.6,233.0,19.24347539,98.8,98.6,98.0,43.6,94.3,54.5,99.3,0.4,76.37,7.6,8.82,684.2,144.03,88.67,71.88,51.01,48.08,41.42,32.55,863.3947939,"3,013",1437.739554,100.0,"90,92","23,14",65.2,97.9,8846.956102,121.1,772.0,293.0,,,9350.0,627.0,0.43939,1440.0,329348.0,26.7,76.2,46352.0,226047.3
1284,2013-07-08,108.6204,17015.1,1.2,394.7,464.0,108.299,16.104,5.1,33.2056,42.7241,107.43,0.081603869,66926.9,0.035178674,6.01,6.56,1277.29,1348.88,133.83,236.38,15632019,0.026580671,5.4,535188,0.261923344,12.62,11814.8974,0.107625465,54012.1,0.054,55485.2,0.136283954,15163.82,4016.9869,333.529,103.5,6879.314,0.017,0.718,117328.6496,1413.093702,0.685,0.315,0.969793753,84183.0,198.0047076,8.0,3.8,674276.8,107.1,1.7,9.0,10.7,11.3,9.6,233.0,19.24347539,98.8,98.6,98.0,43.6,94.3,54.5,99.3,0.4,76.37,7.6,8.82,684.2,144.03,88.67,71.88,51.01,48.08,41.42,32.55,863.3947939,"3,013",1437.739554,100.0,"90,92","23,14",65.2,97.9,8846.956102,121.1,772.0,293.0,,,9350.0,627.0,0.43939,1440.0,329348.0,26.7,76.2,46352.0,226047.3
1285,2013-07-09,108.6204,17015.1,1.2,394.7,464.0,108.299,16.104,5.1,33.0257,42.2448,107.81,0.081603869,66926.9,0.035178674,6.01,6.56,1282.84,1345.73,134.54,236.38,15632019,0.026580671,5.4,535188,0.261923344,12.62,11814.8974,0.107625465,54012.1,0.054,55485.2,0.136283954,15163.82,4016.9869,333.529,103.5,6879.314,0.017,0.718,117328.6496,1413.093702,0.685,0.315,0.969793753,84183.0,198.0047076,8.0,3.8,674276.8,107.1,1.7,9.0,10.7,11.3,9.6,233.0,19.24347539,98.8,98.6,98.0,43.6,94.3,54.5,99.3,0.4,76.37,7.6,8.82,684.2,144.03,88.67,71.88,51.01,48.08,41.42,32.55,863.3947939,"3,013",1437.739554,100.0,"90,92","23,14",65.2,97.9,8846.956102,121.1,772.0,293.0,,,9350.0,627.0,0.43939,1440.0,329348.0,26.7,76.2,46352.0,226047.3
1286,2013-07-10,108.6204,17015.1,1.2,394.7,464.0,108.299,16.104,5.1,32.9184,42.3029,108.51,0.081603869,66926.9,0.035178674,6.01,6.56,1275.29,1333.71,134.72,239.82,15632019,0.026580671,5.4,535188,0.261923344,12.62,11814.8974,0.107625465,54012.1,0.054,55485.2,0.136283954,15163.82,4016.9869,333.529,103.5,6879.314,0.017,0.718,117328.6496,1413.093702,0.685,0.315,0.969793753,84183.0,198.0047076,8.0,3.8,674276.8,107.1,1.7,9.0,10.7,11.3,9.6,233.0,19.24347539,98.8,98.6,98.0,43.6,94.3,54.5,99.3,0.4,76.37,7.6,8.82,684.2,144.03,88.67,71.88,51.01,48.08,41.42,32.55,863.3947939,"3,013",1437.739554,100.0,"90,92","23,14",65.2,97.9,8846.956102,121.1,772.0,293.0,,,9350.0,627.0,0.43939,1440.0,329348.0,26.7,76.2,46352.0,226047.3
1287,2013-07-11,108.6204,17015.1,1.2,394.7,464.0,108.299,16.104,5.1,32.5831,42.4284,107.73,0.081603869,66926.9,0.035178674,6.01,6.56,1322.76,1368.11,134.83,241.41,15632019,0.026580671,5.4,535188,0.261923344,12.62,11814.8974,0.107625465,54012.1,0.054,55485.2,0.136283954,15163.82,4016.9869,333.529,103.5,6879.314,0.017,0.718,117328.6496,1413.093702,0.685,0.315,0.969793753,84183.0,198.0047076,8.0,3.8,674276.8,107.1,1.7,9.0,10.7,11.3,9.6,233.0,19.24347539,98.8,98.6,98.0,43.6,94.3,54.5,99.3,0.4,76.37,7.6,8.82,684.2,144.03,88.67,71.88,51.01,48.08,41.42,32.55,863.3947939,"3,013",1437.739554,100.0,"90,92","23,14",65.2,97.9,8846.956102,121.1,772.0,293.0,,,9350.0,627.0,0.43939,1440.0,329348.0,26.7,76.2,46352.0,226047.3
1288,2013-07-12,108.6204,17015.1,1.2,394.7,464.0,108.299,16.104,5.1,32.6265,42.6604,108.81,0.081603869,66926.9,0.035178674,6.01,6.56,1348.81,1398.22,135.22,241.41,15632019,0.026580671,5.4,535188,0.261923344,12.62,11814.8974,0.107625465,54012.1,0.054,55485.2,0.136283954,15163.82,4016.9869,333.529,103.5,6879.314,0.017,0.718,117328.6496,1413.093702,0.685,0.315,0.969793753,84183.0,198.0047076,8.0,3.8,674276.8,107.1,1.7,9.0,10.7,11.3,9.6,233.0,19.24347539,98.8,98.6,98.0,43.6,94.3,54.5,99.3,0.4,76.37,7.6,8.82,684.2,144.03,88.67,71.88,51.01,48.08,41.42,32.55,863.3947939,"3,013",1437.739554,100.0,"90,92","23,14",65.2,97.9,8846.956102,121.1,772.0,293.0,,,9350.0,627.0,0.43939,1440.0,329348.0,26.7,76.2,46352.0,226047.3
1289,2013-07-13,108.6204,17015.1,1.2,394.7,464.0,108.299,16.104,5.1,32.6265,42.6604,108.81,0.081603869,66926.9,0.035178674,6.01,6.56,1348.81,1398.22,135.22,241.41,15632019,0.026580671,5.4,535188,0.261923344,12.62,11814.8974,0.107625465,54012.1,0.054,55485.2,0.136283954,15163.82,4016.9869,333.529,103.5,6879.314,0.017,0.718,117328.6496,1413.093702,0.685,0.315,0.969793753,84183.0,198.0047076,8.0,3.8,674276.8,107.1,1.7,9.0,10.7,11.3,9.6,233.0,19.24347539,98.8,98.6,98.0,43.6,94.3,54.5,99.3,0.4,76.37,7.6,8.82,684.2,144.03,88.67,71.88,51.01,48.08,41.42,32.55,863.3947939,"3,013",1437.739554,100.0,"90,92","23,14",65.2,97.9,8846.956102,121.1,772.0,293.0,,,9350.0,627.0,0.43939,1440.0,329348.0,26.7,76.2,46352.0,226047.3
1290,2013-07-14,108.6204,17015.1,1.2,394.7,464.0,108.299,16.104,5.1,32.6265,42.6604,108.81,0.081603869,66926.9,0.035178674,6.01,6.56,1348.81,1398.22,135.22,241.41,15632019,0.026580671,5.4,535188,0.261923344,12.62,11814.8974,0.107625465,54012.1,0.054,55485.2,0.136283954,15163.82,4016.9869,333.529,103.5,6879.314,0.017,0.718,117328.6496,1413.093702,0.685,0.315,0.969793753,84183.0,198.0047076,8.0,3.8,674276.8,107.1,1.7,9.0,10.7,11.3,9.6,233.0,19.24347539,98.8,98.6,98.0,43.6,94.3,54.5,99.3,0.4,76.37,7.6,8.82,684.2,144.03,88.67,71.88,51.01,48.08,41.42,32.55,863.3947939,"3,013",1437.739554,100.0,"90,92","23,14",65.2,97.9,8846.956102,121.1,772.0,293.0,,,9350.0,627.0,0.43939,1440.0,329348.0,26.7,76.2,46352.0,226047.3
1291,2013-07-15,108.6204,17015.1,1.2,394.7,464.0,108.299,16.104,5.1,32.5988,42.5437,109.09,0.081603869,66926.9,0.035178674,6.01,6.56,1354.54,1403.56,135.44,234.84,15632019,0.026580671,5.4,535188,0.261923344,12.62,11814.8974,0.107625465,54012.1,0.054,55485.2,0.136283954,15163.82,4016.9869,333.529,103.5,6879.314,0.017,0.718,117328.6496,1413.093702,0.685,0.315,0.969793753,84183.0,198.0047076,8.0,3.8,674276.8,107.1,1.7,9.0,10.7,11.3,9.6,233.0,19.24347539,98.8,98.6,98.0,43.6,94.3,54.5,99.3,0.4,76.37,7.6,8.82,684.2,144.03,88.67,71.88,51.01,48.08,41.42,32.55,863.3947939,"3,013",1437.739554,100.0,"90,92","23,14",65.2,97.9,8846.956102,121.1,772.0,293.0,,,9350.0,627.0,0.43939,1440.0,329348.0,26.7,76.2,46352.0,226047.3
1292,2013-07-16,108.6204,17015.1,1.2,394.7,464.0,108.299,16.104,5.1,32.4319,42.6243,109.4,0.081603869,66926.9,0.035178674,6.01,6.56,1368.83,1410.1,136.23,235.01,15632019,0.026580671,5.4,535188,0.261923344,12.62,11814.8974,0.107625465,54012.1,0.054,55485.2,0.136283954,15163.82,4016.9869,333.529,103.5,6879.314,0.017,0.718,117328.6496,1413.093702,0.685,0.315,0.969793753,84183.0,198.0047076,8.0,3.8,674276.8,107.1,1.7,9.0,10.7,11.3,9.6,233.0,19.24347539,98.8,98.6,98.0,43.6,94.3,54.5,99.3,0.4,76.37,7.6,8.82,684.2,144.03,88.67,71.88,51.01,48.08,41.42,32.55,863.3947939,"3,013",1437.739554,100.0,"90,92","23,14",65.2,97.9,8846.956102,121.1,772.0,293.0,,,9350.0,627.0,0.43939,1440.0,329348.0,26.7,76.2,46352.0,226047.3
1293,2013-07-17,108.6204,17015.1,1.2,394.7,464.0,108.299,16.104,5.1,32.3405,42.4902,108.61,0.081603869,66926.9,0.035178674,6.01,6.56,1393.05,1431.8,136.23,235.21,15632019,0.026580671,5.4,535188,0.261923344,12.62,11814.8974,0.107625465,54012.1,0.054,55485.2,0.136283954,15163.82,4016.9869,333.529,103.5,6879.314,0.017,0.718,117328.6496,1413.093702,0.685,0.315,0.969793753,84183.0,198.0047076,8.0,3.8,674276.8,107.1,1.7,9.0,10.7,11.3,9.6,233.0,19.24347539,98.8,98.6,98.0,43.6,94.3,54.5,99.3,0.4,76.37,7.6,8.82,684.2,144.03,88.67,71.88,51.01,48.08,41.42,32.55,863.3947939,"3,013",1437.739554,100.0,"90,92","23,14",65.2,97.9,8846.956102,121.1,772.0,293.0,,,9350.0,627.0,0.43939,1440.0,329348.0,26.7,76.2,46352.0,226047.3
1294,2013-07-18,108.6204,17015.1,1.2,394.7,464.0,108.299,16.104,5.1,32.4684,42.4655,108.7,0.081603869,66926.9,0.035178674,6.01,6.56,1377.35,1416.63,136.41,235.29,15632019,0.026580671,5.4,535188,0.261923344,12.62,11814.8974,0.107625465,54012.1,0.054,55485.2,0.136283954,15163.82,4016.9869,333.529,103.5,6879.314,0.017,0.718,117328.6496,1413.093702,0.685,0.315,0.969793753,84183.0,198.0047076,8.0,3.8,674276.8,107.1,1.7,9.0,10.7,11.3,9.6,233.0,19.24347539,98.8,98.6,98.0,43.6,94.3,54.5,99.3,0.4,76.37,7.6,8.82,684.2,144.03,88.67,71.88,51.01,48.08,41.42,32.55,863.3947939,"3,013",1437.739554,100.0,"90,92","23,14",65.2,97.9,8846.956102,121.1,772.0,293.0,,,9350.0,627.0,0.43939,1440.0,329348.0,26.7,76.2,46352.0,226047.3
1295,2013-07-19,108.6204,17015.1,1.2,394.7,464.0,108.299,16.104,5.1,32.3685,42.5283,108.07,0.081603869,66926.9,0.035178674,6.01,6.56,1382.33,1421.67,136.38,235.37,15632019,0.026580671,5.4,535188,0.261923344,12.62,11814.8974,0.107625465,54012.1,0.054,55485.2,0.136283954,15163.82,4016.9869,333.529,103.5,6879.314,0.017,0.718,117328.6496,1413.093702,0.685,0.315,0.969793753,84183.0,198.0047076,8.0,3.8,674276.8,107.1,1.7,9.0,10.7,11.3,9.6,233.0,19.24347539,98.8,98.6,98.0,43.6,94.3,54.5,99.3,0.4,76.37,7.6,8.82,684.2,144.03,88.67,71.88,51.01,48.08,41.42,32.55,863.3947939,"3,013",1437.739554,100.0,"90,92","23,14",65.2,97.9,8846.956102,121.1,772.0,293.0,,,9350.0,627.0,0.43939,1440.0,329348.0,26.7,76.2,46352.0,226047.3
1296,2013-07-20,108.6204,17015.1,1.2,394.7,464.0,108.299,16.104,5.1,32.3685,42.5283,108.07,0.081603869,66926.9,0.035178674,6.01,6.56,1382.33,1421.67,136.38,235.37,15632019,0.026580671,5.4,535188,0.261923344,12.62,11814.8974,0.107625465,54012.1,0.054,55485.2,0.136283954,15163.82,4016.9869,333.529,103.5,6879.314,0.017,0.718,117328.6496,1413.093702,0.685,0.315,0.969793753,84183.0,198.0047076,8.0,3.8,674276.8,107.1,1.7,9.0,10.7,11.3,9.6,233.0,19.24347539,98.8,98.6,98.0,43.6,94.3,54.5,99.3,0.4,76.37,7.6,8.82,684.2,144.03,88.67,71.88,51.01,48.08,41.42,32.55,863.3947939,"3,013",1437.739554,100.0,"90,92","23,14",65.2,97.9,8846.956102,121.1,772.0,293.0,,,9350.0,627.0,0.43939,1440.0,329348.0,26.7,76.2,46352.0,226047.3
1297,2013-07-21,108.6204,17015.1,1.2,394.7,464.0,108.299,16.104,5.1,32.3685,42.5283,108.07,0.081603869,66926.9,0.035178674,6.01,6.56,1382.33,1421.67,136.38,235.37,15632019,0.026580671,5.4,535188,0.261923344,12.62,11814.8974,0.107625465,54012.1,0.054,55485.2,0.136283954,15163.82,4016.9869,333.529,103.5,6879.314,0.017,0.718,117328.6496,1413.093702,0.685,0.315,0.969793753,84183.0,198.0047076,8.0,3.8,674276.8,107.1,1.7,9.0,10.7,11.3,9.6,233.0,19.24347539,98.8,98.6,98.0,43.6,94.3,54.5,99.3,0.4,76.37,7.6,8.82,684.2,144.03,88.67,71.88,51.01,48.08,41.42,32.55,863.3947939,"3,013",1437.739554,100.0,"90,92","23,14",65.2,97.9,8846.956102,121.1,772.0,293.0,,,9350.0,627.0,0.43939,1440.0,329348.0,26.7,76.2,46352.0,226047.3
1298,2013-07-22,108.6204,17015.1,1.2,394.7,464.0,108.299,16.104,5.1,32.3089,42.6333,108.15,0.081603869,66926.9,0.035178674,6.01,6.56,1380.01,1415.52,136.32,235.55,15632019,0.026580671,5.4,535188,0.261923344,12.62,11814.8974,0.107625465,54012.1,0.054,55485.2,0.136283954,15163.82,4016.9869,333.529,103.5,6879.314,0.017,0.718,117328.6496,1413.093702,0.685,0.315,0.969793753,84183.0,198.0047076,8.0,3.8,674276.8,107.1,1.7,9.0,10.7,11.3,9.6,233.0,19.24347539,98.8,98.6,98.0,43.6,94.3,54.5,99.3,0.4,76.37,7.6,8.82,684.2,144.03,88.67,71.88,51.01,48.08,41.42,32.55,863.3947939,"3,013",1437.739554,100.0,"90,92","23,14",65.2,97.9,8846.956102,121.1,772.0,293.0,,,9350.0,627.0,0.43939,1440.0,329348.0,26.7,76.2,46352.0,226047.3
1299,2013-07-23,108.6204,17015.1,1.2,394.7,464.0,108.299,16.104,5.1,32.3327,42.7175,108.42,0.081603869,66926.9,0.035178674,6.01,6.56,1379.88,1417.34,136.41,235.63,15632019,0.026580671,5.4,535188,0.261923344,12.62,11814.8974,0.107625465,54012.1,0.054,55485.2,0.136283954,15163.82,4016.9869,333.529,103.5,6879.314,0.017,0.718,117328.6496,1413.093702,0.685,0.315,0.969793753,84183.0,198.0047076,8.0,3.8,674276.8,107.1,1.7,9.0,10.7,11.3,9.6,233.0,19.24347539,98.8,98.6,98.0,43.6,94.3,54.5,99.3,0.4,76.37,7.6,8.82,684.2,144.03,88.67,71.88,51.01,48.08,41.42,32.55,863.3947939,"3,013",1437.739554,100.0,"90,92","23,14",65.2,97.9,8846.956102,121.1,772.0,293.0,,,9350.0,627.0,0.43939,1440.0,329348.0,26.7,76.2,46352.0,226047.3
1300,2013-07-24,108.6204,17015.1,1.2,394.7,464.0,108.299,16.104,5.1,32.4535,42.8514,107.19,0.081603869,66926.9,0.035178674,6.01,6.56,1369.36,1407.41,136.15,235.68,15632019,0.026580671,5.4,535188,0.261923344,12.62,11814.8974,0.107625465,54012.1,0.054,55485.2,0.136283954,15163.82,4016.9869,333.529,103.5,6879.314,0.017,0.718,117328.6496,1413.093702,0.685,0.315,0.969793753,84183.0,198.0047076,8.0,3.8,674276.8,107.1,1.7,9.0,10.7,11.3,9.6,233.0,19.24347539,98.8,98.6,98.0,43.6,94.3,54.5,99.3,0.4,76.37,7.6,8.82,684.2,144.03,88.67,71.88,51.01,48.08,41.42,32.55,863.3947939,"3,013",1437.739554,100.0,"90,92","23,14",65.2,97.9,8846.956102,121.1,772.0,293.0,,,9350.0,627.0,0.43939,1440.0,329348.0,26.7,76.2,46352.0,226047.3
1301,2013-07-25,108.6204,17015.1,1.2,394.7,464.0,108.299,16.104,5.1,32.6917,43.238,107.65,0.081603869,66926.9,0.035178674,6.01,6.56,1353.38,1401.88,135.54,235.75,15632019,0.026580671,5.4,535188,0.261923344,12.62,11814.8974,0.107625465,54012.1,0.054,55485.2,0.136283954,15163.82,4016.9869,333.529,103.5,6879.314,0.017,0.718,117328.6496,1413.093702,0.685,0.315,0.969793753,84183.0,198.0047076,8.0,3.8,674276.8,107.1,1.7,9.0,10.7,11.3,9.6,233.0,19.24347539,98.8,98.6,98.0,43.6,94.3,54.5,99.3,0.4,76.37,7.6,8.82,684.2,144.03,88.67,71.88,51.01,48.08,41.42,32.55,863.3947939,"3,013",1437.739554,100.0,"90,92","23,14",65.2,97.9,8846.956102,121.1,772.0,293.0,,,9350.0,627.0,0.43939,1440.0,329348.0,26.7,76.2,46352.0,226047.3
1302,2013-07-26,108.6204,17015.1,1.2,394.7,464.0,108.299,16.104,5.1,32.8227,43.5875,107.17,0.081603869,66926.9,0.035178674,6.01,6.56,1348.37,1403.14,135.43,235.86,15632019,0.026580671,5.4,535188,0.261923344,12.62,11814.8974,0.107625465,54012.1,0.054,55485.2,0.136283954,15163.82,4016.9869,333.529,103.5,6879.314,0.017,0.718,117328.6496,1413.093702,0.685,0.315,0.969793753,84183.0,198.0047076,8.0,3.8,674276.8,107.1,1.7,9.0,10.7,11.3,9.6,233.0,19.24347539,98.8,98.6,98.0,43.6,94.3,54.5,99.3,0.4,76.37,7.6,8.82,684.2,144.03,88.67,71.88,51.01,48.08,41.42,32.55,863.3947939,"3,013",1437.739554,100.0,"90,92","23,14",65.2,97.9,8846.956102,121.1,772.0,293.0,,,9350.0,627.0,0.43939,1440.0,329348.0,26.7,76.2,46352.0,226047.3
1303,2013-07-27,108.6204,17015.1,1.2,394.7,464.0,108.299,16.104,5.1,32.8227,43.5875,107.17,0.081603869,66926.9,0.035178674,6.01,6.56,1348.37,1403.14,135.43,235.86,15632019,0.026580671,5.4,535188,0.261923344,12.62,11814.8974,0.107625465,54012.1,0.054,55485.2,0.136283954,15163.82,4016.9869,333.529,103.5,6879.314,0.017,0.718,117328.6496,1413.093702,0.685,0.315,0.969793753,84183.0,198.0047076,8.0,3.8,674276.8,107.1,1.7,9.0,10.7,11.3,9.6,233.0,19.24347539,98.8,98.6,98.0,43.6,94.3,54.5,99.3,0.4,76.37,7.6,8.82,684.2,144.03,88.67,71.88,51.01,48.08,41.42,32.55,863.3947939,"3,013",1437.739554,100.0,"90,92","23,14",65.2,97.9,8846.956102,121.1,772.0,293.0,,,9350.0,627.0,0.43939,1440.0,329348.0,26.7,76.2,46352.0,226047.3
1304,2013-07-28,108.6204,17015.1,1.2,394.7,464.0,108.299,16.104,5.1,32.8227,43.5875,107.17,0.081603869,66926.9,0.035178674,6.01,6.56,1348.37,1403.14,135.43,235.86,15632019,0.026580671,5.4,535188,0.261923344,12.62,11814.8974,0.107625465,54012.1,0.054,55485.2,0.136283954,15163.82,4016.9869,333.529,103.5,6879.314,0.017,0.718,117328.6496,1413.093702,0.685,0.315,0.969793753,84183.0,198.0047076,8.0,3.8,674276.8,107.1,1.7,9.0,10.7,11.3,9.6,233.0,19.24347539,98.8,98.6,98.0,43.6,94.3,54.5,99.3,0.4,76.37,7.6,8.82,684.2,144.03,88.67,71.88,51.01,48.08,41.42,32.55,863.3947939,"3,013",1437.739554,100.0,"90,92","23,14",65.2,97.9,8846.956102,121.1,772.0,293.0,,,9350.0,627.0,0.43939,1440.0,329348.0,26.7,76.2,46352.0,226047.3
1305,2013-07-29,108.6204,17015.1,1.2,394.7,464.0,108.299,16.104,5.1,32.8093,43.512,107.45,0.081603869,66926.9,0.035178674,6.01,6.56,1341.34,1398.3,134.9,236.03,15632019,0.026580671,5.4,535188,0.261923344,12.62,11814.8974,0.107625465,54012.1,0.054,55485.2,0.136283954,15163.82,4016.9869,333.529,103.5,6879.314,0.017,0.718,117328.6496,1413.093702,0.685,0.315,0.969793753,84183.0,198.0047076,8.0,3.8,674276.8,107.1,1.7,9.0,10.7,11.3,9.6,233.0,19.24347539,98.8,98.6,98.0,43.6,94.3,54.5,99.3,0.4,76.37,7.6,8.82,684.2,144.03,88.67,71.88,51.01,48.08,41.42,32.55,863.3947939,"3,013",1437.739554,100.0,"90,92","23,14",65.2,97.9,8846.956102,121.1,772.0,293.0,,,9350.0,627.0,0.43939,1440.0,329348.0,26.7,76.2,46352.0,226047.3
1306,2013-07-30,108.6204,17015.1,1.2,394.7,464.0,108.299,16.104,5.1,32.9631,43.6924,106.91,0.081603869,66926.9,0.035178674,6.01,6.56,1326.41,1387.31,134.81,236.07,15632019,0.026580671,5.4,535188,0.261923344,12.62,11814.8974,0.107625465,54012.1,0.054,55485.2,0.136283954,15163.82,4016.9869,333.529,103.5,6879.314,0.017,0.718,117328.6496,1413.093702,0.685,0.315,0.969793753,84183.0,198.0047076,8.0,3.8,674276.8,107.1,1.7,9.0,10.7,11.3,9.6,233.0,19.24347539,98.8,98.6,98.0,43.6,94.3,54.5,99.3,0.4,76.37,7.6,8.82,684.2,144.03,88.67,71.88,51.01,48.08,41.42,32.55,863.3947939,"3,013",1437.739554,100.0,"90,92","23,14",65.2,97.9,8846.956102,121.1,772.0,293.0,,,9350.0,627.0,0.43939,1440.0,329348.0,26.7,76.2,46352.0,226047.3
1307,2013-07-31,108.6204,17015.1,1.2,394.7,464.0,108.299,16.104,5.1,33.0038,43.8156,107.7,0.081603869,66926.9,0.035178674,6.01,6.56,1313.38,1375.79,134.5,236.16,15632019,0.026580671,5.4,535188,0.261923344,12.62,11814.8974,0.107625465,54012.1,0.054,55485.2,0.136283954,15163.82,4016.9869,333.529,103.5,6879.314,0.017,0.718,117328.6496,1413.093702,0.685,0.315,0.969793753,84183.0,198.0047076,8.0,3.8,674276.8,107.1,1.7,9.0,10.7,11.3,9.6,233.0,19.24347539,98.8,98.6,98.0,43.6,94.3,54.5,99.3,0.4,76.37,7.6,8.82,684.2,144.03,88.67,71.88,51.01,48.08,41.42,32.55,863.3947939,"3,013",1437.739554,100.0,"90,92","23,14",65.2,97.9,8846.956102,121.1,772.0,293.0,,,9350.0,627.0,0.43939,1440.0,329348.0,26.7,76.2,46352.0,226047.3
1308,2013-08-01,111.8138,17015.1,1.2,397.9,473.4,108.299,15.748,5.1,33.085,43.726,109.54,0.230889479,66926.9,0.035178674,6.01,6.56,1331.71,1398.46,134.96,224.55,15796827,0.010542976,5.3,654765,0.282527663,12.45,11814.8974,0.107625465,52740.4,0.054,55485.2,0.136283954,15241.93,4016.9869,333.529,103.5,6879.314,0.017,0.718,117328.6496,1413.093702,0.685,0.315,0.969793753,84183.0,198.0047076,8.0,3.8,674276.8,107.1,1.7,9.0,10.7,11.3,9.6,233.0,19.24347539,98.8,98.6,98.0,43.6,94.3,54.5,99.3,0.4,76.37,7.6,8.82,684.2,164.7,87.09,70.99,54.5,48.22,42.33,33.15,863.3947939,"3,013",1437.739554,100.0,"90,92","23,14",65.2,97.9,8846.956102,121.1,772.0,293.0,,,9350.0,627.0,0.43939,1440.0,329348.0,26.7,76.2,46352.0,226047.3
1309,2013-08-02,111.8138,17015.1,1.2,397.9,473.4,108.299,15.748,5.1,32.8188,43.5663,108.95,0.230889479,66926.9,0.035178674,6.01,6.56,1336.39,1392.15,134.77,227.65,15945713,3.76278e-06,5.3,654765,0.282527663,12.45,11814.8974,0.107625465,52740.4,0.054,55485.2,0.136283954,15241.93,4016.9869,333.529,103.5,6879.314,0.017,0.718,117328.6496,1413.093702,0.685,0.315,0.969793753,84183.0,198.0047076,8.0,3.8,674276.8,107.1,1.7,9.0,10.7,11.3,9.6,233.0,19.24347539,98.8,98.6,98.0,43.6,94.3,54.5,99.3,0.4,76.37,7.6,8.82,684.2,164.7,87.09,70.99,54.5,48.22,42.33,33.15,863.3947939,"3,013",1437.739554,100.0,"90,92","23,14",65.2,97.9,8846.956102,121.1,772.0,293.0,,,9350.0,627.0,0.43939,1440.0,329348.0,26.7,76.2,46352.0,226047.3
1310,2013-08-03,111.8138,17015.1,1.2,397.9,473.4,108.299,15.748,5.1,32.8188,43.5663,108.95,0.230889479,66926.9,0.035178674,6.01,6.56,1336.39,1392.15,134.77,227.65,15945713,3.76278e-06,5.3,654765,0.282527663,12.45,11814.8974,0.107625465,52740.4,0.054,55485.2,0.136283954,15241.93,4016.9869,333.529,103.5,6879.314,0.017,0.718,117328.6496,1413.093702,0.685,0.315,0.969793753,84183.0,198.0047076,8.0,3.8,674276.8,107.1,1.7,9.0,10.7,11.3,9.6,233.0,19.24347539,98.8,98.6,98.0,43.6,94.3,54.5,99.3,0.4,76.37,7.6,8.82,684.2,164.7,87.09,70.99,54.5,48.22,42.33,33.15,863.3947939,"3,013",1437.739554,100.0,"90,92","23,14",65.2,97.9,8846.956102,121.1,772.0,293.0,,,9350.0,627.0,0.43939,1440.0,329348.0,26.7,76.2,46352.0,226047.3
1311,2013-08-04,111.8138,17015.1,1.2,397.9,473.4,108.299,15.748,5.1,32.8188,43.5663,108.95,0.230889479,66926.9,0.035178674,6.01,6.56,1336.39,1392.15,134.77,230.56,15945713,3.76278e-06,5.3,654765,0.282527663,12.45,11814.8974,0.107625465,52740.4,0.054,55485.2,0.136283954,15241.93,4016.9869,333.529,103.5,6879.314,0.017,0.718,117328.6496,1413.093702,0.685,0.315,0.969793753,84183.0,198.0047076,8.0,3.8,674276.8,107.1,1.7,9.0,10.7,11.3,9.6,233.0,19.24347539,98.8,98.6,98.0,43.6,94.3,54.5,99.3,0.4,76.37,7.6,8.82,684.2,164.7,87.09,70.99,54.5,48.22,42.33,33.15,863.3947939,"3,013",1437.739554,100.0,"90,92","23,14",65.2,97.9,8846.956102,121.1,772.0,293.0,,,9350.0,627.0,0.43939,1440.0,329348.0,26.7,76.2,46352.0,226047.3
1312,2013-08-05,111.8138,17015.1,1.2,397.9,473.4,108.299,15.748,5.1,32.9233,43.6539,108.7,0.230889479,66926.9,0.035178674,6.01,6.56,1333.42,1391.75,135.35,232.64,15945713,3.76278e-06,5.3,654765,0.282527663,12.45,11814.8974,0.107625465,52740.4,0.054,55485.2,0.136283954,15241.93,4016.9869,333.529,103.5,6879.314,0.017,0.718,117328.6496,1413.093702,0.685,0.315,0.969793753,84183.0,198.0047076,8.0,3.8,674276.8,107.1,1.7,9.0,10.7,11.3,9.6,233.0,19.24347539,98.8,98.6,98.0,43.6,94.3,54.5,99.3,0.4,76.37,7.6,8.82,684.2,164.7,87.09,70.99,54.5,48.22,42.33,33.15,863.3947939,"3,013",1437.739554,100.0,"90,92","23,14",65.2,97.9,8846.956102,121.1,772.0,293.0,,,9350.0,627.0,0.43939,1440.0,329348.0,26.7,76.2,46352.0,226047.3
1313,2013-08-06,111.8138,17015.1,1.2,397.9,473.4,108.299,15.748,5.1,32.9628,43.8356,108.18,0.230889479,66926.9,0.035178674,6.01,6.56,1304.98,1364.65,135.23,232.64,15945713,3.76278e-06,5.3,654765,0.282527663,12.45,11814.8974,0.107625465,52740.4,0.054,55485.2,0.136283954,15241.93,4016.9869,333.529,103.5,6879.314,0.017,0.718,117328.6496,1413.093702,0.685,0.315,0.969793753,84183.0,198.0047076,8.0,3.8,674276.8,107.1,1.7,9.0,10.7,11.3,9.6,233.0,19.24347539,98.8,98.6,98.0,43.6,94.3,54.5,99.3,0.4,76.37,7.6,8.82,684.2,164.7,87.09,70.99,54.5,48.22,42.33,33.15,863.3947939,"3,013",1437.739554,100.0,"90,92","23,14",65.2,97.9,8846.956102,121.1,772.0,293.0,,,9350.0,627.0,0.43939,1440.0,329348.0,26.7,76.2,46352.0,226047.3
1314,2013-08-07,111.8138,17015.1,1.2,397.9,473.4,108.299,15.748,5.1,32.9758,43.9498,107.44,0.230889479,66926.9,0.035178674,6.01,6.56,1301.28,1362.91,135.27,233.72,15945713,3.76278e-06,5.3,654765,0.282527663,12.45,11814.8974,0.107625465,52740.4,0.054,55485.2,0.136283954,15241.93,4016.9869,333.529,103.5,6879.314,0.017,0.718,117328.6496,1413.093702,0.685,0.315,0.969793753,84183.0,198.0047076,8.0,3.8,674276.8,107.1,1.7,9.0,10.7,11.3,9.6,233.0,19.24347539,98.8,98.6,98.0,43.6,94.3,54.5,99.3,0.4,76.37,7.6,8.82,684.2,164.7,87.09,70.99,54.5,48.22,42.33,33.15,863.3947939,"3,013",1437.739554,100.0,"90,92","23,14",65.2,97.9,8846.956102,121.1,772.0,293.0,,,9350.0,627.0,0.43939,1440.0,329348.0,26.7,76.2,46352.0,226047.3
1315,2013-08-08,111.8138,17015.1,1.2,397.9,473.4,108.299,15.748,5.1,32.8086,43.9392,106.68,0.230889479,66926.9,0.035178674,6.01,6.56,1303.28,1362.38,135.68,236.47,15945713,3.76278e-06,5.3,654765,0.282527663,12.45,11814.8974,0.107625465,52740.4,0.054,55485.2,0.136283954,15241.93,4016.9869,333.529,103.5,6879.314,0.017,0.718,117328.6496,1413.093702,0.685,0.315,0.969793753,84183.0,198.0047076,8.0,3.8,674276.8,107.1,1.7,9.0,10.7,11.3,9.6,233.0,19.24347539,98.8,98.6,98.0,43.6,94.3,54.5,99.3,0.4,76.37,7.6,8.82,684.2,164.7,87.09,70.99,54.5,48.22,42.33,33.15,863.3947939,"3,013",1437.739554,100.0,"90,92","23,14",65.2,97.9,8846.956102,121.1,772.0,293.0,,,9350.0,627.0,0.43939,1440.0,329348.0,26.7,76.2,46352.0,226047.3
1316,2013-08-09,111.8138,17015.1,1.2,397.9,473.4,108.299,15.748,5.1,32.8618,43.8457,108.22,0.230889479,66926.9,0.035178674,6.01,6.56,1325.72,1382.72,135.46,236.47,15945713,3.76278e-06,5.3,654765,0.282527663,12.45,11814.8974,0.107625465,52740.4,0.054,55485.2,0.136283954,15241.93,4016.9869,333.529,103.5,6879.314,0.017,0.718,117328.6496,1413.093702,0.685,0.315,0.969793753,84183.0,198.0047076,8.0,3.8,674276.8,107.1,1.7,9.0,10.7,11.3,9.6,233.0,19.24347539,98.8,98.6,98.0,43.6,94.3,54.5,99.3,0.4,76.37,7.6,8.82,684.2,164.7,87.09,70.99,54.5,48.22,42.33,33.15,863.3947939,"3,013",1437.739554,100.0,"90,92","23,14",65.2,97.9,8846.956102,121.1,772.0,293.0,,,9350.0,627.0,0.43939,1440.0,329348.0,26.7,76.2,46352.0,226047.3
1317,2013-08-10,111.8138,17015.1,1.2,397.9,473.4,108.299,15.748,5.1,32.8618,43.8457,108.22,0.230889479,66926.9,0.035178674,6.01,6.56,1325.72,1382.72,135.46,239.88,15945713,3.76278e-06,5.3,654765,0.282527663,12.45,11814.8974,0.107625465,52740.4,0.054,55485.2,0.136283954,15241.93,4016.9869,333.529,103.5,6879.314,0.017,0.718,117328.6496,1413.093702,0.685,0.315,0.969793753,84183.0,198.0047076,8.0,3.8,674276.8,107.1,1.7,9.0,10.7,11.3,9.6,233.0,19.24347539,98.8,98.6,98.0,43.6,94.3,54.5,99.3,0.4,76.37,7.6,8.82,684.2,164.7,87.09,70.99,54.5,48.22,42.33,33.15,863.3947939,"3,013",1437.739554,100.0,"90,92","23,14",65.2,97.9,8846.956102,121.1,772.0,293.0,,,9350.0,627.0,0.43939,1440.0,329348.0,26.7,76.2,46352.0,226047.3
1318,2013-08-11,111.8138,17015.1,1.2,397.9,473.4,108.299,15.748,5.1,32.8618,43.8457,108.22,0.230889479,66926.9,0.035178674,6.01,6.56,1325.72,1382.72,135.46,241.43,15945713,3.76278e-06,5.3,654765,0.282527663,12.45,11814.8974,0.107625465,52740.4,0.054,55485.2,0.136283954,15241.93,4016.9869,333.529,103.5,6879.314,0.017,0.718,117328.6496,1413.093702,0.685,0.315,0.969793753,84183.0,198.0047076,8.0,3.8,674276.8,107.1,1.7,9.0,10.7,11.3,9.6,233.0,19.24347539,98.8,98.6,98.0,43.6,94.3,54.5,99.3,0.4,76.37,7.6,8.82,684.2,164.7,87.09,70.99,54.5,48.22,42.33,33.15,863.3947939,"3,013",1437.739554,100.0,"90,92","23,14",65.2,97.9,8846.956102,121.1,772.0,293.0,,,9350.0,627.0,0.43939,1440.0,329348.0,26.7,76.2,46352.0,226047.3
1319,2013-08-12,111.8138,17015.1,1.2,397.9,473.4,108.299,15.748,5.1,33.0,43.9107,108.97,0.230889479,66926.9,0.035178674,6.01,6.56,1326.53,1388.36,135.49,241.43,15945713,3.76278e-06,5.3,654765,0.282527663,12.45,11814.8974,0.107625465,52740.4,0.054,55485.2,0.136283954,15241.93,4016.9869,333.529,103.5,6879.314,0.017,0.718,117328.6496,1413.093702,0.685,0.315,0.969793753,84183.0,198.0047076,8.0,3.8,674276.8,107.1,1.7,9.0,10.7,11.3,9.6,233.0,19.24347539,98.8,98.6,98.0,43.6,94.3,54.5,99.3,0.4,76.37,7.6,8.82,684.2,164.7,87.09,70.99,54.5,48.22,42.33,33.15,863.3947939,"3,013",1437.739554,100.0,"90,92","23,14",65.2,97.9,8846.956102,121.1,772.0,293.0,,,9350.0,627.0,0.43939,1440.0,329348.0,26.7,76.2,46352.0,226047.3
1320,2013-08-13,111.8138,17015.1,1.2,397.9,473.4,108.299,15.748,5.1,33.0879,43.8523,109.82,0.230889479,66926.9,0.035178674,6.01,6.56,1338.85,1407.86,135.28,236.74,15945713,3.76278e-06,5.3,654765,0.282527663,12.45,11814.8974,0.107625465,52740.4,0.054,55485.2,0.136283954,15241.93,4016.9869,333.529,103.5,6879.314,0.017,0.718,117328.6496,1413.093702,0.685,0.315,0.969793753,84183.0,198.0047076,8.0,3.8,674276.8,107.1,1.7,9.0,10.7,11.3,9.6,233.0,19.24347539,98.8,98.6,98.0,43.6,94.3,54.5,99.3,0.4,76.37,7.6,8.82,684.2,164.7,87.09,70.99,54.5,48.22,42.33,33.15,863.3947939,"3,013",1437.739554,100.0,"90,92","23,14",65.2,97.9,8846.956102,121.1,772.0,293.0,,,9350.0,627.0,0.43939,1440.0,329348.0,26.7,76.2,46352.0,226047.3
1321,2013-08-14,111.8138,17015.1,1.2,397.9,473.4,108.299,15.748,5.1,33.0841,43.8526,110.2,0.230889479,66926.9,0.035178674,6.01,6.56,1356.34,1423.87,135.02,236.79,15945713,3.76278e-06,5.3,654765,0.282527663,12.45,11814.8974,0.107625465,52740.4,0.054,55485.2,0.136283954,15241.93,4016.9869,333.529,103.5,6879.314,0.017,0.718,117328.6496,1413.093702,0.685,0.315,0.969793753,84183.0,198.0047076,8.0,3.8,674276.8,107.1,1.7,9.0,10.7,11.3,9.6,233.0,19.24347539,98.8,98.6,98.0,43.6,94.3,54.5,99.3,0.4,76.37,7.6,8.82,684.2,164.7,87.09,70.99,54.5,48.22,42.33,33.15,863.3947939,"3,013",1437.739554,100.0,"90,92","23,14",65.2,97.9,8846.956102,121.1,772.0,293.0,,,9350.0,627.0,0.43939,1440.0,329348.0,26.7,76.2,46352.0,226047.3
1322,2013-08-15,111.8138,17015.1,1.2,397.9,473.4,108.299,15.748,5.1,32.9786,43.7337,111.11,0.230889479,66926.9,0.035178674,6.01,6.56,1327.49,1391.37,135.08,236.87,15945713,3.76278e-06,5.3,654765,0.282527663,12.45,11814.8974,0.107625465,52740.4,0.054,55485.2,0.136283954,15241.93,4016.9869,333.529,103.5,6879.314,0.017,0.718,117328.6496,1413.093702,0.685,0.315,0.969793753,84183.0,198.0047076,8.0,3.8,674276.8,107.1,1.7,9.0,10.7,11.3,9.6,233.0,19.24347539,98.8,98.6,98.0,43.6,94.3,54.5,99.3,0.4,76.37,7.6,8.82,684.2,164.7,87.09,70.99,54.5,48.22,42.33,33.15,863.3947939,"3,013",1437.739554,100.0,"90,92","23,14",65.2,97.9,8846.956102,121.1,772.0,293.0,,,9350.0,627.0,0.43939,1440.0,329348.0,26.7,76.2,46352.0,226047.3
1323,2013-08-16,111.8138,17015.1,1.2,397.9,473.4,108.299,15.748,5.1,32.9267,43.8586,110.4,0.230889479,66926.9,0.035178674,6.01,6.56,1323.42,1380.31,135.0,236.93,15945713,3.76278e-06,5.3,654765,0.282527663,12.45,11814.8974,0.107625465,52740.4,0.054,55485.2,0.136283954,15241.93,4016.9869,333.529,103.5,6879.314,0.017,0.718,117328.6496,1413.093702,0.685,0.315,0.969793753,84183.0,198.0047076,8.0,3.8,674276.8,107.1,1.7,9.0,10.7,11.3,9.6,233.0,19.24347539,98.8,98.6,98.0,43.6,94.3,54.5,99.3,0.4,76.37,7.6,8.82,684.2,164.7,87.09,70.99,54.5,48.22,42.33,33.15,863.3947939,"3,013",1437.739554,100.0,"90,92","23,14",65.2,97.9,8846.956102,121.1,772.0,293.0,,,9350.0,627.0,0.43939,1440.0,329348.0,26.7,76.2,46352.0,226047.3
1324,2013-08-17,111.8138,17015.1,1.2,397.9,473.4,108.299,15.748,5.1,32.9267,43.8586,110.4,0.230889479,66926.9,0.035178674,6.01,6.56,1323.42,1380.31,135.0,236.93,15945713,3.76278e-06,5.3,654765,0.282527663,12.45,11814.8974,0.107625465,52740.4,0.054,55485.2,0.136283954,15241.93,4016.9869,333.529,103.5,6879.314,0.017,0.718,117328.6496,1413.093702,0.685,0.315,0.969793753,84183.0,198.0047076,8.0,3.8,674276.8,107.1,1.7,9.0,10.7,11.3,9.6,233.0,19.24347539,98.8,98.6,98.0,43.6,94.3,54.5,99.3,0.4,76.37,7.6,8.82,684.2,164.7,87.09,70.99,54.5,48.22,42.33,33.15,863.3947939,"3,013",1437.739554,100.0,"90,92","23,14",65.2,97.9,8846.956102,121.1,772.0,293.0,,,9350.0,627.0,0.43939,1440.0,329348.0,26.7,76.2,46352.0,226047.3
1325,2013-08-18,111.8138,17015.1,1.2,397.9,473.4,108.299,15.748,5.1,32.9267,43.8586,110.4,0.230889479,66926.9,0.035178674,6.01,6.56,1323.42,1380.31,135.0,236.93,15945713,3.76278e-06,5.3,654765,0.282527663,12.45,11814.8974,0.107625465,52740.4,0.054,55485.2,0.136283954,15241.93,4016.9869,333.529,103.5,6879.314,0.017,0.718,117328.6496,1413.093702,0.685,0.315,0.969793753,84183.0,198.0047076,8.0,3.8,674276.8,107.1,1.7,9.0,10.7,11.3,9.6,233.0,19.24347539,98.8,98.6,98.0,43.6,94.3,54.5,99.3,0.4,76.37,7.6,8.82,684.2,164.7,87.09,70.99,54.5,48.22,42.33,33.15,863.3947939,"3,013",1437.739554,100.0,"90,92","23,14",65.2,97.9,8846.956102,121.1,772.0,293.0,,,9350.0,627.0,0.43939,1440.0,329348.0,26.7,76.2,46352.0,226047.3
1326,2013-08-19,111.8138,17015.1,1.2,397.9,473.4,108.299,15.748,5.1,32.945,43.9496,109.9,0.230889479,66926.9,0.035178674,6.01,6.56,1322.25,1382.32,134.46,237.08,15945713,3.76278e-06,5.3,654765,0.282527663,12.45,11814.8974,0.107625465,52740.4,0.054,55485.2,0.136283954,15241.93,4016.9869,333.529,103.5,6879.314,0.017,0.718,117328.6496,1413.093702,0.685,0.315,0.969793753,84183.0,198.0047076,8.0,3.8,674276.8,107.1,1.7,9.0,10.7,11.3,9.6,233.0,19.24347539,98.8,98.6,98.0,43.6,94.3,54.5,99.3,0.4,76.37,7.6,8.82,684.2,164.7,87.09,70.99,54.5,48.22,42.33,33.15,863.3947939,"3,013",1437.739554,100.0,"90,92","23,14",65.2,97.9,8846.956102,121.1,772.0,293.0,,,9350.0,627.0,0.43939,1440.0,329348.0,26.7,76.2,46352.0,226047.3
1327,2013-08-20,111.8138,17015.1,1.2,397.9,473.4,108.299,15.748,5.1,32.9271,44.1918,110.15,0.230889479,66926.9,0.035178674,6.01,6.56,1317.77,1377.28,134.24,237.21,15945713,3.76278e-06,5.3,654765,0.282527663,12.45,11814.8974,0.107625465,52740.4,0.054,55485.2,0.136283954,15241.93,4016.9869,333.529,103.5,6879.314,0.017,0.718,117328.6496,1413.093702,0.685,0.315,0.969793753,84183.0,198.0047076,8.0,3.8,674276.8,107.1,1.7,9.0,10.7,11.3,9.6,233.0,19.24347539,98.8,98.6,98.0,43.6,94.3,54.5,99.3,0.4,76.37,7.6,8.82,684.2,164.7,87.09,70.99,54.5,48.22,42.33,33.15,863.3947939,"3,013",1437.739554,100.0,"90,92","23,14",65.2,97.9,8846.956102,121.1,772.0,293.0,,,9350.0,627.0,0.43939,1440.0,329348.0,26.7,76.2,46352.0,226047.3
1328,2013-08-21,111.8138,17015.1,1.2,397.9,473.4,108.299,15.748,5.1,33.1081,44.2829,109.81,0.230889479,66926.9,0.035178674,6.01,6.56,1312.47,1376.6,133.8,237.27,15945713,3.76278e-06,5.3,654765,0.282527663,12.45,11814.8974,0.107625465,52740.4,0.054,55485.2,0.136283954,15241.93,4016.9869,333.529,103.5,6879.314,0.017,0.718,117328.6496,1413.093702,0.685,0.315,0.969793753,84183.0,198.0047076,8.0,3.8,674276.8,107.1,1.7,9.0,10.7,11.3,9.6,233.0,19.24347539,98.8,98.6,98.0,43.6,94.3,54.5,99.3,0.4,76.37,7.6,8.82,684.2,164.7,87.09,70.99,54.5,48.22,42.33,33.15,863.3947939,"3,013",1437.739554,100.0,"90,92","23,14",65.2,97.9,8846.956102,121.1,772.0,293.0,,,9350.0,627.0,0.43939,1440.0,329348.0,26.7,76.2,46352.0,226047.3
1329,2013-08-22,111.8138,17015.1,1.2,397.9,473.4,108.299,15.748,5.1,33.0424,44.1389,109.9,0.230889479,66926.9,0.035178674,6.01,6.56,1329.05,1396.65,132.72,237.29,15945713,3.76278e-06,5.3,654765,0.282527663,12.45,11814.8974,0.107625465,52740.4,0.054,55485.2,0.136283954,15241.93,4016.9869,333.529,103.5,6879.314,0.017,0.718,117328.6496,1413.093702,0.685,0.315,0.969793753,84183.0,198.0047076,8.0,3.8,674276.8,107.1,1.7,9.0,10.7,11.3,9.6,233.0,19.24347539,98.8,98.6,98.0,43.6,94.3,54.5,99.3,0.4,76.37,7.6,8.82,684.2,164.7,87.09,70.99,54.5,48.22,42.33,33.15,863.3947939,"3,013",1437.739554,100.0,"90,92","23,14",65.2,97.9,8846.956102,121.1,772.0,293.0,,,9350.0,627.0,0.43939,1440.0,329348.0,26.7,76.2,46352.0,226047.3
1330,2013-08-23,111.8138,17015.1,1.2,397.9,473.4,108.299,15.748,5.1,33.004,44.1838,111.04,0.230889479,66926.9,0.035178674,6.01,6.56,1330.99,1393.21,133.17,237.32,15945713,3.76278e-06,5.3,654765,0.282527663,12.45,11814.8974,0.107625465,52740.4,0.054,55485.2,0.136283954,15241.93,4016.9869,333.529,103.5,6879.314,0.017,0.718,117328.6496,1413.093702,0.685,0.315,0.969793753,84183.0,198.0047076,8.0,3.8,674276.8,107.1,1.7,9.0,10.7,11.3,9.6,233.0,19.24347539,98.8,98.6,98.0,43.6,94.3,54.5,99.3,0.4,76.37,7.6,8.82,684.2,164.7,87.09,70.99,54.5,48.22,42.33,33.15,863.3947939,"3,013",1437.739554,100.0,"90,92","23,14",65.2,97.9,8846.956102,121.1,772.0,293.0,,,9350.0,627.0,0.43939,1440.0,329348.0,26.7,76.2,46352.0,226047.3
1331,2013-08-24,111.8138,17015.1,1.2,397.9,473.4,108.299,15.748,5.1,33.004,44.1838,111.04,0.230889479,66926.9,0.035178674,6.01,6.56,1330.99,1393.21,133.17,237.32,15945713,3.76278e-06,5.3,654765,0.282527663,12.45,11814.8974,0.107625465,52740.4,0.054,55485.2,0.136283954,15241.93,4016.9869,333.529,103.5,6879.314,0.017,0.718,117328.6496,1413.093702,0.685,0.315,0.969793753,84183.0,198.0047076,8.0,3.8,674276.8,107.1,1.7,9.0,10.7,11.3,9.6,233.0,19.24347539,98.8,98.6,98.0,43.6,94.3,54.5,99.3,0.4,76.37,7.6,8.82,684.2,164.7,87.09,70.99,54.5,48.22,42.33,33.15,863.3947939,"3,013",1437.739554,100.0,"90,92","23,14",65.2,97.9,8846.956102,121.1,772.0,293.0,,,9350.0,627.0,0.43939,1440.0,329348.0,26.7,76.2,46352.0,226047.3
1332,2013-08-25,111.8138,17015.1,1.2,397.9,473.4,108.299,15.748,5.1,33.004,44.1838,111.04,0.230889479,66926.9,0.035178674,6.01,6.56,1330.99,1393.21,133.17,237.32,15945713,3.76278e-06,5.3,654765,0.282527663,12.45,11814.8974,0.107625465,52740.4,0.054,55485.2,0.136283954,15241.93,4016.9869,333.529,103.5,6879.314,0.017,0.718,117328.6496,1413.093702,0.685,0.315,0.969793753,84183.0,198.0047076,8.0,3.8,674276.8,107.1,1.7,9.0,10.7,11.3,9.6,233.0,19.24347539,98.8,98.6,98.0,43.6,94.3,54.5,99.3,0.4,76.37,7.6,8.82,684.2,164.7,87.09,70.99,54.5,48.22,42.33,33.15,863.3947939,"3,013",1437.739554,100.0,"90,92","23,14",65.2,97.9,8846.956102,121.1,772.0,293.0,,,9350.0,627.0,0.43939,1440.0,329348.0,26.7,76.2,46352.0,226047.3
1333,2013-08-26,111.8138,17015.1,1.2,397.9,473.4,108.299,15.748,5.1,33.0381,44.167,110.73,0.230889479,66926.9,0.035178674,6.01,6.56,1324.48,1387.06,133.44,237.51,15945713,3.76278e-06,5.3,654765,0.282527663,12.45,11814.8974,0.107625465,52740.4,0.054,55485.2,0.136283954,15241.93,4016.9869,333.529,103.5,6879.314,0.017,0.718,117328.6496,1413.093702,0.685,0.315,0.969793753,84183.0,198.0047076,8.0,3.8,674276.8,107.1,1.7,9.0,10.7,11.3,9.6,233.0,19.24347539,98.8,98.6,98.0,43.6,94.3,54.5,99.3,0.4,76.37,7.6,8.82,684.2,164.7,87.09,70.99,54.5,48.22,42.33,33.15,863.3947939,"3,013",1437.739554,100.0,"90,92","23,14",65.2,97.9,8846.956102,121.1,772.0,293.0,,,9350.0,627.0,0.43939,1440.0,329348.0,26.7,76.2,46352.0,226047.3
1334,2013-08-27,111.8138,17015.1,1.2,397.9,473.4,108.299,15.748,5.1,33.1518,44.3878,114.36,0.230889479,66926.9,0.035178674,6.01,6.56,1304.33,1374.21,132.78,237.51,15945713,3.76278e-06,5.3,654765,0.282527663,12.45,11814.8974,0.107625465,52740.4,0.054,55485.2,0.136283954,15241.93,4016.9869,333.529,103.5,6879.314,0.017,0.718,117328.6496,1413.093702,0.685,0.315,0.969793753,84183.0,198.0047076,8.0,3.8,674276.8,107.1,1.7,9.0,10.7,11.3,9.6,233.0,19.24347539,98.8,98.6,98.0,43.6,94.3,54.5,99.3,0.4,76.37,7.6,8.82,684.2,164.7,87.09,70.99,54.5,48.22,42.33,33.15,863.3947939,"3,013",1437.739554,100.0,"90,92","23,14",65.2,97.9,8846.956102,121.1,772.0,293.0,,,9350.0,627.0,0.43939,1440.0,329348.0,26.7,76.2,46352.0,226047.3
1335,2013-08-28,111.8138,17015.1,1.2,397.9,473.4,108.299,15.748,5.1,33.1724,44.2284,116.61,0.230889479,66926.9,0.035178674,6.01,6.56,1299.65,1369.64,132.5,237.52,15945713,3.76278e-06,5.3,654765,0.282527663,12.45,11814.8974,0.107625465,52740.4,0.054,55485.2,0.136283954,15241.93,4016.9869,333.529,103.5,6879.314,0.017,0.718,117328.6496,1413.093702,0.685,0.315,0.969793753,84183.0,198.0047076,8.0,3.8,674276.8,107.1,1.7,9.0,10.7,11.3,9.6,233.0,19.24347539,98.8,98.6,98.0,43.6,94.3,54.5,99.3,0.4,76.37,7.6,8.82,684.2,164.7,87.09,70.99,54.5,48.22,42.33,33.15,863.3947939,"3,013",1437.739554,100.0,"90,92","23,14",65.2,97.9,8846.956102,121.1,772.0,293.0,,,9350.0,627.0,0.43939,1440.0,329348.0,26.7,76.2,46352.0,226047.3
1336,2013-08-29,111.8138,17015.1,1.2,397.9,473.4,108.299,15.748,5.1,33.2106,43.9662,115.16,0.230889479,66926.9,0.035178674,6.01,6.56,1300.67,1371.89,132.63,237.59,15945713,3.76278e-06,5.3,654765,0.282527663,12.45,11814.8974,0.107625465,52740.4,0.054,55485.2,0.136283954,15241.93,4016.9869,333.529,103.5,6879.314,0.017,0.718,117328.6496,1413.093702,0.685,0.315,0.969793753,84183.0,198.0047076,8.0,3.8,674276.8,107.1,1.7,9.0,10.7,11.3,9.6,233.0,19.24347539,98.8,98.6,98.0,43.6,94.3,54.5,99.3,0.4,76.37,7.6,8.82,684.2,164.7,87.09,70.99,54.5,48.22,42.33,33.15,863.3947939,"3,013",1437.739554,100.0,"90,92","23,14",65.2,97.9,8846.956102,121.1,772.0,293.0,,,9350.0,627.0,0.43939,1440.0,329348.0,26.7,76.2,46352.0,226047.3
1337,2013-08-30,111.8138,17015.1,1.2,397.9,473.4,108.299,15.748,5.1,33.2923,43.9596,114.01,0.230889479,66926.9,0.035178674,6.01,6.56,1290.96,1364.65,133.0,237.67,15945713,3.76278e-06,5.3,654765,0.282527663,12.45,11814.8974,0.107625465,52740.4,0.054,55485.2,0.136283954,15241.93,4016.9869,333.529,103.5,6879.314,0.017,0.718,117328.6496,1413.093702,0.685,0.315,0.969793753,84183.0,198.0047076,8.0,3.8,674276.8,107.1,1.7,9.0,10.7,11.3,9.6,233.0,19.24347539,98.8,98.6,98.0,43.6,94.3,54.5,99.3,0.4,76.37,7.6,8.82,684.2,164.7,87.09,70.99,54.5,48.22,42.33,33.15,863.3947939,"3,013",1437.739554,100.0,"90,92","23,14",65.2,97.9,8846.956102,121.1,772.0,293.0,,,9350.0,627.0,0.43939,1440.0,329348.0,26.7,76.2,46352.0,226047.3
1338,2013-08-31,111.8138,17015.1,1.2,397.9,473.4,108.299,15.748,5.1,33.2923,43.9596,114.01,0.230889479,66926.9,0.035178674,6.01,6.56,1290.96,1364.65,133.0,237.67,15945713,3.76278e-06,5.3,654765,0.282527663,12.45,11814.8974,0.107625465,52740.4,0.054,55485.2,0.136283954,15241.93,4016.9869,333.529,103.5,6879.314,0.017,0.718,117328.6496,1413.093702,0.685,0.315,0.969793753,84183.0,198.0047076,8.0,3.8,674276.8,107.1,1.7,9.0,10.7,11.3,9.6,233.0,19.24347539,98.8,98.6,98.0,43.6,94.3,54.5,99.3,0.4,76.37,7.6,8.82,684.2,164.7,87.09,70.99,54.5,48.22,42.33,33.15,863.3947939,"3,013",1437.739554,100.0,"90,92","23,14",65.2,97.9,8846.956102,121.1,772.0,293.0,,,9350.0,627.0,0.43939,1440.0,329348.0,26.7,76.2,46352.0,226047.3
1339,2013-09-01,111.3933,17015.1,1.2,398.5,486.7,108.299,16.474,5.1,33.2923,43.9596,114.01,0.288541259,66926.9,0.035178674,6.01,6.56,1290.96,1364.65,133.0,224.57,15945713,3.76278e-06,5.4,774624,0.280960972,12.41,11814.8974,0.107625465,48234.9,0.054,55485.2,0.136283954,15215.84,4016.9869,333.529,103.5,6879.314,0.017,0.718,117328.6496,1413.093702,0.685,0.315,0.969793753,84183.0,198.0047076,8.0,3.8,674276.8,107.1,1.7,9.0,10.7,11.3,9.6,233.0,19.24347539,98.8,98.6,98.0,43.6,94.3,54.5,99.3,0.4,76.37,7.6,8.82,684.2,153.23,89.36,71.11,59.91,49.12,42.1,34.53,863.3947939,"3,013",1437.739554,100.0,"90,92","23,14",65.2,97.9,8846.956102,121.1,772.0,293.0,,,9350.0,627.0,0.43939,1440.0,329348.0,26.7,76.2,46352.0,226047.3
1340,2013-09-02,111.3933,17015.1,1.2,398.5,486.7,108.299,16.474,5.1,33.3696,44.0275,114.33,0.288541259,66926.9,0.035178674,6.01,6.56,1291.98,1367.53,133.11,224.57,15945713,3.76278e-06,5.4,774624,0.280960972,12.41,11814.8974,0.107625465,48234.9,0.054,55485.2,0.136283954,15215.84,4016.9869,333.529,103.5,6879.314,0.017,0.718,117328.6496,1413.093702,0.685,0.315,0.969793753,84183.0,198.0047076,8.0,3.8,674276.8,107.1,1.7,9.0,10.7,11.3,9.6,233.0,19.24347539,98.8,98.6,98.0,43.6,94.3,54.5,99.3,0.4,76.37,7.6,8.82,684.2,153.23,89.36,71.11,59.91,49.12,42.1,34.53,863.3947939,"3,013",1437.739554,100.0,"90,92","23,14",65.2,97.9,8846.956102,121.1,772.0,293.0,,,9350.0,627.0,0.43939,1440.0,329348.0,26.7,76.2,46352.0,226047.3
1341,2013-09-03,111.3933,17015.1,1.2,398.5,486.7,108.299,16.474,5.1,33.5163,44.1437,115.68,0.288541259,66926.9,0.035178674,6.01,6.56,1293.11,1373.82,132.95,224.57,15945713,3.76278e-06,5.4,774624,0.280960972,12.41,11814.8974,0.107625465,48234.9,0.054,55485.2,0.136283954,15215.84,4016.9869,333.529,103.5,6879.314,0.017,0.718,117328.6496,1413.093702,0.685,0.315,0.969793753,84183.0,198.0047076,8.0,3.8,674276.8,107.1,1.7,9.0,10.7,11.3,9.6,233.0,19.24347539,98.8,98.6,98.0,43.6,94.3,54.5,99.3,0.4,76.37,7.6,8.82,684.2,153.23,89.36,71.11,59.91,49.12,42.1,34.53,863.3947939,"3,013",1437.739554,100.0,"90,92","23,14",65.2,97.9,8846.956102,121.1,772.0,293.0,,,9350.0,627.0,0.43939,1440.0,329348.0,26.7,76.2,46352.0,226047.3
1342,2013-09-04,111.3933,17015.1,1.2,398.5,486.7,108.299,16.474,5.1,33.3174,44.0085,114.91,0.288541259,66926.9,0.035178674,6.01,6.56,1298.53,1375.66,132.95,230.7,15945713,3.76278e-06,5.4,774624,0.280960972,12.41,11814.8974,0.107625465,48234.9,0.054,55485.2,0.136283954,15215.84,4016.9869,333.529,103.5,6879.314,0.017,0.718,117328.6496,1413.093702,0.685,0.315,0.969793753,84183.0,198.0047076,8.0,3.8,674276.8,107.1,1.7,9.0,10.7,11.3,9.6,233.0,19.24347539,98.8,98.6,98.0,43.6,94.3,54.5,99.3,0.4,76.37,7.6,8.82,684.2,153.23,89.36,71.11,59.91,49.12,42.1,34.53,863.3947939,"3,013",1437.739554,100.0,"90,92","23,14",65.2,97.9,8846.956102,121.1,772.0,293.0,,,9350.0,627.0,0.43939,1440.0,329348.0,26.7,76.2,46352.0,226047.3
1343,2013-09-05,111.3933,17015.1,1.2,398.5,486.7,108.299,16.474,5.1,33.4323,43.8783,115.26,0.288541259,66926.9,0.035178674,6.01,6.56,1339.8,1422.4,132.79,230.7,15945713,3.76278e-06,5.4,774624,0.280960972,12.41,11814.8974,0.107625465,48234.9,0.054,55485.2,0.136283954,15215.84,4016.9869,333.529,103.5,6879.314,0.017,0.718,117328.6496,1413.093702,0.685,0.315,0.969793753,84183.0,198.0047076,8.0,3.8,674276.8,107.1,1.7,9.0,10.7,11.3,9.6,233.0,19.24347539,98.8,98.6,98.0,43.6,94.3,54.5,99.3,0.4,76.37,7.6,8.82,684.2,153.23,89.36,71.11,59.91,49.12,42.1,34.53,863.3947939,"3,013",1437.739554,100.0,"90,92","23,14",65.2,97.9,8846.956102,121.1,772.0,293.0,,,9350.0,627.0,0.43939,1440.0,329348.0,26.7,76.2,46352.0,226047.3
1344,2013-09-06,111.3933,17015.1,1.2,398.5,486.7,108.299,16.474,5.1,33.3165,43.8502,116.12,0.288541259,66926.9,0.035178674,6.01,6.56,1345.6,1423.4,132.82,230.7,15945713,3.76278e-06,5.4,774624,0.280960972,12.41,11814.8974,0.107625465,48234.9,0.054,55485.2,0.136283954,15215.84,4016.9869,333.529,103.5,6879.314,0.017,0.718,117328.6496,1413.093702,0.685,0.315,0.969793753,84183.0,198.0047076,8.0,3.8,674276.8,107.1,1.7,9.0,10.7,11.3,9.6,233.0,19.24347539,98.8,98.6,98.0,43.6,94.3,54.5,99.3,0.4,76.37,7.6,8.82,684.2,153.23,89.36,71.11,59.91,49.12,42.1,34.53,863.3947939,"3,013",1437.739554,100.0,"90,92","23,14",65.2,97.9,8846.956102,121.1,772.0,293.0,,,9350.0,627.0,0.43939,1440.0,329348.0,26.7,76.2,46352.0,226047.3
1345,2013-09-07,111.3933,17015.1,1.2,398.5,486.7,108.299,16.474,5.1,33.3165,43.8502,116.12,0.288541259,66926.9,0.035178674,6.01,6.56,1345.6,1423.4,132.82,234.27,15945713,3.76278e-06,5.4,774624,0.280960972,12.41,11814.8974,0.107625465,48234.9,0.054,55485.2,0.136283954,15215.84,4016.9869,333.529,103.5,6879.314,0.017,0.718,117328.6496,1413.093702,0.685,0.315,0.969793753,84183.0,198.0047076,8.0,3.8,674276.8,107.1,1.7,9.0,10.7,11.3,9.6,233.0,19.24347539,98.8,98.6,98.0,43.6,94.3,54.5,99.3,0.4,76.37,7.6,8.82,684.2,153.23,89.36,71.11,59.91,49.12,42.1,34.53,863.3947939,"3,013",1437.739554,100.0,"90,92","23,14",65.2,97.9,8846.956102,121.1,772.0,293.0,,,9350.0,627.0,0.43939,1440.0,329348.0,26.7,76.2,46352.0,226047.3
1346,2013-09-08,111.3933,17015.1,1.2,398.5,486.7,108.299,16.474,5.1,33.3165,43.8502,116.12,0.288541259,66926.9,0.035178674,6.01,6.56,1345.6,1423.4,132.82,236.56,15945713,3.76278e-06,5.4,774624,0.280960972,12.41,11814.8974,0.107625465,48234.9,0.054,55485.2,0.136283954,15215.84,4016.9869,333.529,103.5,6879.314,0.017,0.718,117328.6496,1413.093702,0.685,0.315,0.969793753,84183.0,198.0047076,8.0,3.8,674276.8,107.1,1.7,9.0,10.7,11.3,9.6,233.0,19.24347539,98.8,98.6,98.0,43.6,94.3,54.5,99.3,0.4,76.37,7.6,8.82,684.2,153.23,89.36,71.11,59.91,49.12,42.1,34.53,863.3947939,"3,013",1437.739554,100.0,"90,92","23,14",65.2,97.9,8846.956102,121.1,772.0,293.0,,,9350.0,627.0,0.43939,1440.0,329348.0,26.7,76.2,46352.0,226047.3
1347,2013-09-09,111.3933,17015.1,1.2,398.5,486.7,108.299,16.474,5.1,33.152,43.9588,113.72,0.288541259,66926.9,0.035178674,6.01,6.56,1380.37,1451.54,133.1,238.06,15945713,3.76278e-06,5.4,774624,0.280960972,12.41,11814.8974,0.107625465,48234.9,0.054,55485.2,0.136283954,15215.84,4016.9869,333.529,103.5,6879.314,0.017,0.718,117328.6496,1413.093702,0.685,0.315,0.969793753,84183.0,198.0047076,8.0,3.8,674276.8,107.1,1.7,9.0,10.7,11.3,9.6,233.0,19.24347539,98.8,98.6,98.0,43.6,94.3,54.5,99.3,0.4,76.37,7.6,8.82,684.2,153.23,89.36,71.11,59.91,49.12,42.1,34.53,863.3947939,"3,013",1437.739554,100.0,"90,92","23,14",65.2,97.9,8846.956102,121.1,772.0,293.0,,,9350.0,627.0,0.43939,1440.0,329348.0,26.7,76.2,46352.0,226047.3
1348,2013-09-10,111.3933,17015.1,1.2,398.5,486.7,108.299,16.474,5.1,32.9772,43.7355,111.25,0.288541259,66926.9,0.035178674,6.01,6.56,1390.55,1453.57,133.34,239.94,15945713,3.76278e-06,5.4,774624,0.280960972,12.41,11814.8974,0.107625465,48234.9,0.054,55485.2,0.136283954,15215.84,4016.9869,333.529,103.5,6879.314,0.017,0.718,117328.6496,1413.093702,0.685,0.315,0.969793753,84183.0,198.0047076,8.0,3.8,674276.8,107.1,1.7,9.0,10.7,11.3,9.6,233.0,19.24347539,98.8,98.6,98.0,43.6,94.3,54.5,99.3,0.4,76.37,7.6,8.82,684.2,153.23,89.36,71.11,59.91,49.12,42.1,34.53,863.3947939,"3,013",1437.739554,100.0,"90,92","23,14",65.2,97.9,8846.956102,121.1,772.0,293.0,,,9350.0,627.0,0.43939,1440.0,329348.0,26.7,76.2,46352.0,226047.3
1349,2013-09-11,111.3933,17015.1,1.2,398.5,486.7,108.299,16.474,5.1,32.8066,43.6288,111.5,0.288541259,66926.9,0.035178674,6.01,6.56,1394.03,1454.12,134.24,239.94,15945713,3.76278e-06,5.4,774624,0.280960972,12.41,11814.8974,0.107625465,48234.9,0.054,55485.2,0.136283954,15215.84,4016.9869,333.529,103.5,6879.314,0.017,0.718,117328.6496,1413.093702,0.685,0.315,0.969793753,84183.0,198.0047076,8.0,3.8,674276.8,107.1,1.7,9.0,10.7,11.3,9.6,233.0,19.24347539,98.8,98.6,98.0,43.6,94.3,54.5,99.3,0.4,76.37,7.6,8.82,684.2,153.23,89.36,71.11,59.91,49.12,42.1,34.53,863.3947939,"3,013",1437.739554,100.0,"90,92","23,14",65.2,97.9,8846.956102,121.1,772.0,293.0,,,9350.0,627.0,0.43939,1440.0,329348.0,26.7,76.2,46352.0,226047.3
1350,2013-09-12,111.3933,17015.1,1.2,398.5,486.7,108.299,16.474,5.1,32.6452,43.4563,112.63,0.288541259,66926.9,0.035178674,6.01,6.56,1401.46,1450.23,135.03,242.16,15945713,3.76278e-06,5.4,774624,0.280960972,12.41,11814.8974,0.107625465,48234.9,0.054,55485.2,0.136283954,15215.84,4016.9869,333.529,103.5,6879.314,0.017,0.718,117328.6496,1413.093702,0.685,0.315,0.969793753,84183.0,198.0047076,8.0,3.8,674276.8,107.1,1.7,9.0,10.7,11.3,9.6,233.0,19.24347539,98.8,98.6,98.0,43.6,94.3,54.5,99.3,0.4,76.37,7.6,8.82,684.2,153.23,89.36,71.11,59.91,49.12,42.1,34.53,863.3947939,"3,013",1437.739554,100.0,"90,92","23,14",65.2,97.9,8846.956102,121.1,772.0,293.0,,,9350.0,627.0,0.43939,1440.0,329348.0,26.7,76.2,46352.0,226047.3
1351,2013-09-13,111.3933,17015.1,1.2,398.5,486.7,108.299,16.474,5.1,32.4693,43.144,112.78,0.288541259,66926.9,0.035178674,6.01,6.56,1396.57,1440.74,135.21,238.28,15945713,3.76278e-06,5.4,774624,0.280960972,12.41,11814.8974,0.107625465,48234.9,0.054,55485.2,0.136283954,15215.84,4016.9869,333.529,103.5,6879.314,0.017,0.718,117328.6496,1413.093702,0.685,0.315,0.969793753,84183.0,198.0047076,8.0,3.8,674276.8,107.1,1.7,9.0,10.7,11.3,9.6,233.0,19.24347539,98.8,98.6,98.0,43.6,94.3,54.5,99.3,0.4,76.37,7.6,8.82,684.2,153.23,89.36,71.11,59.91,49.12,42.1,34.53,863.3947939,"3,013",1437.739554,100.0,"90,92","23,14",65.2,97.9,8846.956102,121.1,772.0,293.0,,,9350.0,627.0,0.43939,1440.0,329348.0,26.7,76.2,46352.0,226047.3
1352,2013-09-14,111.3933,17015.1,1.2,398.5,486.7,108.299,16.474,5.1,32.4693,43.144,112.78,0.288541259,66926.9,0.035178674,6.01,6.56,1396.57,1440.74,135.21,238.28,15945713,3.76278e-06,5.4,774624,0.280960972,12.41,11814.8974,0.107625465,48234.9,0.054,55485.2,0.136283954,15215.84,4016.9869,333.529,103.5,6879.314,0.017,0.718,117328.6496,1413.093702,0.685,0.315,0.969793753,84183.0,198.0047076,8.0,3.8,674276.8,107.1,1.7,9.0,10.7,11.3,9.6,233.0,19.24347539,98.8,98.6,98.0,43.6,94.3,54.5,99.3,0.4,76.37,7.6,8.82,684.2,153.23,89.36,71.11,59.91,49.12,42.1,34.53,863.3947939,"3,013",1437.739554,100.0,"90,92","23,14",65.2,97.9,8846.956102,121.1,772.0,293.0,,,9350.0,627.0,0.43939,1440.0,329348.0,26.7,76.2,46352.0,226047.3
1353,2013-09-15,111.3933,17015.1,1.2,398.5,486.7,108.299,16.474,5.1,32.4693,43.144,112.78,0.288541259,66926.9,0.035178674,6.01,6.56,1396.57,1440.74,135.21,238.28,15945713,3.76278e-06,5.4,774624,0.280960972,12.41,11814.8974,0.107625465,48234.9,0.054,55485.2,0.136283954,15215.84,4016.9869,333.529,103.5,6879.314,0.017,0.718,117328.6496,1413.093702,0.685,0.315,0.969793753,84183.0,198.0047076,8.0,3.8,674276.8,107.1,1.7,9.0,10.7,11.3,9.6,233.0,19.24347539,98.8,98.6,98.0,43.6,94.3,54.5,99.3,0.4,76.37,7.6,8.82,684.2,153.23,89.36,71.11,59.91,49.12,42.1,34.53,863.3947939,"3,013",1437.739554,100.0,"90,92","23,14",65.2,97.9,8846.956102,121.1,772.0,293.0,,,9350.0,627.0,0.43939,1440.0,329348.0,26.7,76.2,46352.0,226047.3
1354,2013-09-16,111.3933,17015.1,1.2,398.5,486.7,108.299,16.474,5.1,32.267,43.0394,110.07,0.288541259,66926.9,0.035178674,6.01,6.56,1436.14,1470.48,135.68,238.34,15945713,3.76278e-06,5.4,774624,0.280960972,12.41,11814.8974,0.107625465,48234.9,0.054,55485.2,0.136283954,15215.84,4016.9869,333.529,103.5,6879.314,0.017,0.718,117328.6496,1413.093702,0.685,0.315,0.969793753,84183.0,198.0047076,8.0,3.8,674276.8,107.1,1.7,9.0,10.7,11.3,9.6,233.0,19.24347539,98.8,98.6,98.0,43.6,94.3,54.5,99.3,0.4,76.37,7.6,8.82,684.2,153.23,89.36,71.11,59.91,49.12,42.1,34.53,863.3947939,"3,013",1437.739554,100.0,"90,92","23,14",65.2,97.9,8846.956102,121.1,772.0,293.0,,,9350.0,627.0,0.43939,1440.0,329348.0,26.7,76.2,46352.0,226047.3
1355,2013-09-17,111.3933,17015.1,1.2,398.5,486.7,108.299,16.474,5.1,32.2115,43.0183,108.19,0.288541259,66926.9,0.035178674,6.01,6.56,1439.79,1473.03,135.07,238.39,15945713,3.76278e-06,5.4,774624,0.280960972,12.41,11814.8974,0.107625465,48234.9,0.054,55485.2,0.136283954,15215.84,4016.9869,333.529,103.5,6879.314,0.017,0.718,117328.6496,1413.093702,0.685,0.315,0.969793753,84183.0,198.0047076,8.0,3.8,674276.8,107.1,1.7,9.0,10.7,11.3,9.6,233.0,19.24347539,98.8,98.6,98.0,43.6,94.3,54.5,99.3,0.4,76.37,7.6,8.82,684.2,153.23,89.36,71.11,59.91,49.12,42.1,34.53,863.3947939,"3,013",1437.739554,100.0,"90,92","23,14",65.2,97.9,8846.956102,121.1,772.0,293.0,,,9350.0,627.0,0.43939,1440.0,329348.0,26.7,76.2,46352.0,226047.3
1356,2013-09-18,111.3933,17015.1,1.2,398.5,486.7,108.299,16.474,5.1,32.2723,43.1081,110.6,0.288541259,66926.9,0.035178674,6.01,6.56,1429.62,1464.95,134.95,238.34,15945713,3.76278e-06,5.4,774624,0.280960972,12.41,11814.8974,0.107625465,48234.9,0.054,55485.2,0.136283954,15215.84,4016.9869,333.529,103.5,6879.314,0.017,0.718,117328.6496,1413.093702,0.685,0.315,0.969793753,84183.0,198.0047076,8.0,3.8,674276.8,107.1,1.7,9.0,10.7,11.3,9.6,233.0,19.24347539,98.8,98.6,98.0,43.6,94.3,54.5,99.3,0.4,76.37,7.6,8.82,684.2,153.23,89.36,71.11,59.91,49.12,42.1,34.53,863.3947939,"3,013",1437.739554,100.0,"90,92","23,14",65.2,97.9,8846.956102,121.1,772.0,293.0,,,9350.0,627.0,0.43939,1440.0,329348.0,26.7,76.2,46352.0,226047.3
1357,2013-09-19,111.3933,17015.1,1.2,398.5,486.7,108.299,16.474,5.1,31.6684,42.8057,108.76,0.288541259,66926.9,0.035178674,6.01,6.56,1478.75,1487.19,136.35,238.47,15945713,3.76278e-06,5.4,774624,0.280960972,12.41,11814.8974,0.107625465,48234.9,0.054,55485.2,0.136283954,15215.84,4016.9869,333.529,103.5,6879.314,0.017,0.718,117328.6496,1413.093702,0.685,0.315,0.969793753,84183.0,198.0047076,8.0,3.8,674276.8,107.1,1.7,9.0,10.7,11.3,9.6,233.0,19.24347539,98.8,98.6,98.0,43.6,94.3,54.5,99.3,0.4,76.37,7.6,8.82,684.2,153.23,89.36,71.11,59.91,49.12,42.1,34.53,863.3947939,"3,013",1437.739554,100.0,"90,92","23,14",65.2,97.9,8846.956102,121.1,772.0,293.0,,,9350.0,627.0,0.43939,1440.0,329348.0,26.7,76.2,46352.0,226047.3
1358,2013-09-20,111.3933,17015.1,1.2,398.5,486.7,108.299,16.474,5.1,31.8142,43.027,109.22,0.288541259,66926.9,0.035178674,6.01,6.56,1462.92,1476.73,136.02,238.56,15945713,3.76278e-06,5.4,774624,0.280960972,12.41,11814.8974,0.107625465,48234.9,0.054,55485.2,0.136283954,15215.84,4016.9869,333.529,103.5,6879.314,0.017,0.718,117328.6496,1413.093702,0.685,0.315,0.969793753,84183.0,198.0047076,8.0,3.8,674276.8,107.1,1.7,9.0,10.7,11.3,9.6,233.0,19.24347539,98.8,98.6,98.0,43.6,94.3,54.5,99.3,0.4,76.37,7.6,8.82,684.2,153.23,89.36,71.11,59.91,49.12,42.1,34.53,863.3947939,"3,013",1437.739554,100.0,"90,92","23,14",65.2,97.9,8846.956102,121.1,772.0,293.0,,,9350.0,627.0,0.43939,1440.0,329348.0,26.7,76.2,46352.0,226047.3
1359,2013-09-21,111.3933,17015.1,1.2,398.5,486.7,108.299,16.474,5.1,31.8142,43.027,109.22,0.288541259,66926.9,0.035178674,6.01,6.56,1462.92,1476.73,136.02,238.56,15945713,3.76278e-06,5.4,774624,0.280960972,12.41,11814.8974,0.107625465,48234.9,0.054,55485.2,0.136283954,15215.84,4016.9869,333.529,103.5,6879.314,0.017,0.718,117328.6496,1413.093702,0.685,0.315,0.969793753,84183.0,198.0047076,8.0,3.8,674276.8,107.1,1.7,9.0,10.7,11.3,9.6,233.0,19.24347539,98.8,98.6,98.0,43.6,94.3,54.5,99.3,0.4,76.37,7.6,8.82,684.2,153.23,89.36,71.11,59.91,49.12,42.1,34.53,863.3947939,"3,013",1437.739554,100.0,"90,92","23,14",65.2,97.9,8846.956102,121.1,772.0,293.0,,,9350.0,627.0,0.43939,1440.0,329348.0,26.7,76.2,46352.0,226047.3
1360,2013-09-22,111.3933,17015.1,1.2,398.5,486.7,108.299,16.474,5.1,31.8142,43.027,109.22,0.288541259,66926.9,0.035178674,6.01,6.56,1462.92,1476.73,136.02,238.56,15945713,3.76278e-06,5.4,774624,0.280960972,12.41,11814.8974,0.107625465,48234.9,0.054,55485.2,0.136283954,15215.84,4016.9869,333.529,103.5,6879.314,0.017,0.718,117328.6496,1413.093702,0.685,0.315,0.969793753,84183.0,198.0047076,8.0,3.8,674276.8,107.1,1.7,9.0,10.7,11.3,9.6,233.0,19.24347539,98.8,98.6,98.0,43.6,94.3,54.5,99.3,0.4,76.37,7.6,8.82,684.2,153.23,89.36,71.11,59.91,49.12,42.1,34.53,863.3947939,"3,013",1437.739554,100.0,"90,92","23,14",65.2,97.9,8846.956102,121.1,772.0,293.0,,,9350.0,627.0,0.43939,1440.0,329348.0,26.7,76.2,46352.0,226047.3
1361,2013-09-23,111.3933,17015.1,1.2,398.5,486.7,108.299,16.474,5.1,31.7907,42.9619,108.16,0.288541259,66926.9,0.035178674,6.01,6.56,1451.43,1467.62,135.65,238.73,15945713,3.76278e-06,5.4,774624,0.280960972,12.41,11814.8974,0.107625465,48234.9,0.054,55485.2,0.136283954,15215.84,4016.9869,333.529,103.5,6879.314,0.017,0.718,117328.6496,1413.093702,0.685,0.315,0.969793753,84183.0,198.0047076,8.0,3.8,674276.8,107.1,1.7,9.0,10.7,11.3,9.6,233.0,19.24347539,98.8,98.6,98.0,43.6,94.3,54.5,99.3,0.4,76.37,7.6,8.82,684.2,153.23,89.36,71.11,59.91,49.12,42.1,34.53,863.3947939,"3,013",1437.739554,100.0,"90,92","23,14",65.2,97.9,8846.956102,121.1,772.0,293.0,,,9350.0,627.0,0.43939,1440.0,329348.0,26.7,76.2,46352.0,226047.3
1362,2013-09-24,111.3933,17015.1,1.2,398.5,486.7,108.299,16.474,5.1,31.8642,42.9931,108.64,0.288541259,66926.9,0.035178674,6.01,6.56,1446.41,1464.72,135.88,238.82,15945713,3.76278e-06,5.4,774624,0.280960972,12.41,11814.8974,0.107625465,48234.9,0.054,55485.2,0.136283954,15215.84,4016.9869,333.529,103.5,6879.314,0.017,0.718,117328.6496,1413.093702,0.685,0.315,0.969793753,84183.0,198.0047076,8.0,3.8,674276.8,107.1,1.7,9.0,10.7,11.3,9.6,233.0,19.24347539,98.8,98.6,98.0,43.6,94.3,54.5,99.3,0.4,76.37,7.6,8.82,684.2,153.23,89.36,71.11,59.91,49.12,42.1,34.53,863.3947939,"3,013",1437.739554,100.0,"90,92","23,14",65.2,97.9,8846.956102,121.1,772.0,293.0,,,9350.0,627.0,0.43939,1440.0,329348.0,26.7,76.2,46352.0,226047.3
1363,2013-09-25,111.3933,17015.1,1.2,398.5,486.7,108.299,16.474,5.1,32.0572,43.3671,108.32,0.288541259,66926.9,0.035178674,6.01,6.56,1452.98,1479.59,135.22,238.89,15945713,3.76278e-06,5.4,774624,0.280960972,12.41,11814.8974,0.107625465,48234.9,0.054,55485.2,0.136283954,15215.84,4016.9869,333.529,103.5,6879.314,0.017,0.718,117328.6496,1413.093702,0.685,0.315,0.969793753,84183.0,198.0047076,8.0,3.8,674276.8,107.1,1.7,9.0,10.7,11.3,9.6,233.0,19.24347539,98.8,98.6,98.0,43.6,94.3,54.5,99.3,0.4,76.37,7.6,8.82,684.2,153.23,89.36,71.11,59.91,49.12,42.1,34.53,863.3947939,"3,013",1437.739554,100.0,"90,92","23,14",65.2,97.9,8846.956102,121.1,772.0,293.0,,,9350.0,627.0,0.43939,1440.0,329348.0,26.7,76.2,46352.0,226047.3
1364,2013-09-26,111.3933,17015.1,1.2,398.5,486.7,108.299,16.474,5.1,32.314,43.542,109.21,0.288541259,66926.9,0.035178674,6.01,6.56,1451.64,1485.14,135.38,238.94,15945713,3.76278e-06,5.4,774624,0.280960972,12.41,11814.8974,0.107625465,48234.9,0.054,55485.2,0.136283954,15215.84,4016.9869,333.529,103.5,6879.314,0.017,0.718,117328.6496,1413.093702,0.685,0.315,0.969793753,84183.0,198.0047076,8.0,3.8,674276.8,107.1,1.7,9.0,10.7,11.3,9.6,233.0,19.24347539,98.8,98.6,98.0,43.6,94.3,54.5,99.3,0.4,76.37,7.6,8.82,684.2,153.23,89.36,71.11,59.91,49.12,42.1,34.53,863.3947939,"3,013",1437.739554,100.0,"90,92","23,14",65.2,97.9,8846.956102,121.1,772.0,293.0,,,9350.0,627.0,0.43939,1440.0,329348.0,26.7,76.2,46352.0,226047.3
1365,2013-09-27,111.3933,17015.1,1.2,398.5,486.7,108.299,16.474,5.1,32.3319,43.7205,108.63,0.288541259,66926.9,0.035178674,6.01,6.56,1432.87,1471.89,135.06,238.95,15945713,3.76278e-06,5.4,774624,0.280960972,12.41,11814.8974,0.107625465,48234.9,0.054,55485.2,0.136283954,15215.84,4016.9869,333.529,103.5,6879.314,0.017,0.718,117328.6496,1413.093702,0.685,0.315,0.969793753,84183.0,198.0047076,8.0,3.8,674276.8,107.1,1.7,9.0,10.7,11.3,9.6,233.0,19.24347539,98.8,98.6,98.0,43.6,94.3,54.5,99.3,0.4,76.37,7.6,8.82,684.2,153.23,89.36,71.11,59.91,49.12,42.1,34.53,863.3947939,"3,013",1437.739554,100.0,"90,92","23,14",65.2,97.9,8846.956102,121.1,772.0,293.0,,,9350.0,627.0,0.43939,1440.0,329348.0,26.7,76.2,46352.0,226047.3
1366,2013-09-28,111.3933,17015.1,1.2,398.5,486.7,108.299,16.474,5.1,32.3319,43.7205,108.63,0.288541259,66926.9,0.035178674,6.01,6.56,1432.87,1471.89,135.06,238.95,15945713,3.76278e-06,5.4,774624,0.280960972,12.41,11814.8974,0.107625465,48234.9,0.054,55485.2,0.136283954,15215.84,4016.9869,333.529,103.5,6879.314,0.017,0.718,117328.6496,1413.093702,0.685,0.315,0.969793753,84183.0,198.0047076,8.0,3.8,674276.8,107.1,1.7,9.0,10.7,11.3,9.6,233.0,19.24347539,98.8,98.6,98.0,43.6,94.3,54.5,99.3,0.4,76.37,7.6,8.82,684.2,153.23,89.36,71.11,59.91,49.12,42.1,34.53,863.3947939,"3,013",1437.739554,100.0,"90,92","23,14",65.2,97.9,8846.956102,121.1,772.0,293.0,,,9350.0,627.0,0.43939,1440.0,329348.0,26.7,76.2,46352.0,226047.3
1367,2013-09-29,111.3933,17015.1,1.2,398.5,486.7,108.299,16.474,5.1,32.3319,43.7205,108.63,0.288541259,66926.9,0.035178674,6.01,6.56,1432.87,1471.89,135.06,238.95,15945713,3.76278e-06,5.4,774624,0.280960972,12.41,11814.8974,0.107625465,48234.9,0.054,55485.2,0.136283954,15215.84,4016.9869,333.529,103.5,6879.314,0.017,0.718,117328.6496,1413.093702,0.685,0.315,0.969793753,84183.0,198.0047076,8.0,3.8,674276.8,107.1,1.7,9.0,10.7,11.3,9.6,233.0,19.24347539,98.8,98.6,98.0,43.6,94.3,54.5,99.3,0.4,76.37,7.6,8.82,684.2,153.23,89.36,71.11,59.91,49.12,42.1,34.53,863.3947939,"3,013",1437.739554,100.0,"90,92","23,14",65.2,97.9,8846.956102,121.1,772.0,293.0,,,9350.0,627.0,0.43939,1440.0,329348.0,26.7,76.2,46352.0,226047.3
1368,2013-09-30,111.3933,17015.1,1.2,398.5,486.7,108.299,16.474,5.1,32.3906,43.8263,108.37,0.288541259,66926.9,0.035178674,6.01,6.56,1422.49,1462.82,134.86,239.32,15945713,3.76278e-06,5.4,774624,0.280960972,12.41,11814.8974,0.107625465,48234.9,0.054,55485.2,0.136283954,15215.84,4016.9869,333.529,103.5,6879.314,0.017,0.718,117328.6496,1413.093702,0.685,0.315,0.969793753,84183.0,198.0047076,8.0,3.8,674276.8,107.1,1.7,9.0,10.7,11.3,9.6,233.0,19.24347539,98.8,98.6,98.0,43.6,94.3,54.5,99.3,0.4,76.37,7.6,8.82,684.2,153.23,89.36,71.11,59.91,49.12,42.1,34.53,863.3947939,"3,013",1437.739554,100.0,"90,92","23,14",65.2,97.9,8846.956102,121.1,772.0,293.0,,,9350.0,627.0,0.43939,1440.0,329348.0,26.7,76.2,46352.0,226047.3
1369,2013-10-01,108.1613,18543.5,1.3,399.3,493.6,108.299,18.968,10.5,32.2254,43.591,107.94,0.091997697,66926.9,0.035178674,6.14,6.39,1438.04,1471.73,134.89,224.71,15945713,3.76278e-06,5.1,894584,0.294959613,12.37,11814.8974,0.107625465,56903.8,0.054,55485.2,0.136283954,15285.65,4016.9869,333.529,103.5,6879.314,0.017,0.718,117328.6496,1413.093702,0.685,0.315,0.969793753,84183.0,198.0047076,8.0,3.8,674276.8,107.1,1.7,9.0,10.7,11.3,9.6,233.0,19.24347539,98.8,98.6,98.0,43.6,94.3,54.5,99.3,0.4,76.37,7.6,8.82,684.2,155.91,91.81,73.59,57.26,48.28,41.96,34.52,863.3947939,"3,013",1437.739554,100.0,"90,92","23,14",65.2,97.9,8846.956102,121.1,772.0,293.0,,,9350.0,627.0,0.43939,1440.0,329348.0,26.7,76.2,46352.0,226047.3
1370,2013-10-02,108.1613,18543.5,1.3,399.3,493.6,108.299,18.968,10.5,32.2068,43.7393,109.19,0.091997697,66926.9,0.035178674,6.14,6.39,1421.94,1454.29,135.01,224.71,15945713,3.76278e-06,5.1,894584,0.294959613,12.37,11814.8974,0.107625465,56903.8,0.054,55485.2,0.136283954,15285.65,4016.9869,333.529,103.5,6879.314,0.017,0.718,117328.6496,1413.093702,0.685,0.315,0.969793753,84183.0,198.0047076,8.0,3.8,674276.8,107.1,1.7,9.0,10.7,11.3,9.6,233.0,19.24347539,98.8,98.6,98.0,43.6,94.3,54.5,99.3,0.4,76.37,7.6,8.82,684.2,155.91,91.81,73.59,57.26,48.28,41.96,34.52,863.3947939,"3,013",1437.739554,100.0,"90,92","23,14",65.2,97.9,8846.956102,121.1,772.0,293.0,,,9350.0,627.0,0.43939,1440.0,329348.0,26.7,76.2,46352.0,226047.3
1371,2013-10-03,108.1613,18543.5,1.3,399.3,493.6,108.299,18.968,10.5,32.1843,43.8395,109.0,0.091997697,66926.9,0.035178674,6.14,6.39,1427.81,1456.49,135.34,224.71,15945713,3.76278e-06,5.1,894584,0.294959613,12.37,11814.8974,0.107625465,56903.8,0.054,55485.2,0.136283954,15285.65,4016.9869,333.529,103.5,6879.314,0.017,0.718,117328.6496,1413.093702,0.685,0.315,0.969793753,84183.0,198.0047076,8.0,3.8,674276.8,107.1,1.7,9.0,10.7,11.3,9.6,233.0,19.24347539,98.8,98.6,98.0,43.6,94.3,54.5,99.3,0.4,76.37,7.6,8.82,684.2,155.91,91.81,73.59,57.26,48.28,41.96,34.52,863.3947939,"3,013",1437.739554,100.0,"90,92","23,14",65.2,97.9,8846.956102,121.1,772.0,293.0,,,9350.0,627.0,0.43939,1440.0,329348.0,26.7,76.2,46352.0,226047.3
1372,2013-10-04,108.1613,18543.5,1.3,399.3,493.6,108.299,18.968,10.5,32.1799,43.6113,109.46,0.091997697,66926.9,0.035178674,6.14,6.39,1443.15,1474.21,135.34,230.83,15945713,3.76278e-06,5.1,894584,0.294959613,12.37,11814.8974,0.107625465,56903.8,0.054,55485.2,0.136283954,15285.65,4016.9869,333.529,103.5,6879.314,0.017,0.718,117328.6496,1413.093702,0.685,0.315,0.969793753,84183.0,198.0047076,8.0,3.8,674276.8,107.1,1.7,9.0,10.7,11.3,9.6,233.0,19.24347539,98.8,98.6,98.0,43.6,94.3,54.5,99.3,0.4,76.37,7.6,8.82,684.2,155.91,91.81,73.59,57.26,48.28,41.96,34.52,863.3947939,"3,013",1437.739554,100.0,"90,92","23,14",65.2,97.9,8846.956102,121.1,772.0,293.0,,,9350.0,627.0,0.43939,1440.0,329348.0,26.7,76.2,46352.0,226047.3
1373,2013-10-05,108.1613,18543.5,1.3,399.3,493.6,108.299,18.968,10.5,32.1799,43.6113,109.46,0.091997697,66926.9,0.035178674,6.14,6.39,1443.15,1474.21,135.34,232.75,15945713,3.76278e-06,5.1,894584,0.294959613,12.37,11814.8974,0.107625465,56903.8,0.054,55485.2,0.136283954,15285.65,4016.9869,333.529,103.5,6879.314,0.017,0.718,117328.6496,1413.093702,0.685,0.315,0.969793753,84183.0,198.0047076,8.0,3.8,674276.8,107.1,1.7,9.0,10.7,11.3,9.6,233.0,19.24347539,98.8,98.6,98.0,43.6,94.3,54.5,99.3,0.4,76.37,7.6,8.82,684.2,155.91,91.81,73.59,57.26,48.28,41.96,34.52,863.3947939,"3,013",1437.739554,100.0,"90,92","23,14",65.2,97.9,8846.956102,121.1,772.0,293.0,,,9350.0,627.0,0.43939,1440.0,329348.0,26.7,76.2,46352.0,226047.3
1374,2013-10-06,108.1613,18543.5,1.3,399.3,493.6,108.299,18.968,10.5,32.1799,43.6113,109.46,0.091997697,66926.9,0.035178674,6.14,6.39,1443.15,1474.21,135.34,233.54,15945713,3.76278e-06,5.1,894584,0.294959613,12.37,11814.8974,0.107625465,56903.8,0.054,55485.2,0.136283954,15285.65,4016.9869,333.529,103.5,6879.314,0.017,0.718,117328.6496,1413.093702,0.685,0.315,0.969793753,84183.0,198.0047076,8.0,3.8,674276.8,107.1,1.7,9.0,10.7,11.3,9.6,233.0,19.24347539,98.8,98.6,98.0,43.6,94.3,54.5,99.3,0.4,76.37,7.6,8.82,684.2,155.91,91.81,73.59,57.26,48.28,41.96,34.52,863.3947939,"3,013",1437.739554,100.0,"90,92","23,14",65.2,97.9,8846.956102,121.1,772.0,293.0,,,9350.0,627.0,0.43939,1440.0,329348.0,26.7,76.2,46352.0,226047.3
1375,2013-10-07,108.1613,18543.5,1.3,399.3,493.6,108.299,18.968,10.5,32.2487,43.7797,109.68,0.091997697,66926.9,0.035178674,6.14,6.39,1444.32,1480.2,135.26,234.39,15945713,3.76278e-06,5.1,894584,0.294959613,12.37,11814.8974,0.107625465,56903.8,0.054,55485.2,0.136283954,15285.65,4016.9869,333.529,103.5,6879.314,0.017,0.718,117328.6496,1413.093702,0.685,0.315,0.969793753,84183.0,198.0047076,8.0,3.8,674276.8,107.1,1.7,9.0,10.7,11.3,9.6,233.0,19.24347539,98.8,98.6,98.0,43.6,94.3,54.5,99.3,0.4,76.37,7.6,8.82,684.2,155.91,91.81,73.59,57.26,48.28,41.96,34.52,863.3947939,"3,013",1437.739554,100.0,"90,92","23,14",65.2,97.9,8846.956102,121.1,772.0,293.0,,,9350.0,627.0,0.43939,1440.0,329348.0,26.7,76.2,46352.0,226047.3
1376,2013-10-08,108.1613,18543.5,1.3,399.3,493.6,108.299,18.968,10.5,32.3952,43.9757,110.16,0.091997697,66926.9,0.035178674,6.14,6.39,1471.65,1505.14,134.99,234.39,15945713,3.76278e-06,5.1,894584,0.294959613,12.37,11814.8974,0.107625465,56903.8,0.054,55485.2,0.136283954,15285.65,4016.9869,333.529,103.5,6879.314,0.017,0.718,117328.6496,1413.093702,0.685,0.315,0.969793753,84183.0,198.0047076,8.0,3.8,674276.8,107.1,1.7,9.0,10.7,11.3,9.6,233.0,19.24347539,98.8,98.6,98.0,43.6,94.3,54.5,99.3,0.4,76.37,7.6,8.82,684.2,155.91,91.81,73.59,57.26,48.28,41.96,34.52,863.3947939,"3,013",1437.739554,100.0,"90,92","23,14",65.2,97.9,8846.956102,121.1,772.0,293.0,,,9350.0,627.0,0.43939,1440.0,329348.0,26.7,76.2,46352.0,226047.3
1377,2013-10-09,108.1613,18543.5,1.3,399.3,493.6,108.299,18.968,10.5,32.3809,43.7468,109.06,0.091997697,66926.9,0.035178674,6.14,6.39,1461.0,1501.01,135.06,238.1,15945713,3.76278e-06,5.1,894584,0.294959613,12.37,11814.8974,0.107625465,56903.8,0.054,55485.2,0.136283954,15285.65,4016.9869,333.529,103.5,6879.314,0.017,0.718,117328.6496,1413.093702,0.685,0.315,0.969793753,84183.0,198.0047076,8.0,3.8,674276.8,107.1,1.7,9.0,10.7,11.3,9.6,233.0,19.24347539,98.8,98.6,98.0,43.6,94.3,54.5,99.3,0.4,76.37,7.6,8.82,684.2,155.91,91.81,73.59,57.26,48.28,41.96,34.52,863.3947939,"3,013",1437.739554,100.0,"90,92","23,14",65.2,97.9,8846.956102,121.1,772.0,293.0,,,9350.0,627.0,0.43939,1440.0,329348.0,26.7,76.2,46352.0,226047.3
1378,2013-10-10,108.1613,18543.5,1.3,399.3,493.6,108.299,18.968,10.5,32.2031,43.5459,111.8,0.091997697,66926.9,0.035178674,6.14,6.39,1484.82,1516.73,134.8,239.93,15945713,3.76278e-06,5.1,894584,0.294959613,12.37,11814.8974,0.107625465,56903.8,0.054,55485.2,0.136283954,15285.65,4016.9869,333.529,103.5,6879.314,0.017,0.718,117328.6496,1413.093702,0.685,0.315,0.969793753,84183.0,198.0047076,8.0,3.8,674276.8,107.1,1.7,9.0,10.7,11.3,9.6,233.0,19.24347539,98.8,98.6,98.0,43.6,94.3,54.5,99.3,0.4,76.37,7.6,8.82,684.2,155.91,91.81,73.59,57.26,48.28,41.96,34.52,863.3947939,"3,013",1437.739554,100.0,"90,92","23,14",65.2,97.9,8846.956102,121.1,772.0,293.0,,,9350.0,627.0,0.43939,1440.0,329348.0,26.7,76.2,46352.0,226047.3
1379,2013-10-11,108.1613,18543.5,1.3,399.3,493.6,108.299,18.968,10.5,32.293,43.7232,111.28,0.091997697,66926.9,0.035178674,6.14,6.39,1477.0,1513.03,134.99,239.93,15945713,3.76278e-06,5.1,894584,0.294959613,12.37,11814.8974,0.107625465,56903.8,0.054,55485.2,0.136283954,15285.65,4016.9869,333.529,103.5,6879.314,0.017,0.718,117328.6496,1413.093702,0.685,0.315,0.969793753,84183.0,198.0047076,8.0,3.8,674276.8,107.1,1.7,9.0,10.7,11.3,9.6,233.0,19.24347539,98.8,98.6,98.0,43.6,94.3,54.5,99.3,0.4,76.37,7.6,8.82,684.2,155.91,91.81,73.59,57.26,48.28,41.96,34.52,863.3947939,"3,013",1437.739554,100.0,"90,92","23,14",65.2,97.9,8846.956102,121.1,772.0,293.0,,,9350.0,627.0,0.43939,1440.0,329348.0,26.7,76.2,46352.0,226047.3
1380,2013-10-12,108.1613,18543.5,1.3,399.3,493.6,108.299,18.968,10.5,32.293,43.7232,111.28,0.091997697,66926.9,0.035178674,6.14,6.39,1477.0,1513.03,134.99,242.21,15945713,3.76278e-06,5.1,894584,0.294959613,12.37,11814.8974,0.107625465,56903.8,0.054,55485.2,0.136283954,15285.65,4016.9869,333.529,103.5,6879.314,0.017,0.718,117328.6496,1413.093702,0.685,0.315,0.969793753,84183.0,198.0047076,8.0,3.8,674276.8,107.1,1.7,9.0,10.7,11.3,9.6,233.0,19.24347539,98.8,98.6,98.0,43.6,94.3,54.5,99.3,0.4,76.37,7.6,8.82,684.2,155.91,91.81,73.59,57.26,48.28,41.96,34.52,863.3947939,"3,013",1437.739554,100.0,"90,92","23,14",65.2,97.9,8846.956102,121.1,772.0,293.0,,,9350.0,627.0,0.43939,1440.0,329348.0,26.7,76.2,46352.0,226047.3
1381,2013-10-13,108.1613,18543.5,1.3,399.3,493.6,108.299,18.968,10.5,32.293,43.7232,111.28,0.091997697,66926.9,0.035178674,6.14,6.39,1477.0,1513.03,134.99,242.21,15945713,3.76278e-06,5.1,894584,0.294959613,12.37,11814.8974,0.107625465,56903.8,0.054,55485.2,0.136283954,15285.65,4016.9869,333.529,103.5,6879.314,0.017,0.718,117328.6496,1413.093702,0.685,0.315,0.969793753,84183.0,198.0047076,8.0,3.8,674276.8,107.1,1.7,9.0,10.7,11.3,9.6,233.0,19.24347539,98.8,98.6,98.0,43.6,94.3,54.5,99.3,0.4,76.37,7.6,8.82,684.2,155.91,91.81,73.59,57.26,48.28,41.96,34.52,863.3947939,"3,013",1437.739554,100.0,"90,92","23,14",65.2,97.9,8846.956102,121.1,772.0,293.0,,,9350.0,627.0,0.43939,1440.0,329348.0,26.7,76.2,46352.0,226047.3
1382,2013-10-14,108.1613,18543.5,1.3,399.3,493.6,108.299,18.968,10.5,32.3021,43.8525,111.04,0.091997697,66926.9,0.035178674,6.14,6.39,1473.97,1510.2,135.03,240.15,15945713,3.76278e-06,5.1,894584,0.294959613,12.37,11814.8974,0.107625465,56903.8,0.054,55485.2,0.136283954,15285.65,4016.9869,333.529,103.5,6879.314,0.017,0.718,117328.6496,1413.093702,0.685,0.315,0.969793753,84183.0,198.0047076,8.0,3.8,674276.8,107.1,1.7,9.0,10.7,11.3,9.6,233.0,19.24347539,98.8,98.6,98.0,43.6,94.3,54.5,99.3,0.4,76.37,7.6,8.82,684.2,155.91,91.81,73.59,57.26,48.28,41.96,34.52,863.3947939,"3,013",1437.739554,100.0,"90,92","23,14",65.2,97.9,8846.956102,121.1,772.0,293.0,,,9350.0,627.0,0.43939,1440.0,329348.0,26.7,76.2,46352.0,226047.3
1383,2013-10-15,108.1613,18543.5,1.3,399.3,493.6,108.299,18.968,10.5,32.253,43.5315,109.96,0.091997697,66926.9,0.035178674,6.14,6.39,1495.31,1531.67,134.68,240.21,15945713,3.76278e-06,5.1,894584,0.294959613,12.37,11814.8974,0.107625465,56903.8,0.054,55485.2,0.136283954,15285.65,4016.9869,333.529,103.5,6879.314,0.017,0.718,117328.6496,1413.093702,0.685,0.315,0.969793753,84183.0,198.0047076,8.0,3.8,674276.8,107.1,1.7,9.0,10.7,11.3,9.6,233.0,19.24347539,98.8,98.6,98.0,43.6,94.3,54.5,99.3,0.4,76.37,7.6,8.82,684.2,155.91,91.81,73.59,57.26,48.28,41.96,34.52,863.3947939,"3,013",1437.739554,100.0,"90,92","23,14",65.2,97.9,8846.956102,121.1,772.0,293.0,,,9350.0,627.0,0.43939,1440.0,329348.0,26.7,76.2,46352.0,226047.3
1384,2013-10-16,108.1613,18543.5,1.3,399.3,493.6,108.299,18.968,10.5,32.1211,43.4007,110.86,0.091997697,66926.9,0.035178674,6.14,6.39,1500.25,1531.57,134.92,240.14,15945713,3.76278e-06,5.1,894584,0.294959613,12.37,11814.8974,0.107625465,56903.8,0.054,55485.2,0.136283954,15285.65,4016.9869,333.529,103.5,6879.314,0.017,0.718,117328.6496,1413.093702,0.685,0.315,0.969793753,84183.0,198.0047076,8.0,3.8,674276.8,107.1,1.7,9.0,10.7,11.3,9.6,233.0,19.24347539,98.8,98.6,98.0,43.6,94.3,54.5,99.3,0.4,76.37,7.6,8.82,684.2,155.91,91.81,73.59,57.26,48.28,41.96,34.52,863.3947939,"3,013",1437.739554,100.0,"90,92","23,14",65.2,97.9,8846.956102,121.1,772.0,293.0,,,9350.0,627.0,0.43939,1440.0,329348.0,26.7,76.2,46352.0,226047.3
1385,2013-10-17,108.1613,18543.5,1.3,399.3,493.6,108.299,18.968,10.5,31.8895,43.5658,109.11,0.091997697,66926.9,0.035178674,6.14,6.39,1491.85,1512.32,135.27,240.34,15945713,3.76278e-06,5.1,894584,0.294959613,12.37,11814.8974,0.107625465,56903.8,0.054,55485.2,0.136283954,15285.65,4016.9869,333.529,103.5,6879.314,0.017,0.718,117328.6496,1413.093702,0.685,0.315,0.969793753,84183.0,198.0047076,8.0,3.8,674276.8,107.1,1.7,9.0,10.7,11.3,9.6,233.0,19.24347539,98.8,98.6,98.0,43.6,94.3,54.5,99.3,0.4,76.37,7.6,8.82,684.2,155.91,91.81,73.59,57.26,48.28,41.96,34.52,863.3947939,"3,013",1437.739554,100.0,"90,92","23,14",65.2,97.9,8846.956102,121.1,772.0,293.0,,,9350.0,627.0,0.43939,1440.0,329348.0,26.7,76.2,46352.0,226047.3
1386,2013-10-18,108.1613,18543.5,1.3,399.3,493.6,108.299,18.968,10.5,31.8246,43.6053,109.94,0.091997697,66926.9,0.035178674,6.14,6.39,1516.62,1533.35,135.55,240.31,15945713,3.76278e-06,5.1,894584,0.294959613,12.37,11814.8974,0.107625465,56903.8,0.054,55485.2,0.136283954,15285.65,4016.9869,333.529,103.5,6879.314,0.017,0.718,117328.6496,1413.093702,0.685,0.315,0.969793753,84183.0,198.0047076,8.0,3.8,674276.8,107.1,1.7,9.0,10.7,11.3,9.6,233.0,19.24347539,98.8,98.6,98.0,43.6,94.3,54.5,99.3,0.4,76.37,7.6,8.82,684.2,155.91,91.81,73.59,57.26,48.28,41.96,34.52,863.3947939,"3,013",1437.739554,100.0,"90,92","23,14",65.2,97.9,8846.956102,121.1,772.0,293.0,,,9350.0,627.0,0.43939,1440.0,329348.0,26.7,76.2,46352.0,226047.3
1387,2013-10-19,108.1613,18543.5,1.3,399.3,493.6,108.299,18.968,10.5,31.8246,43.6053,109.94,0.091997697,66926.9,0.035178674,6.14,6.39,1516.62,1533.35,135.55,240.31,15945713,3.76278e-06,5.1,894584,0.294959613,12.37,11814.8974,0.107625465,56903.8,0.054,55485.2,0.136283954,15285.65,4016.9869,333.529,103.5,6879.314,0.017,0.718,117328.6496,1413.093702,0.685,0.315,0.969793753,84183.0,198.0047076,8.0,3.8,674276.8,107.1,1.7,9.0,10.7,11.3,9.6,233.0,19.24347539,98.8,98.6,98.0,43.6,94.3,54.5,99.3,0.4,76.37,7.6,8.82,684.2,155.91,91.81,73.59,57.26,48.28,41.96,34.52,863.3947939,"3,013",1437.739554,100.0,"90,92","23,14",65.2,97.9,8846.956102,121.1,772.0,293.0,,,9350.0,627.0,0.43939,1440.0,329348.0,26.7,76.2,46352.0,226047.3
1388,2013-10-20,108.1613,18543.5,1.3,399.3,493.6,108.299,18.968,10.5,31.8246,43.6053,109.94,0.091997697,66926.9,0.035178674,6.14,6.39,1516.62,1533.35,135.55,240.31,15945713,3.76278e-06,5.1,894584,0.294959613,12.37,11814.8974,0.107625465,56903.8,0.054,55485.2,0.136283954,15285.65,4016.9869,333.529,103.5,6879.314,0.017,0.718,117328.6496,1413.093702,0.685,0.315,0.969793753,84183.0,198.0047076,8.0,3.8,674276.8,107.1,1.7,9.0,10.7,11.3,9.6,233.0,19.24347539,98.8,98.6,98.0,43.6,94.3,54.5,99.3,0.4,76.37,7.6,8.82,684.2,155.91,91.81,73.59,57.26,48.28,41.96,34.52,863.3947939,"3,013",1437.739554,100.0,"90,92","23,14",65.2,97.9,8846.956102,121.1,772.0,293.0,,,9350.0,627.0,0.43939,1440.0,329348.0,26.7,76.2,46352.0,226047.3
1389,2013-10-21,108.1613,18543.5,1.3,399.3,493.6,108.299,18.968,10.5,31.9543,43.6978,109.64,0.091997697,66926.9,0.035178674,6.14,6.39,1514.39,1533.61,135.46,240.47,15945713,3.76278e-06,5.1,894584,0.294959613,12.37,11814.8974,0.107625465,56903.8,0.054,55485.2,0.136283954,15285.65,4016.9869,333.529,103.5,6879.314,0.017,0.718,117328.6496,1413.093702,0.685,0.315,0.969793753,84183.0,198.0047076,8.0,3.8,674276.8,107.1,1.7,9.0,10.7,11.3,9.6,233.0,19.24347539,98.8,98.6,98.0,43.6,94.3,54.5,99.3,0.4,76.37,7.6,8.82,684.2,155.91,91.81,73.59,57.26,48.28,41.96,34.52,863.3947939,"3,013",1437.739554,100.0,"90,92","23,14",65.2,97.9,8846.956102,121.1,772.0,293.0,,,9350.0,627.0,0.43939,1440.0,329348.0,26.7,76.2,46352.0,226047.3
1390,2013-10-22,108.1613,18543.5,1.3,399.3,493.6,108.299,18.968,10.5,31.6832,43.6849,109.97,0.091997697,66926.9,0.035178674,6.14,6.39,1518.54,1528.76,135.76,240.55,15945713,3.76278e-06,5.1,894584,0.294959613,12.37,11814.8974,0.107625465,56903.8,0.054,55485.2,0.136283954,15285.65,4016.9869,333.529,103.5,6879.314,0.017,0.718,117328.6496,1413.093702,0.685,0.315,0.969793753,84183.0,198.0047076,8.0,3.8,674276.8,107.1,1.7,9.0,10.7,11.3,9.6,233.0,19.24347539,98.8,98.6,98.0,43.6,94.3,54.5,99.3,0.4,76.37,7.6,8.82,684.2,155.91,91.81,73.59,57.26,48.28,41.96,34.52,863.3947939,"3,013",1437.739554,100.0,"90,92","23,14",65.2,97.9,8846.956102,121.1,772.0,293.0,,,9350.0,627.0,0.43939,1440.0,329348.0,26.7,76.2,46352.0,226047.3
1391,2013-10-23,108.1613,18543.5,1.3,399.3,493.6,108.299,18.968,10.5,31.7467,43.7701,107.8,0.091997697,66926.9,0.035178674,6.14,6.39,1494.96,1507.26,135.89,240.59,15945713,3.76278e-06,5.1,894584,0.294959613,12.37,11814.8974,0.107625465,56903.8,0.054,55485.2,0.136283954,15285.65,4016.9869,333.529,103.5,6879.314,0.017,0.718,117328.6496,1413.093702,0.685,0.315,0.969793753,84183.0,198.0047076,8.0,3.8,674276.8,107.1,1.7,9.0,10.7,11.3,9.6,233.0,19.24347539,98.8,98.6,98.0,43.6,94.3,54.5,99.3,0.4,76.37,7.6,8.82,684.2,155.91,91.81,73.59,57.26,48.28,41.96,34.52,863.3947939,"3,013",1437.739554,100.0,"90,92","23,14",65.2,97.9,8846.956102,121.1,772.0,293.0,,,9350.0,627.0,0.43939,1440.0,329348.0,26.7,76.2,46352.0,226047.3
1392,2013-10-24,108.1613,18543.5,1.3,399.3,493.6,108.299,18.968,10.5,31.7158,43.7845,106.99,0.091997697,66926.9,0.035178674,6.14,6.39,1493.85,1502.46,135.86,240.69,15945713,3.76278e-06,5.1,894584,0.294959613,12.37,11814.8974,0.107625465,56903.8,0.054,55485.2,0.136283954,15285.65,4016.9869,333.529,103.5,6879.314,0.017,0.718,117328.6496,1413.093702,0.685,0.315,0.969793753,84183.0,198.0047076,8.0,3.8,674276.8,107.1,1.7,9.0,10.7,11.3,9.6,233.0,19.24347539,98.8,98.6,98.0,43.6,94.3,54.5,99.3,0.4,76.37,7.6,8.82,684.2,155.91,91.81,73.59,57.26,48.28,41.96,34.52,863.3947939,"3,013",1437.739554,100.0,"90,92","23,14",65.2,97.9,8846.956102,121.1,772.0,293.0,,,9350.0,627.0,0.43939,1440.0,329348.0,26.7,76.2,46352.0,226047.3
1393,2013-10-25,108.1613,18543.5,1.3,399.3,493.6,108.299,18.968,10.5,31.8098,43.8819,106.93,0.091997697,66926.9,0.035178674,6.14,6.39,1492.2,1504.48,135.61,240.75,15945713,3.76278e-06,5.1,894584,0.294959613,12.37,11814.8974,0.107625465,56903.8,0.054,55485.2,0.136283954,15285.65,4016.9869,333.529,103.5,6879.314,0.017,0.718,117328.6496,1413.093702,0.685,0.315,0.969793753,84183.0,198.0047076,8.0,3.8,674276.8,107.1,1.7,9.0,10.7,11.3,9.6,233.0,19.24347539,98.8,98.6,98.0,43.6,94.3,54.5,99.3,0.4,76.37,7.6,8.82,684.2,155.91,91.81,73.59,57.26,48.28,41.96,34.52,863.3947939,"3,013",1437.739554,100.0,"90,92","23,14",65.2,97.9,8846.956102,121.1,772.0,293.0,,,9350.0,627.0,0.43939,1440.0,329348.0,26.7,76.2,46352.0,226047.3
1394,2013-10-26,108.1613,18543.5,1.3,399.3,493.6,108.299,18.968,10.5,31.8098,43.8819,106.93,0.091997697,66926.9,0.035178674,6.14,6.39,1492.2,1504.48,135.61,240.75,15945713,3.76278e-06,5.1,894584,0.294959613,12.37,11814.8974,0.107625465,56903.8,0.054,55485.2,0.136283954,15285.65,4016.9869,333.529,103.5,6879.314,0.017,0.718,117328.6496,1413.093702,0.685,0.315,0.969793753,84183.0,198.0047076,8.0,3.8,674276.8,107.1,1.7,9.0,10.7,11.3,9.6,233.0,19.24347539,98.8,98.6,98.0,43.6,94.3,54.5,99.3,0.4,76.37,7.6,8.82,684.2,155.91,91.81,73.59,57.26,48.28,41.96,34.52,863.3947939,"3,013",1437.739554,100.0,"90,92","23,14",65.2,97.9,8846.956102,121.1,772.0,293.0,,,9350.0,627.0,0.43939,1440.0,329348.0,26.7,76.2,46352.0,226047.3
1395,2013-10-27,108.1613,18543.5,1.3,399.3,493.6,108.299,18.968,10.5,31.8098,43.8819,106.93,0.091997697,66926.9,0.035178674,6.14,6.39,1492.2,1504.48,135.61,240.75,15945713,3.76278e-06,5.1,894584,0.294959613,12.37,11814.8974,0.107625465,56903.8,0.054,55485.2,0.136283954,15285.65,4016.9869,333.529,103.5,6879.314,0.017,0.718,117328.6496,1413.093702,0.685,0.315,0.969793753,84183.0,198.0047076,8.0,3.8,674276.8,107.1,1.7,9.0,10.7,11.3,9.6,233.0,19.24347539,98.8,98.6,98.0,43.6,94.3,54.5,99.3,0.4,76.37,7.6,8.82,684.2,155.91,91.81,73.59,57.26,48.28,41.96,34.52,863.3947939,"3,013",1437.739554,100.0,"90,92","23,14",65.2,97.9,8846.956102,121.1,772.0,293.0,,,9350.0,627.0,0.43939,1440.0,329348.0,26.7,76.2,46352.0,226047.3
1396,2013-10-28,108.1613,18543.5,1.3,399.3,493.6,108.299,18.968,10.5,31.9267,44.023,109.61,0.091997697,66926.9,0.035178674,6.14,6.39,1493.11,1511.51,135.77,240.94,15945713,3.76278e-06,5.1,894584,0.294959613,12.37,11814.8974,0.107625465,56903.8,0.054,55485.2,0.136283954,15285.65,4016.9869,333.529,103.5,6879.314,0.017,0.718,117328.6496,1413.093702,0.685,0.315,0.969793753,84183.0,198.0047076,8.0,3.8,674276.8,107.1,1.7,9.0,10.7,11.3,9.6,233.0,19.24347539,98.8,98.6,98.0,43.6,94.3,54.5,99.3,0.4,76.37,7.6,8.82,684.2,155.91,91.81,73.59,57.26,48.28,41.96,34.52,863.3947939,"3,013",1437.739554,100.0,"90,92","23,14",65.2,97.9,8846.956102,121.1,772.0,293.0,,,9350.0,627.0,0.43939,1440.0,329348.0,26.7,76.2,46352.0,226047.3
1397,2013-10-29,108.1613,18543.5,1.3,399.3,493.6,108.299,18.968,10.5,32.0679,44.0812,109.01,0.091997697,66926.9,0.035178674,6.14,6.39,1491.56,1516.17,135.63,240.99,15945713,3.76278e-06,5.1,894584,0.294959613,12.37,11814.8974,0.107625465,56903.8,0.054,55485.2,0.136283954,15285.65,4016.9869,333.529,103.5,6879.314,0.017,0.718,117328.6496,1413.093702,0.685,0.315,0.969793753,84183.0,198.0047076,8.0,3.8,674276.8,107.1,1.7,9.0,10.7,11.3,9.6,233.0,19.24347539,98.8,98.6,98.0,43.6,94.3,54.5,99.3,0.4,76.37,7.6,8.82,684.2,155.91,91.81,73.59,57.26,48.28,41.96,34.52,863.3947939,"3,013",1437.739554,100.0,"90,92","23,14",65.2,97.9,8846.956102,121.1,772.0,293.0,,,9350.0,627.0,0.43939,1440.0,329348.0,26.7,76.2,46352.0,226047.3
1398,2013-10-30,108.1613,18543.5,1.3,399.3,493.6,108.299,18.968,10.5,31.9258,43.954,109.86,0.091997697,66926.9,0.035178674,6.14,6.39,1493.14,1516.0,135.96,241.03,15945713,3.76278e-06,5.1,894584,0.294959613,12.37,11814.8974,0.107625465,56903.8,0.054,55485.2,0.136283954,15285.65,4016.9869,333.529,103.5,6879.314,0.017,0.718,117328.6496,1413.093702,0.685,0.315,0.969793753,84183.0,198.0047076,8.0,3.8,674276.8,107.1,1.7,9.0,10.7,11.3,9.6,233.0,19.24347539,98.8,98.6,98.0,43.6,94.3,54.5,99.3,0.4,76.37,7.6,8.82,684.2,155.91,91.81,73.59,57.26,48.28,41.96,34.52,863.3947939,"3,013",1437.739554,100.0,"90,92","23,14",65.2,97.9,8846.956102,121.1,772.0,293.0,,,9350.0,627.0,0.43939,1440.0,329348.0,26.7,76.2,46352.0,226047.3
1399,2013-10-31,108.1613,18543.5,1.3,399.3,493.6,108.299,18.968,10.5,32.0913,43.613,108.84,0.091997697,66926.9,0.035178674,6.14,6.39,1480.42,1510.21,135.9,241.04,15945713,3.76278e-06,5.1,894584,0.294959613,12.37,11814.8974,0.107625465,56903.8,0.054,55485.2,0.136283954,15285.65,4016.9869,333.529,103.5,6879.314,0.017,0.718,117328.6496,1413.093702,0.685,0.315,0.969793753,84183.0,198.0047076,8.0,3.8,674276.8,107.1,1.7,9.0,10.7,11.3,9.6,233.0,19.24347539,98.8,98.6,98.0,43.6,94.3,54.5,99.3,0.4,76.37,7.6,8.82,684.2,155.91,91.81,73.59,57.26,48.28,41.96,34.52,863.3947939,"3,013",1437.739554,100.0,"90,92","23,14",65.2,97.9,8846.956102,121.1,772.0,293.0,,,9350.0,627.0,0.43939,1440.0,329348.0,26.7,76.2,46352.0,226047.3
1400,2013-11-01,107.9176,18543.5,1.3,401.6,487.9,108.299,15.777,10.5,32.3998,43.7012,105.91,0.010439349,66926.9,0.035178674,6.14,6.39,1475.18,1515.15,135.55,225.0,16062065,0.007296757,5.0,1029124,0.299740336,12.26,11814.8974,0.107625465,56583.4,0.054,55485.2,0.136283954,15367.58,4016.9869,333.529,103.5,6879.314,0.017,0.718,117328.6496,1413.093702,0.685,0.315,0.969793753,84183.0,198.0047076,8.0,3.8,674276.8,107.1,1.7,9.0,10.7,11.3,9.6,233.0,19.24347539,98.8,98.6,98.0,43.6,94.3,54.5,99.3,0.4,76.37,7.6,8.82,684.2,165.95,89.25,70.99,55.99,49.29,42.02,34.55,863.3947939,"3,013",1437.739554,100.0,"90,92","23,14",65.2,97.9,8846.956102,121.1,772.0,293.0,,,9350.0,627.0,0.43939,1440.0,329348.0,26.7,76.2,46352.0,226047.3
1401,2013-11-02,107.9176,18543.5,1.3,401.6,487.9,108.299,15.777,10.5,32.3998,43.7012,105.91,0.010439349,66926.9,0.035178674,6.14,6.39,1475.18,1515.15,135.55,227.74,16062065,0.007296757,5.0,1029124,0.299740336,12.26,11814.8974,0.107625465,56583.4,0.054,55485.2,0.136283954,15367.58,4016.9869,333.529,103.5,6879.314,0.017,0.718,117328.6496,1413.093702,0.685,0.315,0.969793753,84183.0,198.0047076,8.0,3.8,674276.8,107.1,1.7,9.0,10.7,11.3,9.6,233.0,19.24347539,98.8,98.6,98.0,43.6,94.3,54.5,99.3,0.4,76.37,7.6,8.82,684.2,165.95,89.25,70.99,55.99,49.29,42.02,34.55,863.3947939,"3,013",1437.739554,100.0,"90,92","23,14",65.2,97.9,8846.956102,121.1,772.0,293.0,,,9350.0,627.0,0.43939,1440.0,329348.0,26.7,76.2,46352.0,226047.3
1402,2013-11-03,107.9176,18543.5,1.3,401.6,487.9,108.299,15.777,10.5,32.3998,43.7012,105.91,0.010439349,66926.9,0.035178674,6.14,6.39,1475.18,1515.15,135.55,229.13,16062065,0.007296757,5.0,1029124,0.299740336,12.26,11814.8974,0.107625465,56583.4,0.054,55485.2,0.136283954,15367.58,4016.9869,333.529,103.5,6879.314,0.017,0.718,117328.6496,1413.093702,0.685,0.315,0.969793753,84183.0,198.0047076,8.0,3.8,674276.8,107.1,1.7,9.0,10.7,11.3,9.6,233.0,19.24347539,98.8,98.6,98.0,43.6,94.3,54.5,99.3,0.4,76.37,7.6,8.82,684.2,165.95,89.25,70.99,55.99,49.29,42.02,34.55,863.3947939,"3,013",1437.739554,100.0,"90,92","23,14",65.2,97.9,8846.956102,121.1,772.0,293.0,,,9350.0,627.0,0.43939,1440.0,329348.0,26.7,76.2,46352.0,226047.3
1403,2013-11-04,107.9176,18543.5,1.3,401.6,487.9,108.299,15.777,10.5,32.3386,43.7054,106.23,0.010439349,66926.9,0.035178674,6.14,6.39,1475.18,1515.15,135.55,230.97,16062065,0.007296757,5.0,1029124,0.299740336,12.26,11814.8974,0.107625465,56583.4,0.054,55485.2,0.136283954,15367.58,4016.9869,333.529,103.5,6879.314,0.017,0.718,117328.6496,1413.093702,0.685,0.315,0.969793753,84183.0,198.0047076,8.0,3.8,674276.8,107.1,1.7,9.0,10.7,11.3,9.6,233.0,19.24347539,98.8,98.6,98.0,43.6,94.3,54.5,99.3,0.4,76.37,7.6,8.82,684.2,165.95,89.25,70.99,55.99,49.29,42.02,34.55,863.3947939,"3,013",1437.739554,100.0,"90,92","23,14",65.2,97.9,8846.956102,121.1,772.0,293.0,,,9350.0,627.0,0.43939,1440.0,329348.0,26.7,76.2,46352.0,226047.3
1404,2013-11-05,107.9176,18543.5,1.3,401.6,487.9,108.299,15.777,10.5,32.5493,43.8368,105.33,0.010439349,66926.9,0.035178674,6.14,6.39,1460.23,1505.94,135.48,230.97,16062065,0.007296757,5.0,1029124,0.299740336,12.26,11814.8974,0.107625465,56583.4,0.054,55485.2,0.136283954,15367.58,4016.9869,333.529,103.5,6879.314,0.017,0.718,117328.6496,1413.093702,0.685,0.315,0.969793753,84183.0,198.0047076,8.0,3.8,674276.8,107.1,1.7,9.0,10.7,11.3,9.6,233.0,19.24347539,98.8,98.6,98.0,43.6,94.3,54.5,99.3,0.4,76.37,7.6,8.82,684.2,165.95,89.25,70.99,55.99,49.29,42.02,34.55,863.3947939,"3,013",1437.739554,100.0,"90,92","23,14",65.2,97.9,8846.956102,121.1,772.0,293.0,,,9350.0,627.0,0.43939,1440.0,329348.0,26.7,76.2,46352.0,226047.3
1405,2013-11-06,107.9176,18543.5,1.3,401.6,487.9,108.299,15.777,10.5,32.4063,43.841,105.24,0.010439349,66926.9,0.035178674,6.14,6.39,1458.93,1499.95,135.43,233.41,16062065,0.007296757,5.0,1029124,0.299740336,12.26,11814.8974,0.107625465,56583.4,0.054,55485.2,0.136283954,15367.58,4016.9869,333.529,103.5,6879.314,0.017,0.718,117328.6496,1413.093702,0.685,0.315,0.969793753,84183.0,198.0047076,8.0,3.8,674276.8,107.1,1.7,9.0,10.7,11.3,9.6,233.0,19.24347539,98.8,98.6,98.0,43.6,94.3,54.5,99.3,0.4,76.37,7.6,8.82,684.2,165.95,89.25,70.99,55.99,49.29,42.02,34.55,863.3947939,"3,013",1437.739554,100.0,"90,92","23,14",65.2,97.9,8846.956102,121.1,772.0,293.0,,,9350.0,627.0,0.43939,1440.0,329348.0,26.7,76.2,46352.0,226047.3
1406,2013-11-07,107.9176,18543.5,1.3,401.6,487.9,108.299,15.777,10.5,32.3895,43.3666,103.46,0.010439349,66926.9,0.035178674,6.14,6.39,1468.22,1509.25,135.33,234.55,16062065,0.007296757,5.0,1029124,0.299740336,12.26,11814.8974,0.107625465,56583.4,0.054,55485.2,0.136283954,15367.58,4016.9869,333.529,103.5,6879.314,0.017,0.718,117328.6496,1413.093702,0.685,0.315,0.969793753,84183.0,198.0047076,8.0,3.8,674276.8,107.1,1.7,9.0,10.7,11.3,9.6,233.0,19.24347539,98.8,98.6,98.0,43.6,94.3,54.5,99.3,0.4,76.37,7.6,8.82,684.2,165.95,89.25,70.99,55.99,49.29,42.02,34.55,863.3947939,"3,013",1437.739554,100.0,"90,92","23,14",65.2,97.9,8846.956102,121.1,772.0,293.0,,,9350.0,627.0,0.43939,1440.0,329348.0,26.7,76.2,46352.0,226047.3
1407,2013-11-08,107.9176,18543.5,1.3,401.6,487.9,108.299,15.777,10.5,32.6467,43.6035,105.12,0.010439349,66926.9,0.035178674,6.14,6.39,1435.12,1489.55,134.88,234.55,16062065,0.007296757,5.0,1029124,0.299740336,12.26,11814.8974,0.107625465,56583.4,0.054,55485.2,0.136283954,15367.58,4016.9869,333.529,103.5,6879.314,0.017,0.718,117328.6496,1413.093702,0.685,0.315,0.969793753,84183.0,198.0047076,8.0,3.8,674276.8,107.1,1.7,9.0,10.7,11.3,9.6,233.0,19.24347539,98.8,98.6,98.0,43.6,94.3,54.5,99.3,0.4,76.37,7.6,8.82,684.2,165.95,89.25,70.99,55.99,49.29,42.02,34.55,863.3947939,"3,013",1437.739554,100.0,"90,92","23,14",65.2,97.9,8846.956102,121.1,772.0,293.0,,,9350.0,627.0,0.43939,1440.0,329348.0,26.7,76.2,46352.0,226047.3
1408,2013-11-09,107.9176,18543.5,1.3,401.6,487.9,108.299,15.777,10.5,32.6467,43.6035,105.12,0.010439349,66926.9,0.035178674,6.14,6.39,1435.12,1489.55,134.88,238.11,16062065,0.007296757,5.0,1029124,0.299740336,12.26,11814.8974,0.107625465,56583.4,0.054,55485.2,0.136283954,15367.58,4016.9869,333.529,103.5,6879.314,0.017,0.718,117328.6496,1413.093702,0.685,0.315,0.969793753,84183.0,198.0047076,8.0,3.8,674276.8,107.1,1.7,9.0,10.7,11.3,9.6,233.0,19.24347539,98.8,98.6,98.0,43.6,94.3,54.5,99.3,0.4,76.37,7.6,8.82,684.2,165.95,89.25,70.99,55.99,49.29,42.02,34.55,863.3947939,"3,013",1437.739554,100.0,"90,92","23,14",65.2,97.9,8846.956102,121.1,772.0,293.0,,,9350.0,627.0,0.43939,1440.0,329348.0,26.7,76.2,46352.0,226047.3
1409,2013-11-10,107.9176,18543.5,1.3,401.6,487.9,108.299,15.777,10.5,32.6467,43.6035,105.12,0.010439349,66926.9,0.035178674,6.14,6.39,1435.12,1489.55,134.88,240.0,16062065,0.007296757,5.0,1029124,0.299740336,12.26,11814.8974,0.107625465,56583.4,0.054,55485.2,0.136283954,15367.58,4016.9869,333.529,103.5,6879.314,0.017,0.718,117328.6496,1413.093702,0.685,0.315,0.969793753,84183.0,198.0047076,8.0,3.8,674276.8,107.1,1.7,9.0,10.7,11.3,9.6,233.0,19.24347539,98.8,98.6,98.0,43.6,94.3,54.5,99.3,0.4,76.37,7.6,8.82,684.2,165.95,89.25,70.99,55.99,49.29,42.02,34.55,863.3947939,"3,013",1437.739554,100.0,"90,92","23,14",65.2,97.9,8846.956102,121.1,772.0,293.0,,,9350.0,627.0,0.43939,1440.0,329348.0,26.7,76.2,46352.0,226047.3
1410,2013-11-11,107.9176,18543.5,1.3,401.6,487.9,108.299,15.777,10.5,32.8277,44.0085,106.4,0.010439349,66926.9,0.035178674,6.14,6.39,1427.93,1483.46,134.41,241.57,16062065,0.007296757,5.0,1029124,0.299740336,12.26,11814.8974,0.107625465,56583.4,0.054,55485.2,0.136283954,15367.58,4016.9869,333.529,103.5,6879.314,0.017,0.718,117328.6496,1413.093702,0.685,0.315,0.969793753,84183.0,198.0047076,8.0,3.8,674276.8,107.1,1.7,9.0,10.7,11.3,9.6,233.0,19.24347539,98.8,98.6,98.0,43.6,94.3,54.5,99.3,0.4,76.37,7.6,8.82,684.2,165.95,89.25,70.99,55.99,49.29,42.02,34.55,863.3947939,"3,013",1437.739554,100.0,"90,92","23,14",65.2,97.9,8846.956102,121.1,772.0,293.0,,,9350.0,627.0,0.43939,1440.0,329348.0,26.7,76.2,46352.0,226047.3
1411,2013-11-12,107.9176,18543.5,1.3,401.6,487.9,108.299,15.777,10.5,32.8955,44.1688,105.81,0.010439349,66926.9,0.035178674,6.14,6.39,1437.37,1500.41,133.95,242.29,16062065,0.007296757,5.0,1029124,0.299740336,12.26,11814.8974,0.107625465,56583.4,0.054,55485.2,0.136283954,15367.58,4016.9869,333.529,103.5,6879.314,0.017,0.718,117328.6496,1413.093702,0.685,0.315,0.969793753,84183.0,198.0047076,8.0,3.8,674276.8,107.1,1.7,9.0,10.7,11.3,9.6,233.0,19.24347539,98.8,98.6,98.0,43.6,94.3,54.5,99.3,0.4,76.37,7.6,8.82,684.2,165.95,89.25,70.99,55.99,49.29,42.02,34.55,863.3947939,"3,013",1437.739554,100.0,"90,92","23,14",65.2,97.9,8846.956102,121.1,772.0,293.0,,,9350.0,627.0,0.43939,1440.0,329348.0,26.7,76.2,46352.0,226047.3
1412,2013-11-13,107.9176,18543.5,1.3,401.6,487.9,108.299,15.777,10.5,32.7599,44.0786,107.12,0.010439349,66926.9,0.035178674,6.14,6.39,1406.92,1466.82,133.93,241.56,16062065,0.007296757,5.0,1029124,0.299740336,12.26,11814.8974,0.107625465,56583.4,0.054,55485.2,0.136283954,15367.58,4016.9869,333.529,103.5,6879.314,0.017,0.718,117328.6496,1413.093702,0.685,0.315,0.969793753,84183.0,198.0047076,8.0,3.8,674276.8,107.1,1.7,9.0,10.7,11.3,9.6,233.0,19.24347539,98.8,98.6,98.0,43.6,94.3,54.5,99.3,0.4,76.37,7.6,8.82,684.2,165.95,89.25,70.99,55.99,49.29,42.02,34.55,863.3947939,"3,013",1437.739554,100.0,"90,92","23,14",65.2,97.9,8846.956102,121.1,772.0,293.0,,,9350.0,627.0,0.43939,1440.0,329348.0,26.7,76.2,46352.0,226047.3
1413,2013-11-14,107.9176,18543.5,1.3,401.6,487.9,108.299,15.777,10.5,32.6528,43.9778,108.54,0.010439349,66926.9,0.035178674,6.14,6.39,1434.44,1490.89,133.99,241.61,16062065,0.007296757,5.0,1029124,0.299740336,12.26,11814.8974,0.107625465,56583.4,0.054,55485.2,0.136283954,15367.58,4016.9869,333.529,103.5,6879.314,0.017,0.718,117328.6496,1413.093702,0.685,0.315,0.969793753,84183.0,198.0047076,8.0,3.8,674276.8,107.1,1.7,9.0,10.7,11.3,9.6,233.0,19.24347539,98.8,98.6,98.0,43.6,94.3,54.5,99.3,0.4,76.37,7.6,8.82,684.2,165.95,89.25,70.99,55.99,49.29,42.02,34.55,863.3947939,"3,013",1437.739554,100.0,"90,92","23,14",65.2,97.9,8846.956102,121.1,772.0,293.0,,,9350.0,627.0,0.43939,1440.0,329348.0,26.7,76.2,46352.0,226047.3
1414,2013-11-15,107.9176,18543.5,1.3,401.6,487.9,108.299,15.777,10.5,32.587,43.93,108.5,0.010439349,66926.9,0.035178674,6.14,6.39,1444.24,1493.79,134.02,241.67,16062065,0.007296757,5.0,1029124,0.299740336,12.26,11814.8974,0.107625465,56583.4,0.054,55485.2,0.136283954,15367.58,4016.9869,333.529,103.5,6879.314,0.017,0.718,117328.6496,1413.093702,0.685,0.315,0.969793753,84183.0,198.0047076,8.0,3.8,674276.8,107.1,1.7,9.0,10.7,11.3,9.6,233.0,19.24347539,98.8,98.6,98.0,43.6,94.3,54.5,99.3,0.4,76.37,7.6,8.82,684.2,165.95,89.25,70.99,55.99,49.29,42.02,34.55,863.3947939,"3,013",1437.739554,100.0,"90,92","23,14",65.2,97.9,8846.956102,121.1,772.0,293.0,,,9350.0,627.0,0.43939,1440.0,329348.0,26.7,76.2,46352.0,226047.3
1415,2013-11-16,107.9176,18543.5,1.3,401.6,487.9,108.299,15.777,10.5,32.587,43.93,108.5,0.010439349,66926.9,0.035178674,6.14,6.39,1444.24,1493.79,134.02,241.67,16062065,0.007296757,5.0,1029124,0.299740336,12.26,11814.8974,0.107625465,56583.4,0.054,55485.2,0.136283954,15367.58,4016.9869,333.529,103.5,6879.314,0.017,0.718,117328.6496,1413.093702,0.685,0.315,0.969793753,84183.0,198.0047076,8.0,3.8,674276.8,107.1,1.7,9.0,10.7,11.3,9.6,233.0,19.24347539,98.8,98.6,98.0,43.6,94.3,54.5,99.3,0.4,76.37,7.6,8.82,684.2,165.95,89.25,70.99,55.99,49.29,42.02,34.55,863.3947939,"3,013",1437.739554,100.0,"90,92","23,14",65.2,97.9,8846.956102,121.1,772.0,293.0,,,9350.0,627.0,0.43939,1440.0,329348.0,26.7,76.2,46352.0,226047.3
1416,2013-11-17,107.9176,18543.5,1.3,401.6,487.9,108.299,15.777,10.5,32.587,43.93,108.5,0.010439349,66926.9,0.035178674,6.14,6.39,1444.24,1493.79,134.02,241.67,16062065,0.007296757,5.0,1029124,0.299740336,12.26,11814.8974,0.107625465,56583.4,0.054,55485.2,0.136283954,15367.58,4016.9869,333.529,103.5,6879.314,0.017,0.718,117328.6496,1413.093702,0.685,0.315,0.969793753,84183.0,198.0047076,8.0,3.8,674276.8,107.1,1.7,9.0,10.7,11.3,9.6,233.0,19.24347539,98.8,98.6,98.0,43.6,94.3,54.5,99.3,0.4,76.37,7.6,8.82,684.2,165.95,89.25,70.99,55.99,49.29,42.02,34.55,863.3947939,"3,013",1437.739554,100.0,"90,92","23,14",65.2,97.9,8846.956102,121.1,772.0,293.0,,,9350.0,627.0,0.43939,1440.0,329348.0,26.7,76.2,46352.0,226047.3
1417,2013-11-18,107.9176,18543.5,1.3,401.6,487.9,108.299,15.777,10.5,32.5478,44.001,108.47,0.010439349,66926.9,0.035178674,6.14,6.39,1462.98,1510.61,134.08,241.84,16062065,0.007296757,5.0,1029124,0.299740336,12.26,11814.8974,0.107625465,56583.4,0.054,55485.2,0.136283954,15367.58,4016.9869,333.529,103.5,6879.314,0.017,0.718,117328.6496,1413.093702,0.685,0.315,0.969793753,84183.0,198.0047076,8.0,3.8,674276.8,107.1,1.7,9.0,10.7,11.3,9.6,233.0,19.24347539,98.8,98.6,98.0,43.6,94.3,54.5,99.3,0.4,76.37,7.6,8.82,684.2,165.95,89.25,70.99,55.99,49.29,42.02,34.55,863.3947939,"3,013",1437.739554,100.0,"90,92","23,14",65.2,97.9,8846.956102,121.1,772.0,293.0,,,9350.0,627.0,0.43939,1440.0,329348.0,26.7,76.2,46352.0,226047.3
1418,2013-11-19,107.9176,18543.5,1.3,401.6,487.9,108.299,15.777,10.5,32.7137,44.259,106.92,0.010439349,66926.9,0.035178674,6.14,6.39,1455.04,1511.19,133.96,241.84,16062065,0.007296757,5.0,1029124,0.299740336,12.26,11814.8974,0.107625465,56583.4,0.054,55485.2,0.136283954,15367.58,4016.9869,333.529,103.5,6879.314,0.017,0.718,117328.6496,1413.093702,0.685,0.315,0.969793753,84183.0,198.0047076,8.0,3.8,674276.8,107.1,1.7,9.0,10.7,11.3,9.6,233.0,19.24347539,98.8,98.6,98.0,43.6,94.3,54.5,99.3,0.4,76.37,7.6,8.82,684.2,165.95,89.25,70.99,55.99,49.29,42.02,34.55,863.3947939,"3,013",1437.739554,100.0,"90,92","23,14",65.2,97.9,8846.956102,121.1,772.0,293.0,,,9350.0,627.0,0.43939,1440.0,329348.0,26.7,76.2,46352.0,226047.3
1419,2013-11-20,107.9176,18543.5,1.3,401.6,487.9,108.299,15.777,10.5,32.902,44.2584,108.06,0.010439349,66926.9,0.035178674,6.14,6.39,1447.2,1508.52,133.79,241.86,16062065,0.007296757,5.0,1029124,0.299740336,12.26,11814.8974,0.107625465,56583.4,0.054,55485.2,0.136283954,15367.58,4016.9869,333.529,103.5,6879.314,0.017,0.718,117328.6496,1413.093702,0.685,0.315,0.969793753,84183.0,198.0047076,8.0,3.8,674276.8,107.1,1.7,9.0,10.7,11.3,9.6,233.0,19.24347539,98.8,98.6,98.0,43.6,94.3,54.5,99.3,0.4,76.37,7.6,8.82,684.2,165.95,89.25,70.99,55.99,49.29,42.02,34.55,863.3947939,"3,013",1437.739554,100.0,"90,92","23,14",65.2,97.9,8846.956102,121.1,772.0,293.0,,,9350.0,627.0,0.43939,1440.0,329348.0,26.7,76.2,46352.0,226047.3
1420,2013-11-21,107.9176,18543.5,1.3,401.6,487.9,108.299,15.777,10.5,33.0308,44.4934,110.08,0.010439349,66926.9,0.035178674,6.14,6.39,1425.86,1494.07,133.46,241.86,16062065,0.007296757,5.0,1029124,0.299740336,12.26,11814.8974,0.107625465,56583.4,0.054,55485.2,0.136283954,15367.58,4016.9869,333.529,103.5,6879.314,0.017,0.718,117328.6496,1413.093702,0.685,0.315,0.969793753,84183.0,198.0047076,8.0,3.8,674276.8,107.1,1.7,9.0,10.7,11.3,9.6,233.0,19.24347539,98.8,98.6,98.0,43.6,94.3,54.5,99.3,0.4,76.37,7.6,8.82,684.2,165.95,89.25,70.99,55.99,49.29,42.02,34.55,863.3947939,"3,013",1437.739554,100.0,"90,92","23,14",65.2,97.9,8846.956102,121.1,772.0,293.0,,,9350.0,627.0,0.43939,1440.0,329348.0,26.7,76.2,46352.0,226047.3
1421,2013-11-22,107.9176,18543.5,1.3,401.6,487.9,108.299,15.777,10.5,32.7643,44.3907,111.05,0.010439349,66926.9,0.035178674,6.14,6.39,1444.91,1504.1,133.71,241.86,16062065,0.007296757,5.0,1029124,0.299740336,12.26,11814.8974,0.107625465,56583.4,0.054,55485.2,0.136283954,15367.58,4016.9869,333.529,103.5,6879.314,0.017,0.718,117328.6496,1413.093702,0.685,0.315,0.969793753,84183.0,198.0047076,8.0,3.8,674276.8,107.1,1.7,9.0,10.7,11.3,9.6,233.0,19.24347539,98.8,98.6,98.0,43.6,94.3,54.5,99.3,0.4,76.37,7.6,8.82,684.2,165.95,89.25,70.99,55.99,49.29,42.02,34.55,863.3947939,"3,013",1437.739554,100.0,"90,92","23,14",65.2,97.9,8846.956102,121.1,772.0,293.0,,,9350.0,627.0,0.43939,1440.0,329348.0,26.7,76.2,46352.0,226047.3
1422,2013-11-23,107.9176,18543.5,1.3,401.6,487.9,108.299,15.777,10.5,32.7643,44.3907,111.05,0.010439349,66926.9,0.035178674,6.14,6.39,1444.91,1504.1,133.71,241.86,16062065,0.007296757,5.0,1029124,0.299740336,12.26,11814.8974,0.107625465,56583.4,0.054,55485.2,0.136283954,15367.58,4016.9869,333.529,103.5,6879.314,0.017,0.718,117328.6496,1413.093702,0.685,0.315,0.969793753,84183.0,198.0047076,8.0,3.8,674276.8,107.1,1.7,9.0,10.7,11.3,9.6,233.0,19.24347539,98.8,98.6,98.0,43.6,94.3,54.5,99.3,0.4,76.37,7.6,8.82,684.2,165.95,89.25,70.99,55.99,49.29,42.02,34.55,863.3947939,"3,013",1437.739554,100.0,"90,92","23,14",65.2,97.9,8846.956102,121.1,772.0,293.0,,,9350.0,627.0,0.43939,1440.0,329348.0,26.7,76.2,46352.0,226047.3
1423,2013-11-24,107.9176,18543.5,1.3,401.6,487.9,108.299,15.777,10.5,32.7643,44.3907,111.05,0.010439349,66926.9,0.035178674,6.14,6.39,1444.91,1504.1,133.71,241.86,16062065,0.007296757,5.0,1029124,0.299740336,12.26,11814.8974,0.107625465,56583.4,0.054,55485.2,0.136283954,15367.58,4016.9869,333.529,103.5,6879.314,0.017,0.718,117328.6496,1413.093702,0.685,0.315,0.969793753,84183.0,198.0047076,8.0,3.8,674276.8,107.1,1.7,9.0,10.7,11.3,9.6,233.0,19.24347539,98.8,98.6,98.0,43.6,94.3,54.5,99.3,0.4,76.37,7.6,8.82,684.2,165.95,89.25,70.99,55.99,49.29,42.02,34.55,863.3947939,"3,013",1437.739554,100.0,"90,92","23,14",65.2,97.9,8846.956102,121.1,772.0,293.0,,,9350.0,627.0,0.43939,1440.0,329348.0,26.7,76.2,46352.0,226047.3
1424,2013-11-25,107.9176,18543.5,1.3,401.6,487.9,108.299,15.777,10.5,32.9554,44.4972,111.0,0.010439349,66926.9,0.035178674,6.14,6.39,1433.55,1502.41,133.57,242.01,16062065,0.007296757,5.0,1029124,0.299740336,12.26,11814.8974,0.107625465,56583.4,0.054,55485.2,0.136283954,15367.58,4016.9869,333.529,103.5,6879.314,0.017,0.718,117328.6496,1413.093702,0.685,0.315,0.969793753,84183.0,198.0047076,8.0,3.8,674276.8,107.1,1.7,9.0,10.7,11.3,9.6,233.0,19.24347539,98.8,98.6,98.0,43.6,94.3,54.5,99.3,0.4,76.37,7.6,8.82,684.2,165.95,89.25,70.99,55.99,49.29,42.02,34.55,863.3947939,"3,013",1437.739554,100.0,"90,92","23,14",65.2,97.9,8846.956102,121.1,772.0,293.0,,,9350.0,627.0,0.43939,1440.0,329348.0,26.7,76.2,46352.0,226047.3
1425,2013-11-26,107.9176,18543.5,1.3,401.6,487.9,108.299,15.777,10.5,32.9762,44.6943,110.88,0.010439349,66926.9,0.035178674,6.14,6.39,1416.43,1484.37,133.15,241.97,16062065,0.007296757,5.0,1029124,0.299740336,12.26,11814.8974,0.107625465,56583.4,0.054,55485.2,0.136283954,15367.58,4016.9869,333.529,103.5,6879.314,0.017,0.718,117328.6496,1413.093702,0.685,0.315,0.969793753,84183.0,198.0047076,8.0,3.8,674276.8,107.1,1.7,9.0,10.7,11.3,9.6,233.0,19.24347539,98.8,98.6,98.0,43.6,94.3,54.5,99.3,0.4,76.37,7.6,8.82,684.2,165.95,89.25,70.99,55.99,49.29,42.02,34.55,863.3947939,"3,013",1437.739554,100.0,"90,92","23,14",65.2,97.9,8846.956102,121.1,772.0,293.0,,,9350.0,627.0,0.43939,1440.0,329348.0,26.7,76.2,46352.0,226047.3
1426,2013-11-27,107.9176,18543.5,1.3,401.6,487.9,108.299,15.777,10.5,33.1924,45.0175,111.31,0.010439349,66926.9,0.035178674,6.14,6.39,1404.31,1475.42,132.87,241.97,16062065,0.007296757,5.0,1029124,0.299740336,12.26,11814.8974,0.107625465,56583.4,0.054,55485.2,0.136283954,15367.58,4016.9869,333.529,103.5,6879.314,0.017,0.718,117328.6496,1413.093702,0.685,0.315,0.969793753,84183.0,198.0047076,8.0,3.8,674276.8,107.1,1.7,9.0,10.7,11.3,9.6,233.0,19.24347539,98.8,98.6,98.0,43.6,94.3,54.5,99.3,0.4,76.37,7.6,8.82,684.2,165.95,89.25,70.99,55.99,49.29,42.02,34.55,863.3947939,"3,013",1437.739554,100.0,"90,92","23,14",65.2,97.9,8846.956102,121.1,772.0,293.0,,,9350.0,627.0,0.43939,1440.0,329348.0,26.7,76.2,46352.0,226047.3
1427,2013-11-28,107.9176,18543.5,1.3,401.6,487.9,108.299,15.777,10.5,33.167,45.1113,110.86,0.010439349,66926.9,0.035178674,6.14,6.39,1406.51,1479.46,132.42,241.92,16062065,0.007296757,5.0,1029124,0.299740336,12.26,11814.8974,0.107625465,56583.4,0.054,55485.2,0.136283954,15367.58,4016.9869,333.529,103.5,6879.314,0.017,0.718,117328.6496,1413.093702,0.685,0.315,0.969793753,84183.0,198.0047076,8.0,3.8,674276.8,107.1,1.7,9.0,10.7,11.3,9.6,233.0,19.24347539,98.8,98.6,98.0,43.6,94.3,54.5,99.3,0.4,76.37,7.6,8.82,684.2,165.95,89.25,70.99,55.99,49.29,42.02,34.55,863.3947939,"3,013",1437.739554,100.0,"90,92","23,14",65.2,97.9,8846.956102,121.1,772.0,293.0,,,9350.0,627.0,0.43939,1440.0,329348.0,26.7,76.2,46352.0,226047.3
1428,2013-11-29,107.9176,18543.5,1.3,401.6,487.9,108.299,15.777,10.5,33.12,45.0608,109.69,0.010439349,66926.9,0.035178674,6.14,6.39,1402.93,1479.35,132.23,241.92,16062065,0.007296757,5.0,1029124,0.299740336,12.26,11814.8974,0.107625465,56583.4,0.054,55485.2,0.136283954,15367.58,4016.9869,333.529,103.5,6879.314,0.017,0.718,117328.6496,1413.093702,0.685,0.315,0.969793753,84183.0,198.0047076,8.0,3.8,674276.8,107.1,1.7,9.0,10.7,11.3,9.6,233.0,19.24347539,98.8,98.6,98.0,43.6,94.3,54.5,99.3,0.4,76.37,7.6,8.82,684.2,165.95,89.25,70.99,55.99,49.29,42.02,34.55,863.3947939,"3,013",1437.739554,100.0,"90,92","23,14",65.2,97.9,8846.956102,121.1,772.0,293.0,,,9350.0,627.0,0.43939,1440.0,329348.0,26.7,76.2,46352.0,226047.3
1429,2013-11-30,107.9176,18543.5,1.3,401.6,487.9,108.299,15.777,10.5,33.12,45.0608,109.69,0.010439349,66926.9,0.035178674,6.14,6.39,1402.93,1479.35,132.23,241.92,16062065,0.007296757,5.0,1029124,0.299740336,12.26,11814.8974,0.107625465,56583.4,0.054,55485.2,0.136283954,15367.58,4016.9869,333.529,103.5,6879.314,0.017,0.718,117328.6496,1413.093702,0.685,0.315,0.969793753,84183.0,198.0047076,8.0,3.8,674276.8,107.1,1.7,9.0,10.7,11.3,9.6,233.0,19.24347539,98.8,98.6,98.0,43.6,94.3,54.5,99.3,0.4,76.37,7.6,8.82,684.2,165.95,89.25,70.99,55.99,49.29,42.02,34.55,863.3947939,"3,013",1437.739554,100.0,"90,92","23,14",65.2,97.9,8846.956102,121.1,772.0,293.0,,,9350.0,627.0,0.43939,1440.0,329348.0,26.7,76.2,46352.0,226047.3
1430,2013-12-01,110.622,18543.5,1.3,403.9,480.6,108.299,20.191,10.5,33.12,45.0608,109.69,0.25871205,66926.9,0.035178674,6.14,6.39,1402.93,1479.35,132.23,241.92,16260794,0.012372569,5.1,1160728,0.296714444,11.93,11814.8974,0.107625465,88547.9,0.054,55485.2,0.136283954,15417.34,4016.9869,333.529,103.5,6879.314,0.017,0.718,117328.6496,1413.093702,0.685,0.315,0.969793753,84183.0,198.0047076,8.0,3.8,674276.8,107.1,1.7,9.0,10.7,11.3,9.6,233.0,19.24347539,98.8,98.6,98.0,43.6,94.3,54.5,99.3,0.4,76.37,7.6,8.82,684.2,142.39,86.81,71.2,56.6,48.5,42.0,33.97,863.3947939,"3,013",1437.739554,100.0,"90,92","23,14",65.2,97.9,8846.956102,121.1,772.0,293.0,,,9350.0,627.0,0.43939,1440.0,329348.0,26.7,76.2,46352.0,226047.3
1431,2013-12-02,110.622,18543.5,1.3,403.9,480.6,108.299,20.191,10.5,33.223,45.0195,111.45,0.25871205,66926.9,0.035178674,6.14,6.39,1398.74,1473.26,132.24,227.85,16260794,0.012372569,5.1,1160728,0.296714444,11.93,11814.8974,0.107625465,88547.9,0.054,55485.2,0.136283954,15417.34,4016.9869,333.529,103.5,6879.314,0.017,0.718,117328.6496,1413.093702,0.685,0.315,0.969793753,84183.0,198.0047076,8.0,3.8,674276.8,107.1,1.7,9.0,10.7,11.3,9.6,233.0,19.24347539,98.8,98.6,98.0,43.6,94.3,54.5,99.3,0.4,76.37,7.6,8.82,684.2,142.39,86.81,71.2,56.6,48.5,42.0,33.97,863.3947939,"3,013",1437.739554,100.0,"90,92","23,14",65.2,97.9,8846.956102,121.1,772.0,293.0,,,9350.0,627.0,0.43939,1440.0,329348.0,26.7,76.2,46352.0,226047.3
1432,2013-12-03,110.622,18543.5,1.3,403.9,480.6,108.299,20.191,10.5,33.26,45.2468,112.62,0.25871205,66926.9,0.035178674,6.14,6.39,1372.44,1448.84,132.02,229.17,16260794,0.012372569,5.1,1160728,0.296714444,11.93,11814.8974,0.107625465,88547.9,0.054,55485.2,0.136283954,15417.34,4016.9869,333.529,103.5,6879.314,0.017,0.718,117328.6496,1413.093702,0.685,0.315,0.969793753,84183.0,198.0047076,8.0,3.8,674276.8,107.1,1.7,9.0,10.7,11.3,9.6,233.0,19.24347539,98.8,98.6,98.0,43.6,94.3,54.5,99.3,0.4,76.37,7.6,8.82,684.2,142.39,86.81,71.2,56.6,48.5,42.0,33.97,863.3947939,"3,013",1437.739554,100.0,"90,92","23,14",65.2,97.9,8846.956102,121.1,772.0,293.0,,,9350.0,627.0,0.43939,1440.0,329348.0,26.7,76.2,46352.0,226047.3
1433,2013-12-04,110.622,18543.5,1.3,403.9,480.6,108.299,20.191,10.5,33.1917,44.9895,111.88,0.25871205,66926.9,0.035178674,6.14,6.39,1364.44,1439.26,132.38,231.04,16260794,0.012372569,5.1,1160728,0.296714444,11.93,11814.8974,0.107625465,88547.9,0.054,55485.2,0.136283954,15417.34,4016.9869,333.529,103.5,6879.314,0.017,0.718,117328.6496,1413.093702,0.685,0.315,0.969793753,84183.0,198.0047076,8.0,3.8,674276.8,107.1,1.7,9.0,10.7,11.3,9.6,233.0,19.24347539,98.8,98.6,98.0,43.6,94.3,54.5,99.3,0.4,76.37,7.6,8.82,684.2,142.39,86.81,71.2,56.6,48.5,42.0,33.97,863.3947939,"3,013",1437.739554,100.0,"90,92","23,14",65.2,97.9,8846.956102,121.1,772.0,293.0,,,9350.0,627.0,0.43939,1440.0,329348.0,26.7,76.2,46352.0,226047.3
1434,2013-12-05,110.622,18543.5,1.3,403.9,480.6,108.299,20.191,10.5,32.966,45.0447,110.98,0.25871205,66926.9,0.035178674,6.14,6.39,1362.55,1429.25,132.41,231.04,16260794,0.012372569,5.1,1160728,0.296714444,11.93,11814.8974,0.107625465,88547.9,0.054,55485.2,0.136283954,15417.34,4016.9869,333.529,103.5,6879.314,0.017,0.718,117328.6496,1413.093702,0.685,0.315,0.969793753,84183.0,198.0047076,8.0,3.8,674276.8,107.1,1.7,9.0,10.7,11.3,9.6,233.0,19.24347539,98.8,98.6,98.0,43.6,94.3,54.5,99.3,0.4,76.37,7.6,8.82,684.2,142.39,86.81,71.2,56.6,48.5,42.0,33.97,863.3947939,"3,013",1437.739554,100.0,"90,92","23,14",65.2,97.9,8846.956102,121.1,772.0,293.0,,,9350.0,627.0,0.43939,1440.0,329348.0,26.7,76.2,46352.0,226047.3
1435,2013-12-06,110.622,18543.5,1.3,403.9,480.6,108.299,20.191,10.5,32.723,44.7987,111.61,0.25871205,66926.9,0.035178674,6.14,6.39,1390.61,1448.67,132.7,231.04,16260794,0.012372569,5.1,1160728,0.296714444,11.93,11814.8974,0.107625465,88547.9,0.054,55485.2,0.136283954,15417.34,4016.9869,333.529,103.5,6879.314,0.017,0.718,117328.6496,1413.093702,0.685,0.315,0.969793753,84183.0,198.0047076,8.0,3.8,674276.8,107.1,1.7,9.0,10.7,11.3,9.6,233.0,19.24347539,98.8,98.6,98.0,43.6,94.3,54.5,99.3,0.4,76.37,7.6,8.82,684.2,142.39,86.81,71.2,56.6,48.5,42.0,33.97,863.3947939,"3,013",1437.739554,100.0,"90,92","23,14",65.2,97.9,8846.956102,121.1,772.0,293.0,,,9350.0,627.0,0.43939,1440.0,329348.0,26.7,76.2,46352.0,226047.3
1436,2013-12-07,110.622,18543.5,1.3,403.9,480.6,108.299,20.191,10.5,32.723,44.7987,111.61,0.25871205,66926.9,0.035178674,6.14,6.39,1390.61,1448.67,132.7,234.66,16260794,0.012372569,5.1,1160728,0.296714444,11.93,11814.8974,0.107625465,88547.9,0.054,55485.2,0.136283954,15417.34,4016.9869,333.529,103.5,6879.314,0.017,0.718,117328.6496,1413.093702,0.685,0.315,0.969793753,84183.0,198.0047076,8.0,3.8,674276.8,107.1,1.7,9.0,10.7,11.3,9.6,233.0,19.24347539,98.8,98.6,98.0,43.6,94.3,54.5,99.3,0.4,76.37,7.6,8.82,684.2,142.39,86.81,71.2,56.6,48.5,42.0,33.97,863.3947939,"3,013",1437.739554,100.0,"90,92","23,14",65.2,97.9,8846.956102,121.1,772.0,293.0,,,9350.0,627.0,0.43939,1440.0,329348.0,26.7,76.2,46352.0,226047.3
1437,2013-12-08,110.622,18543.5,1.3,403.9,480.6,108.299,20.191,10.5,32.723,44.7987,111.61,0.25871205,66926.9,0.035178674,6.14,6.39,1390.61,1448.67,132.7,236.77,16260794,0.012372569,5.1,1160728,0.296714444,11.93,11814.8974,0.107625465,88547.9,0.054,55485.2,0.136283954,15417.34,4016.9869,333.529,103.5,6879.314,0.017,0.718,117328.6496,1413.093702,0.685,0.315,0.969793753,84183.0,198.0047076,8.0,3.8,674276.8,107.1,1.7,9.0,10.7,11.3,9.6,233.0,19.24347539,98.8,98.6,98.0,43.6,94.3,54.5,99.3,0.4,76.37,7.6,8.82,684.2,142.39,86.81,71.2,56.6,48.5,42.0,33.97,863.3947939,"3,013",1437.739554,100.0,"90,92","23,14",65.2,97.9,8846.956102,121.1,772.0,293.0,,,9350.0,627.0,0.43939,1440.0,329348.0,26.7,76.2,46352.0,226047.3
1438,2013-12-09,110.622,18543.5,1.3,403.9,480.6,108.299,20.191,10.5,32.7574,44.9608,109.39,0.25871205,66926.9,0.035178674,6.14,6.39,1412.08,1465.7,133.02,238.2,16260794,0.012372569,5.1,1160728,0.296714444,11.93,11814.8974,0.107625465,88547.9,0.054,55485.2,0.136283954,15417.34,4016.9869,333.529,103.5,6879.314,0.017,0.718,117328.6496,1413.093702,0.685,0.315,0.969793753,84183.0,198.0047076,8.0,3.8,674276.8,107.1,1.7,9.0,10.7,11.3,9.6,233.0,19.24347539,98.8,98.6,98.0,43.6,94.3,54.5,99.3,0.4,76.37,7.6,8.82,684.2,142.39,86.81,71.2,56.6,48.5,42.0,33.97,863.3947939,"3,013",1437.739554,100.0,"90,92","23,14",65.2,97.9,8846.956102,121.1,772.0,293.0,,,9350.0,627.0,0.43939,1440.0,329348.0,26.7,76.2,46352.0,226047.3
1439,2013-12-10,110.622,18543.5,1.3,403.9,480.6,108.299,20.191,10.5,32.7223,45.042,109.38,0.25871205,66926.9,0.035178674,6.14,6.39,1409.85,1464.14,133.26,238.2,16260794,0.012372569,5.1,1160728,0.296714444,11.93,11814.8974,0.107625465,88547.9,0.054,55485.2,0.136283954,15417.34,4016.9869,333.529,103.5,6879.314,0.017,0.718,117328.6496,1413.093702,0.685,0.315,0.969793753,84183.0,198.0047076,8.0,3.8,674276.8,107.1,1.7,9.0,10.7,11.3,9.6,233.0,19.24347539,98.8,98.6,98.0,43.6,94.3,54.5,99.3,0.4,76.37,7.6,8.82,684.2,142.39,86.81,71.2,56.6,48.5,42.0,33.97,863.3947939,"3,013",1437.739554,100.0,"90,92","23,14",65.2,97.9,8846.956102,121.1,772.0,293.0,,,9350.0,627.0,0.43939,1440.0,329348.0,26.7,76.2,46352.0,226047.3
1440,2013-12-11,110.622,18543.5,1.3,403.9,480.6,108.299,20.191,10.5,32.7607,45.1999,109.7,0.25871205,66926.9,0.035178674,6.14,6.39,1409.28,1464.67,133.41,241.54,16260794,0.012372569,5.1,1160728,0.296714444,11.93,11814.8974,0.107625465,88547.9,0.054,55485.2,0.136283954,15417.34,4016.9869,333.529,103.5,6879.314,0.017,0.718,117328.6496,1413.093702,0.685,0.315,0.969793753,84183.0,198.0047076,8.0,3.8,674276.8,107.1,1.7,9.0,10.7,11.3,9.6,233.0,19.24347539,98.8,98.6,98.0,43.6,94.3,54.5,99.3,0.4,76.37,7.6,8.82,684.2,142.39,86.81,71.2,56.6,48.5,42.0,33.97,863.3947939,"3,013",1437.739554,100.0,"90,92","23,14",65.2,97.9,8846.956102,121.1,772.0,293.0,,,9350.0,627.0,0.43939,1440.0,329348.0,26.7,76.2,46352.0,226047.3
1441,2013-12-12,110.622,18543.5,1.3,403.9,480.6,108.299,20.191,10.5,32.7973,45.1027,108.67,0.25871205,66926.9,0.035178674,6.14,6.39,1393.57,1449.74,133.31,242.26,16260794,0.012372569,5.1,1160728,0.296714444,11.93,11814.8974,0.107625465,88547.9,0.054,55485.2,0.136283954,15417.34,4016.9869,333.529,103.5,6879.314,0.017,0.718,117328.6496,1413.093702,0.685,0.315,0.969793753,84183.0,198.0047076,8.0,3.8,674276.8,107.1,1.7,9.0,10.7,11.3,9.6,233.0,19.24347539,98.8,98.6,98.0,43.6,94.3,54.5,99.3,0.4,76.37,7.6,8.82,684.2,142.39,86.81,71.2,56.6,48.5,42.0,33.97,863.3947939,"3,013",1437.739554,100.0,"90,92","23,14",65.2,97.9,8846.956102,121.1,772.0,293.0,,,9350.0,627.0,0.43939,1440.0,329348.0,26.7,76.2,46352.0,226047.3
1442,2013-12-13,110.622,18543.5,1.3,403.9,480.6,108.299,20.191,10.5,32.8727,45.1157,108.83,0.25871205,66926.9,0.035178674,6.14,6.39,1391.85,1452.76,133.21,242.13,16260794,0.012372569,5.1,1160728,0.296714444,11.93,11814.8974,0.107625465,88547.9,0.054,55485.2,0.136283954,15417.34,4016.9869,333.529,103.5,6879.314,0.017,0.718,117328.6496,1413.093702,0.685,0.315,0.969793753,84183.0,198.0047076,8.0,3.8,674276.8,107.1,1.7,9.0,10.7,11.3,9.6,233.0,19.24347539,98.8,98.6,98.0,43.6,94.3,54.5,99.3,0.4,76.37,7.6,8.82,684.2,142.39,86.81,71.2,56.6,48.5,42.0,33.97,863.3947939,"3,013",1437.739554,100.0,"90,92","23,14",65.2,97.9,8846.956102,121.1,772.0,293.0,,,9350.0,627.0,0.43939,1440.0,329348.0,26.7,76.2,46352.0,226047.3
1443,2013-12-14,110.622,18543.5,1.3,403.9,480.6,108.299,20.191,10.5,32.8727,45.1157,108.83,0.25871205,66926.9,0.035178674,6.14,6.39,1391.85,1452.76,133.21,242.13,16260794,0.012372569,5.1,1160728,0.296714444,11.93,11814.8974,0.107625465,88547.9,0.054,55485.2,0.136283954,15417.34,4016.9869,333.529,103.5,6879.314,0.017,0.718,117328.6496,1413.093702,0.685,0.315,0.969793753,84183.0,198.0047076,8.0,3.8,674276.8,107.1,1.7,9.0,10.7,11.3,9.6,233.0,19.24347539,98.8,98.6,98.0,43.6,94.3,54.5,99.3,0.4,76.37,7.6,8.82,684.2,142.39,86.81,71.2,56.6,48.5,42.0,33.97,863.3947939,"3,013",1437.739554,100.0,"90,92","23,14",65.2,97.9,8846.956102,121.1,772.0,293.0,,,9350.0,627.0,0.43939,1440.0,329348.0,26.7,76.2,46352.0,226047.3
1444,2013-12-15,110.622,18543.5,1.3,403.9,480.6,108.299,20.191,10.5,32.8727,45.1157,108.83,0.25871205,66926.9,0.035178674,6.14,6.39,1391.85,1452.76,133.21,242.13,16260794,0.012372569,5.1,1160728,0.296714444,11.93,11814.8974,0.107625465,88547.9,0.054,55485.2,0.136283954,15417.34,4016.9869,333.529,103.5,6879.314,0.017,0.718,117328.6496,1413.093702,0.685,0.315,0.969793753,84183.0,198.0047076,8.0,3.8,674276.8,107.1,1.7,9.0,10.7,11.3,9.6,233.0,19.24347539,98.8,98.6,98.0,43.6,94.3,54.5,99.3,0.4,76.37,7.6,8.82,684.2,142.39,86.81,71.2,56.6,48.5,42.0,33.97,863.3947939,"3,013",1437.739554,100.0,"90,92","23,14",65.2,97.9,8846.956102,121.1,772.0,293.0,,,9350.0,627.0,0.43939,1440.0,329348.0,26.7,76.2,46352.0,226047.3
1445,2013-12-16,110.622,18543.5,1.3,403.9,480.6,108.299,20.191,10.5,32.9007,45.261,110.47,0.25871205,66926.9,0.035178674,6.14,6.39,1407.25,1470.22,133.05,242.3,16260794,0.012372569,5.1,1160728,0.296714444,11.93,11814.8974,0.107625465,88547.9,0.054,55485.2,0.136283954,15417.34,4016.9869,333.529,103.5,6879.314,0.017,0.718,117328.6496,1413.093702,0.685,0.315,0.969793753,84183.0,198.0047076,8.0,3.8,674276.8,107.1,1.7,9.0,10.7,11.3,9.6,233.0,19.24347539,98.8,98.6,98.0,43.6,94.3,54.5,99.3,0.4,76.37,7.6,8.82,684.2,142.39,86.81,71.2,56.6,48.5,42.0,33.97,863.3947939,"3,013",1437.739554,100.0,"90,92","23,14",65.2,97.9,8846.956102,121.1,772.0,293.0,,,9350.0,627.0,0.43939,1440.0,329348.0,26.7,76.2,46352.0,226047.3
1446,2013-12-17,110.622,18543.5,1.3,403.9,480.6,108.299,20.191,10.5,32.946,45.2942,108.44,0.25871205,66926.9,0.035178674,6.14,6.39,1414.68,1479.39,132.99,242.35,16260794,0.012372569,5.1,1160728,0.296714444,11.93,11814.8974,0.107625465,88547.9,0.054,55485.2,0.136283954,15417.34,4016.9869,333.529,103.5,6879.314,0.017,0.718,117328.6496,1413.093702,0.685,0.315,0.969793753,84183.0,198.0047076,8.0,3.8,674276.8,107.1,1.7,9.0,10.7,11.3,9.6,233.0,19.24347539,98.8,98.6,98.0,43.6,94.3,54.5,99.3,0.4,76.37,7.6,8.82,684.2,142.39,86.81,71.2,56.6,48.5,42.0,33.97,863.3947939,"3,013",1437.739554,100.0,"90,92","23,14",65.2,97.9,8846.956102,121.1,772.0,293.0,,,9350.0,627.0,0.43939,1440.0,329348.0,26.7,76.2,46352.0,226047.3
1447,2013-12-18,110.622,18543.5,1.3,403.9,480.6,108.299,20.191,10.5,32.87,45.2455,109.63,0.25871205,66926.9,0.035178674,6.14,6.39,1423.87,1486.91,133.08,242.31,16260794,0.012372569,5.1,1160728,0.296714444,11.93,11814.8974,0.107625465,88547.9,0.054,55485.2,0.136283954,15417.34,4016.9869,333.529,103.5,6879.314,0.017,0.718,117328.6496,1413.093702,0.685,0.315,0.969793753,84183.0,198.0047076,8.0,3.8,674276.8,107.1,1.7,9.0,10.7,11.3,9.6,233.0,19.24347539,98.8,98.6,98.0,43.6,94.3,54.5,99.3,0.4,76.37,7.6,8.82,684.2,142.39,86.81,71.2,56.6,48.5,42.0,33.97,863.3947939,"3,013",1437.739554,100.0,"90,92","23,14",65.2,97.9,8846.956102,121.1,772.0,293.0,,,9350.0,627.0,0.43939,1440.0,329348.0,26.7,76.2,46352.0,226047.3
1448,2013-12-19,110.622,18543.5,1.3,403.9,480.6,108.299,20.191,10.5,32.9706,45.0535,110.29,0.25871205,66926.9,0.035178674,6.14,6.39,1431.11,1497.99,133.18,242.35,16260794,0.012372569,5.1,1160728,0.296714444,11.93,11814.8974,0.107625465,88547.9,0.054,55485.2,0.136283954,15417.34,4016.9869,333.529,103.5,6879.314,0.017,0.718,117328.6496,1413.093702,0.685,0.315,0.969793753,84183.0,198.0047076,8.0,3.8,674276.8,107.1,1.7,9.0,10.7,11.3,9.6,233.0,19.24347539,98.8,98.6,98.0,43.6,94.3,54.5,99.3,0.4,76.37,7.6,8.82,684.2,142.39,86.81,71.2,56.6,48.5,42.0,33.97,863.3947939,"3,013",1437.739554,100.0,"90,92","23,14",65.2,97.9,8846.956102,121.1,772.0,293.0,,,9350.0,627.0,0.43939,1440.0,329348.0,26.7,76.2,46352.0,226047.3
1449,2013-12-20,110.622,18543.5,1.3,403.9,480.6,108.299,20.191,10.5,32.9925,45.1075,111.77,0.25871205,66926.9,0.035178674,6.14,6.39,1429.91,1497.23,133.19,242.44,16260794,0.012372569,5.1,1160728,0.296714444,11.93,11814.8974,0.107625465,88547.9,0.054,55485.2,0.136283954,15417.34,4016.9869,333.529,103.5,6879.314,0.017,0.718,117328.6496,1413.093702,0.685,0.315,0.969793753,84183.0,198.0047076,8.0,3.8,674276.8,107.1,1.7,9.0,10.7,11.3,9.6,233.0,19.24347539,98.8,98.6,98.0,43.6,94.3,54.5,99.3,0.4,76.37,7.6,8.82,684.2,142.39,86.81,71.2,56.6,48.5,42.0,33.97,863.3947939,"3,013",1437.739554,100.0,"90,92","23,14",65.2,97.9,8846.956102,121.1,772.0,293.0,,,9350.0,627.0,0.43939,1440.0,329348.0,26.7,76.2,46352.0,226047.3
1450,2013-12-21,110.622,18543.5,1.3,403.9,480.6,108.299,20.191,10.5,32.9925,45.1075,111.77,0.25871205,66926.9,0.035178674,6.14,6.39,1429.91,1497.23,133.19,242.44,16260794,0.012372569,5.1,1160728,0.296714444,11.93,11814.8974,0.107625465,88547.9,0.054,55485.2,0.136283954,15417.34,4016.9869,333.529,103.5,6879.314,0.017,0.718,117328.6496,1413.093702,0.685,0.315,0.969793753,84183.0,198.0047076,8.0,3.8,674276.8,107.1,1.7,9.0,10.7,11.3,9.6,233.0,19.24347539,98.8,98.6,98.0,43.6,94.3,54.5,99.3,0.4,76.37,7.6,8.82,684.2,142.39,86.81,71.2,56.6,48.5,42.0,33.97,863.3947939,"3,013",1437.739554,100.0,"90,92","23,14",65.2,97.9,8846.956102,121.1,772.0,293.0,,,9350.0,627.0,0.43939,1440.0,329348.0,26.7,76.2,46352.0,226047.3
1451,2013-12-22,110.622,18543.5,1.3,403.9,480.6,108.299,20.191,10.5,32.9925,45.1075,111.77,0.25871205,66926.9,0.035178674,6.14,6.39,1429.91,1497.23,133.19,242.44,16260794,0.012372569,5.1,1160728,0.296714444,11.93,11814.8974,0.107625465,88547.9,0.054,55485.2,0.136283954,15417.34,4016.9869,333.529,103.5,6879.314,0.017,0.718,117328.6496,1413.093702,0.685,0.315,0.969793753,84183.0,198.0047076,8.0,3.8,674276.8,107.1,1.7,9.0,10.7,11.3,9.6,233.0,19.24347539,98.8,98.6,98.0,43.6,94.3,54.5,99.3,0.4,76.37,7.6,8.82,684.2,142.39,86.81,71.2,56.6,48.5,42.0,33.97,863.3947939,"3,013",1437.739554,100.0,"90,92","23,14",65.2,97.9,8846.956102,121.1,772.0,293.0,,,9350.0,627.0,0.43939,1440.0,329348.0,26.7,76.2,46352.0,226047.3
1452,2013-12-23,110.622,18543.5,1.3,403.9,480.6,108.299,20.191,10.5,32.6319,44.7068,111.56,0.25871205,66926.9,0.035178674,6.14,6.39,1453.1,1507.49,133.31,242.62,16260794,0.012372569,5.1,1160728,0.296714444,11.93,11814.8974,0.107625465,88547.9,0.054,55485.2,0.136283954,15417.34,4016.9869,333.529,103.5,6879.314,0.017,0.718,117328.6496,1413.093702,0.685,0.315,0.969793753,84183.0,198.0047076,8.0,3.8,674276.8,107.1,1.7,9.0,10.7,11.3,9.6,233.0,19.24347539,98.8,98.6,98.0,43.6,94.3,54.5,99.3,0.4,76.37,7.6,8.82,684.2,142.39,86.81,71.2,56.6,48.5,42.0,33.97,863.3947939,"3,013",1437.739554,100.0,"90,92","23,14",65.2,97.9,8846.956102,121.1,772.0,293.0,,,9350.0,627.0,0.43939,1440.0,329348.0,26.7,76.2,46352.0,226047.3
1453,2013-12-24,110.622,18543.5,1.3,403.9,480.6,108.299,20.191,10.5,32.6349,44.6341,111.9,0.25871205,66926.9,0.035178674,6.14,6.39,1454.02,1506.41,133.25,242.81,16260794,0.012372569,5.1,1160728,0.296714444,11.93,11814.8974,0.107625465,88547.9,0.054,55485.2,0.136283954,15417.34,4016.9869,333.529,103.5,6879.314,0.017,0.718,117328.6496,1413.093702,0.685,0.315,0.969793753,84183.0,198.0047076,8.0,3.8,674276.8,107.1,1.7,9.0,10.7,11.3,9.6,233.0,19.24347539,98.8,98.6,98.0,43.6,94.3,54.5,99.3,0.4,76.37,7.6,8.82,684.2,142.39,86.81,71.2,56.6,48.5,42.0,33.97,863.3947939,"3,013",1437.739554,100.0,"90,92","23,14",65.2,97.9,8846.956102,121.1,772.0,293.0,,,9350.0,627.0,0.43939,1440.0,329348.0,26.7,76.2,46352.0,226047.3
1454,2013-12-25,110.622,18543.5,1.3,403.9,480.6,108.299,20.191,10.5,32.6843,44.7736,111.9,0.25871205,66926.9,0.035178674,6.14,6.39,1447.5,1501.12,133.24,242.98,16260794,0.012372569,5.1,1160728,0.296714444,11.93,11814.8974,0.107625465,88547.9,0.054,55485.2,0.136283954,15417.34,4016.9869,333.529,103.5,6879.314,0.017,0.718,117328.6496,1413.093702,0.685,0.315,0.969793753,84183.0,198.0047076,8.0,3.8,674276.8,107.1,1.7,9.0,10.7,11.3,9.6,233.0,19.24347539,98.8,98.6,98.0,43.6,94.3,54.5,99.3,0.4,76.37,7.6,8.82,684.2,142.39,86.81,71.2,56.6,48.5,42.0,33.97,863.3947939,"3,013",1437.739554,100.0,"90,92","23,14",65.2,97.9,8846.956102,121.1,772.0,293.0,,,9350.0,627.0,0.43939,1440.0,329348.0,26.7,76.2,46352.0,226047.3
1455,2013-12-26,110.622,18543.5,1.3,403.9,480.6,108.299,20.191,10.5,32.6608,44.7201,111.98,0.25871205,66926.9,0.035178674,6.14,6.39,1448.29,1501.47,133.1,243.3,16260794,0.012372569,5.1,1160728,0.296714444,11.93,11814.8974,0.107625465,88547.9,0.054,55485.2,0.136283954,15417.34,4016.9869,333.529,103.5,6879.314,0.017,0.718,117328.6496,1413.093702,0.685,0.315,0.969793753,84183.0,198.0047076,8.0,3.8,674276.8,107.1,1.7,9.0,10.7,11.3,9.6,233.0,19.24347539,98.8,98.6,98.0,43.6,94.3,54.5,99.3,0.4,76.37,7.6,8.82,684.2,142.39,86.81,71.2,56.6,48.5,42.0,33.97,863.3947939,"3,013",1437.739554,100.0,"90,92","23,14",65.2,97.9,8846.956102,121.1,772.0,293.0,,,9350.0,627.0,0.43939,1440.0,329348.0,26.7,76.2,46352.0,226047.3
1456,2013-12-27,110.622,18543.5,1.3,403.9,480.6,108.299,20.191,10.5,32.5794,44.8543,112.18,0.25871205,66926.9,0.035178674,6.14,6.39,1445.39,1494.83,133.17,243.62,16260794,0.012372569,5.1,1160728,0.296714444,11.93,11814.8974,0.107625465,88547.9,0.054,55485.2,0.136283954,15417.34,4016.9869,333.529,103.5,6879.314,0.017,0.718,117328.6496,1413.093702,0.685,0.315,0.969793753,84183.0,198.0047076,8.0,3.8,674276.8,107.1,1.7,9.0,10.7,11.3,9.6,233.0,19.24347539,98.8,98.6,98.0,43.6,94.3,54.5,99.3,0.4,76.37,7.6,8.82,684.2,142.39,86.81,71.2,56.6,48.5,42.0,33.97,863.3947939,"3,013",1437.739554,100.0,"90,92","23,14",65.2,97.9,8846.956102,121.1,772.0,293.0,,,9350.0,627.0,0.43939,1440.0,329348.0,26.7,76.2,46352.0,226047.3
1457,2013-12-28,110.622,18543.5,1.3,403.9,480.6,108.299,20.191,10.5,32.5794,44.8543,112.18,0.25871205,66926.9,0.035178674,6.14,6.39,1445.39,1494.83,133.17,243.62,16260794,0.012372569,5.1,1160728,0.296714444,11.93,11814.8974,0.107625465,88547.9,0.054,55485.2,0.136283954,15417.34,4016.9869,333.529,103.5,6879.314,0.017,0.718,117328.6496,1413.093702,0.685,0.315,0.969793753,84183.0,198.0047076,8.0,3.8,674276.8,107.1,1.7,9.0,10.7,11.3,9.6,233.0,19.24347539,98.8,98.6,98.0,43.6,94.3,54.5,99.3,0.4,76.37,7.6,8.82,684.2,142.39,86.81,71.2,56.6,48.5,42.0,33.97,863.3947939,"3,013",1437.739554,100.0,"90,92","23,14",65.2,97.9,8846.956102,121.1,772.0,293.0,,,9350.0,627.0,0.43939,1440.0,329348.0,26.7,76.2,46352.0,226047.3
1458,2013-12-29,110.622,18543.5,1.3,403.9,480.6,108.299,20.191,10.5,32.5794,44.8543,112.18,0.25871205,66926.9,0.035178674,6.14,6.39,1445.39,1494.83,133.17,243.62,16260794,0.012372569,5.1,1160728,0.296714444,11.93,11814.8974,0.107625465,88547.9,0.054,55485.2,0.136283954,15417.34,4016.9869,333.529,103.5,6879.314,0.017,0.718,117328.6496,1413.093702,0.685,0.315,0.969793753,84183.0,198.0047076,8.0,3.8,674276.8,107.1,1.7,9.0,10.7,11.3,9.6,233.0,19.24347539,98.8,98.6,98.0,43.6,94.3,54.5,99.3,0.4,76.37,7.6,8.82,684.2,142.39,86.81,71.2,56.6,48.5,42.0,33.97,863.3947939,"3,013",1437.739554,100.0,"90,92","23,14",65.2,97.9,8846.956102,121.1,772.0,293.0,,,9350.0,627.0,0.43939,1440.0,329348.0,26.7,76.2,46352.0,226047.3
1459,2013-12-30,110.622,18543.5,1.3,403.9,480.6,108.299,20.191,10.5,32.8445,45.375,111.21,0.25871205,66926.9,0.035178674,6.14,6.39,1442.73,1504.08,133.27,243.91,16260794,0.012372569,5.1,1160728,0.296714444,11.93,11814.8974,0.107625465,88547.9,0.054,55485.2,0.136283954,15417.34,4016.9869,333.529,103.5,6879.314,0.017,0.718,117328.6496,1413.093702,0.685,0.315,0.969793753,84183.0,198.0047076,8.0,3.8,674276.8,107.1,1.7,9.0,10.7,11.3,9.6,233.0,19.24347539,98.8,98.6,98.0,43.6,94.3,54.5,99.3,0.4,76.37,7.6,8.82,684.2,142.39,86.81,71.2,56.6,48.5,42.0,33.97,863.3947939,"3,013",1437.739554,100.0,"90,92","23,14",65.2,97.9,8846.956102,121.1,772.0,293.0,,,9350.0,627.0,0.43939,1440.0,329348.0,26.7,76.2,46352.0,226047.3
1460,2013-12-31,110.622,18543.5,1.3,403.9,480.6,108.299,20.191,10.5,32.8696,45.2954,110.8,0.25871205,66926.9,0.035178674,6.14,6.39,1442.73,1504.08,133.27,243.91,16260794,0.012372569,5.1,1160728,0.296714444,11.93,11814.8974,0.107625465,88547.9,0.054,55485.2,0.136283954,15417.34,4016.9869,333.529,103.5,6879.314,0.017,0.718,117328.6496,1413.093702,0.685,0.315,0.969793753,84183.0,198.0047076,8.0,3.8,674276.8,107.1,1.7,9.0,10.7,11.3,9.6,233.0,19.24347539,98.8,98.6,98.0,43.6,94.3,54.5,99.3,0.4,76.37,7.6,8.82,684.2,142.39,86.81,71.2,56.6,48.5,42.0,33.97,863.3947939,"3,013",1437.739554,100.0,"90,92","23,14",65.2,97.9,8846.956102,121.1,772.0,293.0,,,9350.0,627.0,0.43939,1440.0,329348.0,26.7,76.2,46352.0,226047.3
1461,2014-01-01,107.1991,19566.5,2.1,405.9,485.5,113.465,20.182,16.8,32.855,45.4602,110.8,0.13058092,71016.7,0.012794871,5.98,6.3,1442.73,1504.08,133.27,243.91,16957531,0.042847662,5.3,1338731,0.315944112,12.12,12808.5734,0.08410365,40307.0,-0.079,61208.0,0.103141018,15608.27,4436.8984,365.089,102.4,7087.326,0.015,0.74,126874.0,1541.884366,0.646,0.354,0.977828439,57746.0,96.91260146,8.3,3.7,734697.6,100.1,1.6,5.7,7.3,11.3,9.7,234.0,19.1850455,98.8,98.6,98.1,43.3,94.3,55.2,99.3,0.4,76.7,6.1,7.61,662.3,198.42,107.62,78.97,58.75,47.04,41.44,33.49,,"16,765",1517.954545,85.5056,"93,08","25,47",61.0,92.8,7804.909725,41.9,707.0,286.0,,,10311.0,,0.44784,,398451.0,28.2,,46080.0,229294.8
1462,2014-01-02,107.1991,19566.5,2.1,405.9,485.5,113.465,20.182,16.8,33.0887,45.234,107.78,0.13058092,71016.7,0.012794871,5.98,6.3,1442.73,1504.08,133.27,243.91,16957531,0.042847662,5.3,1338731,0.315944112,12.12,12808.5734,0.08410365,40307.0,-0.079,61208.0,0.103141018,15608.27,4436.8984,365.089,102.4,7087.326,0.015,0.74,126874.0,1541.884366,0.646,0.354,0.977828439,57746.0,96.91260146,8.3,3.7,734697.6,100.1,1.6,5.7,7.3,11.3,9.7,234.0,19.1850455,98.8,98.6,98.1,43.3,94.3,55.2,99.3,0.4,76.7,6.1,7.61,662.3,198.42,107.62,78.97,58.75,47.04,41.44,33.49,,"16,765",1517.954545,85.5056,"93,08","25,47",61.0,92.8,7804.909725,41.9,707.0,286.0,,,10311.0,,0.44784,,398451.0,28.2,,46080.0,229294.8
1463,2014-01-03,107.1991,19566.5,2.1,405.9,485.5,113.465,20.182,16.8,33.1969,45.1629,106.89,0.13058092,71016.7,0.012794871,5.98,6.3,1442.73,1504.08,133.27,243.91,16957531,0.042847662,5.3,1338731,0.315944112,12.12,12808.5734,0.08410365,40307.0,-0.079,61208.0,0.103141018,15608.27,4436.8984,365.089,102.4,7087.326,0.015,0.74,126874.0,1541.884366,0.646,0.354,0.977828439,57746.0,96.91260146,8.3,3.7,734697.6,100.1,1.6,5.7,7.3,11.3,9.7,234.0,19.1850455,98.8,98.6,98.1,43.3,94.3,55.2,99.3,0.4,76.7,6.1,7.61,662.3,198.42,107.62,78.97,58.75,47.04,41.44,33.49,,"16,765",1517.954545,85.5056,"93,08","25,47",61.0,92.8,7804.909725,41.9,707.0,286.0,,,10311.0,,0.44784,,398451.0,28.2,,46080.0,229294.8
1464,2014-01-04,107.1991,19566.5,2.1,405.9,485.5,113.465,20.182,16.8,33.1969,45.1629,106.89,0.13058092,71016.7,0.012794871,5.98,6.3,1442.73,1504.08,133.27,244.07,16957531,0.042847662,5.3,1338731,0.315944112,12.12,12808.5734,0.08410365,40307.0,-0.079,61208.0,0.103141018,15608.27,4436.8984,365.089,102.4,7087.326,0.015,0.74,126874.0,1541.884366,0.646,0.354,0.977828439,57746.0,96.91260146,8.3,3.7,734697.6,100.1,1.6,5.7,7.3,11.3,9.7,234.0,19.1850455,98.8,98.6,98.1,43.3,94.3,55.2,99.3,0.4,76.7,6.1,7.61,662.3,198.42,107.62,78.97,58.75,47.04,41.44,33.49,,"16,765",1517.954545,85.5056,"93,08","25,47",61.0,92.8,7804.909725,41.9,707.0,286.0,,,10311.0,,0.44784,,398451.0,28.2,,46080.0,229294.8
1465,2014-01-05,107.1991,19566.5,2.1,405.9,485.5,113.465,20.182,16.8,33.1969,45.1629,106.89,0.13058092,71016.7,0.012794871,5.98,6.3,1442.73,1504.08,133.27,244.07,16957531,0.042847662,5.3,1338731,0.315944112,12.12,12808.5734,0.08410365,40307.0,-0.079,61208.0,0.103141018,15608.27,4436.8984,365.089,102.4,7087.326,0.015,0.74,126874.0,1541.884366,0.646,0.354,0.977828439,57746.0,96.91260146,8.3,3.7,734697.6,100.1,1.6,5.7,7.3,11.3,9.7,234.0,19.1850455,98.8,98.6,98.1,43.3,94.3,55.2,99.3,0.4,76.7,6.1,7.61,662.3,198.42,107.62,78.97,58.75,47.04,41.44,33.49,,"16,765",1517.954545,85.5056,"93,08","25,47",61.0,92.8,7804.909725,41.9,707.0,286.0,,,10311.0,,0.44784,,398451.0,28.2,,46080.0,229294.8
1466,2014-01-06,107.1991,19566.5,2.1,405.9,485.5,113.465,20.182,16.8,33.2337,45.3167,106.73,0.13058092,71016.7,0.012794871,5.98,6.3,1388.28,1466.15,133.25,244.07,16957531,0.042847662,5.3,1338731,0.315944112,12.12,12808.5734,0.08410365,40307.0,-0.079,61208.0,0.103141018,15608.27,4436.8984,365.089,102.4,7087.326,0.015,0.74,126874.0,1541.884366,0.646,0.354,0.977828439,57746.0,96.91260146,8.3,3.7,734697.6,100.1,1.6,5.7,7.3,11.3,9.7,234.0,19.1850455,98.8,98.6,98.1,43.3,94.3,55.2,99.3,0.4,76.7,6.1,7.61,662.3,198.42,107.62,78.97,58.75,47.04,41.44,33.49,,"16,765",1517.954545,85.5056,"93,08","25,47",61.0,92.8,7804.909725,41.9,707.0,286.0,,,10311.0,,0.44784,,398451.0,28.2,,46080.0,229294.8
1467,2014-01-07,107.1991,19566.5,2.1,405.9,485.5,113.465,20.182,16.8,33.1449,45.1337,107.35,0.13058092,71016.7,0.012794871,5.98,6.3,1388.28,1466.15,133.25,247.43,16957531,0.042847662,5.3,1338731,0.315944112,12.12,12808.5734,0.08410365,40307.0,-0.079,61208.0,0.103141018,15608.27,4436.8984,365.089,102.4,7087.326,0.015,0.74,126874.0,1541.884366,0.646,0.354,0.977828439,57746.0,96.91260146,8.3,3.7,734697.6,100.1,1.6,5.7,7.3,11.3,9.7,234.0,19.1850455,98.8,98.6,98.1,43.3,94.3,55.2,99.3,0.4,76.7,6.1,7.61,662.3,198.42,107.62,78.97,58.75,47.04,41.44,33.49,,"16,765",1517.954545,85.5056,"93,08","25,47",61.0,92.8,7804.909725,41.9,707.0,286.0,,,10311.0,,0.44784,,398451.0,28.2,,46080.0,229294.8
1468,2014-01-08,107.1991,19566.5,2.1,405.9,485.5,113.465,20.182,16.8,33.1982,45.1009,107.15,0.13058092,71016.7,0.012794871,5.98,6.3,1390.35,1462.67,133.28,247.58,16957531,0.042847662,5.3,1338731,0.315944112,12.12,12808.5734,0.08410365,40307.0,-0.079,61208.0,0.103141018,15608.27,4436.8984,365.089,102.4,7087.326,0.015,0.74,126874.0,1541.884366,0.646,0.354,0.977828439,57746.0,96.91260146,8.3,3.7,734697.6,100.1,1.6,5.7,7.3,11.3,9.7,234.0,19.1850455,98.8,98.6,98.1,43.3,94.3,55.2,99.3,0.4,76.7,6.1,7.61,662.3,198.42,107.62,78.97,58.75,47.04,41.44,33.49,,"16,765",1517.954545,85.5056,"93,08","25,47",61.0,92.8,7804.909725,41.9,707.0,286.0,,,10311.0,,0.44784,,398451.0,28.2,,46080.0,229294.8
1469,2014-01-09,107.1991,19566.5,2.1,405.9,485.5,113.465,20.182,16.8,33.2311,45.164,106.39,0.13058092,71016.7,0.012794871,5.98,6.3,1388.86,1465.14,133.02,248.43,16957531,0.042847662,5.3,1338731,0.315944112,12.12,12808.5734,0.08410365,40307.0,-0.079,61208.0,0.103141018,15608.27,4436.8984,365.089,102.4,7087.326,0.015,0.74,126874.0,1541.884366,0.646,0.354,0.977828439,57746.0,96.91260146,8.3,3.7,734697.6,100.1,1.6,5.7,7.3,11.3,9.7,234.0,19.1850455,98.8,98.6,98.1,43.3,94.3,55.2,99.3,0.4,76.7,6.1,7.61,662.3,198.42,107.62,78.97,58.75,47.04,41.44,33.49,,"16,765",1517.954545,85.5056,"93,08","25,47",61.0,92.8,7804.909725,41.9,707.0,286.0,,,10311.0,,0.44784,,398451.0,28.2,,46080.0,229294.8
1470,2014-01-10,107.1991,19566.5,2.1,405.9,485.5,113.465,20.182,16.8,33.0562,45.1631,107.25,0.13058092,71016.7,0.012794871,5.98,6.3,1395.91,1469.19,132.91,248.98,16957531,0.042847662,5.3,1338731,0.315944112,12.12,12808.5734,0.08410365,40307.0,-0.079,61208.0,0.103141018,15608.27,4436.8984,365.089,102.4,7087.326,0.015,0.74,126874.0,1541.884366,0.646,0.354,0.977828439,57746.0,96.91260146,8.3,3.7,734697.6,100.1,1.6,5.7,7.3,11.3,9.7,234.0,19.1850455,98.8,98.6,98.1,43.3,94.3,55.2,99.3,0.4,76.7,6.1,7.61,662.3,198.42,107.62,78.97,58.75,47.04,41.44,33.49,,"16,765",1517.954545,85.5056,"93,08","25,47",61.0,92.8,7804.909725,41.9,707.0,286.0,,,10311.0,,0.44784,,398451.0,28.2,,46080.0,229294.8
1471,2014-01-11,107.1991,19566.5,2.1,405.9,485.5,113.465,20.182,16.8,33.0562,45.1631,107.25,0.13058092,71016.7,0.012794871,5.98,6.3,1395.91,1469.19,132.91,248.98,16957531,0.042847662,5.3,1338731,0.315944112,12.12,12808.5734,0.08410365,40307.0,-0.079,61208.0,0.103141018,15608.27,4436.8984,365.089,102.4,7087.326,0.015,0.74,126874.0,1541.884366,0.646,0.354,0.977828439,57746.0,96.91260146,8.3,3.7,734697.6,100.1,1.6,5.7,7.3,11.3,9.7,234.0,19.1850455,98.8,98.6,98.1,43.3,94.3,55.2,99.3,0.4,76.7,6.1,7.61,662.3,198.42,107.62,78.97,58.75,47.04,41.44,33.49,,"16,765",1517.954545,85.5056,"93,08","25,47",61.0,92.8,7804.909725,41.9,707.0,286.0,,,10311.0,,0.44784,,398451.0,28.2,,46080.0,229294.8
1472,2014-01-12,107.1991,19566.5,2.1,405.9,485.5,113.465,20.182,16.8,33.0562,45.1631,107.25,0.13058092,71016.7,0.012794871,5.98,6.3,1395.91,1469.19,132.91,243.31,16957531,0.042847662,5.3,1338731,0.315944112,12.12,12808.5734,0.08410365,40307.0,-0.079,61208.0,0.103141018,15608.27,4436.8984,365.089,102.4,7087.326,0.015,0.74,126874.0,1541.884366,0.646,0.354,0.977828439,57746.0,96.91260146,8.3,3.7,734697.6,100.1,1.6,5.7,7.3,11.3,9.7,234.0,19.1850455,98.8,98.6,98.1,43.3,94.3,55.2,99.3,0.4,76.7,6.1,7.61,662.3,198.42,107.62,78.97,58.75,47.04,41.44,33.49,,"16,765",1517.954545,85.5056,"93,08","25,47",61.0,92.8,7804.909725,41.9,707.0,286.0,,,10311.0,,0.44784,,398451.0,28.2,,46080.0,229294.8
1473,2014-01-13,107.1991,19566.5,2.1,405.9,485.5,113.465,20.182,16.8,33.2802,45.4145,106.75,0.13058092,71016.7,0.012794871,5.98,6.3,1401.82,1477.56,132.98,244.55,16957531,0.042847662,5.3,1338731,0.315944112,12.12,12808.5734,0.08410365,40307.0,-0.079,61208.0,0.103141018,15608.27,4436.8984,365.089,102.4,7087.326,0.015,0.74,126874.0,1541.884366,0.646,0.354,0.977828439,57746.0,96.91260146,8.3,3.7,734697.6,100.1,1.6,5.7,7.3,11.3,9.7,234.0,19.1850455,98.8,98.6,98.1,43.3,94.3,55.2,99.3,0.4,76.7,6.1,7.61,662.3,198.42,107.62,78.97,58.75,47.04,41.44,33.49,,"16,765",1517.954545,85.5056,"93,08","25,47",61.0,92.8,7804.909725,41.9,707.0,286.0,,,10311.0,,0.44784,,398451.0,28.2,,46080.0,229294.8
1474,2014-01-14,107.1991,19566.5,2.1,405.9,485.5,113.465,20.182,16.8,33.3149,45.5805,106.39,0.13058092,71016.7,0.012794871,5.98,6.3,1388.69,1469.64,133.02,244.49,16957531,0.042847662,5.3,1338731,0.315944112,12.12,12808.5734,0.08410365,40307.0,-0.079,61208.0,0.103141018,15608.27,4436.8984,365.089,102.4,7087.326,0.015,0.74,126874.0,1541.884366,0.646,0.354,0.977828439,57746.0,96.91260146,8.3,3.7,734697.6,100.1,1.6,5.7,7.3,11.3,9.7,234.0,19.1850455,98.8,98.6,98.1,43.3,94.3,55.2,99.3,0.4,76.7,6.1,7.61,662.3,198.42,107.62,78.97,58.75,47.04,41.44,33.49,,"16,765",1517.954545,85.5056,"93,08","25,47",61.0,92.8,7804.909725,41.9,707.0,286.0,,,10311.0,,0.44784,,398451.0,28.2,,46080.0,229294.8
1475,2014-01-15,107.1991,19566.5,2.1,405.9,485.5,113.465,20.182,16.8,33.3672,45.39,107.13,0.13058092,71016.7,0.012794871,5.98,6.3,1401.78,1486.51,133.17,244.49,16957531,0.042847662,5.3,1338731,0.315944112,12.12,12808.5734,0.08410365,40307.0,-0.079,61208.0,0.103141018,15608.27,4436.8984,365.089,102.4,7087.326,0.015,0.74,126874.0,1541.884366,0.646,0.354,0.977828439,57746.0,96.91260146,8.3,3.7,734697.6,100.1,1.6,5.7,7.3,11.3,9.7,234.0,19.1850455,98.8,98.6,98.1,43.3,94.3,55.2,99.3,0.4,76.7,6.1,7.61,662.3,198.42,107.62,78.97,58.75,47.04,41.44,33.49,,"16,765",1517.954545,85.5056,"93,08","25,47",61.0,92.8,7804.909725,41.9,707.0,286.0,,,10311.0,,0.44784,,398451.0,28.2,,46080.0,229294.8
1476,2014-01-16,107.1991,19566.5,2.1,405.9,485.5,113.465,20.182,16.8,33.4171,45.4472,107.09,0.13058092,71016.7,0.012794871,5.98,6.3,1397.23,1480.73,132.82,244.55,16957531,0.042847662,5.3,1338731,0.315944112,12.12,12808.5734,0.08410365,40307.0,-0.079,61208.0,0.103141018,15608.27,4436.8984,365.089,102.4,7087.326,0.015,0.74,126874.0,1541.884366,0.646,0.354,0.977828439,57746.0,96.91260146,8.3,3.7,734697.6,100.1,1.6,5.7,7.3,11.3,9.7,234.0,19.1850455,98.8,98.6,98.1,43.3,94.3,55.2,99.3,0.4,76.7,6.1,7.61,662.3,198.42,107.62,78.97,58.75,47.04,41.44,33.49,,"16,765",1517.954545,85.5056,"93,08","25,47",61.0,92.8,7804.909725,41.9,707.0,286.0,,,10311.0,,0.44784,,398451.0,28.2,,46080.0,229294.8
1477,2014-01-17,107.1991,19566.5,2.1,405.9,485.5,113.465,20.182,16.8,33.5557,45.4813,106.48,0.13058092,71016.7,0.012794871,5.98,6.3,1395.79,1486.88,132.78,244.57,16957531,0.042847662,5.3,1338731,0.315944112,12.12,12808.5734,0.08410365,40307.0,-0.079,61208.0,0.103141018,15608.27,4436.8984,365.089,102.4,7087.326,0.015,0.74,126874.0,1541.884366,0.646,0.354,0.977828439,57746.0,96.91260146,8.3,3.7,734697.6,100.1,1.6,5.7,7.3,11.3,9.7,234.0,19.1850455,98.8,98.6,98.1,43.3,94.3,55.2,99.3,0.4,76.7,6.1,7.61,662.3,198.42,107.62,78.97,58.75,47.04,41.44,33.49,,"16,765",1517.954545,85.5056,"93,08","25,47",61.0,92.8,7804.909725,41.9,707.0,286.0,,,10311.0,,0.44784,,398451.0,28.2,,46080.0,229294.8
1478,2014-01-18,107.1991,19566.5,2.1,405.9,485.5,113.465,20.182,16.8,33.5557,45.4813,106.48,0.13058092,71016.7,0.012794871,5.98,6.3,1395.79,1486.88,132.78,244.57,16957531,0.042847662,5.3,1338731,0.315944112,12.12,12808.5734,0.08410365,40307.0,-0.079,61208.0,0.103141018,15608.27,4436.8984,365.089,102.4,7087.326,0.015,0.74,126874.0,1541.884366,0.646,0.354,0.977828439,57746.0,96.91260146,8.3,3.7,734697.6,100.1,1.6,5.7,7.3,11.3,9.7,234.0,19.1850455,98.8,98.6,98.1,43.3,94.3,55.2,99.3,0.4,76.7,6.1,7.61,662.3,198.42,107.62,78.97,58.75,47.04,41.44,33.49,,"16,765",1517.954545,85.5056,"93,08","25,47",61.0,92.8,7804.909725,41.9,707.0,286.0,,,10311.0,,0.44784,,398451.0,28.2,,46080.0,229294.8
1479,2014-01-19,107.1991,19566.5,2.1,405.9,485.5,113.465,20.182,16.8,33.5557,45.4813,106.48,0.13058092,71016.7,0.012794871,5.98,6.3,1395.79,1486.88,132.78,244.57,16957531,0.042847662,5.3,1338731,0.315944112,12.12,12808.5734,0.08410365,40307.0,-0.079,61208.0,0.103141018,15608.27,4436.8984,365.089,102.4,7087.326,0.015,0.74,126874.0,1541.884366,0.646,0.354,0.977828439,57746.0,96.91260146,8.3,3.7,734697.6,100.1,1.6,5.7,7.3,11.3,9.7,234.0,19.1850455,98.8,98.6,98.1,43.3,94.3,55.2,99.3,0.4,76.7,6.1,7.61,662.3,198.42,107.62,78.97,58.75,47.04,41.44,33.49,,"16,765",1517.954545,85.5056,"93,08","25,47",61.0,92.8,7804.909725,41.9,707.0,286.0,,,10311.0,,0.44784,,398451.0,28.2,,46080.0,229294.8
1480,2014-01-20,107.1991,19566.5,2.1,405.9,485.5,113.465,20.182,16.8,33.764,45.7899,106.35,0.13058092,71016.7,0.012794871,5.98,6.3,1394.49,1495.36,132.82,244.63,16957531,0.042847662,5.3,1338731,0.315944112,12.12,12808.5734,0.08410365,40307.0,-0.079,61208.0,0.103141018,15608.27,4436.8984,365.089,102.4,7087.326,0.015,0.74,126874.0,1541.884366,0.646,0.354,0.977828439,57746.0,96.91260146,8.3,3.7,734697.6,100.1,1.6,5.7,7.3,11.3,9.7,234.0,19.1850455,98.8,98.6,98.1,43.3,94.3,55.2,99.3,0.4,76.7,6.1,7.61,662.3,198.42,107.62,78.97,58.75,47.04,41.44,33.49,,"16,765",1517.954545,85.5056,"93,08","25,47",61.0,92.8,7804.909725,41.9,707.0,286.0,,,10311.0,,0.44784,,398451.0,28.2,,46080.0,229294.8
1481,2014-01-21,107.1991,19566.5,2.1,405.9,485.5,113.465,20.182,16.8,33.9399,46.0215,106.73,0.13058092,71016.7,0.012794871,5.98,6.3,1395.87,1504.68,132.76,244.72,16957531,0.042847662,5.3,1338731,0.315944112,12.12,12808.5734,0.08410365,40307.0,-0.079,61208.0,0.103141018,15608.27,4436.8984,365.089,102.4,7087.326,0.015,0.74,126874.0,1541.884366,0.646,0.354,0.977828439,57746.0,96.91260146,8.3,3.7,734697.6,100.1,1.6,5.7,7.3,11.3,9.7,234.0,19.1850455,98.8,98.6,98.1,43.3,94.3,55.2,99.3,0.4,76.7,6.1,7.61,662.3,198.42,107.62,78.97,58.75,47.04,41.44,33.49,,"16,765",1517.954545,85.5056,"93,08","25,47",61.0,92.8,7804.909725,41.9,707.0,286.0,,,10311.0,,0.44784,,398451.0,28.2,,46080.0,229294.8
1482,2014-01-22,107.1991,19566.5,2.1,405.9,485.5,113.465,20.182,16.8,33.9546,45.998,108.27,0.13058092,71016.7,0.012794871,5.98,6.3,1391.75,1498.73,132.43,244.77,16957531,0.042847662,5.3,1338731,0.315944112,12.12,12808.5734,0.08410365,40307.0,-0.079,61208.0,0.103141018,15608.27,4436.8984,365.089,102.4,7087.326,0.015,0.74,126874.0,1541.884366,0.646,0.354,0.977828439,57746.0,96.91260146,8.3,3.7,734697.6,100.1,1.6,5.7,7.3,11.3,9.7,234.0,19.1850455,98.8,98.6,98.1,43.3,94.3,55.2,99.3,0.4,76.7,6.1,7.61,662.3,198.42,107.62,78.97,58.75,47.04,41.44,33.49,,"16,765",1517.954545,85.5056,"93,08","25,47",61.0,92.8,7804.909725,41.9,707.0,286.0,,,10311.0,,0.44784,,398451.0,28.2,,46080.0,229294.8
1483,2014-01-23,107.1991,19566.5,2.1,405.9,485.5,113.465,20.182,16.8,34.0892,46.632,107.58,0.13058092,71016.7,0.012794871,5.98,6.3,1381.59,1496.9,132.43,244.79,16957531,0.042847662,5.3,1338731,0.315944112,12.12,12808.5734,0.08410365,40307.0,-0.079,61208.0,0.103141018,15608.27,4436.8984,365.089,102.4,7087.326,0.015,0.74,126874.0,1541.884366,0.646,0.354,0.977828439,57746.0,96.91260146,8.3,3.7,734697.6,100.1,1.6,5.7,7.3,11.3,9.7,234.0,19.1850455,98.8,98.6,98.1,43.3,94.3,55.2,99.3,0.4,76.7,6.1,7.61,662.3,198.42,107.62,78.97,58.75,47.04,41.44,33.49,,"16,765",1517.954545,85.5056,"93,08","25,47",61.0,92.8,7804.909725,41.9,707.0,286.0,,,10311.0,,0.44784,,398451.0,28.2,,46080.0,229294.8
1484,2014-01-24,107.1991,19566.5,2.1,405.9,485.5,113.465,20.182,16.8,34.5518,47.2639,107.88,0.13058092,71016.7,0.012794871,5.98,6.3,1364.11,1494.58,132.26,244.71,16957531,0.042847662,5.3,1338731,0.315944112,12.12,12808.5734,0.08410365,40307.0,-0.079,61208.0,0.103141018,15608.27,4436.8984,365.089,102.4,7087.326,0.015,0.74,126874.0,1541.884366,0.646,0.354,0.977828439,57746.0,96.91260146,8.3,3.7,734697.6,100.1,1.6,5.7,7.3,11.3,9.7,234.0,19.1850455,98.8,98.6,98.1,43.3,94.3,55.2,99.3,0.4,76.7,6.1,7.61,662.3,198.42,107.62,78.97,58.75,47.04,41.44,33.49,,"16,765",1517.954545,85.5056,"93,08","25,47",61.0,92.8,7804.909725,41.9,707.0,286.0,,,10311.0,,0.44784,,398451.0,28.2,,46080.0,229294.8
1485,2014-01-25,107.1991,19566.5,2.1,405.9,485.5,113.465,20.182,16.8,34.5518,47.2639,107.88,0.13058092,71016.7,0.012794871,5.98,6.3,1364.11,1494.58,132.26,244.71,16957531,0.042847662,5.3,1338731,0.315944112,12.12,12808.5734,0.08410365,40307.0,-0.079,61208.0,0.103141018,15608.27,4436.8984,365.089,102.4,7087.326,0.015,0.74,126874.0,1541.884366,0.646,0.354,0.977828439,57746.0,96.91260146,8.3,3.7,734697.6,100.1,1.6,5.7,7.3,11.3,9.7,234.0,19.1850455,98.8,98.6,98.1,43.3,94.3,55.2,99.3,0.4,76.7,6.1,7.61,662.3,198.42,107.62,78.97,58.75,47.04,41.44,33.49,,"16,765",1517.954545,85.5056,"93,08","25,47",61.0,92.8,7804.909725,41.9,707.0,286.0,,,10311.0,,0.44784,,398451.0,28.2,,46080.0,229294.8
1486,2014-01-26,107.1991,19566.5,2.1,405.9,485.5,113.465,20.182,16.8,34.5518,47.2639,107.88,0.13058092,71016.7,0.012794871,5.98,6.3,1364.11,1494.58,132.26,244.71,16957531,0.042847662,5.3,1338731,0.315944112,12.12,12808.5734,0.08410365,40307.0,-0.079,61208.0,0.103141018,15608.27,4436.8984,365.089,102.4,7087.326,0.015,0.74,126874.0,1541.884366,0.646,0.354,0.977828439,57746.0,96.91260146,8.3,3.7,734697.6,100.1,1.6,5.7,7.3,11.3,9.7,234.0,19.1850455,98.8,98.6,98.1,43.3,94.3,55.2,99.3,0.4,76.7,6.1,7.61,662.3,198.42,107.62,78.97,58.75,47.04,41.44,33.49,,"16,765",1517.954545,85.5056,"93,08","25,47",61.0,92.8,7804.909725,41.9,707.0,286.0,,,10311.0,,0.44784,,398451.0,28.2,,46080.0,229294.8
1487,2014-01-27,107.1991,19566.5,2.1,405.9,485.5,113.465,20.182,16.8,34.73,47.497,106.69,0.13058092,71016.7,0.012794871,5.98,6.3,1346.51,1478.23,131.29,244.76,16957531,0.042847662,5.3,1338731,0.315944112,12.12,12808.5734,0.08410365,40307.0,-0.079,61208.0,0.103141018,15608.27,4436.8984,365.089,102.4,7087.326,0.015,0.74,126874.0,1541.884366,0.646,0.354,0.977828439,57746.0,96.91260146,8.3,3.7,734697.6,100.1,1.6,5.7,7.3,11.3,9.7,234.0,19.1850455,98.8,98.6,98.1,43.3,94.3,55.2,99.3,0.4,76.7,6.1,7.61,662.3,198.42,107.62,78.97,58.75,47.04,41.44,33.49,,"16,765",1517.954545,85.5056,"93,08","25,47",61.0,92.8,7804.909725,41.9,707.0,286.0,,,10311.0,,0.44784,,398451.0,28.2,,46080.0,229294.8
1488,2014-01-28,107.1991,19566.5,2.1,405.9,485.5,113.465,20.182,16.8,34.8348,47.5881,107.41,0.13058092,71016.7,0.012794871,5.98,6.3,1332.51,1469.57,131.52,244.89,16957531,0.042847662,5.3,1338731,0.315944112,12.12,12808.5734,0.08410365,40307.0,-0.079,61208.0,0.103141018,15608.27,4436.8984,365.089,102.4,7087.326,0.015,0.74,126874.0,1541.884366,0.646,0.354,0.977828439,57746.0,96.91260146,8.3,3.7,734697.6,100.1,1.6,5.7,7.3,11.3,9.7,234.0,19.1850455,98.8,98.6,98.1,43.3,94.3,55.2,99.3,0.4,76.7,6.1,7.61,662.3,198.42,107.62,78.97,58.75,47.04,41.44,33.49,,"16,765",1517.954545,85.5056,"93,08","25,47",61.0,92.8,7804.909725,41.9,707.0,286.0,,,10311.0,,0.44784,,398451.0,28.2,,46080.0,229294.8
1489,2014-01-29,107.1991,19566.5,2.1,405.9,485.5,113.465,20.182,16.8,35.087,47.9363,107.85,0.13058092,71016.7,0.012794871,5.98,6.3,1308.0,1462.99,131.08,244.63,16957531,0.042847662,5.3,1338731,0.315944112,12.12,12808.5734,0.08410365,40307.0,-0.079,61208.0,0.103141018,15608.27,4436.8984,365.089,102.4,7087.326,0.015,0.74,126874.0,1541.884366,0.646,0.354,0.977828439,57746.0,96.91260146,8.3,3.7,734697.6,100.1,1.6,5.7,7.3,11.3,9.7,234.0,19.1850455,98.8,98.6,98.1,43.3,94.3,55.2,99.3,0.4,76.7,6.1,7.61,662.3,198.42,107.62,78.97,58.75,47.04,41.44,33.49,,"16,765",1517.954545,85.5056,"93,08","25,47",61.0,92.8,7804.909725,41.9,707.0,286.0,,,10311.0,,0.44784,,398451.0,28.2,,46080.0,229294.8
1490,2014-01-30,107.1991,19566.5,2.1,405.9,485.5,113.465,20.182,16.8,34.8651,47.2382,107.95,0.13058092,71016.7,0.012794871,5.98,6.3,1320.9,1463.2,130.17,244.48,16957531,0.042847662,5.3,1338731,0.315944112,12.12,12808.5734,0.08410365,40307.0,-0.079,61208.0,0.103141018,15608.27,4436.8984,365.089,102.4,7087.326,0.015,0.74,126874.0,1541.884366,0.646,0.354,0.977828439,57746.0,96.91260146,8.3,3.7,734697.6,100.1,1.6,5.7,7.3,11.3,9.7,234.0,19.1850455,98.8,98.6,98.1,43.3,94.3,55.2,99.3,0.4,76.7,6.1,7.61,662.3,198.42,107.62,78.97,58.75,47.04,41.44,33.49,,"16,765",1517.954545,85.5056,"93,08","25,47",61.0,92.8,7804.909725,41.9,707.0,286.0,,,10311.0,,0.44784,,398451.0,28.2,,46080.0,229294.8
1491,2014-01-31,107.1991,19566.5,2.1,405.9,485.5,113.465,20.182,16.8,35.1537,47.4571,106.4,0.13058092,71016.7,0.012794871,5.98,6.3,1301.02,1454.45,130.19,244.74,16957531,0.042847662,5.3,1338731,0.315944112,12.12,12808.5734,0.08410365,40307.0,-0.079,61208.0,0.103141018,15608.27,4436.8984,365.089,102.4,7087.326,0.015,0.74,126874.0,1541.884366,0.646,0.354,0.977828439,57746.0,96.91260146,8.3,3.7,734697.6,100.1,1.6,5.7,7.3,11.3,9.7,234.0,19.1850455,98.8,98.6,98.1,43.3,94.3,55.2,99.3,0.4,76.7,6.1,7.61,662.3,198.42,107.62,78.97,58.75,47.04,41.44,33.49,,"16,765",1517.954545,85.5056,"93,08","25,47",61.0,92.8,7804.909725,41.9,707.0,286.0,,,10311.0,,0.44784,,398451.0,28.2,,46080.0,229294.8
1492,2014-02-01,107.988,19566.5,2.1,408.3,487.7,113.465,20.634,16.8,35.1537,47.4571,106.4,0.075639889,71016.7,0.012794871,5.98,6.3,1301.02,1454.45,130.19,244.74,16689420,-0.015810733,5.09,79003,0.534873329,12.28,12808.5734,0.08410365,45474.0,-0.079,61208.0,0.103141018,15730.81,4436.8984,365.089,102.4,7087.326,0.015,0.74,126874.0,1541.884366,0.646,0.354,0.977828439,57746.0,96.91260146,8.3,3.7,734697.6,100.1,1.6,5.7,7.3,11.3,9.7,234.0,19.1850455,98.8,98.6,98.1,43.3,94.3,55.2,99.3,0.4,76.7,6.1,7.61,662.3,152.53,101.67,75.98,60.06,49.24,41.79,33.65,,"16,765",1517.954545,85.5056,"93,08","25,47",61.0,92.8,7804.909725,41.9,707.0,286.0,,,10311.0,,0.44784,,398451.0,28.2,,46080.0,229294.8
1493,2014-02-02,107.988,19566.5,2.1,408.3,487.7,113.465,20.634,16.8,35.1537,47.4571,106.4,0.075639889,71016.7,0.012794871,5.98,6.3,1301.02,1454.45,130.19,244.74,16689420,-0.015810733,5.09,79003,0.534873329,12.28,12808.5734,0.08410365,45474.0,-0.079,61208.0,0.103141018,15730.81,4436.8984,365.089,102.4,7087.326,0.015,0.74,126874.0,1541.884366,0.646,0.354,0.977828439,57746.0,96.91260146,8.3,3.7,734697.6,100.1,1.6,5.7,7.3,11.3,9.7,234.0,19.1850455,98.8,98.6,98.1,43.3,94.3,55.2,99.3,0.4,76.7,6.1,7.61,662.3,152.53,101.67,75.98,60.06,49.24,41.79,33.65,,"16,765",1517.954545,85.5056,"93,08","25,47",61.0,92.8,7804.909725,41.9,707.0,286.0,,,10311.0,,0.44784,,398451.0,28.2,,46080.0,229294.8
1494,2014-02-03,107.988,19566.5,2.1,408.3,487.7,113.465,20.634,16.8,35.4498,47.9384,106.04,0.075639889,71016.7,0.012794871,5.98,6.3,1293.2,1442.84,130.19,244.74,16689420,-0.015810733,5.09,79003,0.534873329,12.28,12808.5734,0.08410365,45474.0,-0.079,61208.0,0.103141018,15730.81,4436.8984,365.089,102.4,7087.326,0.015,0.74,126874.0,1541.884366,0.646,0.354,0.977828439,57746.0,96.91260146,8.3,3.7,734697.6,100.1,1.6,5.7,7.3,11.3,9.7,234.0,19.1850455,98.8,98.6,98.1,43.3,94.3,55.2,99.3,0.4,76.7,6.1,7.61,662.3,152.53,101.67,75.98,60.06,49.24,41.79,33.65,,"16,765",1517.954545,85.5056,"93,08","25,47",61.0,92.8,7804.909725,41.9,707.0,286.0,,,10311.0,,0.44784,,398451.0,28.2,,46080.0,229294.8
1495,2014-02-04,107.988,19566.5,2.1,408.3,487.7,113.465,20.634,16.8,35.0616,47.3554,105.78,0.075639889,71016.7,0.012794871,5.98,6.3,1291.82,1441.16,130.68,243.94,16689420,-0.015810733,5.09,79003,0.534873329,12.28,12808.5734,0.08410365,45474.0,-0.079,61208.0,0.103141018,15730.81,4436.8984,365.089,102.4,7087.326,0.015,0.74,126874.0,1541.884366,0.646,0.354,0.977828439,57746.0,96.91260146,8.3,3.7,734697.6,100.1,1.6,5.7,7.3,11.3,9.7,234.0,19.1850455,98.8,98.6,98.1,43.3,94.3,55.2,99.3,0.4,76.7,6.1,7.61,662.3,152.53,101.67,75.98,60.06,49.24,41.79,33.65,,"16,765",1517.954545,85.5056,"93,08","25,47",61.0,92.8,7804.909725,41.9,707.0,286.0,,,10311.0,,0.44784,,398451.0,28.2,,46080.0,229294.8
1496,2014-02-05,107.988,19566.5,2.1,408.3,487.7,113.465,20.634,16.8,34.9115,47.1981,106.25,0.075639889,71016.7,0.012794871,5.98,6.3,1317.5,1456.0,131.13,244.35,16689420,-0.015810733,5.09,79003,0.534873329,12.28,12808.5734,0.08410365,45474.0,-0.079,61208.0,0.103141018,15730.81,4436.8984,365.089,102.4,7087.326,0.015,0.74,126874.0,1541.884366,0.646,0.354,0.977828439,57746.0,96.91260146,8.3,3.7,734697.6,100.1,1.6,5.7,7.3,11.3,9.7,234.0,19.1850455,98.8,98.6,98.1,43.3,94.3,55.2,99.3,0.4,76.7,6.1,7.61,662.3,152.53,101.67,75.98,60.06,49.24,41.79,33.65,,"16,765",1517.954545,85.5056,"93,08","25,47",61.0,92.8,7804.909725,41.9,707.0,286.0,,,10311.0,,0.44784,,398451.0,28.2,,46080.0,229294.8
1497,2014-02-06,107.988,19566.5,2.1,408.3,487.7,113.465,20.634,16.8,34.6628,47.1554,107.19,0.075639889,71016.7,0.012794871,5.98,6.3,1330.28,1466.7,131.37,245.68,16689420,-0.015810733,5.09,79003,0.534873329,12.28,12808.5734,0.08410365,45474.0,-0.079,61208.0,0.103141018,15730.81,4436.8984,365.089,102.4,7087.326,0.015,0.74,126874.0,1541.884366,0.646,0.354,0.977828439,57746.0,96.91260146,8.3,3.7,734697.6,100.1,1.6,5.7,7.3,11.3,9.7,234.0,19.1850455,98.8,98.6,98.1,43.3,94.3,55.2,99.3,0.4,76.7,6.1,7.61,662.3,152.53,101.67,75.98,60.06,49.24,41.79,33.65,,"16,765",1517.954545,85.5056,"93,08","25,47",61.0,92.8,7804.909725,41.9,707.0,286.0,,,10311.0,,0.44784,,398451.0,28.2,,46080.0,229294.8
1498,2014-02-07,107.988,19566.5,2.1,408.3,487.7,113.465,20.634,16.8,34.7567,47.3184,109.57,0.075639889,71016.7,0.012794871,5.98,6.3,1341.49,1478.48,131.42,247.43,16689420,-0.015810733,5.09,79003,0.534873329,12.28,12808.5734,0.08410365,45474.0,-0.079,61208.0,0.103141018,15730.81,4436.8984,365.089,102.4,7087.326,0.015,0.74,126874.0,1541.884366,0.646,0.354,0.977828439,57746.0,96.91260146,8.3,3.7,734697.6,100.1,1.6,5.7,7.3,11.3,9.7,234.0,19.1850455,98.8,98.6,98.1,43.3,94.3,55.2,99.3,0.4,76.7,6.1,7.61,662.3,152.53,101.67,75.98,60.06,49.24,41.79,33.65,,"16,765",1517.954545,85.5056,"93,08","25,47",61.0,92.8,7804.909725,41.9,707.0,286.0,,,10311.0,,0.44784,,398451.0,28.2,,46080.0,229294.8
1499,2014-02-08,107.988,19566.5,2.1,408.3,487.7,113.465,20.634,16.8,34.7567,47.3184,109.57,0.075639889,71016.7,0.012794871,5.98,6.3,1341.49,1478.48,131.42,247.43,16689420,-0.015810733,5.09,79003,0.534873329,12.28,12808.5734,0.08410365,45474.0,-0.079,61208.0,0.103141018,15730.81,4436.8984,365.089,102.4,7087.326,0.015,0.74,126874.0,1541.884366,0.646,0.354,0.977828439,57746.0,96.91260146,8.3,3.7,734697.6,100.1,1.6,5.7,7.3,11.3,9.7,234.0,19.1850455,98.8,98.6,98.1,43.3,94.3,55.2,99.3,0.4,76.7,6.1,7.61,662.3,152.53,101.67,75.98,60.06,49.24,41.79,33.65,,"16,765",1517.954545,85.5056,"93,08","25,47",61.0,92.8,7804.909725,41.9,707.0,286.0,,,10311.0,,0.44784,,398451.0,28.2,,46080.0,229294.8
1500,2014-02-09,107.988,19566.5,2.1,408.3,487.7,113.465,20.634,16.8,34.7567,47.3184,109.57,0.075639889,71016.7,0.012794871,5.98,6.3,1341.49,1478.48,131.42,248.42,16689420,-0.015810733,5.09,79003,0.534873329,12.28,12808.5734,0.08410365,45474.0,-0.079,61208.0,0.103141018,15730.81,4436.8984,365.089,102.4,7087.326,0.015,0.74,126874.0,1541.884366,0.646,0.354,0.977828439,57746.0,96.91260146,8.3,3.7,734697.6,100.1,1.6,5.7,7.3,11.3,9.7,234.0,19.1850455,98.8,98.6,98.1,43.3,94.3,55.2,99.3,0.4,76.7,6.1,7.61,662.3,152.53,101.67,75.98,60.06,49.24,41.79,33.65,,"16,765",1517.954545,85.5056,"93,08","25,47",61.0,92.8,7804.909725,41.9,707.0,286.0,,,10311.0,,0.44784,,398451.0,28.2,,46080.0,229294.8
1501,2014-02-10,107.988,19566.5,2.1,408.3,487.7,113.465,20.634,16.8,34.7578,47.4226,108.63,0.075639889,71016.7,0.012794871,5.98,6.3,1336.02,1476.28,131.45,248.9,16689420,-0.015810733,5.09,79003,0.534873329,12.28,12808.5734,0.08410365,45474.0,-0.079,61208.0,0.103141018,15730.81,4436.8984,365.089,102.4,7087.326,0.015,0.74,126874.0,1541.884366,0.646,0.354,0.977828439,57746.0,96.91260146,8.3,3.7,734697.6,100.1,1.6,5.7,7.3,11.3,9.7,234.0,19.1850455,98.8,98.6,98.1,43.3,94.3,55.2,99.3,0.4,76.7,6.1,7.61,662.3,152.53,101.67,75.98,60.06,49.24,41.79,33.65,,"16,765",1517.954545,85.5056,"93,08","25,47",61.0,92.8,7804.909725,41.9,707.0,286.0,,,10311.0,,0.44784,,398451.0,28.2,,46080.0,229294.8
1502,2014-02-11,107.988,19566.5,2.1,408.3,487.7,113.465,20.634,16.8,34.738,47.4365,108.68,0.075639889,71016.7,0.012794871,5.98,6.3,1341.85,1483.57,131.4,248.9,16689420,-0.015810733,5.09,79003,0.534873329,12.28,12808.5734,0.08410365,45474.0,-0.079,61208.0,0.103141018,15730.81,4436.8984,365.089,102.4,7087.326,0.015,0.74,126874.0,1541.884366,0.646,0.354,0.977828439,57746.0,96.91260146,8.3,3.7,734697.6,100.1,1.6,5.7,7.3,11.3,9.7,234.0,19.1850455,98.8,98.6,98.1,43.3,94.3,55.2,99.3,0.4,76.7,6.1,7.61,662.3,152.53,101.67,75.98,60.06,49.24,41.79,33.65,,"16,765",1517.954545,85.5056,"93,08","25,47",61.0,92.8,7804.909725,41.9,707.0,286.0,,,10311.0,,0.44784,,398451.0,28.2,,46080.0,229294.8
1503,2014-02-12,107.988,19566.5,2.1,408.3,487.7,113.465,20.634,16.8,34.8296,47.3381,108.79,0.075639889,71016.7,0.012794871,5.98,6.3,1353.17,1496.03,131.45,242.89,16689420,-0.015810733,5.09,79003,0.534873329,12.28,12808.5734,0.08410365,45474.0,-0.079,61208.0,0.103141018,15730.81,4436.8984,365.089,102.4,7087.326,0.015,0.74,126874.0,1541.884366,0.646,0.354,0.977828439,57746.0,96.91260146,8.3,3.7,734697.6,100.1,1.6,5.7,7.3,11.3,9.7,234.0,19.1850455,98.8,98.6,98.1,43.3,94.3,55.2,99.3,0.4,76.7,6.1,7.61,662.3,152.53,101.67,75.98,60.06,49.24,41.79,33.65,,"16,765",1517.954545,85.5056,"93,08","25,47",61.0,92.8,7804.909725,41.9,707.0,286.0,,,10311.0,,0.44784,,398451.0,28.2,,46080.0,229294.8
1504,2014-02-13,107.988,19566.5,2.1,408.3,487.7,113.465,20.634,16.8,35.1693,48.0714,108.73,0.075639889,71016.7,0.012794871,5.98,6.3,1321.61,1478.62,131.2,245.54,16689420,-0.015810733,5.09,79003,0.534873329,12.28,12808.5734,0.08410365,45474.0,-0.079,61208.0,0.103141018,15730.81,4436.8984,365.089,102.4,7087.326,0.015,0.74,126874.0,1541.884366,0.646,0.354,0.977828439,57746.0,96.91260146,8.3,3.7,734697.6,100.1,1.6,5.7,7.3,11.3,9.7,234.0,19.1850455,98.8,98.6,98.1,43.3,94.3,55.2,99.3,0.4,76.7,6.1,7.61,662.3,152.53,101.67,75.98,60.06,49.24,41.79,33.65,,"16,765",1517.954545,85.5056,"93,08","25,47",61.0,92.8,7804.909725,41.9,707.0,286.0,,,10311.0,,0.44784,,398451.0,28.2,,46080.0,229294.8
1505,2014-02-14,107.988,19566.5,2.1,408.3,487.7,113.465,20.634,16.8,35.1651,48.1413,109.08,0.075639889,71016.7,0.012794871,5.98,6.3,1343.2,1496.18,131.13,245.65,16689420,-0.015810733,5.09,79003,0.534873329,12.28,12808.5734,0.08410365,45474.0,-0.079,61208.0,0.103141018,15730.81,4436.8984,365.089,102.4,7087.326,0.015,0.74,126874.0,1541.884366,0.646,0.354,0.977828439,57746.0,96.91260146,8.3,3.7,734697.6,100.1,1.6,5.7,7.3,11.3,9.7,234.0,19.1850455,98.8,98.6,98.1,43.3,94.3,55.2,99.3,0.4,76.7,6.1,7.61,662.3,152.53,101.67,75.98,60.06,49.24,41.79,33.65,,"16,765",1517.954545,85.5056,"93,08","25,47",61.0,92.8,7804.909725,41.9,707.0,286.0,,,10311.0,,0.44784,,398451.0,28.2,,46080.0,229294.8
1506,2014-02-15,107.988,19566.5,2.1,408.3,487.7,113.465,20.634,16.8,35.1651,48.1413,109.08,0.075639889,71016.7,0.012794871,5.98,6.3,1343.2,1496.18,131.13,245.65,16689420,-0.015810733,5.09,79003,0.534873329,12.28,12808.5734,0.08410365,45474.0,-0.079,61208.0,0.103141018,15730.81,4436.8984,365.089,102.4,7087.326,0.015,0.74,126874.0,1541.884366,0.646,0.354,0.977828439,57746.0,96.91260146,8.3,3.7,734697.6,100.1,1.6,5.7,7.3,11.3,9.7,234.0,19.1850455,98.8,98.6,98.1,43.3,94.3,55.2,99.3,0.4,76.7,6.1,7.61,662.3,152.53,101.67,75.98,60.06,49.24,41.79,33.65,,"16,765",1517.954545,85.5056,"93,08","25,47",61.0,92.8,7804.909725,41.9,707.0,286.0,,,10311.0,,0.44784,,398451.0,28.2,,46080.0,229294.8
1507,2014-02-16,107.988,19566.5,2.1,408.3,487.7,113.465,20.634,16.8,35.1651,48.1413,109.08,0.075639889,71016.7,0.012794871,5.98,6.3,1343.2,1496.18,131.13,245.65,16689420,-0.015810733,5.09,79003,0.534873329,12.28,12808.5734,0.08410365,45474.0,-0.079,61208.0,0.103141018,15730.81,4436.8984,365.089,102.4,7087.326,0.015,0.74,126874.0,1541.884366,0.646,0.354,0.977828439,57746.0,96.91260146,8.3,3.7,734697.6,100.1,1.6,5.7,7.3,11.3,9.7,234.0,19.1850455,98.8,98.6,98.1,43.3,94.3,55.2,99.3,0.4,76.7,6.1,7.61,662.3,152.53,101.67,75.98,60.06,49.24,41.79,33.65,,"16,765",1517.954545,85.5056,"93,08","25,47",61.0,92.8,7804.909725,41.9,707.0,286.0,,,10311.0,,0.44784,,398451.0,28.2,,46080.0,229294.8
1508,2014-02-17,107.988,19566.5,2.1,408.3,487.7,113.465,20.634,16.8,35.2477,48.3112,109.18,0.075639889,71016.7,0.012794871,5.98,6.3,1347.41,1507.49,131.21,245.75,16689420,-0.015810733,5.09,79003,0.534873329,12.28,12808.5734,0.08410365,45474.0,-0.079,61208.0,0.103141018,15730.81,4436.8984,365.089,102.4,7087.326,0.015,0.74,126874.0,1541.884366,0.646,0.354,0.977828439,57746.0,96.91260146,8.3,3.7,734697.6,100.1,1.6,5.7,7.3,11.3,9.7,234.0,19.1850455,98.8,98.6,98.1,43.3,94.3,55.2,99.3,0.4,76.7,6.1,7.61,662.3,152.53,101.67,75.98,60.06,49.24,41.79,33.65,,"16,765",1517.954545,85.5056,"93,08","25,47",61.0,92.8,7804.909725,41.9,707.0,286.0,,,10311.0,,0.44784,,398451.0,28.2,,46080.0,229294.8
1509,2014-02-18,107.988,19566.5,2.1,408.3,487.7,113.465,20.634,16.8,35.4425,48.7605,110.46,0.075639889,71016.7,0.012794871,5.98,6.3,1343.62,1504.24,131.0,245.72,16689420,-0.015810733,5.09,79003,0.534873329,12.28,12808.5734,0.08410365,45474.0,-0.079,61208.0,0.103141018,15730.81,4436.8984,365.089,102.4,7087.326,0.015,0.74,126874.0,1541.884366,0.646,0.354,0.977828439,57746.0,96.91260146,8.3,3.7,734697.6,100.1,1.6,5.7,7.3,11.3,9.7,234.0,19.1850455,98.8,98.6,98.1,43.3,94.3,55.2,99.3,0.4,76.7,6.1,7.61,662.3,152.53,101.67,75.98,60.06,49.24,41.79,33.65,,"16,765",1517.954545,85.5056,"93,08","25,47",61.0,92.8,7804.909725,41.9,707.0,286.0,,,10311.0,,0.44784,,398451.0,28.2,,46080.0,229294.8
1510,2014-02-19,107.988,19566.5,2.1,408.3,487.7,113.465,20.634,16.8,35.6545,49.0625,110.47,0.075639889,71016.7,0.012794871,5.98,6.3,1306.0,1485.6,130.33,245.72,16689420,-0.015810733,5.09,79003,0.534873329,12.28,12808.5734,0.08410365,45474.0,-0.079,61208.0,0.103141018,15730.81,4436.8984,365.089,102.4,7087.326,0.015,0.74,126874.0,1541.884366,0.646,0.354,0.977828439,57746.0,96.91260146,8.3,3.7,734697.6,100.1,1.6,5.7,7.3,11.3,9.7,234.0,19.1850455,98.8,98.6,98.1,43.3,94.3,55.2,99.3,0.4,76.7,6.1,7.61,662.3,152.53,101.67,75.98,60.06,49.24,41.79,33.65,,"16,765",1517.954545,85.5056,"93,08","25,47",61.0,92.8,7804.909725,41.9,707.0,286.0,,,10311.0,,0.44784,,398451.0,28.2,,46080.0,229294.8
1511,2014-02-20,107.988,19566.5,2.1,408.3,487.7,113.465,20.634,16.8,35.7781,48.9788,110.3,0.075639889,71016.7,0.012794871,5.98,6.3,1303.15,1480.99,130.2,245.7,16689420,-0.015810733,5.09,79003,0.534873329,12.28,12808.5734,0.08410365,45474.0,-0.079,61208.0,0.103141018,15730.81,4436.8984,365.089,102.4,7087.326,0.015,0.74,126874.0,1541.884366,0.646,0.354,0.977828439,57746.0,96.91260146,8.3,3.7,734697.6,100.1,1.6,5.7,7.3,11.3,9.7,234.0,19.1850455,98.8,98.6,98.1,43.3,94.3,55.2,99.3,0.4,76.7,6.1,7.61,662.3,152.53,101.67,75.98,60.06,49.24,41.79,33.65,,"16,765",1517.954545,85.5056,"93,08","25,47",61.0,92.8,7804.909725,41.9,707.0,286.0,,,10311.0,,0.44784,,398451.0,28.2,,46080.0,229294.8
1512,2014-02-21,107.988,19566.5,2.1,408.3,487.7,113.465,20.634,16.8,35.5325,48.7611,109.85,0.075639889,71016.7,0.012794871,5.98,6.3,1315.54,1487.64,130.23,245.75,16689420,-0.015810733,5.09,79003,0.534873329,12.28,12808.5734,0.08410365,45474.0,-0.079,61208.0,0.103141018,15730.81,4436.8984,365.089,102.4,7087.326,0.015,0.74,126874.0,1541.884366,0.646,0.354,0.977828439,57746.0,96.91260146,8.3,3.7,734697.6,100.1,1.6,5.7,7.3,11.3,9.7,234.0,19.1850455,98.8,98.6,98.1,43.3,94.3,55.2,99.3,0.4,76.7,6.1,7.61,662.3,152.53,101.67,75.98,60.06,49.24,41.79,33.65,,"16,765",1517.954545,85.5056,"93,08","25,47",61.0,92.8,7804.909725,41.9,707.0,286.0,,,10311.0,,0.44784,,398451.0,28.2,,46080.0,229294.8
1513,2014-02-22,107.988,19566.5,2.1,408.3,487.7,113.465,20.634,16.8,35.5325,48.7611,109.85,0.075639889,71016.7,0.012794871,5.98,6.3,1315.54,1487.64,130.23,245.75,16689420,-0.015810733,5.09,79003,0.534873329,12.28,12808.5734,0.08410365,45474.0,-0.079,61208.0,0.103141018,15730.81,4436.8984,365.089,102.4,7087.326,0.015,0.74,126874.0,1541.884366,0.646,0.354,0.977828439,57746.0,96.91260146,8.3,3.7,734697.6,100.1,1.6,5.7,7.3,11.3,9.7,234.0,19.1850455,98.8,98.6,98.1,43.3,94.3,55.2,99.3,0.4,76.7,6.1,7.61,662.3,152.53,101.67,75.98,60.06,49.24,41.79,33.65,,"16,765",1517.954545,85.5056,"93,08","25,47",61.0,92.8,7804.909725,41.9,707.0,286.0,,,10311.0,,0.44784,,398451.0,28.2,,46080.0,229294.8
1514,2014-02-23,107.988,19566.5,2.1,408.3,487.7,113.465,20.634,16.8,35.5325,48.7611,109.85,0.075639889,71016.7,0.012794871,5.98,6.3,1315.54,1487.64,130.23,245.75,16689420,-0.015810733,5.09,79003,0.534873329,12.28,12808.5734,0.08410365,45474.0,-0.079,61208.0,0.103141018,15730.81,4436.8984,365.089,102.4,7087.326,0.015,0.74,126874.0,1541.884366,0.646,0.354,0.977828439,57746.0,96.91260146,8.3,3.7,734697.6,100.1,1.6,5.7,7.3,11.3,9.7,234.0,19.1850455,98.8,98.6,98.1,43.3,94.3,55.2,99.3,0.4,76.7,6.1,7.61,662.3,152.53,101.67,75.98,60.06,49.24,41.79,33.65,,"16,765",1517.954545,85.5056,"93,08","25,47",61.0,92.8,7804.909725,41.9,707.0,286.0,,,10311.0,,0.44784,,398451.0,28.2,,46080.0,229294.8
1515,2014-02-24,107.988,19566.5,2.1,408.3,487.7,113.465,20.634,16.8,35.4719,48.7506,110.64,0.075639889,71016.7,0.012794871,5.98,6.3,1318.98,1489.01,130.45,245.96,16689420,-0.015810733,5.09,79003,0.534873329,12.28,12808.5734,0.08410365,45474.0,-0.079,61208.0,0.103141018,15730.81,4436.8984,365.089,102.4,7087.326,0.015,0.74,126874.0,1541.884366,0.646,0.354,0.977828439,57746.0,96.91260146,8.3,3.7,734697.6,100.1,1.6,5.7,7.3,11.3,9.7,234.0,19.1850455,98.8,98.6,98.1,43.3,94.3,55.2,99.3,0.4,76.7,6.1,7.61,662.3,152.53,101.67,75.98,60.06,49.24,41.79,33.65,,"16,765",1517.954545,85.5056,"93,08","25,47",61.0,92.8,7804.909725,41.9,707.0,286.0,,,10311.0,,0.44784,,398451.0,28.2,,46080.0,229294.8
1516,2014-02-25,107.988,19566.5,2.1,408.3,487.7,113.465,20.634,16.8,35.6699,49.0395,109.51,0.075639889,71016.7,0.012794871,5.98,6.3,1306.37,1478.64,130.45,246.01,16689420,-0.015810733,5.09,79003,0.534873329,12.28,12808.5734,0.08410365,45474.0,-0.079,61208.0,0.103141018,15730.81,4436.8984,365.089,102.4,7087.326,0.015,0.74,126874.0,1541.884366,0.646,0.354,0.977828439,57746.0,96.91260146,8.3,3.7,734697.6,100.1,1.6,5.7,7.3,11.3,9.7,234.0,19.1850455,98.8,98.6,98.1,43.3,94.3,55.2,99.3,0.4,76.7,6.1,7.61,662.3,152.53,101.67,75.98,60.06,49.24,41.79,33.65,,"16,765",1517.954545,85.5056,"93,08","25,47",61.0,92.8,7804.909725,41.9,707.0,286.0,,,10311.0,,0.44784,,398451.0,28.2,,46080.0,229294.8
1517,2014-02-26,107.988,19566.5,2.1,408.3,487.7,113.465,20.634,16.8,36.0197,49.2314,109.52,0.075639889,71016.7,0.012794871,5.98,6.3,1286.07,1469.51,129.78,245.84,16689420,-0.015810733,5.09,79003,0.534873329,12.28,12808.5734,0.08410365,45474.0,-0.079,61208.0,0.103141018,15730.81,4436.8984,365.089,102.4,7087.326,0.015,0.74,126874.0,1541.884366,0.646,0.354,0.977828439,57746.0,96.91260146,8.3,3.7,734697.6,100.1,1.6,5.7,7.3,11.3,9.7,234.0,19.1850455,98.8,98.6,98.1,43.3,94.3,55.2,99.3,0.4,76.7,6.1,7.61,662.3,152.53,101.67,75.98,60.06,49.24,41.79,33.65,,"16,765",1517.954545,85.5056,"93,08","25,47",61.0,92.8,7804.909725,41.9,707.0,286.0,,,10311.0,,0.44784,,398451.0,28.2,,46080.0,229294.8
1518,2014-02-27,107.988,19566.5,2.1,408.3,487.7,113.465,20.634,16.8,36.11,49.5557,108.96,0.075639889,71016.7,0.012794871,5.98,6.3,1260.95,1448.7,129.85,245.83,16689420,-0.015810733,5.09,79003,0.534873329,12.28,12808.5734,0.08410365,45474.0,-0.079,61208.0,0.103141018,15730.81,4436.8984,365.089,102.4,7087.326,0.015,0.74,126874.0,1541.884366,0.646,0.354,0.977828439,57746.0,96.91260146,8.3,3.7,734697.6,100.1,1.6,5.7,7.3,11.3,9.7,234.0,19.1850455,98.8,98.6,98.1,43.3,94.3,55.2,99.3,0.4,76.7,6.1,7.61,662.3,152.53,101.67,75.98,60.06,49.24,41.79,33.65,,"16,765",1517.954545,85.5056,"93,08","25,47",61.0,92.8,7804.909725,41.9,707.0,286.0,,,10311.0,,0.44784,,398451.0,28.2,,46080.0,229294.8
1519,2014-02-28,107.988,19566.5,2.1,408.3,487.7,113.465,20.634,16.8,35.8641,49.512,109.07,0.075639889,71016.7,0.012794871,5.98,6.3,1267.27,1444.71,129.87,245.99,16689420,-0.015810733,5.09,79003,0.534873329,12.28,12808.5734,0.08410365,45474.0,-0.079,61208.0,0.103141018,15730.81,4436.8984,365.089,102.4,7087.326,0.015,0.74,126874.0,1541.884366,0.646,0.354,0.977828439,57746.0,96.91260146,8.3,3.7,734697.6,100.1,1.6,5.7,7.3,11.3,9.7,234.0,19.1850455,98.8,98.6,98.1,43.3,94.3,55.2,99.3,0.4,76.7,6.1,7.61,662.3,152.53,101.67,75.98,60.06,49.24,41.79,33.65,,"16,765",1517.954545,85.5056,"93,08","25,47",61.0,92.8,7804.909725,41.9,707.0,286.0,,,10311.0,,0.44784,,398451.0,28.2,,46080.0,229294.8
1520,2014-03-01,106.8776,19566.5,2.1,411.2,485.6,113.465,13.698,16.8,35.8641,49.512,109.07,-0.236880223,71016.7,0.012794871,5.98,6.3,1267.27,1444.71,129.87,245.99,16908024,0.013098358,5.07,197265,0.501118619,12.29,12808.5734,0.08410365,46980.0,-0.079,61208.0,0.103141018,15916.88,4436.8984,365.089,102.4,7087.326,0.015,0.74,126874.0,1541.884366,0.646,0.354,0.977828439,57746.0,96.91260146,8.3,3.7,734697.6,100.1,1.6,5.7,7.3,11.3,9.7,234.0,19.1850455,98.8,98.6,98.1,43.3,94.3,55.2,99.3,0.4,76.7,6.1,7.61,662.3,146.41,96.63,75.02,55.3,49.75,41.91,33.26,,"16,765",1517.954545,85.5056,"93,08","25,47",61.0,92.8,7804.909725,41.9,707.0,286.0,,,10311.0,,0.44784,,398451.0,28.2,,46080.0,229294.8
1521,2014-03-02,106.8776,19566.5,2.1,411.2,485.6,113.465,13.698,16.8,35.8641,49.512,109.07,-0.236880223,71016.7,0.012794871,5.98,6.3,1267.27,1444.71,129.87,244.75,16908024,0.013098358,5.07,197265,0.501118619,12.29,12808.5734,0.08410365,46980.0,-0.079,61208.0,0.103141018,15916.88,4436.8984,365.089,102.4,7087.326,0.015,0.74,126874.0,1541.884366,0.646,0.354,0.977828439,57746.0,96.91260146,8.3,3.7,734697.6,100.1,1.6,5.7,7.3,11.3,9.7,234.0,19.1850455,98.8,98.6,98.1,43.3,94.3,55.2,99.3,0.4,76.7,6.1,7.61,662.3,146.41,96.63,75.02,55.3,49.75,41.91,33.26,,"16,765",1517.954545,85.5056,"93,08","25,47",61.0,92.8,7804.909725,41.9,707.0,286.0,,,10311.0,,0.44784,,398451.0,28.2,,46080.0,229294.8
1522,2014-03-03,106.8776,19566.5,2.1,411.2,485.6,113.465,13.698,16.8,36.5809,50.3445,111.2,-0.236880223,71016.7,0.012794871,5.98,6.3,1115.06,1288.81,128.17,244.77,16908024,0.013098358,5.07,197265,0.501118619,12.29,12808.5734,0.08410365,46980.0,-0.079,61208.0,0.103141018,15916.88,4436.8984,365.089,102.4,7087.326,0.015,0.74,126874.0,1541.884366,0.646,0.354,0.977828439,57746.0,96.91260146,8.3,3.7,734697.6,100.1,1.6,5.7,7.3,11.3,9.7,234.0,19.1850455,98.8,98.6,98.1,43.3,94.3,55.2,99.3,0.4,76.7,6.1,7.61,662.3,146.41,96.63,75.02,55.3,49.75,41.91,33.26,,"16,765",1517.954545,85.5056,"93,08","25,47",61.0,92.8,7804.909725,41.9,707.0,286.0,,,10311.0,,0.44784,,398451.0,28.2,,46080.0,229294.8
1523,2014-03-04,106.8776,19566.5,2.1,411.2,485.6,113.465,13.698,16.8,36.1033,49.5719,109.3,-0.236880223,71016.7,0.012794871,5.98,6.3,1184.22,1356.54,127.87,243.19,16908024,0.013098358,5.07,197265,0.501118619,12.29,12808.5734,0.08410365,46980.0,-0.079,61208.0,0.103141018,15916.88,4436.8984,365.089,102.4,7087.326,0.015,0.74,126874.0,1541.884366,0.646,0.354,0.977828439,57746.0,96.91260146,8.3,3.7,734697.6,100.1,1.6,5.7,7.3,11.3,9.7,234.0,19.1850455,98.8,98.6,98.1,43.3,94.3,55.2,99.3,0.4,76.7,6.1,7.61,662.3,146.41,96.63,75.02,55.3,49.75,41.91,33.26,,"16,765",1517.954545,85.5056,"93,08","25,47",61.0,92.8,7804.909725,41.9,707.0,286.0,,,10311.0,,0.44784,,398451.0,28.2,,46080.0,229294.8
1524,2014-03-05,106.8776,19566.5,2.1,411.2,485.6,113.465,13.698,16.8,36.1039,49.5878,107.76,-0.236880223,71016.7,0.012794871,5.98,6.3,1182.05,1351.11,128.27,243.19,16908024,0.013098358,5.07,197265,0.501118619,12.29,12808.5734,0.08410365,46980.0,-0.079,61208.0,0.103141018,15916.88,4436.8984,365.089,102.4,7087.326,0.015,0.74,126874.0,1541.884366,0.646,0.354,0.977828439,57746.0,96.91260146,8.3,3.7,734697.6,100.1,1.6,5.7,7.3,11.3,9.7,234.0,19.1850455,98.8,98.6,98.1,43.3,94.3,55.2,99.3,0.4,76.7,6.1,7.61,662.3,146.41,96.63,75.02,55.3,49.75,41.91,33.26,,"16,765",1517.954545,85.5056,"93,08","25,47",61.0,92.8,7804.909725,41.9,707.0,286.0,,,10311.0,,0.44784,,398451.0,28.2,,46080.0,229294.8
1525,2014-03-06,106.8776,19566.5,2.1,411.2,485.6,113.465,13.698,16.8,36.1806,50.1042,108.1,-0.236880223,71016.7,0.012794871,5.98,6.3,1164.63,1337.98,127.75,245.81,16908024,0.013098358,5.07,197265,0.501118619,12.29,12808.5734,0.08410365,46980.0,-0.079,61208.0,0.103141018,15916.88,4436.8984,365.089,102.4,7087.326,0.015,0.74,126874.0,1541.884366,0.646,0.354,0.977828439,57746.0,96.91260146,8.3,3.7,734697.6,100.1,1.6,5.7,7.3,11.3,9.7,234.0,19.1850455,98.8,98.6,98.1,43.3,94.3,55.2,99.3,0.4,76.7,6.1,7.61,662.3,146.41,96.63,75.02,55.3,49.75,41.91,33.26,,"16,765",1517.954545,85.5056,"93,08","25,47",61.0,92.8,7804.909725,41.9,707.0,286.0,,,10311.0,,0.44784,,398451.0,28.2,,46080.0,229294.8
1526,2014-03-07,106.8776,19566.5,2.1,411.2,485.6,113.465,13.698,16.8,36.4476,50.5413,109.0,-0.236880223,71016.7,0.012794871,5.98,6.3,1158.87,1339.36,127.36,247.19,16908024,0.013098358,5.07,197265,0.501118619,12.29,12808.5734,0.08410365,46980.0,-0.079,61208.0,0.103141018,15916.88,4436.8984,365.089,102.4,7087.326,0.015,0.74,126874.0,1541.884366,0.646,0.354,0.977828439,57746.0,96.91260146,8.3,3.7,734697.6,100.1,1.6,5.7,7.3,11.3,9.7,234.0,19.1850455,98.8,98.6,98.1,43.3,94.3,55.2,99.3,0.4,76.7,6.1,7.61,662.3,146.41,96.63,75.02,55.3,49.75,41.91,33.26,,"16,765",1517.954545,85.5056,"93,08","25,47",61.0,92.8,7804.909725,41.9,707.0,286.0,,,10311.0,,0.44784,,398451.0,28.2,,46080.0,229294.8
1527,2014-03-08,106.8776,19566.5,2.1,411.2,485.6,113.465,13.698,16.8,36.4476,50.5413,109.0,-0.236880223,71016.7,0.012794871,5.98,6.3,1158.87,1339.36,127.36,247.19,16908024,0.013098358,5.07,197265,0.501118619,12.29,12808.5734,0.08410365,46980.0,-0.079,61208.0,0.103141018,15916.88,4436.8984,365.089,102.4,7087.326,0.015,0.74,126874.0,1541.884366,0.646,0.354,0.977828439,57746.0,96.91260146,8.3,3.7,734697.6,100.1,1.6,5.7,7.3,11.3,9.7,234.0,19.1850455,98.8,98.6,98.1,43.3,94.3,55.2,99.3,0.4,76.7,6.1,7.61,662.3,146.41,96.63,75.02,55.3,49.75,41.91,33.26,,"16,765",1517.954545,85.5056,"93,08","25,47",61.0,92.8,7804.909725,41.9,707.0,286.0,,,10311.0,,0.44784,,398451.0,28.2,,46080.0,229294.8
1528,2014-03-09,106.8776,19566.5,2.1,411.2,485.6,113.465,13.698,16.8,36.4476,50.5413,109.0,-0.236880223,71016.7,0.012794871,5.98,6.3,1158.87,1339.36,127.36,248.46,16908024,0.013098358,5.07,197265,0.501118619,12.29,12808.5734,0.08410365,46980.0,-0.079,61208.0,0.103141018,15916.88,4436.8984,365.089,102.4,7087.326,0.015,0.74,126874.0,1541.884366,0.646,0.354,0.977828439,57746.0,96.91260146,8.3,3.7,734697.6,100.1,1.6,5.7,7.3,11.3,9.7,234.0,19.1850455,98.8,98.6,98.1,43.3,94.3,55.2,99.3,0.4,76.7,6.1,7.61,662.3,146.41,96.63,75.02,55.3,49.75,41.91,33.26,,"16,765",1517.954545,85.5056,"93,08","25,47",61.0,92.8,7804.909725,41.9,707.0,286.0,,,10311.0,,0.44784,,398451.0,28.2,,46080.0,229294.8
1529,2014-03-10,106.8776,19566.5,2.1,411.2,485.6,113.465,13.698,16.8,36.3512,50.4521,108.08,-0.236880223,71016.7,0.012794871,5.98,6.3,1158.87,1339.36,127.36,248.8,16908024,0.013098358,5.07,197265,0.501118619,12.29,12808.5734,0.08410365,46980.0,-0.079,61208.0,0.103141018,15916.88,4436.8984,365.089,102.4,7087.326,0.015,0.74,126874.0,1541.884366,0.646,0.354,0.977828439,57746.0,96.91260146,8.3,3.7,734697.6,100.1,1.6,5.7,7.3,11.3,9.7,234.0,19.1850455,98.8,98.6,98.1,43.3,94.3,55.2,99.3,0.4,76.7,6.1,7.61,662.3,146.41,96.63,75.02,55.3,49.75,41.91,33.26,,"16,765",1517.954545,85.5056,"93,08","25,47",61.0,92.8,7804.909725,41.9,707.0,286.0,,,10311.0,,0.44784,,398451.0,28.2,,46080.0,229294.8
1530,2014-03-11,106.8776,19566.5,2.1,411.2,485.6,113.465,13.698,16.8,36.5151,50.6103,108.55,-0.236880223,71016.7,0.012794871,5.98,6.3,1132.05,1308.7,126.87,247.0,16908024,0.013098358,5.07,197265,0.501118619,12.29,12808.5734,0.08410365,46980.0,-0.079,61208.0,0.103141018,15916.88,4436.8984,365.089,102.4,7087.326,0.015,0.74,126874.0,1541.884366,0.646,0.354,0.977828439,57746.0,96.91260146,8.3,3.7,734697.6,100.1,1.6,5.7,7.3,11.3,9.7,234.0,19.1850455,98.8,98.6,98.1,43.3,94.3,55.2,99.3,0.4,76.7,6.1,7.61,662.3,146.41,96.63,75.02,55.3,49.75,41.91,33.26,,"16,765",1517.954545,85.5056,"93,08","25,47",61.0,92.8,7804.909725,41.9,707.0,286.0,,,10311.0,,0.44784,,398451.0,28.2,,46080.0,229294.8
1531,2014-03-12,106.8776,19566.5,2.1,411.2,485.6,113.465,13.698,16.8,36.5047,50.7785,108.02,-0.236880223,71016.7,0.012794871,5.98,6.3,1100.14,1274.21,125.06,242.77,16908024,0.013098358,5.07,197265,0.501118619,12.29,12808.5734,0.08410365,46980.0,-0.079,61208.0,0.103141018,15916.88,4436.8984,365.089,102.4,7087.326,0.015,0.74,126874.0,1541.884366,0.646,0.354,0.977828439,57746.0,96.91260146,8.3,3.7,734697.6,100.1,1.6,5.7,7.3,11.3,9.7,234.0,19.1850455,98.8,98.6,98.1,43.3,94.3,55.2,99.3,0.4,76.7,6.1,7.61,662.3,146.41,96.63,75.02,55.3,49.75,41.91,33.26,,"16,765",1517.954545,85.5056,"93,08","25,47",61.0,92.8,7804.909725,41.9,707.0,286.0,,,10311.0,,0.44784,,398451.0,28.2,,46080.0,229294.8
1532,2014-03-13,106.8776,19566.5,2.1,411.2,485.6,113.465,13.698,16.8,36.5435,50.7765,107.39,-0.236880223,71016.7,0.012794871,5.98,6.3,1077.89,1248.56,124.25,242.52,16908024,0.013098358,5.07,197265,0.501118619,12.29,12808.5734,0.08410365,46980.0,-0.079,61208.0,0.103141018,15916.88,4436.8984,365.089,102.4,7087.326,0.015,0.74,126874.0,1541.884366,0.646,0.354,0.977828439,57746.0,96.91260146,8.3,3.7,734697.6,100.1,1.6,5.7,7.3,11.3,9.7,234.0,19.1850455,98.8,98.6,98.1,43.3,94.3,55.2,99.3,0.4,76.7,6.1,7.61,662.3,146.41,96.63,75.02,55.3,49.75,41.91,33.26,,"16,765",1517.954545,85.5056,"93,08","25,47",61.0,92.8,7804.909725,41.9,707.0,286.0,,,10311.0,,0.44784,,398451.0,28.2,,46080.0,229294.8
1533,2014-03-14,106.8776,19566.5,2.1,411.2,485.6,113.465,13.698,16.8,36.6326,50.9645,108.57,-0.236880223,71016.7,0.012794871,5.98,6.3,1062.47,1237.43,123.4,241.92,16908024,0.013098358,5.07,197265,0.501118619,12.29,12808.5734,0.08410365,46980.0,-0.079,61208.0,0.103141018,15916.88,4436.8984,365.089,102.4,7087.326,0.015,0.74,126874.0,1541.884366,0.646,0.354,0.977828439,57746.0,96.91260146,8.3,3.7,734697.6,100.1,1.6,5.7,7.3,11.3,9.7,234.0,19.1850455,98.8,98.6,98.1,43.3,94.3,55.2,99.3,0.4,76.7,6.1,7.61,662.3,146.41,96.63,75.02,55.3,49.75,41.91,33.26,,"16,765",1517.954545,85.5056,"93,08","25,47",61.0,92.8,7804.909725,41.9,707.0,286.0,,,10311.0,,0.44784,,398451.0,28.2,,46080.0,229294.8
1534,2014-03-15,106.8776,19566.5,2.1,411.2,485.6,113.465,13.698,16.8,36.6326,50.9645,108.57,-0.236880223,71016.7,0.012794871,5.98,6.3,1062.47,1237.43,123.4,241.92,16908024,0.013098358,5.07,197265,0.501118619,12.29,12808.5734,0.08410365,46980.0,-0.079,61208.0,0.103141018,15916.88,4436.8984,365.089,102.4,7087.326,0.015,0.74,126874.0,1541.884366,0.646,0.354,0.977828439,57746.0,96.91260146,8.3,3.7,734697.6,100.1,1.6,5.7,7.3,11.3,9.7,234.0,19.1850455,98.8,98.6,98.1,43.3,94.3,55.2,99.3,0.4,76.7,6.1,7.61,662.3,146.41,96.63,75.02,55.3,49.75,41.91,33.26,,"16,765",1517.954545,85.5056,"93,08","25,47",61.0,92.8,7804.909725,41.9,707.0,286.0,,,10311.0,,0.44784,,398451.0,28.2,,46080.0,229294.8
1535,2014-03-16,106.8776,19566.5,2.1,411.2,485.6,113.465,13.698,16.8,36.6326,50.9645,108.57,-0.236880223,71016.7,0.012794871,5.98,6.3,1062.47,1237.43,123.4,241.92,16908024,0.013098358,5.07,197265,0.501118619,12.29,12808.5734,0.08410365,46980.0,-0.079,61208.0,0.103141018,15916.88,4436.8984,365.089,102.4,7087.326,0.015,0.74,126874.0,1541.884366,0.646,0.354,0.977828439,57746.0,96.91260146,8.3,3.7,734697.6,100.1,1.6,5.7,7.3,11.3,9.7,234.0,19.1850455,98.8,98.6,98.1,43.3,94.3,55.2,99.3,0.4,76.7,6.1,7.61,662.3,146.41,96.63,75.02,55.3,49.75,41.91,33.26,,"16,765",1517.954545,85.5056,"93,08","25,47",61.0,92.8,7804.909725,41.9,707.0,286.0,,,10311.0,,0.44784,,398451.0,28.2,,46080.0,229294.8
1536,2014-03-17,106.8776,19566.5,2.1,411.2,485.6,113.465,13.698,16.8,36.2678,50.5015,106.24,-0.236880223,71016.7,0.012794871,5.98,6.3,1114.66,1283.7,124.39,242.18,16908024,0.013098358,5.07,197265,0.501118619,12.29,12808.5734,0.08410365,46980.0,-0.079,61208.0,0.103141018,15916.88,4436.8984,365.089,102.4,7087.326,0.015,0.74,126874.0,1541.884366,0.646,0.354,0.977828439,57746.0,96.91260146,8.3,3.7,734697.6,100.1,1.6,5.7,7.3,11.3,9.7,234.0,19.1850455,98.8,98.6,98.1,43.3,94.3,55.2,99.3,0.4,76.7,6.1,7.61,662.3,146.41,96.63,75.02,55.3,49.75,41.91,33.26,,"16,765",1517.954545,85.5056,"93,08","25,47",61.0,92.8,7804.909725,41.9,707.0,286.0,,,10311.0,,0.44784,,398451.0,28.2,,46080.0,229294.8
1537,2014-03-18,106.8776,19566.5,2.1,411.2,485.6,113.465,13.698,16.8,36.2463,50.4254,106.79,-0.236880223,71016.7,0.012794871,5.98,6.3,1161.26,1335.86,124.66,242.22,16908024,0.013098358,5.07,197265,0.501118619,12.29,12808.5734,0.08410365,46980.0,-0.079,61208.0,0.103141018,15916.88,4436.8984,365.089,102.4,7087.326,0.015,0.74,126874.0,1541.884366,0.646,0.354,0.977828439,57746.0,96.91260146,8.3,3.7,734697.6,100.1,1.6,5.7,7.3,11.3,9.7,234.0,19.1850455,98.8,98.6,98.1,43.3,94.3,55.2,99.3,0.4,76.7,6.1,7.61,662.3,146.41,96.63,75.02,55.3,49.75,41.91,33.26,,"16,765",1517.954545,85.5056,"93,08","25,47",61.0,92.8,7804.909725,41.9,707.0,286.0,,,10311.0,,0.44784,,398451.0,28.2,,46080.0,229294.8
1538,2014-03-19,106.8776,19566.5,2.1,411.2,485.6,113.465,13.698,16.8,35.9645,50.0488,105.85,-0.236880223,71016.7,0.012794871,5.98,6.3,1155.81,1319.02,124.9,242.57,16908024,0.013098358,5.07,197265,0.501118619,12.29,12808.5734,0.08410365,46980.0,-0.079,61208.0,0.103141018,15916.88,4436.8984,365.089,102.4,7087.326,0.015,0.74,126874.0,1541.884366,0.646,0.354,0.977828439,57746.0,96.91260146,8.3,3.7,734697.6,100.1,1.6,5.7,7.3,11.3,9.7,234.0,19.1850455,98.8,98.6,98.1,43.3,94.3,55.2,99.3,0.4,76.7,6.1,7.61,662.3,146.41,96.63,75.02,55.3,49.75,41.91,33.26,,"16,765",1517.954545,85.5056,"93,08","25,47",61.0,92.8,7804.909725,41.9,707.0,286.0,,,10311.0,,0.44784,,398451.0,28.2,,46080.0,229294.8
1539,2014-03-20,106.8776,19566.5,2.1,411.2,485.6,113.465,13.698,16.8,36.1726,49.8735,106.45,-0.236880223,71016.7,0.012794871,5.98,6.3,1150.82,1320.5,124.71,242.22,16908024,0.013098358,5.07,197265,0.501118619,12.29,12808.5734,0.08410365,46980.0,-0.079,61208.0,0.103141018,15916.88,4436.8984,365.089,102.4,7087.326,0.015,0.74,126874.0,1541.884366,0.646,0.354,0.977828439,57746.0,96.91260146,8.3,3.7,734697.6,100.1,1.6,5.7,7.3,11.3,9.7,234.0,19.1850455,98.8,98.6,98.1,43.3,94.3,55.2,99.3,0.4,76.7,6.1,7.61,662.3,146.41,96.63,75.02,55.3,49.75,41.91,33.26,,"16,765",1517.954545,85.5056,"93,08","25,47",61.0,92.8,7804.909725,41.9,707.0,286.0,,,10311.0,,0.44784,,398451.0,28.2,,46080.0,229294.8
1540,2014-03-21,106.8776,19566.5,2.1,411.2,485.6,113.465,13.698,16.8,36.243,50.0104,106.92,-0.236880223,71016.7,0.012794871,5.98,6.3,1136.21,1307.34,124.22,242.1,16908024,0.013098358,5.07,197265,0.501118619,12.29,12808.5734,0.08410365,46980.0,-0.079,61208.0,0.103141018,15916.88,4436.8984,365.089,102.4,7087.326,0.015,0.74,126874.0,1541.884366,0.646,0.354,0.977828439,57746.0,96.91260146,8.3,3.7,734697.6,100.1,1.6,5.7,7.3,11.3,9.7,234.0,19.1850455,98.8,98.6,98.1,43.3,94.3,55.2,99.3,0.4,76.7,6.1,7.61,662.3,146.41,96.63,75.02,55.3,49.75,41.91,33.26,,"16,765",1517.954545,85.5056,"93,08","25,47",61.0,92.8,7804.909725,41.9,707.0,286.0,,,10311.0,,0.44784,,398451.0,28.2,,46080.0,229294.8
1541,2014-03-22,106.8776,19566.5,2.1,411.2,485.6,113.465,13.698,16.8,36.243,50.0104,106.92,-0.236880223,71016.7,0.012794871,5.98,6.3,1136.21,1307.34,124.22,242.1,16908024,0.013098358,5.07,197265,0.501118619,12.29,12808.5734,0.08410365,46980.0,-0.079,61208.0,0.103141018,15916.88,4436.8984,365.089,102.4,7087.326,0.015,0.74,126874.0,1541.884366,0.646,0.354,0.977828439,57746.0,96.91260146,8.3,3.7,734697.6,100.1,1.6,5.7,7.3,11.3,9.7,234.0,19.1850455,98.8,98.6,98.1,43.3,94.3,55.2,99.3,0.4,76.7,6.1,7.61,662.3,146.41,96.63,75.02,55.3,49.75,41.91,33.26,,"16,765",1517.954545,85.5056,"93,08","25,47",61.0,92.8,7804.909725,41.9,707.0,286.0,,,10311.0,,0.44784,,398451.0,28.2,,46080.0,229294.8
1542,2014-03-23,106.8776,19566.5,2.1,411.2,485.6,113.465,13.698,16.8,36.243,50.0104,106.92,-0.236880223,71016.7,0.012794871,5.98,6.3,1136.21,1307.34,124.22,242.1,16908024,0.013098358,5.07,197265,0.501118619,12.29,12808.5734,0.08410365,46980.0,-0.079,61208.0,0.103141018,15916.88,4436.8984,365.089,102.4,7087.326,0.015,0.74,126874.0,1541.884366,0.646,0.354,0.977828439,57746.0,96.91260146,8.3,3.7,734697.6,100.1,1.6,5.7,7.3,11.3,9.7,234.0,19.1850455,98.8,98.6,98.1,43.3,94.3,55.2,99.3,0.4,76.7,6.1,7.61,662.3,146.41,96.63,75.02,55.3,49.75,41.91,33.26,,"16,765",1517.954545,85.5056,"93,08","25,47",61.0,92.8,7804.909725,41.9,707.0,286.0,,,10311.0,,0.44784,,398451.0,28.2,,46080.0,229294.8
1543,2014-03-24,106.8776,19566.5,2.1,411.2,485.6,113.465,13.698,16.8,36.1211,49.8,106.81,-0.236880223,71016.7,0.012794871,5.98,6.3,1131.6,1297.91,124.4,242.2,16908024,0.013098358,5.07,197265,0.501118619,12.29,12808.5734,0.08410365,46980.0,-0.079,61208.0,0.103141018,15916.88,4436.8984,365.089,102.4,7087.326,0.015,0.74,126874.0,1541.884366,0.646,0.354,0.977828439,57746.0,96.91260146,8.3,3.7,734697.6,100.1,1.6,5.7,7.3,11.3,9.7,234.0,19.1850455,98.8,98.6,98.1,43.3,94.3,55.2,99.3,0.4,76.7,6.1,7.61,662.3,146.41,96.63,75.02,55.3,49.75,41.91,33.26,,"16,765",1517.954545,85.5056,"93,08","25,47",61.0,92.8,7804.909725,41.9,707.0,286.0,,,10311.0,,0.44784,,398451.0,28.2,,46080.0,229294.8
1544,2014-03-25,106.8776,19566.5,2.1,411.2,485.6,113.465,13.698,16.8,35.5995,49.1293,106.99,-0.236880223,71016.7,0.012794871,5.98,6.3,1170.2,1324.44,125.15,242.58,16908024,0.013098358,5.07,197265,0.501118619,12.29,12808.5734,0.08410365,46980.0,-0.079,61208.0,0.103141018,15916.88,4436.8984,365.089,102.4,7087.326,0.015,0.74,126874.0,1541.884366,0.646,0.354,0.977828439,57746.0,96.91260146,8.3,3.7,734697.6,100.1,1.6,5.7,7.3,11.3,9.7,234.0,19.1850455,98.8,98.6,98.1,43.3,94.3,55.2,99.3,0.4,76.7,6.1,7.61,662.3,146.41,96.63,75.02,55.3,49.75,41.91,33.26,,"16,765",1517.954545,85.5056,"93,08","25,47",61.0,92.8,7804.909725,41.9,707.0,286.0,,,10311.0,,0.44784,,398451.0,28.2,,46080.0,229294.8
1545,2014-03-26,106.8776,19566.5,2.1,411.2,485.6,113.465,13.698,16.8,35.5279,48.9795,107.03,-0.236880223,71016.7,0.012794871,5.98,6.3,1198.89,1349.39,125.96,242.24,16908024,0.013098358,5.07,197265,0.501118619,12.29,12808.5734,0.08410365,46980.0,-0.079,61208.0,0.103141018,15916.88,4436.8984,365.089,102.4,7087.326,0.015,0.74,126874.0,1541.884366,0.646,0.354,0.977828439,57746.0,96.91260146,8.3,3.7,734697.6,100.1,1.6,5.7,7.3,11.3,9.7,234.0,19.1850455,98.8,98.6,98.1,43.3,94.3,55.2,99.3,0.4,76.7,6.1,7.61,662.3,146.41,96.63,75.02,55.3,49.75,41.91,33.26,,"16,765",1517.954545,85.5056,"93,08","25,47",61.0,92.8,7804.909725,41.9,707.0,286.0,,,10311.0,,0.44784,,398451.0,28.2,,46080.0,229294.8
1546,2014-03-27,106.8776,19566.5,2.1,411.2,485.6,113.465,13.698,16.8,35.6218,48.9597,107.83,-0.236880223,71016.7,0.012794871,5.98,6.3,1179.47,1331.93,125.67,242.15,16908024,0.013098358,5.07,197265,0.501118619,12.29,12808.5734,0.08410365,46980.0,-0.079,61208.0,0.103141018,15916.88,4436.8984,365.089,102.4,7087.326,0.015,0.74,126874.0,1541.884366,0.646,0.354,0.977828439,57746.0,96.91260146,8.3,3.7,734697.6,100.1,1.6,5.7,7.3,11.3,9.7,234.0,19.1850455,98.8,98.6,98.1,43.3,94.3,55.2,99.3,0.4,76.7,6.1,7.61,662.3,146.41,96.63,75.02,55.3,49.75,41.91,33.26,,"16,765",1517.954545,85.5056,"93,08","25,47",61.0,92.8,7804.909725,41.9,707.0,286.0,,,10311.0,,0.44784,,398451.0,28.2,,46080.0,229294.8
1547,2014-03-28,106.8776,19566.5,2.1,411.2,485.6,113.465,13.698,16.8,35.7626,49.1647,108.07,-0.236880223,71016.7,0.012794871,5.98,6.3,1186.28,1344.12,125.74,242.6,16908024,0.013098358,5.07,197265,0.501118619,12.29,12808.5734,0.08410365,46980.0,-0.079,61208.0,0.103141018,15916.88,4436.8984,365.089,102.4,7087.326,0.015,0.74,126874.0,1541.884366,0.646,0.354,0.977828439,57746.0,96.91260146,8.3,3.7,734697.6,100.1,1.6,5.7,7.3,11.3,9.7,234.0,19.1850455,98.8,98.6,98.1,43.3,94.3,55.2,99.3,0.4,76.7,6.1,7.61,662.3,146.41,96.63,75.02,55.3,49.75,41.91,33.26,,"16,765",1517.954545,85.5056,"93,08","25,47",61.0,92.8,7804.909725,41.9,707.0,286.0,,,10311.0,,0.44784,,398451.0,28.2,,46080.0,229294.8
1548,2014-03-29,106.8776,19566.5,2.1,411.2,485.6,113.465,13.698,16.8,35.7626,49.1647,108.07,-0.236880223,71016.7,0.012794871,5.98,6.3,1186.28,1344.12,125.74,242.6,16908024,0.013098358,5.07,197265,0.501118619,12.29,12808.5734,0.08410365,46980.0,-0.079,61208.0,0.103141018,15916.88,4436.8984,365.089,102.4,7087.326,0.015,0.74,126874.0,1541.884366,0.646,0.354,0.977828439,57746.0,96.91260146,8.3,3.7,734697.6,100.1,1.6,5.7,7.3,11.3,9.7,234.0,19.1850455,98.8,98.6,98.1,43.3,94.3,55.2,99.3,0.4,76.7,6.1,7.61,662.3,146.41,96.63,75.02,55.3,49.75,41.91,33.26,,"16,765",1517.954545,85.5056,"93,08","25,47",61.0,92.8,7804.909725,41.9,707.0,286.0,,,10311.0,,0.44784,,398451.0,28.2,,46080.0,229294.8
1549,2014-03-30,106.8776,19566.5,2.1,411.2,485.6,113.465,13.698,16.8,35.7626,49.1647,108.07,-0.236880223,71016.7,0.012794871,5.98,6.3,1186.28,1344.12,125.74,242.6,16908024,0.013098358,5.07,197265,0.501118619,12.29,12808.5734,0.08410365,46980.0,-0.079,61208.0,0.103141018,15916.88,4436.8984,365.089,102.4,7087.326,0.015,0.74,126874.0,1541.884366,0.646,0.354,0.977828439,57746.0,96.91260146,8.3,3.7,734697.6,100.1,1.6,5.7,7.3,11.3,9.7,234.0,19.1850455,98.8,98.6,98.1,43.3,94.3,55.2,99.3,0.4,76.7,6.1,7.61,662.3,146.41,96.63,75.02,55.3,49.75,41.91,33.26,,"16,765",1517.954545,85.5056,"93,08","25,47",61.0,92.8,7804.909725,41.9,707.0,286.0,,,10311.0,,0.44784,,398451.0,28.2,,46080.0,229294.8
1550,2014-03-31,106.8776,19566.5,2.1,411.2,485.6,113.465,13.698,16.8,35.1734,48.4412,107.76,-0.236880223,71016.7,0.012794871,5.98,6.3,1226.1,1369.29,126.83,244.02,16908024,0.013098358,5.07,197265,0.501118619,12.29,12808.5734,0.08410365,46980.0,-0.079,61208.0,0.103141018,15916.88,4436.8984,365.089,102.4,7087.326,0.015,0.74,126874.0,1541.884366,0.646,0.354,0.977828439,57746.0,96.91260146,8.3,3.7,734697.6,100.1,1.6,5.7,7.3,11.3,9.7,234.0,19.1850455,98.8,98.6,98.1,43.3,94.3,55.2,99.3,0.4,76.7,6.1,7.61,662.3,146.41,96.63,75.02,55.3,49.75,41.91,33.26,,"16,765",1517.954545,85.5056,"93,08","25,47",61.0,92.8,7804.909725,41.9,707.0,286.0,,,10311.0,,0.44784,,398451.0,28.2,,46080.0,229294.8
1551,2014-04-01,107.076,17138.9,0.6,415.3,496.6,113.465,21.449,47.5,35.0797,48.4012,105.62,0.169775305,71016.7,0.012794871,6.22,6.18,1235.74,1375.73,127.51,244.02,16563850,-0.020355661,5.18,333115,0.485562022,11.97,12808.5734,0.08410365,53510.0,-0.079,61208.0,0.103141018,16041.58,4436.8984,365.089,102.4,7087.326,0.015,0.74,126874.0,1541.884366,0.646,0.354,0.977828439,57746.0,96.91260146,8.3,3.7,734697.6,100.1,1.6,5.7,7.3,11.3,9.7,234.0,19.1850455,98.8,98.6,98.1,43.3,94.3,55.2,99.3,0.4,76.7,6.1,7.61,662.3,174.22,101.15,74.26,59.19,49.32,40.95,32.96,,"16,765",1517.954545,85.5056,"93,08","25,47",61.0,92.8,7804.909725,41.9,707.0,286.0,,,10311.0,,0.44784,,398451.0,28.2,,46080.0,229294.8
1552,2014-04-02,107.076,17138.9,0.6,415.3,496.6,113.465,21.449,47.5,35.418,48.7601,104.79,0.169775305,71016.7,0.012794871,6.22,6.18,1222.47,1373.33,126.38,244.79,16563850,-0.020355661,5.18,333115,0.485562022,11.97,12808.5734,0.08410365,53510.0,-0.079,61208.0,0.103141018,16041.58,4436.8984,365.089,102.4,7087.326,0.015,0.74,126874.0,1541.884366,0.646,0.354,0.977828439,57746.0,96.91260146,8.3,3.7,734697.6,100.1,1.6,5.7,7.3,11.3,9.7,234.0,19.1850455,98.8,98.6,98.1,43.3,94.3,55.2,99.3,0.4,76.7,6.1,7.61,662.3,174.22,101.15,74.26,59.19,49.32,40.95,32.96,,"16,765",1517.954545,85.5056,"93,08","25,47",61.0,92.8,7804.909725,41.9,707.0,286.0,,,10311.0,,0.44784,,398451.0,28.2,,46080.0,229294.8
1553,2014-04-03,107.076,17138.9,0.6,415.3,496.6,113.465,21.449,47.5,35.5767,48.8144,106.15,0.169775305,71016.7,0.012794871,6.22,6.18,1210.71,1366.04,126.41,244.35,16563850,-0.020355661,5.18,333115,0.485562022,11.97,12808.5734,0.08410365,53510.0,-0.079,61208.0,0.103141018,16041.58,4436.8984,365.089,102.4,7087.326,0.015,0.74,126874.0,1541.884366,0.646,0.354,0.977828439,57746.0,96.91260146,8.3,3.7,734697.6,100.1,1.6,5.7,7.3,11.3,9.7,234.0,19.1850455,98.8,98.6,98.1,43.3,94.3,55.2,99.3,0.4,76.7,6.1,7.61,662.3,174.22,101.15,74.26,59.19,49.32,40.95,32.96,,"16,765",1517.954545,85.5056,"93,08","25,47",61.0,92.8,7804.909725,41.9,707.0,286.0,,,10311.0,,0.44784,,398451.0,28.2,,46080.0,229294.8
1554,2014-04-04,107.076,17138.9,0.6,415.3,496.6,113.465,21.449,47.5,35.2722,48.3414,106.72,0.169775305,71016.7,0.012794871,6.22,6.18,1233.93,1382.41,126.89,242.92,16563850,-0.020355661,5.18,333115,0.485562022,11.97,12808.5734,0.08410365,53510.0,-0.079,61208.0,0.103141018,16041.58,4436.8984,365.089,102.4,7087.326,0.015,0.74,126874.0,1541.884366,0.646,0.354,0.977828439,57746.0,96.91260146,8.3,3.7,734697.6,100.1,1.6,5.7,7.3,11.3,9.7,234.0,19.1850455,98.8,98.6,98.1,43.3,94.3,55.2,99.3,0.4,76.7,6.1,7.61,662.3,174.22,101.15,74.26,59.19,49.32,40.95,32.96,,"16,765",1517.954545,85.5056,"93,08","25,47",61.0,92.8,7804.909725,41.9,707.0,286.0,,,10311.0,,0.44784,,398451.0,28.2,,46080.0,229294.8
1555,2014-04-05,107.076,17138.9,0.6,415.3,496.6,113.465,21.449,47.5,35.2722,48.3414,106.72,0.169775305,71016.7,0.012794871,6.22,6.18,1233.93,1382.41,126.89,242.92,16563850,-0.020355661,5.18,333115,0.485562022,11.97,12808.5734,0.08410365,53510.0,-0.079,61208.0,0.103141018,16041.58,4436.8984,365.089,102.4,7087.326,0.015,0.74,126874.0,1541.884366,0.646,0.354,0.977828439,57746.0,96.91260146,8.3,3.7,734697.6,100.1,1.6,5.7,7.3,11.3,9.7,234.0,19.1850455,98.8,98.6,98.1,43.3,94.3,55.2,99.3,0.4,76.7,6.1,7.61,662.3,174.22,101.15,74.26,59.19,49.32,40.95,32.96,,"16,765",1517.954545,85.5056,"93,08","25,47",61.0,92.8,7804.909725,41.9,707.0,286.0,,,10311.0,,0.44784,,398451.0,28.2,,46080.0,229294.8
1556,2014-04-06,107.076,17138.9,0.6,415.3,496.6,113.465,21.449,47.5,35.2722,48.3414,106.72,0.169775305,71016.7,0.012794871,6.22,6.18,1233.93,1382.41,126.89,245.81,16563850,-0.020355661,5.18,333115,0.485562022,11.97,12808.5734,0.08410365,53510.0,-0.079,61208.0,0.103141018,16041.58,4436.8984,365.089,102.4,7087.326,0.015,0.74,126874.0,1541.884366,0.646,0.354,0.977828439,57746.0,96.91260146,8.3,3.7,734697.6,100.1,1.6,5.7,7.3,11.3,9.7,234.0,19.1850455,98.8,98.6,98.1,43.3,94.3,55.2,99.3,0.4,76.7,6.1,7.61,662.3,174.22,101.15,74.26,59.19,49.32,40.95,32.96,,"16,765",1517.954545,85.5056,"93,08","25,47",61.0,92.8,7804.909725,41.9,707.0,286.0,,,10311.0,,0.44784,,398451.0,28.2,,46080.0,229294.8
1557,2014-04-07,107.076,17138.9,0.6,415.3,496.6,113.465,21.449,47.5,35.6383,48.964,105.82,0.169775305,71016.7,0.012794871,6.22,6.18,1193.78,1349.79,126.61,246.9,16563850,-0.020355661,5.18,333115,0.485562022,11.97,12808.5734,0.08410365,53510.0,-0.079,61208.0,0.103141018,16041.58,4436.8984,365.089,102.4,7087.326,0.015,0.74,126874.0,1541.884366,0.646,0.354,0.977828439,57746.0,96.91260146,8.3,3.7,734697.6,100.1,1.6,5.7,7.3,11.3,9.7,234.0,19.1850455,98.8,98.6,98.1,43.3,94.3,55.2,99.3,0.4,76.7,6.1,7.61,662.3,174.22,101.15,74.26,59.19,49.32,40.95,32.96,,"16,765",1517.954545,85.5056,"93,08","25,47",61.0,92.8,7804.909725,41.9,707.0,286.0,,,10311.0,,0.44784,,398451.0,28.2,,46080.0,229294.8
1558,2014-04-08,107.076,17138.9,0.6,415.3,496.6,113.465,21.449,47.5,35.6783,49.2231,107.67,0.169775305,71016.7,0.012794871,6.22,6.18,1195.71,1352.33,126.82,247.69,16563850,-0.020355661,5.18,333115,0.485562022,11.97,12808.5734,0.08410365,53510.0,-0.079,61208.0,0.103141018,16041.58,4436.8984,365.089,102.4,7087.326,0.015,0.74,126874.0,1541.884366,0.646,0.354,0.977828439,57746.0,96.91260146,8.3,3.7,734697.6,100.1,1.6,5.7,7.3,11.3,9.7,234.0,19.1850455,98.8,98.6,98.1,43.3,94.3,55.2,99.3,0.4,76.7,6.1,7.61,662.3,174.22,101.15,74.26,59.19,49.32,40.95,32.96,,"16,765",1517.954545,85.5056,"93,08","25,47",61.0,92.8,7804.909725,41.9,707.0,286.0,,,10311.0,,0.44784,,398451.0,28.2,,46080.0,229294.8
1559,2014-04-09,107.076,17138.9,0.6,415.3,496.6,113.465,21.449,47.5,35.6511,49.2324,107.98,0.169775305,71016.7,0.012794871,6.22,6.18,1190.13,1348.85,126.9,248.57,16563850,-0.020355661,5.18,333115,0.485562022,11.97,12808.5734,0.08410365,53510.0,-0.079,61208.0,0.103141018,16041.58,4436.8984,365.089,102.4,7087.326,0.015,0.74,126874.0,1541.884366,0.646,0.354,0.977828439,57746.0,96.91260146,8.3,3.7,734697.6,100.1,1.6,5.7,7.3,11.3,9.7,234.0,19.1850455,98.8,98.6,98.1,43.3,94.3,55.2,99.3,0.4,76.7,6.1,7.61,662.3,174.22,101.15,74.26,59.19,49.32,40.95,32.96,,"16,765",1517.954545,85.5056,"93,08","25,47",61.0,92.8,7804.909725,41.9,707.0,286.0,,,10311.0,,0.44784,,398451.0,28.2,,46080.0,229294.8
1560,2014-04-10,107.076,17138.9,0.6,415.3,496.6,113.465,21.449,47.5,35.5219,49.3292,107.46,0.169775305,71016.7,0.012794871,6.22,6.18,1213.46,1367.71,127.14,248.57,16563850,-0.020355661,5.18,333115,0.485562022,11.97,12808.5734,0.08410365,53510.0,-0.079,61208.0,0.103141018,16041.58,4436.8984,365.089,102.4,7087.326,0.015,0.74,126874.0,1541.884366,0.646,0.354,0.977828439,57746.0,96.91260146,8.3,3.7,734697.6,100.1,1.6,5.7,7.3,11.3,9.7,234.0,19.1850455,98.8,98.6,98.1,43.3,94.3,55.2,99.3,0.4,76.7,6.1,7.61,662.3,174.22,101.15,74.26,59.19,49.32,40.95,32.96,,"16,765",1517.954545,85.5056,"93,08","25,47",61.0,92.8,7804.909725,41.9,707.0,286.0,,,10311.0,,0.44784,,398451.0,28.2,,46080.0,229294.8
1561,2014-04-11,107.076,17138.9,0.6,415.3,496.6,113.465,21.449,47.5,35.644,49.5351,107.33,0.169775305,71016.7,0.012794871,6.22,6.18,1204.07,1362.4,127.2,248.57,16563850,-0.020355661,5.18,333115,0.485562022,11.97,12808.5734,0.08410365,53510.0,-0.079,61208.0,0.103141018,16041.58,4436.8984,365.089,102.4,7087.326,0.015,0.74,126874.0,1541.884366,0.646,0.354,0.977828439,57746.0,96.91260146,8.3,3.7,734697.6,100.1,1.6,5.7,7.3,11.3,9.7,234.0,19.1850455,98.8,98.6,98.1,43.3,94.3,55.2,99.3,0.4,76.7,6.1,7.61,662.3,174.22,101.15,74.26,59.19,49.32,40.95,32.96,,"16,765",1517.954545,85.5056,"93,08","25,47",61.0,92.8,7804.909725,41.9,707.0,286.0,,,10311.0,,0.44784,,398451.0,28.2,,46080.0,229294.8
1562,2014-04-12,107.076,17138.9,0.6,415.3,496.6,113.465,21.449,47.5,35.644,49.5351,107.33,0.169775305,71016.7,0.012794871,6.22,6.18,1204.07,1362.4,127.2,242.35,16563850,-0.020355661,5.18,333115,0.485562022,11.97,12808.5734,0.08410365,53510.0,-0.079,61208.0,0.103141018,16041.58,4436.8984,365.089,102.4,7087.326,0.015,0.74,126874.0,1541.884366,0.646,0.354,0.977828439,57746.0,96.91260146,8.3,3.7,734697.6,100.1,1.6,5.7,7.3,11.3,9.7,234.0,19.1850455,98.8,98.6,98.1,43.3,94.3,55.2,99.3,0.4,76.7,6.1,7.61,662.3,174.22,101.15,74.26,59.19,49.32,40.95,32.96,,"16,765",1517.954545,85.5056,"93,08","25,47",61.0,92.8,7804.909725,41.9,707.0,286.0,,,10311.0,,0.44784,,398451.0,28.2,,46080.0,229294.8
1563,2014-04-13,107.076,17138.9,0.6,415.3,496.6,113.465,21.449,47.5,35.644,49.5351,107.33,0.169775305,71016.7,0.012794871,6.22,6.18,1204.07,1362.4,127.2,242.35,16563850,-0.020355661,5.18,333115,0.485562022,11.97,12808.5734,0.08410365,53510.0,-0.079,61208.0,0.103141018,16041.58,4436.8984,365.089,102.4,7087.326,0.015,0.74,126874.0,1541.884366,0.646,0.354,0.977828439,57746.0,96.91260146,8.3,3.7,734697.6,100.1,1.6,5.7,7.3,11.3,9.7,234.0,19.1850455,98.8,98.6,98.1,43.3,94.3,55.2,99.3,0.4,76.7,6.1,7.61,662.3,174.22,101.15,74.26,59.19,49.32,40.95,32.96,,"16,765",1517.954545,85.5056,"93,08","25,47",61.0,92.8,7804.909725,41.9,707.0,286.0,,,10311.0,,0.44784,,398451.0,28.2,,46080.0,229294.8
1564,2014-04-14,107.076,17138.9,0.6,415.3,496.6,113.465,21.449,47.5,35.9189,49.671,109.07,0.169775305,71016.7,0.012794871,6.22,6.18,1179.97,1344.86,126.47,243.09,16563850,-0.020355661,5.18,333115,0.485562022,11.97,12808.5734,0.08410365,53510.0,-0.079,61208.0,0.103141018,16041.58,4436.8984,365.089,102.4,7087.326,0.015,0.74,126874.0,1541.884366,0.646,0.354,0.977828439,57746.0,96.91260146,8.3,3.7,734697.6,100.1,1.6,5.7,7.3,11.3,9.7,234.0,19.1850455,98.8,98.6,98.1,43.3,94.3,55.2,99.3,0.4,76.7,6.1,7.61,662.3,174.22,101.15,74.26,59.19,49.32,40.95,32.96,,"16,765",1517.954545,85.5056,"93,08","25,47",61.0,92.8,7804.909725,41.9,707.0,286.0,,,10311.0,,0.44784,,398451.0,28.2,,46080.0,229294.8
1565,2014-04-15,107.076,17138.9,0.6,415.3,496.6,113.465,21.449,47.5,36.1838,50.0038,108.74,0.169775305,71016.7,0.012794871,6.22,6.18,1142.96,1311.01,126.4,243.28,16563850,-0.020355661,5.18,333115,0.485562022,11.97,12808.5734,0.08410365,53510.0,-0.079,61208.0,0.103141018,16041.58,4436.8984,365.089,102.4,7087.326,0.015,0.74,126874.0,1541.884366,0.646,0.354,0.977828439,57746.0,96.91260146,8.3,3.7,734697.6,100.1,1.6,5.7,7.3,11.3,9.7,234.0,19.1850455,98.8,98.6,98.1,43.3,94.3,55.2,99.3,0.4,76.7,6.1,7.61,662.3,174.22,101.15,74.26,59.19,49.32,40.95,32.96,,"16,765",1517.954545,85.5056,"93,08","25,47",61.0,92.8,7804.909725,41.9,707.0,286.0,,,10311.0,,0.44784,,398451.0,28.2,,46080.0,229294.8
1566,2014-04-16,107.076,17138.9,0.6,415.3,496.6,113.465,21.449,47.5,35.9947,49.7804,109.6,0.169775305,71016.7,0.012794871,6.22,6.18,1154.31,1322.6,125.8,243.43,16563850,-0.020355661,5.18,333115,0.485562022,11.97,12808.5734,0.08410365,53510.0,-0.079,61208.0,0.103141018,16041.58,4436.8984,365.089,102.4,7087.326,0.015,0.74,126874.0,1541.884366,0.646,0.354,0.977828439,57746.0,96.91260146,8.3,3.7,734697.6,100.1,1.6,5.7,7.3,11.3,9.7,234.0,19.1850455,98.8,98.6,98.1,43.3,94.3,55.2,99.3,0.4,76.7,6.1,7.61,662.3,174.22,101.15,74.26,59.19,49.32,40.95,32.96,,"16,765",1517.954545,85.5056,"93,08","25,47",61.0,92.8,7804.909725,41.9,707.0,286.0,,,10311.0,,0.44784,,398451.0,28.2,,46080.0,229294.8
1567,2014-04-17,107.076,17138.9,0.6,415.3,496.6,113.465,21.449,47.5,35.6124,49.2588,109.53,0.169775305,71016.7,0.012794871,6.22,6.18,1172.62,1329.67,126.02,243.42,16563850,-0.020355661,5.18,333115,0.485562022,11.97,12808.5734,0.08410365,53510.0,-0.079,61208.0,0.103141018,16041.58,4436.8984,365.089,102.4,7087.326,0.015,0.74,126874.0,1541.884366,0.646,0.354,0.977828439,57746.0,96.91260146,8.3,3.7,734697.6,100.1,1.6,5.7,7.3,11.3,9.7,234.0,19.1850455,98.8,98.6,98.1,43.3,94.3,55.2,99.3,0.4,76.7,6.1,7.61,662.3,174.22,101.15,74.26,59.19,49.32,40.95,32.96,,"16,765",1517.954545,85.5056,"93,08","25,47",61.0,92.8,7804.909725,41.9,707.0,286.0,,,10311.0,,0.44784,,398451.0,28.2,,46080.0,229294.8
1568,2014-04-18,107.076,17138.9,0.6,415.3,496.6,113.465,21.449,47.5,35.5736,49.1537,109.53,0.169775305,71016.7,0.012794871,6.22,6.18,1200.22,1356.54,126.78,243.47,16563850,-0.020355661,5.18,333115,0.485562022,11.97,12808.5734,0.08410365,53510.0,-0.079,61208.0,0.103141018,16041.58,4436.8984,365.089,102.4,7087.326,0.015,0.74,126874.0,1541.884366,0.646,0.354,0.977828439,57746.0,96.91260146,8.3,3.7,734697.6,100.1,1.6,5.7,7.3,11.3,9.7,234.0,19.1850455,98.8,98.6,98.1,43.3,94.3,55.2,99.3,0.4,76.7,6.1,7.61,662.3,174.22,101.15,74.26,59.19,49.32,40.95,32.96,,"16,765",1517.954545,85.5056,"93,08","25,47",61.0,92.8,7804.909725,41.9,707.0,286.0,,,10311.0,,0.44784,,398451.0,28.2,,46080.0,229294.8
1569,2014-04-19,107.076,17138.9,0.6,415.3,496.6,113.465,21.449,47.5,35.5736,49.1537,109.53,0.169775305,71016.7,0.012794871,6.22,6.18,1200.22,1356.54,126.78,243.47,16563850,-0.020355661,5.18,333115,0.485562022,11.97,12808.5734,0.08410365,53510.0,-0.079,61208.0,0.103141018,16041.58,4436.8984,365.089,102.4,7087.326,0.015,0.74,126874.0,1541.884366,0.646,0.354,0.977828439,57746.0,96.91260146,8.3,3.7,734697.6,100.1,1.6,5.7,7.3,11.3,9.7,234.0,19.1850455,98.8,98.6,98.1,43.3,94.3,55.2,99.3,0.4,76.7,6.1,7.61,662.3,174.22,101.15,74.26,59.19,49.32,40.95,32.96,,"16,765",1517.954545,85.5056,"93,08","25,47",61.0,92.8,7804.909725,41.9,707.0,286.0,,,10311.0,,0.44784,,398451.0,28.2,,46080.0,229294.8
1570,2014-04-20,107.076,17138.9,0.6,415.3,496.6,113.465,21.449,47.5,35.5736,49.1537,109.53,0.169775305,71016.7,0.012794871,6.22,6.18,1200.22,1356.54,126.78,243.47,16563850,-0.020355661,5.18,333115,0.485562022,11.97,12808.5734,0.08410365,53510.0,-0.079,61208.0,0.103141018,16041.58,4436.8984,365.089,102.4,7087.326,0.015,0.74,126874.0,1541.884366,0.646,0.354,0.977828439,57746.0,96.91260146,8.3,3.7,734697.6,100.1,1.6,5.7,7.3,11.3,9.7,234.0,19.1850455,98.8,98.6,98.1,43.3,94.3,55.2,99.3,0.4,76.7,6.1,7.61,662.3,174.22,101.15,74.26,59.19,49.32,40.95,32.96,,"16,765",1517.954545,85.5056,"93,08","25,47",61.0,92.8,7804.909725,41.9,707.0,286.0,,,10311.0,,0.44784,,398451.0,28.2,,46080.0,229294.8
1571,2014-04-21,107.076,17138.9,0.6,415.3,496.6,113.465,21.449,47.5,35.6945,49.2327,109.95,0.169775305,71016.7,0.012794871,6.22,6.18,1187.94,1345.04,126.8,243.59,16563850,-0.020355661,5.18,333115,0.485562022,11.97,12808.5734,0.08410365,53510.0,-0.079,61208.0,0.103141018,16041.58,4436.8984,365.089,102.4,7087.326,0.015,0.74,126874.0,1541.884366,0.646,0.354,0.977828439,57746.0,96.91260146,8.3,3.7,734697.6,100.1,1.6,5.7,7.3,11.3,9.7,234.0,19.1850455,98.8,98.6,98.1,43.3,94.3,55.2,99.3,0.4,76.7,6.1,7.61,662.3,174.22,101.15,74.26,59.19,49.32,40.95,32.96,,"16,765",1517.954545,85.5056,"93,08","25,47",61.0,92.8,7804.909725,41.9,707.0,286.0,,,10311.0,,0.44784,,398451.0,28.2,,46080.0,229294.8
1572,2014-04-22,107.076,17138.9,0.6,415.3,496.6,113.465,21.449,47.5,35.6912,49.2547,109.27,0.169775305,71016.7,0.012794871,6.22,6.18,1178.81,1335.62,126.74,243.55,16563850,-0.020355661,5.18,333115,0.485562022,11.97,12808.5734,0.08410365,53510.0,-0.079,61208.0,0.103141018,16041.58,4436.8984,365.089,102.4,7087.326,0.015,0.74,126874.0,1541.884366,0.646,0.354,0.977828439,57746.0,96.91260146,8.3,3.7,734697.6,100.1,1.6,5.7,7.3,11.3,9.7,234.0,19.1850455,98.8,98.6,98.1,43.3,94.3,55.2,99.3,0.4,76.7,6.1,7.61,662.3,174.22,101.15,74.26,59.19,49.32,40.95,32.96,,"16,765",1517.954545,85.5056,"93,08","25,47",61.0,92.8,7804.909725,41.9,707.0,286.0,,,10311.0,,0.44784,,398451.0,28.2,,46080.0,229294.8
1573,2014-04-23,107.076,17138.9,0.6,415.3,496.6,113.465,21.449,47.5,35.6775,49.3037,109.11,0.169775305,71016.7,0.012794871,6.22,6.18,1171.99,1329.11,126.1,243.6,16563850,-0.020355661,5.18,333115,0.485562022,11.97,12808.5734,0.08410365,53510.0,-0.079,61208.0,0.103141018,16041.58,4436.8984,365.089,102.4,7087.326,0.015,0.74,126874.0,1541.884366,0.646,0.354,0.977828439,57746.0,96.91260146,8.3,3.7,734697.6,100.1,1.6,5.7,7.3,11.3,9.7,234.0,19.1850455,98.8,98.6,98.1,43.3,94.3,55.2,99.3,0.4,76.7,6.1,7.61,662.3,174.22,101.15,74.26,59.19,49.32,40.95,32.96,,"16,765",1517.954545,85.5056,"93,08","25,47",61.0,92.8,7804.909725,41.9,707.0,286.0,,,10311.0,,0.44784,,398451.0,28.2,,46080.0,229294.8
1574,2014-04-24,107.076,17138.9,0.6,415.3,496.6,113.465,21.449,47.5,35.7356,49.3994,110.33,0.169775305,71016.7,0.012794871,6.22,6.18,1145.66,1300.54,126.22,243.96,16563850,-0.020355661,5.18,333115,0.485562022,11.97,12808.5734,0.08410365,53510.0,-0.079,61208.0,0.103141018,16041.58,4436.8984,365.089,102.4,7087.326,0.015,0.74,126874.0,1541.884366,0.646,0.354,0.977828439,57746.0,96.91260146,8.3,3.7,734697.6,100.1,1.6,5.7,7.3,11.3,9.7,234.0,19.1850455,98.8,98.6,98.1,43.3,94.3,55.2,99.3,0.4,76.7,6.1,7.61,662.3,174.22,101.15,74.26,59.19,49.32,40.95,32.96,,"16,765",1517.954545,85.5056,"93,08","25,47",61.0,92.8,7804.909725,41.9,707.0,286.0,,,10311.0,,0.44784,,398451.0,28.2,,46080.0,229294.8
1575,2014-04-25,107.076,17138.9,0.6,415.3,496.6,113.465,21.449,47.5,36.0385,49.866,109.58,0.169775305,71016.7,0.012794871,6.22,6.18,1119.37,1280.12,124.37,243.21,16563850,-0.020355661,5.18,333115,0.485562022,11.97,12808.5734,0.08410365,53510.0,-0.079,61208.0,0.103141018,16041.58,4436.8984,365.089,102.4,7087.326,0.015,0.74,126874.0,1541.884366,0.646,0.354,0.977828439,57746.0,96.91260146,8.3,3.7,734697.6,100.1,1.6,5.7,7.3,11.3,9.7,234.0,19.1850455,98.8,98.6,98.1,43.3,94.3,55.2,99.3,0.4,76.7,6.1,7.61,662.3,174.22,101.15,74.26,59.19,49.32,40.95,32.96,,"16,765",1517.954545,85.5056,"93,08","25,47",61.0,92.8,7804.909725,41.9,707.0,286.0,,,10311.0,,0.44784,,398451.0,28.2,,46080.0,229294.8
1576,2014-04-26,107.076,17138.9,0.6,415.3,496.6,113.465,21.449,47.5,36.0385,49.866,109.58,0.169775305,71016.7,0.012794871,6.22,6.18,1119.37,1280.12,124.37,243.21,16563850,-0.020355661,5.18,333115,0.485562022,11.97,12808.5734,0.08410365,53510.0,-0.079,61208.0,0.103141018,16041.58,4436.8984,365.089,102.4,7087.326,0.015,0.74,126874.0,1541.884366,0.646,0.354,0.977828439,57746.0,96.91260146,8.3,3.7,734697.6,100.1,1.6,5.7,7.3,11.3,9.7,234.0,19.1850455,98.8,98.6,98.1,43.3,94.3,55.2,99.3,0.4,76.7,6.1,7.61,662.3,174.22,101.15,74.26,59.19,49.32,40.95,32.96,,"16,765",1517.954545,85.5056,"93,08","25,47",61.0,92.8,7804.909725,41.9,707.0,286.0,,,10311.0,,0.44784,,398451.0,28.2,,46080.0,229294.8
1577,2014-04-27,107.076,17138.9,0.6,415.3,496.6,113.465,21.449,47.5,36.0385,49.866,109.58,0.169775305,71016.7,0.012794871,6.22,6.18,1119.37,1280.12,124.37,243.21,16563850,-0.020355661,5.18,333115,0.485562022,11.97,12808.5734,0.08410365,53510.0,-0.079,61208.0,0.103141018,16041.58,4436.8984,365.089,102.4,7087.326,0.015,0.74,126874.0,1541.884366,0.646,0.354,0.977828439,57746.0,96.91260146,8.3,3.7,734697.6,100.1,1.6,5.7,7.3,11.3,9.7,234.0,19.1850455,98.8,98.6,98.1,43.3,94.3,55.2,99.3,0.4,76.7,6.1,7.61,662.3,174.22,101.15,74.26,59.19,49.32,40.95,32.96,,"16,765",1517.954545,85.5056,"93,08","25,47",61.0,92.8,7804.909725,41.9,707.0,286.0,,,10311.0,,0.44784,,398451.0,28.2,,46080.0,229294.8
1578,2014-04-28,107.076,17138.9,0.6,415.3,496.6,113.465,21.449,47.5,35.8774,49.6782,108.12,0.169775305,71016.7,0.012794871,6.22,6.18,1139.29,1299.13,123.63,243.29,16563850,-0.020355661,5.18,333115,0.485562022,11.97,12808.5734,0.08410365,53510.0,-0.079,61208.0,0.103141018,16041.58,4436.8984,365.089,102.4,7087.326,0.015,0.74,126874.0,1541.884366,0.646,0.354,0.977828439,57746.0,96.91260146,8.3,3.7,734697.6,100.1,1.6,5.7,7.3,11.3,9.7,234.0,19.1850455,98.8,98.6,98.1,43.3,94.3,55.2,99.3,0.4,76.7,6.1,7.61,662.3,174.22,101.15,74.26,59.19,49.32,40.95,32.96,,"16,765",1517.954545,85.5056,"93,08","25,47",61.0,92.8,7804.909725,41.9,707.0,286.0,,,10311.0,,0.44784,,398451.0,28.2,,46080.0,229294.8
1579,2014-04-29,107.076,17138.9,0.6,415.3,496.6,113.465,21.449,47.5,35.6498,49.2367,108.98,0.169775305,71016.7,0.012794871,6.22,6.18,1153.36,1304.78,124.06,244.02,16563850,-0.020355661,5.18,333115,0.485562022,11.97,12808.5734,0.08410365,53510.0,-0.079,61208.0,0.103141018,16041.58,4436.8984,365.089,102.4,7087.326,0.015,0.74,126874.0,1541.884366,0.646,0.354,0.977828439,57746.0,96.91260146,8.3,3.7,734697.6,100.1,1.6,5.7,7.3,11.3,9.7,234.0,19.1850455,98.8,98.6,98.1,43.3,94.3,55.2,99.3,0.4,76.7,6.1,7.61,662.3,174.22,101.15,74.26,59.19,49.32,40.95,32.96,,"16,765",1517.954545,85.5056,"93,08","25,47",61.0,92.8,7804.909725,41.9,707.0,286.0,,,10311.0,,0.44784,,398451.0,28.2,,46080.0,229294.8
1580,2014-04-30,107.076,17138.9,0.6,415.3,496.6,113.465,21.449,47.5,35.6632,49.4504,108.07,0.169775305,71016.7,0.012794871,6.22,6.18,1155.7,1306.01,124.35,244.25,16563850,-0.020355661,5.18,333115,0.485562022,11.97,12808.5734,0.08410365,53510.0,-0.079,61208.0,0.103141018,16041.58,4436.8984,365.089,102.4,7087.326,0.015,0.74,126874.0,1541.884366,0.646,0.354,0.977828439,57746.0,96.91260146,8.3,3.7,734697.6,100.1,1.6,5.7,7.3,11.3,9.7,234.0,19.1850455,98.8,98.6,98.1,43.3,94.3,55.2,99.3,0.4,76.7,6.1,7.61,662.3,174.22,101.15,74.26,59.19,49.32,40.95,32.96,,"16,765",1517.954545,85.5056,"93,08","25,47",61.0,92.8,7804.909725,41.9,707.0,286.0,,,10311.0,,0.44784,,398451.0,28.2,,46080.0,229294.8
1581,2014-05-01,107.843,17138.9,0.6,419.1,500.3,113.465,21.583,47.5,35.641,49.423,107.76,0.31347371,71016.7,0.012794871,6.22,6.18,1155.7,1306.01,124.35,244.25,16847471,0.017122891,5.19,493603,0.468186996,12.3,12808.5734,0.08410365,47334.0,-0.079,61208.0,0.103141018,16205.25,4436.8984,365.089,102.4,7087.326,0.015,0.74,126874.0,1541.884366,0.646,0.354,0.977828439,57746.0,96.91260146,8.3,3.7,734697.6,100.1,1.6,5.7,7.3,11.3,9.7,234.0,19.1850455,98.8,98.6,98.1,43.3,94.3,55.2,99.3,0.4,76.7,6.1,7.61,662.3,171.27,102.33,79.09,59.03,50.24,41.17,32.87,,"16,765",1517.954545,85.5056,"93,08","25,47",61.0,92.8,7804.909725,41.9,707.0,286.0,,,10311.0,,0.44784,,398451.0,28.2,,46080.0,229294.8
1582,2014-05-02,107.843,17138.9,0.6,419.1,500.3,113.465,21.583,47.5,35.8378,49.6869,108.59,0.31347371,71016.7,0.012794871,6.22,6.18,1148.96,1304.84,124.66,244.97,16847471,0.017122891,5.19,493603,0.468186996,12.3,12808.5734,0.08410365,47334.0,-0.079,61208.0,0.103141018,16205.25,4436.8984,365.089,102.4,7087.326,0.015,0.74,126874.0,1541.884366,0.646,0.354,0.977828439,57746.0,96.91260146,8.3,3.7,734697.6,100.1,1.6,5.7,7.3,11.3,9.7,234.0,19.1850455,98.8,98.6,98.1,43.3,94.3,55.2,99.3,0.4,76.7,6.1,7.61,662.3,171.27,102.33,79.09,59.03,50.24,41.17,32.87,,"16,765",1517.954545,85.5056,"93,08","25,47",61.0,92.8,7804.909725,41.9,707.0,286.0,,,10311.0,,0.44784,,398451.0,28.2,,46080.0,229294.8
1583,2014-05-03,107.843,17138.9,0.6,419.1,500.3,113.465,21.583,47.5,35.8378,49.6869,108.59,0.31347371,71016.7,0.012794871,6.22,6.18,1148.96,1304.84,124.66,244.36,16847471,0.017122891,5.19,493603,0.468186996,12.3,12808.5734,0.08410365,47334.0,-0.079,61208.0,0.103141018,16205.25,4436.8984,365.089,102.4,7087.326,0.015,0.74,126874.0,1541.884366,0.646,0.354,0.977828439,57746.0,96.91260146,8.3,3.7,734697.6,100.1,1.6,5.7,7.3,11.3,9.7,234.0,19.1850455,98.8,98.6,98.1,43.3,94.3,55.2,99.3,0.4,76.7,6.1,7.61,662.3,171.27,102.33,79.09,59.03,50.24,41.17,32.87,,"16,765",1517.954545,85.5056,"93,08","25,47",61.0,92.8,7804.909725,41.9,707.0,286.0,,,10311.0,,0.44784,,398451.0,28.2,,46080.0,229294.8
1584,2014-05-04,107.843,17138.9,0.6,419.1,500.3,113.465,21.583,47.5,35.8378,49.6869,108.59,0.31347371,71016.7,0.012794871,6.22,6.18,1148.96,1304.84,124.66,244.36,16847471,0.017122891,5.19,493603,0.468186996,12.3,12808.5734,0.08410365,47334.0,-0.079,61208.0,0.103141018,16205.25,4436.8984,365.089,102.4,7087.326,0.015,0.74,126874.0,1541.884366,0.646,0.354,0.977828439,57746.0,96.91260146,8.3,3.7,734697.6,100.1,1.6,5.7,7.3,11.3,9.7,234.0,19.1850455,98.8,98.6,98.1,43.3,94.3,55.2,99.3,0.4,76.7,6.1,7.61,662.3,171.27,102.33,79.09,59.03,50.24,41.17,32.87,,"16,765",1517.954545,85.5056,"93,08","25,47",61.0,92.8,7804.909725,41.9,707.0,286.0,,,10311.0,,0.44784,,398451.0,28.2,,46080.0,229294.8
1585,2014-05-05,107.843,17138.9,0.6,419.1,500.3,113.465,21.583,47.5,35.7349,49.586,107.72,0.31347371,71016.7,0.012794871,6.22,6.18,1143.44,1298.29,124.28,244.52,16847471,0.017122891,5.19,493603,0.468186996,12.3,12808.5734,0.08410365,47334.0,-0.079,61208.0,0.103141018,16205.25,4436.8984,365.089,102.4,7087.326,0.015,0.74,126874.0,1541.884366,0.646,0.354,0.977828439,57746.0,96.91260146,8.3,3.7,734697.6,100.1,1.6,5.7,7.3,11.3,9.7,234.0,19.1850455,98.8,98.6,98.1,43.3,94.3,55.2,99.3,0.4,76.7,6.1,7.61,662.3,171.27,102.33,79.09,59.03,50.24,41.17,32.87,,"16,765",1517.954545,85.5056,"93,08","25,47",61.0,92.8,7804.909725,41.9,707.0,286.0,,,10311.0,,0.44784,,398451.0,28.2,,46080.0,229294.8
1586,2014-05-06,107.843,17138.9,0.6,419.1,500.3,113.465,21.583,47.5,35.3861,49.2748,107.06,0.31347371,71016.7,0.012794871,6.22,6.18,1172.91,1318.57,124.25,246.05,16847471,0.017122891,5.19,493603,0.468186996,12.3,12808.5734,0.08410365,47334.0,-0.079,61208.0,0.103141018,16205.25,4436.8984,365.089,102.4,7087.326,0.015,0.74,126874.0,1541.884366,0.646,0.354,0.977828439,57746.0,96.91260146,8.3,3.7,734697.6,100.1,1.6,5.7,7.3,11.3,9.7,234.0,19.1850455,98.8,98.6,98.1,43.3,94.3,55.2,99.3,0.4,76.7,6.1,7.61,662.3,171.27,102.33,79.09,59.03,50.24,41.17,32.87,,"16,765",1517.954545,85.5056,"93,08","25,47",61.0,92.8,7804.909725,41.9,707.0,286.0,,,10311.0,,0.44784,,398451.0,28.2,,46080.0,229294.8
1587,2014-05-07,107.843,17138.9,0.6,419.1,500.3,113.465,21.583,47.5,34.9422,48.6371,108.13,0.31347371,71016.7,0.012794871,6.22,6.18,1227.75,1363.48,125.03,246.05,16847471,0.017122891,5.19,493603,0.468186996,12.3,12808.5734,0.08410365,47334.0,-0.079,61208.0,0.103141018,16205.25,4436.8984,365.089,102.4,7087.326,0.015,0.74,126874.0,1541.884366,0.646,0.354,0.977828439,57746.0,96.91260146,8.3,3.7,734697.6,100.1,1.6,5.7,7.3,11.3,9.7,234.0,19.1850455,98.8,98.6,98.1,43.3,94.3,55.2,99.3,0.4,76.7,6.1,7.61,662.3,171.27,102.33,79.09,59.03,50.24,41.17,32.87,,"16,765",1517.954545,85.5056,"93,08","25,47",61.0,92.8,7804.909725,41.9,707.0,286.0,,,10311.0,,0.44784,,398451.0,28.2,,46080.0,229294.8
1588,2014-05-08,107.843,17138.9,0.6,419.1,500.3,113.465,21.583,47.5,35.0286,48.5516,108.04,0.31347371,71016.7,0.012794871,6.22,6.18,1232.78,1371.42,125.94,247.02,16847471,0.017122891,5.19,493603,0.468186996,12.3,12808.5734,0.08410365,47334.0,-0.079,61208.0,0.103141018,16205.25,4436.8984,365.089,102.4,7087.326,0.015,0.74,126874.0,1541.884366,0.646,0.354,0.977828439,57746.0,96.91260146,8.3,3.7,734697.6,100.1,1.6,5.7,7.3,11.3,9.7,234.0,19.1850455,98.8,98.6,98.1,43.3,94.3,55.2,99.3,0.4,76.7,6.1,7.61,662.3,171.27,102.33,79.09,59.03,50.24,41.17,32.87,,"16,765",1517.954545,85.5056,"93,08","25,47",61.0,92.8,7804.909725,41.9,707.0,286.0,,,10311.0,,0.44784,,398451.0,28.2,,46080.0,229294.8
1589,2014-05-09,107.843,17138.9,0.6,419.1,500.3,113.465,21.583,47.5,35.227,48.4615,107.89,0.31347371,71016.7,0.012794871,6.22,6.18,1232.78,1371.42,125.94,248.42,16847471,0.017122891,5.19,493603,0.468186996,12.3,12808.5734,0.08410365,47334.0,-0.079,61208.0,0.103141018,16205.25,4436.8984,365.089,102.4,7087.326,0.015,0.74,126874.0,1541.884366,0.646,0.354,0.977828439,57746.0,96.91260146,8.3,3.7,734697.6,100.1,1.6,5.7,7.3,11.3,9.7,234.0,19.1850455,98.8,98.6,98.1,43.3,94.3,55.2,99.3,0.4,76.7,6.1,7.61,662.3,171.27,102.33,79.09,59.03,50.24,41.17,32.87,,"16,765",1517.954545,85.5056,"93,08","25,47",61.0,92.8,7804.909725,41.9,707.0,286.0,,,10311.0,,0.44784,,398451.0,28.2,,46080.0,229294.8
1590,2014-05-10,107.843,17138.9,0.6,419.1,500.3,113.465,21.583,47.5,35.227,48.4615,107.89,0.31347371,71016.7,0.012794871,6.22,6.18,1232.78,1371.42,125.94,248.42,16847471,0.017122891,5.19,493603,0.468186996,12.3,12808.5734,0.08410365,47334.0,-0.079,61208.0,0.103141018,16205.25,4436.8984,365.089,102.4,7087.326,0.015,0.74,126874.0,1541.884366,0.646,0.354,0.977828439,57746.0,96.91260146,8.3,3.7,734697.6,100.1,1.6,5.7,7.3,11.3,9.7,234.0,19.1850455,98.8,98.6,98.1,43.3,94.3,55.2,99.3,0.4,76.7,6.1,7.61,662.3,171.27,102.33,79.09,59.03,50.24,41.17,32.87,,"16,765",1517.954545,85.5056,"93,08","25,47",61.0,92.8,7804.909725,41.9,707.0,286.0,,,10311.0,,0.44784,,398451.0,28.2,,46080.0,229294.8
1591,2014-05-11,107.843,17138.9,0.6,419.1,500.3,113.465,21.583,47.5,35.227,48.4615,107.89,0.31347371,71016.7,0.012794871,6.22,6.18,1232.78,1371.42,125.94,246.65,16847471,0.017122891,5.19,493603,0.468186996,12.3,12808.5734,0.08410365,47334.0,-0.079,61208.0,0.103141018,16205.25,4436.8984,365.089,102.4,7087.326,0.015,0.74,126874.0,1541.884366,0.646,0.354,0.977828439,57746.0,96.91260146,8.3,3.7,734697.6,100.1,1.6,5.7,7.3,11.3,9.7,234.0,19.1850455,98.8,98.6,98.1,43.3,94.3,55.2,99.3,0.4,76.7,6.1,7.61,662.3,171.27,102.33,79.09,59.03,50.24,41.17,32.87,,"16,765",1517.954545,85.5056,"93,08","25,47",61.0,92.8,7804.909725,41.9,707.0,286.0,,,10311.0,,0.44784,,398451.0,28.2,,46080.0,229294.8
1592,2014-05-12,107.843,17138.9,0.6,419.1,500.3,113.465,21.583,47.5,35.0888,48.2717,108.41,0.31347371,71016.7,0.012794871,6.22,6.18,1234.31,1375.31,125.91,242.12,16847471,0.017122891,5.19,493603,0.468186996,12.3,12808.5734,0.08410365,47334.0,-0.079,61208.0,0.103141018,16205.25,4436.8984,365.089,102.4,7087.326,0.015,0.74,126874.0,1541.884366,0.646,0.354,0.977828439,57746.0,96.91260146,8.3,3.7,734697.6,100.1,1.6,5.7,7.3,11.3,9.7,234.0,19.1850455,98.8,98.6,98.1,43.3,94.3,55.2,99.3,0.4,76.7,6.1,7.61,662.3,171.27,102.33,79.09,59.03,50.24,41.17,32.87,,"16,765",1517.954545,85.5056,"93,08","25,47",61.0,92.8,7804.909725,41.9,707.0,286.0,,,10311.0,,0.44784,,398451.0,28.2,,46080.0,229294.8
1593,2014-05-13,107.843,17138.9,0.6,419.1,500.3,113.465,21.583,47.5,34.8408,47.731,109.24,0.31347371,71016.7,0.012794871,6.22,6.18,1254.29,1385.29,125.9,244.59,16847471,0.017122891,5.19,493603,0.468186996,12.3,12808.5734,0.08410365,47334.0,-0.079,61208.0,0.103141018,16205.25,4436.8984,365.089,102.4,7087.326,0.015,0.74,126874.0,1541.884366,0.646,0.354,0.977828439,57746.0,96.91260146,8.3,3.7,734697.6,100.1,1.6,5.7,7.3,11.3,9.7,234.0,19.1850455,98.8,98.6,98.1,43.3,94.3,55.2,99.3,0.4,76.7,6.1,7.61,662.3,171.27,102.33,79.09,59.03,50.24,41.17,32.87,,"16,765",1517.954545,85.5056,"93,08","25,47",61.0,92.8,7804.909725,41.9,707.0,286.0,,,10311.0,,0.44784,,398451.0,28.2,,46080.0,229294.8
1594,2014-05-14,107.843,17138.9,0.6,419.1,500.3,113.465,21.583,47.5,34.618,47.4529,110.19,0.31347371,71016.7,0.012794871,6.22,6.18,1261.01,1389.11,125.91,244.36,16847471,0.017122891,5.19,493603,0.468186996,12.3,12808.5734,0.08410365,47334.0,-0.079,61208.0,0.103141018,16205.25,4436.8984,365.089,102.4,7087.326,0.015,0.74,126874.0,1541.884366,0.646,0.354,0.977828439,57746.0,96.91260146,8.3,3.7,734697.6,100.1,1.6,5.7,7.3,11.3,9.7,234.0,19.1850455,98.8,98.6,98.1,43.3,94.3,55.2,99.3,0.4,76.7,6.1,7.61,662.3,171.27,102.33,79.09,59.03,50.24,41.17,32.87,,"16,765",1517.954545,85.5056,"93,08","25,47",61.0,92.8,7804.909725,41.9,707.0,286.0,,,10311.0,,0.44784,,398451.0,28.2,,46080.0,229294.8
1595,2014-05-15,107.843,17138.9,0.6,419.1,500.3,113.465,21.583,47.5,34.7667,47.6551,110.44,0.31347371,71016.7,0.012794871,6.22,6.18,1253.0,1381.99,126.17,244.66,16847471,0.017122891,5.19,493603,0.468186996,12.3,12808.5734,0.08410365,47334.0,-0.079,61208.0,0.103141018,16205.25,4436.8984,365.089,102.4,7087.326,0.015,0.74,126874.0,1541.884366,0.646,0.354,0.977828439,57746.0,96.91260146,8.3,3.7,734697.6,100.1,1.6,5.7,7.3,11.3,9.7,234.0,19.1850455,98.8,98.6,98.1,43.3,94.3,55.2,99.3,0.4,76.7,6.1,7.61,662.3,171.27,102.33,79.09,59.03,50.24,41.17,32.87,,"16,765",1517.954545,85.5056,"93,08","25,47",61.0,92.8,7804.909725,41.9,707.0,286.0,,,10311.0,,0.44784,,398451.0,28.2,,46080.0,229294.8
1596,2014-05-16,107.843,17138.9,0.6,419.1,500.3,113.465,21.583,47.5,34.7535,47.6193,109.75,0.31347371,71016.7,0.012794871,6.22,6.18,1262.01,1392.3,125.91,244.52,16847471,0.017122891,5.19,493603,0.468186996,12.3,12808.5734,0.08410365,47334.0,-0.079,61208.0,0.103141018,16205.25,4436.8984,365.089,102.4,7087.326,0.015,0.74,126874.0,1541.884366,0.646,0.354,0.977828439,57746.0,96.91260146,8.3,3.7,734697.6,100.1,1.6,5.7,7.3,11.3,9.7,234.0,19.1850455,98.8,98.6,98.1,43.3,94.3,55.2,99.3,0.4,76.7,6.1,7.61,662.3,171.27,102.33,79.09,59.03,50.24,41.17,32.87,,"16,765",1517.954545,85.5056,"93,08","25,47",61.0,92.8,7804.909725,41.9,707.0,286.0,,,10311.0,,0.44784,,398451.0,28.2,,46080.0,229294.8
1597,2014-05-17,107.843,17138.9,0.6,419.1,500.3,113.465,21.583,47.5,34.7535,47.6193,109.75,0.31347371,71016.7,0.012794871,6.22,6.18,1262.01,1392.3,125.91,244.52,16847471,0.017122891,5.19,493603,0.468186996,12.3,12808.5734,0.08410365,47334.0,-0.079,61208.0,0.103141018,16205.25,4436.8984,365.089,102.4,7087.326,0.015,0.74,126874.0,1541.884366,0.646,0.354,0.977828439,57746.0,96.91260146,8.3,3.7,734697.6,100.1,1.6,5.7,7.3,11.3,9.7,234.0,19.1850455,98.8,98.6,98.1,43.3,94.3,55.2,99.3,0.4,76.7,6.1,7.61,662.3,171.27,102.33,79.09,59.03,50.24,41.17,32.87,,"16,765",1517.954545,85.5056,"93,08","25,47",61.0,92.8,7804.909725,41.9,707.0,286.0,,,10311.0,,0.44784,,398451.0,28.2,,46080.0,229294.8
1598,2014-05-18,107.843,17138.9,0.6,419.1,500.3,113.465,21.583,47.5,34.7535,47.6193,109.75,0.31347371,71016.7,0.012794871,6.22,6.18,1262.01,1392.3,125.91,244.52,16847471,0.017122891,5.19,493603,0.468186996,12.3,12808.5734,0.08410365,47334.0,-0.079,61208.0,0.103141018,16205.25,4436.8984,365.089,102.4,7087.326,0.015,0.74,126874.0,1541.884366,0.646,0.354,0.977828439,57746.0,96.91260146,8.3,3.7,734697.6,100.1,1.6,5.7,7.3,11.3,9.7,234.0,19.1850455,98.8,98.6,98.1,43.3,94.3,55.2,99.3,0.4,76.7,6.1,7.61,662.3,171.27,102.33,79.09,59.03,50.24,41.17,32.87,,"16,765",1517.954545,85.5056,"93,08","25,47",61.0,92.8,7804.909725,41.9,707.0,286.0,,,10311.0,,0.44784,,398451.0,28.2,,46080.0,229294.8
1599,2014-05-19,107.843,17138.9,0.6,419.1,500.3,113.465,21.583,47.5,34.5449,47.3613,109.37,0.31347371,71016.7,0.012794871,6.22,6.18,1289.98,1413.85,125.94,244.81,16847471,0.017122891,5.19,493603,0.468186996,12.3,12808.5734,0.08410365,47334.0,-0.079,61208.0,0.103141018,16205.25,4436.8984,365.089,102.4,7087.326,0.015,0.74,126874.0,1541.884366,0.646,0.354,0.977828439,57746.0,96.91260146,8.3,3.7,734697.6,100.1,1.6,5.7,7.3,11.3,9.7,234.0,19.1850455,98.8,98.6,98.1,43.3,94.3,55.2,99.3,0.4,76.7,6.1,7.61,662.3,171.27,102.33,79.09,59.03,50.24,41.17,32.87,,"16,765",1517.954545,85.5056,"93,08","25,47",61.0,92.8,7804.909725,41.9,707.0,286.0,,,10311.0,,0.44784,,398451.0,28.2,,46080.0,229294.8
1600,2014-05-20,107.843,17138.9,0.6,419.1,500.3,113.465,21.583,47.5,34.5215,47.2581,109.69,0.31347371,71016.7,0.012794871,6.22,6.18,1298.64,1425.58,126.22,244.9,16847471,0.017122891,5.19,493603,0.468186996,12.3,12808.5734,0.08410365,47334.0,-0.079,61208.0,0.103141018,16205.25,4436.8984,365.089,102.4,7087.326,0.015,0.74,126874.0,1541.884366,0.646,0.354,0.977828439,57746.0,96.91260146,8.3,3.7,734697.6,100.1,1.6,5.7,7.3,11.3,9.7,234.0,19.1850455,98.8,98.6,98.1,43.3,94.3,55.2,99.3,0.4,76.7,6.1,7.61,662.3,171.27,102.33,79.09,59.03,50.24,41.17,32.87,,"16,765",1517.954545,85.5056,"93,08","25,47",61.0,92.8,7804.909725,41.9,707.0,286.0,,,10311.0,,0.44784,,398451.0,28.2,,46080.0,229294.8
1601,2014-05-21,107.843,17138.9,0.6,419.1,500.3,113.465,21.583,47.5,34.386,46.9807,110.55,0.31347371,71016.7,0.012794871,6.22,6.18,1317.09,1439.9,126.73,244.85,16847471,0.017122891,5.19,493603,0.468186996,12.3,12808.5734,0.08410365,47334.0,-0.079,61208.0,0.103141018,16205.25,4436.8984,365.089,102.4,7087.326,0.015,0.74,126874.0,1541.884366,0.646,0.354,0.977828439,57746.0,96.91260146,8.3,3.7,734697.6,100.1,1.6,5.7,7.3,11.3,9.7,234.0,19.1850455,98.8,98.6,98.1,43.3,94.3,55.2,99.3,0.4,76.7,6.1,7.61,662.3,171.27,102.33,79.09,59.03,50.24,41.17,32.87,,"16,765",1517.954545,85.5056,"93,08","25,47",61.0,92.8,7804.909725,41.9,707.0,286.0,,,10311.0,,0.44784,,398451.0,28.2,,46080.0,229294.8
1602,2014-05-22,107.843,17138.9,0.6,419.1,500.3,113.465,21.583,47.5,34.3433,46.8778,110.36,0.31347371,71016.7,0.012794871,6.22,6.18,1312.97,1430.54,126.81,244.7,16847471,0.017122891,5.19,493603,0.468186996,12.3,12808.5734,0.08410365,47334.0,-0.079,61208.0,0.103141018,16205.25,4436.8984,365.089,102.4,7087.326,0.015,0.74,126874.0,1541.884366,0.646,0.354,0.977828439,57746.0,96.91260146,8.3,3.7,734697.6,100.1,1.6,5.7,7.3,11.3,9.7,234.0,19.1850455,98.8,98.6,98.1,43.3,94.3,55.2,99.3,0.4,76.7,6.1,7.61,662.3,171.27,102.33,79.09,59.03,50.24,41.17,32.87,,"16,765",1517.954545,85.5056,"93,08","25,47",61.0,92.8,7804.909725,41.9,707.0,286.0,,,10311.0,,0.44784,,398451.0,28.2,,46080.0,229294.8
1603,2014-05-23,107.843,17138.9,0.6,419.1,500.3,113.465,21.583,47.5,34.1563,46.545,110.54,0.31347371,71016.7,0.012794871,6.22,6.18,1326.58,1438.98,127.05,245.28,16847471,0.017122891,5.19,493603,0.468186996,12.3,12808.5734,0.08410365,47334.0,-0.079,61208.0,0.103141018,16205.25,4436.8984,365.089,102.4,7087.326,0.015,0.74,126874.0,1541.884366,0.646,0.354,0.977828439,57746.0,96.91260146,8.3,3.7,734697.6,100.1,1.6,5.7,7.3,11.3,9.7,234.0,19.1850455,98.8,98.6,98.1,43.3,94.3,55.2,99.3,0.4,76.7,6.1,7.61,662.3,171.27,102.33,79.09,59.03,50.24,41.17,32.87,,"16,765",1517.954545,85.5056,"93,08","25,47",61.0,92.8,7804.909725,41.9,707.0,286.0,,,10311.0,,0.44784,,398451.0,28.2,,46080.0,229294.8
1604,2014-05-24,107.843,17138.9,0.6,419.1,500.3,113.465,21.583,47.5,34.1563,46.545,110.54,0.31347371,71016.7,0.012794871,6.22,6.18,1326.58,1438.98,127.05,245.28,16847471,0.017122891,5.19,493603,0.468186996,12.3,12808.5734,0.08410365,47334.0,-0.079,61208.0,0.103141018,16205.25,4436.8984,365.089,102.4,7087.326,0.015,0.74,126874.0,1541.884366,0.646,0.354,0.977828439,57746.0,96.91260146,8.3,3.7,734697.6,100.1,1.6,5.7,7.3,11.3,9.7,234.0,19.1850455,98.8,98.6,98.1,43.3,94.3,55.2,99.3,0.4,76.7,6.1,7.61,662.3,171.27,102.33,79.09,59.03,50.24,41.17,32.87,,"16,765",1517.954545,85.5056,"93,08","25,47",61.0,92.8,7804.909725,41.9,707.0,286.0,,,10311.0,,0.44784,,398451.0,28.2,,46080.0,229294.8
1605,2014-05-25,107.843,17138.9,0.6,419.1,500.3,113.465,21.583,47.5,34.1563,46.545,110.54,0.31347371,71016.7,0.012794871,6.22,6.18,1326.58,1438.98,127.05,245.28,16847471,0.017122891,5.19,493603,0.468186996,12.3,12808.5734,0.08410365,47334.0,-0.079,61208.0,0.103141018,16205.25,4436.8984,365.089,102.4,7087.326,0.015,0.74,126874.0,1541.884366,0.646,0.354,0.977828439,57746.0,96.91260146,8.3,3.7,734697.6,100.1,1.6,5.7,7.3,11.3,9.7,234.0,19.1850455,98.8,98.6,98.1,43.3,94.3,55.2,99.3,0.4,76.7,6.1,7.61,662.3,171.27,102.33,79.09,59.03,50.24,41.17,32.87,,"16,765",1517.954545,85.5056,"93,08","25,47",61.0,92.8,7804.909725,41.9,707.0,286.0,,,10311.0,,0.44784,,398451.0,28.2,,46080.0,229294.8
1606,2014-05-26,107.843,17138.9,0.6,419.1,500.3,113.465,21.583,47.5,34.195,46.6593,110.32,0.31347371,71016.7,0.012794871,6.22,6.18,1335.73,1449.36,127.39,245.41,16847471,0.017122891,5.19,493603,0.468186996,12.3,12808.5734,0.08410365,47334.0,-0.079,61208.0,0.103141018,16205.25,4436.8984,365.089,102.4,7087.326,0.015,0.74,126874.0,1541.884366,0.646,0.354,0.977828439,57746.0,96.91260146,8.3,3.7,734697.6,100.1,1.6,5.7,7.3,11.3,9.7,234.0,19.1850455,98.8,98.6,98.1,43.3,94.3,55.2,99.3,0.4,76.7,6.1,7.61,662.3,171.27,102.33,79.09,59.03,50.24,41.17,32.87,,"16,765",1517.954545,85.5056,"93,08","25,47",61.0,92.8,7804.909725,41.9,707.0,286.0,,,10311.0,,0.44784,,398451.0,28.2,,46080.0,229294.8
1607,2014-05-27,107.843,17138.9,0.6,419.1,500.3,113.465,21.583,47.5,34.4078,46.8484,110.02,0.31347371,71016.7,0.012794871,6.22,6.18,1297.5,1417.32,127.01,245.21,16847471,0.017122891,5.19,493603,0.468186996,12.3,12808.5734,0.08410365,47334.0,-0.079,61208.0,0.103141018,16205.25,4436.8984,365.089,102.4,7087.326,0.015,0.74,126874.0,1541.884366,0.646,0.354,0.977828439,57746.0,96.91260146,8.3,3.7,734697.6,100.1,1.6,5.7,7.3,11.3,9.7,234.0,19.1850455,98.8,98.6,98.1,43.3,94.3,55.2,99.3,0.4,76.7,6.1,7.61,662.3,171.27,102.33,79.09,59.03,50.24,41.17,32.87,,"16,765",1517.954545,85.5056,"93,08","25,47",61.0,92.8,7804.909725,41.9,707.0,286.0,,,10311.0,,0.44784,,398451.0,28.2,,46080.0,229294.8
1608,2014-05-28,107.843,17138.9,0.6,419.1,500.3,113.465,21.583,47.5,34.57,46.9836,109.81,0.31347371,71016.7,0.012794871,6.22,6.18,1300.46,1425.95,126.82,245.45,16847471,0.017122891,5.19,493603,0.468186996,12.3,12808.5734,0.08410365,47334.0,-0.079,61208.0,0.103141018,16205.25,4436.8984,365.089,102.4,7087.326,0.015,0.74,126874.0,1541.884366,0.646,0.354,0.977828439,57746.0,96.91260146,8.3,3.7,734697.6,100.1,1.6,5.7,7.3,11.3,9.7,234.0,19.1850455,98.8,98.6,98.1,43.3,94.3,55.2,99.3,0.4,76.7,6.1,7.61,662.3,171.27,102.33,79.09,59.03,50.24,41.17,32.87,,"16,765",1517.954545,85.5056,"93,08","25,47",61.0,92.8,7804.909725,41.9,707.0,286.0,,,10311.0,,0.44784,,398451.0,28.2,,46080.0,229294.8
1609,2014-05-29,107.843,17138.9,0.6,419.1,500.3,113.465,21.583,47.5,34.6568,47.1628,109.97,0.31347371,71016.7,0.012794871,6.22,6.18,1314.71,1447.39,127.23,245.19,16847471,0.017122891,5.19,493603,0.468186996,12.3,12808.5734,0.08410365,47334.0,-0.079,61208.0,0.103141018,16205.25,4436.8984,365.089,102.4,7087.326,0.015,0.74,126874.0,1541.884366,0.646,0.354,0.977828439,57746.0,96.91260146,8.3,3.7,734697.6,100.1,1.6,5.7,7.3,11.3,9.7,234.0,19.1850455,98.8,98.6,98.1,43.3,94.3,55.2,99.3,0.4,76.7,6.1,7.61,662.3,171.27,102.33,79.09,59.03,50.24,41.17,32.87,,"16,765",1517.954545,85.5056,"93,08","25,47",61.0,92.8,7804.909725,41.9,707.0,286.0,,,10311.0,,0.44784,,398451.0,28.2,,46080.0,229294.8
1610,2014-05-30,107.843,17138.9,0.6,419.1,500.3,113.465,21.583,47.5,34.8974,47.6007,109.41,0.31347371,71016.7,0.012794871,6.22,6.18,1295.75,1432.03,127.38,245.56,16847471,0.017122891,5.19,493603,0.468186996,12.3,12808.5734,0.08410365,47334.0,-0.079,61208.0,0.103141018,16205.25,4436.8984,365.089,102.4,7087.326,0.015,0.74,126874.0,1541.884366,0.646,0.354,0.977828439,57746.0,96.91260146,8.3,3.7,734697.6,100.1,1.6,5.7,7.3,11.3,9.7,234.0,19.1850455,98.8,98.6,98.1,43.3,94.3,55.2,99.3,0.4,76.7,6.1,7.61,662.3,171.27,102.33,79.09,59.03,50.24,41.17,32.87,,"16,765",1517.954545,85.5056,"93,08","25,47",61.0,92.8,7804.909725,41.9,707.0,286.0,,,10311.0,,0.44784,,398451.0,28.2,,46080.0,229294.8
1611,2014-05-31,107.843,17138.9,0.6,419.1,500.3,113.465,21.583,47.5,34.8974,47.6007,109.41,0.31347371,71016.7,0.012794871,6.22,6.18,1295.75,1432.03,127.38,245.56,16847471,0.017122891,5.19,493603,0.468186996,12.3,12808.5734,0.08410365,47334.0,-0.079,61208.0,0.103141018,16205.25,4436.8984,365.089,102.4,7087.326,0.015,0.74,126874.0,1541.884366,0.646,0.354,0.977828439,57746.0,96.91260146,8.3,3.7,734697.6,100.1,1.6,5.7,7.3,11.3,9.7,234.0,19.1850455,98.8,98.6,98.1,43.3,94.3,55.2,99.3,0.4,76.7,6.1,7.61,662.3,171.27,102.33,79.09,59.03,50.24,41.17,32.87,,"16,765",1517.954545,85.5056,"93,08","25,47",61.0,92.8,7804.909725,41.9,707.0,286.0,,,10311.0,,0.44784,,398451.0,28.2,,46080.0,229294.8
1612,2014-06-01,109.6476,17138.9,0.6,422.8,502.4,113.465,19.978,47.5,34.8974,47.6007,109.41,0.178364988,71016.7,0.012794871,6.22,6.18,1295.75,1432.03,127.38,244.52,16756486,-0.005400514,5.33,628163,0.463468219,12.2,12808.5734,0.08410365,51590.0,-0.079,61208.0,0.103141018,16295.0,4436.8984,365.089,102.4,7087.326,0.015,0.74,126874.0,1541.884366,0.646,0.354,0.977828439,57746.0,96.91260146,8.3,3.7,734697.6,100.1,1.6,5.7,7.3,11.3,9.7,234.0,19.1850455,98.8,98.6,98.1,43.3,94.3,55.2,99.3,0.4,76.7,6.1,7.61,662.3,205.59,94.73,74.82,59.0,48.7,41.18,33.06,,"16,765",1517.954545,85.5056,"93,08","25,47",61.0,92.8,7804.909725,41.9,707.0,286.0,,,10311.0,,0.44784,,398451.0,28.2,,46080.0,229294.8
1613,2014-06-02,109.6476,17138.9,0.6,422.8,502.4,113.465,19.978,47.5,34.9118,47.4657,108.83,0.178364988,71016.7,0.012794871,6.22,6.18,1322.52,1464.47,127.56,245.02,16756486,-0.005400514,5.33,628163,0.463468219,12.2,12808.5734,0.08410365,51590.0,-0.079,61208.0,0.103141018,16295.0,4436.8984,365.089,102.4,7087.326,0.015,0.74,126874.0,1541.884366,0.646,0.354,0.977828439,57746.0,96.91260146,8.3,3.7,734697.6,100.1,1.6,5.7,7.3,11.3,9.7,234.0,19.1850455,98.8,98.6,98.1,43.3,94.3,55.2,99.3,0.4,76.7,6.1,7.61,662.3,205.59,94.73,74.82,59.0,48.7,41.18,33.06,,"16,765",1517.954545,85.5056,"93,08","25,47",61.0,92.8,7804.909725,41.9,707.0,286.0,,,10311.0,,0.44784,,398451.0,28.2,,46080.0,229294.8
1614,2014-06-03,109.6476,17138.9,0.6,422.8,502.4,113.465,19.978,47.5,35.0559,47.7905,108.82,0.178364988,71016.7,0.012794871,6.22,6.18,1324.03,1472.83,127.43,244.17,16756486,-0.005400514,5.33,628163,0.463468219,12.2,12808.5734,0.08410365,51590.0,-0.079,61208.0,0.103141018,16295.0,4436.8984,365.089,102.4,7087.326,0.015,0.74,126874.0,1541.884366,0.646,0.354,0.977828439,57746.0,96.91260146,8.3,3.7,734697.6,100.1,1.6,5.7,7.3,11.3,9.7,234.0,19.1850455,98.8,98.6,98.1,43.3,94.3,55.2,99.3,0.4,76.7,6.1,7.61,662.3,205.59,94.73,74.82,59.0,48.7,41.18,33.06,,"16,765",1517.954545,85.5056,"93,08","25,47",61.0,92.8,7804.909725,41.9,707.0,286.0,,,10311.0,,0.44784,,398451.0,28.2,,46080.0,229294.8
1615,2014-06-04,109.6476,17138.9,0.6,422.8,502.4,113.465,19.978,47.5,35.0265,47.6637,108.4,0.178364988,71016.7,0.012794871,6.22,6.18,1324.87,1475.79,127.6,244.17,16756486,-0.005400514,5.33,628163,0.463468219,12.2,12808.5734,0.08410365,51590.0,-0.079,61208.0,0.103141018,16295.0,4436.8984,365.089,102.4,7087.326,0.015,0.74,126874.0,1541.884366,0.646,0.354,0.977828439,57746.0,96.91260146,8.3,3.7,734697.6,100.1,1.6,5.7,7.3,11.3,9.7,234.0,19.1850455,98.8,98.6,98.1,43.3,94.3,55.2,99.3,0.4,76.7,6.1,7.61,662.3,205.59,94.73,74.82,59.0,48.7,41.18,33.06,,"16,765",1517.954545,85.5056,"93,08","25,47",61.0,92.8,7804.909725,41.9,707.0,286.0,,,10311.0,,0.44784,,398451.0,28.2,,46080.0,229294.8
1616,2014-06-05,109.6476,17138.9,0.6,422.8,502.4,113.465,19.978,47.5,34.6897,47.3058,108.79,0.178364988,71016.7,0.012794871,6.22,6.18,1333.86,1470.7,127.94,244.55,16756486,-0.005400514,5.33,628163,0.463468219,12.2,12808.5734,0.08410365,51590.0,-0.079,61208.0,0.103141018,16295.0,4436.8984,365.089,102.4,7087.326,0.015,0.74,126874.0,1541.884366,0.646,0.354,0.977828439,57746.0,96.91260146,8.3,3.7,734697.6,100.1,1.6,5.7,7.3,11.3,9.7,234.0,19.1850455,98.8,98.6,98.1,43.3,94.3,55.2,99.3,0.4,76.7,6.1,7.61,662.3,205.59,94.73,74.82,59.0,48.7,41.18,33.06,,"16,765",1517.954545,85.5056,"93,08","25,47",61.0,92.8,7804.909725,41.9,707.0,286.0,,,10311.0,,0.44784,,398451.0,28.2,,46080.0,229294.8
1617,2014-06-06,109.6476,17138.9,0.6,422.8,502.4,113.465,19.978,47.5,34.4144,46.9358,108.61,0.178364988,71016.7,0.012794871,6.22,6.18,1359.1,1484.94,128.22,246.27,16756486,-0.005400514,5.33,628163,0.463468219,12.2,12808.5734,0.08410365,51590.0,-0.079,61208.0,0.103141018,16295.0,4436.8984,365.089,102.4,7087.326,0.015,0.74,126874.0,1541.884366,0.646,0.354,0.977828439,57746.0,96.91260146,8.3,3.7,734697.6,100.1,1.6,5.7,7.3,11.3,9.7,234.0,19.1850455,98.8,98.6,98.1,43.3,94.3,55.2,99.3,0.4,76.7,6.1,7.61,662.3,205.59,94.73,74.82,59.0,48.7,41.18,33.06,,"16,765",1517.954545,85.5056,"93,08","25,47",61.0,92.8,7804.909725,41.9,707.0,286.0,,,10311.0,,0.44784,,398451.0,28.2,,46080.0,229294.8
1618,2014-06-07,109.6476,17138.9,0.6,422.8,502.4,113.465,19.978,47.5,34.4144,46.9358,108.61,0.178364988,71016.7,0.012794871,6.22,6.18,1359.1,1484.94,128.22,246.27,16756486,-0.005400514,5.33,628163,0.463468219,12.2,12808.5734,0.08410365,51590.0,-0.079,61208.0,0.103141018,16295.0,4436.8984,365.089,102.4,7087.326,0.015,0.74,126874.0,1541.884366,0.646,0.354,0.977828439,57746.0,96.91260146,8.3,3.7,734697.6,100.1,1.6,5.7,7.3,11.3,9.7,234.0,19.1850455,98.8,98.6,98.1,43.3,94.3,55.2,99.3,0.4,76.7,6.1,7.61,662.3,205.59,94.73,74.82,59.0,48.7,41.18,33.06,,"16,765",1517.954545,85.5056,"93,08","25,47",61.0,92.8,7804.909725,41.9,707.0,286.0,,,10311.0,,0.44784,,398451.0,28.2,,46080.0,229294.8
1619,2014-06-08,109.6476,17138.9,0.6,422.8,502.4,113.465,19.978,47.5,34.4144,46.9358,108.61,0.178364988,71016.7,0.012794871,6.22,6.18,1359.1,1484.94,128.22,247.49,16756486,-0.005400514,5.33,628163,0.463468219,12.2,12808.5734,0.08410365,51590.0,-0.079,61208.0,0.103141018,16295.0,4436.8984,365.089,102.4,7087.326,0.015,0.74,126874.0,1541.884366,0.646,0.354,0.977828439,57746.0,96.91260146,8.3,3.7,734697.6,100.1,1.6,5.7,7.3,11.3,9.7,234.0,19.1850455,98.8,98.6,98.1,43.3,94.3,55.2,99.3,0.4,76.7,6.1,7.61,662.3,205.59,94.73,74.82,59.0,48.7,41.18,33.06,,"16,765",1517.954545,85.5056,"93,08","25,47",61.0,92.8,7804.909725,41.9,707.0,286.0,,,10311.0,,0.44784,,398451.0,28.2,,46080.0,229294.8
1620,2014-06-09,109.6476,17138.9,0.6,422.8,502.4,113.465,19.978,47.5,34.3259,46.6354,109.99,0.178364988,71016.7,0.012794871,6.22,6.18,1361.65,1485.39,128.52,247.49,16756486,-0.005400514,5.33,628163,0.463468219,12.2,12808.5734,0.08410365,51590.0,-0.079,61208.0,0.103141018,16295.0,4436.8984,365.089,102.4,7087.326,0.015,0.74,126874.0,1541.884366,0.646,0.354,0.977828439,57746.0,96.91260146,8.3,3.7,734697.6,100.1,1.6,5.7,7.3,11.3,9.7,234.0,19.1850455,98.8,98.6,98.1,43.3,94.3,55.2,99.3,0.4,76.7,6.1,7.61,662.3,205.59,94.73,74.82,59.0,48.7,41.18,33.06,,"16,765",1517.954545,85.5056,"93,08","25,47",61.0,92.8,7804.909725,41.9,707.0,286.0,,,10311.0,,0.44784,,398451.0,28.2,,46080.0,229294.8
1621,2014-06-10,109.6476,17138.9,0.6,422.8,502.4,113.465,19.978,47.5,34.3493,46.5279,109.52,0.178364988,71016.7,0.012794871,6.22,6.18,1368.84,1490.81,128.38,249.04,16756486,-0.005400514,5.33,628163,0.463468219,12.2,12808.5734,0.08410365,51590.0,-0.079,61208.0,0.103141018,16295.0,4436.8984,365.089,102.4,7087.326,0.015,0.74,126874.0,1541.884366,0.646,0.354,0.977828439,57746.0,96.91260146,8.3,3.7,734697.6,100.1,1.6,5.7,7.3,11.3,9.7,234.0,19.1850455,98.8,98.6,98.1,43.3,94.3,55.2,99.3,0.4,76.7,6.1,7.61,662.3,205.59,94.73,74.82,59.0,48.7,41.18,33.06,,"16,765",1517.954545,85.5056,"93,08","25,47",61.0,92.8,7804.909725,41.9,707.0,286.0,,,10311.0,,0.44784,,398451.0,28.2,,46080.0,229294.8
1622,2014-06-11,109.6476,17138.9,0.6,422.8,502.4,113.465,19.978,47.5,34.3761,46.5298,109.95,0.178364988,71016.7,0.012794871,6.22,6.18,1374.94,1501.18,128.26,246.07,16756486,-0.005400514,5.33,628163,0.463468219,12.2,12808.5734,0.08410365,51590.0,-0.079,61208.0,0.103141018,16295.0,4436.8984,365.089,102.4,7087.326,0.015,0.74,126874.0,1541.884366,0.646,0.354,0.977828439,57746.0,96.91260146,8.3,3.7,734697.6,100.1,1.6,5.7,7.3,11.3,9.7,234.0,19.1850455,98.8,98.6,98.1,43.3,94.3,55.2,99.3,0.4,76.7,6.1,7.61,662.3,205.59,94.73,74.82,59.0,48.7,41.18,33.06,,"16,765",1517.954545,85.5056,"93,08","25,47",61.0,92.8,7804.909725,41.9,707.0,286.0,,,10311.0,,0.44784,,398451.0,28.2,,46080.0,229294.8
1623,2014-06-12,109.6476,17138.9,0.6,422.8,502.4,113.465,19.978,47.5,34.3232,46.499,113.02,0.178364988,71016.7,0.012794871,6.22,6.18,1374.94,1501.18,128.26,246.07,16756486,-0.005400514,5.33,628163,0.463468219,12.2,12808.5734,0.08410365,51590.0,-0.079,61208.0,0.103141018,16295.0,4436.8984,365.089,102.4,7087.326,0.015,0.74,126874.0,1541.884366,0.646,0.354,0.977828439,57746.0,96.91260146,8.3,3.7,734697.6,100.1,1.6,5.7,7.3,11.3,9.7,234.0,19.1850455,98.8,98.6,98.1,43.3,94.3,55.2,99.3,0.4,76.7,6.1,7.61,662.3,205.59,94.73,74.82,59.0,48.7,41.18,33.06,,"16,765",1517.954545,85.5056,"93,08","25,47",61.0,92.8,7804.909725,41.9,707.0,286.0,,,10311.0,,0.44784,,398451.0,28.2,,46080.0,229294.8
1624,2014-06-13,109.6476,17138.9,0.6,422.8,502.4,113.465,19.978,47.5,34.408,46.5548,113.41,0.178364988,71016.7,0.012794871,6.22,6.18,1374.94,1501.18,128.26,246.07,16756486,-0.005400514,5.33,628163,0.463468219,12.2,12808.5734,0.08410365,51590.0,-0.079,61208.0,0.103141018,16295.0,4436.8984,365.089,102.4,7087.326,0.015,0.74,126874.0,1541.884366,0.646,0.354,0.977828439,57746.0,96.91260146,8.3,3.7,734697.6,100.1,1.6,5.7,7.3,11.3,9.7,234.0,19.1850455,98.8,98.6,98.1,43.3,94.3,55.2,99.3,0.4,76.7,6.1,7.61,662.3,205.59,94.73,74.82,59.0,48.7,41.18,33.06,,"16,765",1517.954545,85.5056,"93,08","25,47",61.0,92.8,7804.909725,41.9,707.0,286.0,,,10311.0,,0.44784,,398451.0,28.2,,46080.0,229294.8
1625,2014-06-14,109.6476,17138.9,0.6,422.8,502.4,113.465,19.978,47.5,34.408,46.5548,113.41,0.178364988,71016.7,0.012794871,6.22,6.18,1374.94,1501.18,128.26,246.07,16756486,-0.005400514,5.33,628163,0.463468219,12.2,12808.5734,0.08410365,51590.0,-0.079,61208.0,0.103141018,16295.0,4436.8984,365.089,102.4,7087.326,0.015,0.74,126874.0,1541.884366,0.646,0.354,0.977828439,57746.0,96.91260146,8.3,3.7,734697.6,100.1,1.6,5.7,7.3,11.3,9.7,234.0,19.1850455,98.8,98.6,98.1,43.3,94.3,55.2,99.3,0.4,76.7,6.1,7.61,662.3,205.59,94.73,74.82,59.0,48.7,41.18,33.06,,"16,765",1517.954545,85.5056,"93,08","25,47",61.0,92.8,7804.909725,41.9,707.0,286.0,,,10311.0,,0.44784,,398451.0,28.2,,46080.0,229294.8
1626,2014-06-15,109.6476,17138.9,0.6,422.8,502.4,113.465,19.978,47.5,34.408,46.5548,113.41,0.178364988,71016.7,0.012794871,6.22,6.18,1374.94,1501.18,128.26,246.07,16756486,-0.005400514,5.33,628163,0.463468219,12.2,12808.5734,0.08410365,51590.0,-0.079,61208.0,0.103141018,16295.0,4436.8984,365.089,102.4,7087.326,0.015,0.74,126874.0,1541.884366,0.646,0.354,0.977828439,57746.0,96.91260146,8.3,3.7,734697.6,100.1,1.6,5.7,7.3,11.3,9.7,234.0,19.1850455,98.8,98.6,98.1,43.3,94.3,55.2,99.3,0.4,76.7,6.1,7.61,662.3,205.59,94.73,74.82,59.0,48.7,41.18,33.06,,"16,765",1517.954545,85.5056,"93,08","25,47",61.0,92.8,7804.909725,41.9,707.0,286.0,,,10311.0,,0.44784,,398451.0,28.2,,46080.0,229294.8
1627,2014-06-16,109.6476,17138.9,0.6,422.8,502.4,113.465,19.978,47.5,34.6487,47.0155,112.94,0.178364988,71016.7,0.012794871,6.22,6.18,1357.8,1493.93,127.6,247.18,16756486,-0.005400514,5.33,628163,0.463468219,12.2,12808.5734,0.08410365,51590.0,-0.079,61208.0,0.103141018,16295.0,4436.8984,365.089,102.4,7087.326,0.015,0.74,126874.0,1541.884366,0.646,0.354,0.977828439,57746.0,96.91260146,8.3,3.7,734697.6,100.1,1.6,5.7,7.3,11.3,9.7,234.0,19.1850455,98.8,98.6,98.1,43.3,94.3,55.2,99.3,0.4,76.7,6.1,7.61,662.3,205.59,94.73,74.82,59.0,48.7,41.18,33.06,,"16,765",1517.954545,85.5056,"93,08","25,47",61.0,92.8,7804.909725,41.9,707.0,286.0,,,10311.0,,0.44784,,398451.0,28.2,,46080.0,229294.8
1628,2014-06-17,109.6476,17138.9,0.6,422.8,502.4,113.465,19.978,47.5,34.815,47.1542,113.45,0.178364988,71016.7,0.012794871,6.22,6.18,1343.5,1486.38,127.43,246.83,16756486,-0.005400514,5.33,628163,0.463468219,12.2,12808.5734,0.08410365,51590.0,-0.079,61208.0,0.103141018,16295.0,4436.8984,365.089,102.4,7087.326,0.015,0.74,126874.0,1541.884366,0.646,0.354,0.977828439,57746.0,96.91260146,8.3,3.7,734697.6,100.1,1.6,5.7,7.3,11.3,9.7,234.0,19.1850455,98.8,98.6,98.1,43.3,94.3,55.2,99.3,0.4,76.7,6.1,7.61,662.3,205.59,94.73,74.82,59.0,48.7,41.18,33.06,,"16,765",1517.954545,85.5056,"93,08","25,47",61.0,92.8,7804.909725,41.9,707.0,286.0,,,10311.0,,0.44784,,398451.0,28.2,,46080.0,229294.8
1629,2014-06-18,109.6476,17138.9,0.6,422.8,502.4,113.465,19.978,47.5,34.5361,46.881,114.26,0.178364988,71016.7,0.012794871,6.22,6.18,1362.99,1494.28,127.63,246.84,16756486,-0.005400514,5.33,628163,0.463468219,12.2,12808.5734,0.08410365,51590.0,-0.079,61208.0,0.103141018,16295.0,4436.8984,365.089,102.4,7087.326,0.015,0.74,126874.0,1541.884366,0.646,0.354,0.977828439,57746.0,96.91260146,8.3,3.7,734697.6,100.1,1.6,5.7,7.3,11.3,9.7,234.0,19.1850455,98.8,98.6,98.1,43.3,94.3,55.2,99.3,0.4,76.7,6.1,7.61,662.3,205.59,94.73,74.82,59.0,48.7,41.18,33.06,,"16,765",1517.954545,85.5056,"93,08","25,47",61.0,92.8,7804.909725,41.9,707.0,286.0,,,10311.0,,0.44784,,398451.0,28.2,,46080.0,229294.8
1630,2014-06-19,109.6476,17138.9,0.6,422.8,502.4,113.465,19.978,47.5,34.3768,46.8222,115.06,0.178364988,71016.7,0.012794871,6.22,6.18,1371.55,1495.09,127.96,247.09,16756486,-0.005400514,5.33,628163,0.463468219,12.2,12808.5734,0.08410365,51590.0,-0.079,61208.0,0.103141018,16295.0,4436.8984,365.089,102.4,7087.326,0.015,0.74,126874.0,1541.884366,0.646,0.354,0.977828439,57746.0,96.91260146,8.3,3.7,734697.6,100.1,1.6,5.7,7.3,11.3,9.7,234.0,19.1850455,98.8,98.6,98.1,43.3,94.3,55.2,99.3,0.4,76.7,6.1,7.61,662.3,205.59,94.73,74.82,59.0,48.7,41.18,33.06,,"16,765",1517.954545,85.5056,"93,08","25,47",61.0,92.8,7804.909725,41.9,707.0,286.0,,,10311.0,,0.44784,,398451.0,28.2,,46080.0,229294.8
1631,2014-06-20,109.6476,17138.9,0.6,422.8,502.4,113.465,19.978,47.5,34.4708,46.821,114.81,0.178364988,71016.7,0.012794871,6.22,6.18,1358.73,1486.3,128.14,246.77,16756486,-0.005400514,5.33,628163,0.463468219,12.2,12808.5734,0.08410365,51590.0,-0.079,61208.0,0.103141018,16295.0,4436.8984,365.089,102.4,7087.326,0.015,0.74,126874.0,1541.884366,0.646,0.354,0.977828439,57746.0,96.91260146,8.3,3.7,734697.6,100.1,1.6,5.7,7.3,11.3,9.7,234.0,19.1850455,98.8,98.6,98.1,43.3,94.3,55.2,99.3,0.4,76.7,6.1,7.61,662.3,205.59,94.73,74.82,59.0,48.7,41.18,33.06,,"16,765",1517.954545,85.5056,"93,08","25,47",61.0,92.8,7804.909725,41.9,707.0,286.0,,,10311.0,,0.44784,,398451.0,28.2,,46080.0,229294.8
1632,2014-06-21,109.6476,17138.9,0.6,422.8,502.4,113.465,19.978,47.5,34.4708,46.821,114.81,0.178364988,71016.7,0.012794871,6.22,6.18,1358.73,1486.3,128.14,246.77,16756486,-0.005400514,5.33,628163,0.463468219,12.2,12808.5734,0.08410365,51590.0,-0.079,61208.0,0.103141018,16295.0,4436.8984,365.089,102.4,7087.326,0.015,0.74,126874.0,1541.884366,0.646,0.354,0.977828439,57746.0,96.91260146,8.3,3.7,734697.6,100.1,1.6,5.7,7.3,11.3,9.7,234.0,19.1850455,98.8,98.6,98.1,43.3,94.3,55.2,99.3,0.4,76.7,6.1,7.61,662.3,205.59,94.73,74.82,59.0,48.7,41.18,33.06,,"16,765",1517.954545,85.5056,"93,08","25,47",61.0,92.8,7804.909725,41.9,707.0,286.0,,,10311.0,,0.44784,,398451.0,28.2,,46080.0,229294.8
1633,2014-06-22,109.6476,17138.9,0.6,422.8,502.4,113.465,19.978,47.5,34.4708,46.821,114.81,0.178364988,71016.7,0.012794871,6.22,6.18,1358.73,1486.3,128.14,246.77,16756486,-0.005400514,5.33,628163,0.463468219,12.2,12808.5734,0.08410365,51590.0,-0.079,61208.0,0.103141018,16295.0,4436.8984,365.089,102.4,7087.326,0.015,0.74,126874.0,1541.884366,0.646,0.354,0.977828439,57746.0,96.91260146,8.3,3.7,734697.6,100.1,1.6,5.7,7.3,11.3,9.7,234.0,19.1850455,98.8,98.6,98.1,43.3,94.3,55.2,99.3,0.4,76.7,6.1,7.61,662.3,205.59,94.73,74.82,59.0,48.7,41.18,33.06,,"16,765",1517.954545,85.5056,"93,08","25,47",61.0,92.8,7804.909725,41.9,707.0,286.0,,,10311.0,,0.44784,,398451.0,28.2,,46080.0,229294.8
1634,2014-06-23,109.6476,17138.9,0.6,422.8,502.4,113.465,19.978,47.5,34.1584,46.4412,114.12,0.178364988,71016.7,0.012794871,6.22,6.18,1369.1,1486.3,128.22,247.18,16756486,-0.005400514,5.33,628163,0.463468219,12.2,12808.5734,0.08410365,51590.0,-0.079,61208.0,0.103141018,16295.0,4436.8984,365.089,102.4,7087.326,0.015,0.74,126874.0,1541.884366,0.646,0.354,0.977828439,57746.0,96.91260146,8.3,3.7,734697.6,100.1,1.6,5.7,7.3,11.3,9.7,234.0,19.1850455,98.8,98.6,98.1,43.3,94.3,55.2,99.3,0.4,76.7,6.1,7.61,662.3,205.59,94.73,74.82,59.0,48.7,41.18,33.06,,"16,765",1517.954545,85.5056,"93,08","25,47",61.0,92.8,7804.909725,41.9,707.0,286.0,,,10311.0,,0.44784,,398451.0,28.2,,46080.0,229294.8
1635,2014-06-24,109.6476,17138.9,0.6,422.8,502.4,113.465,19.978,47.5,33.77,45.879,114.46,0.178364988,71016.7,0.012794871,6.22,6.18,1421.07,1518.83,128.38,247.18,16756486,-0.005400514,5.33,628163,0.463468219,12.2,12808.5734,0.08410365,51590.0,-0.079,61208.0,0.103141018,16295.0,4436.8984,365.089,102.4,7087.326,0.015,0.74,126874.0,1541.884366,0.646,0.354,0.977828439,57746.0,96.91260146,8.3,3.7,734697.6,100.1,1.6,5.7,7.3,11.3,9.7,234.0,19.1850455,98.8,98.6,98.1,43.3,94.3,55.2,99.3,0.4,76.7,6.1,7.61,662.3,205.59,94.73,74.82,59.0,48.7,41.18,33.06,,"16,765",1517.954545,85.5056,"93,08","25,47",61.0,92.8,7804.909725,41.9,707.0,286.0,,,10311.0,,0.44784,,398451.0,28.2,,46080.0,229294.8
1636,2014-06-25,109.6476,17138.9,0.6,422.8,502.4,113.465,19.978,47.5,33.7572,46.0349,114.0,0.178364988,71016.7,0.012794871,6.22,6.18,1383.02,1481.95,128.5,247.24,16756486,-0.005400514,5.33,628163,0.463468219,12.2,12808.5734,0.08410365,51590.0,-0.079,61208.0,0.103141018,16295.0,4436.8984,365.089,102.4,7087.326,0.015,0.74,126874.0,1541.884366,0.646,0.354,0.977828439,57746.0,96.91260146,8.3,3.7,734697.6,100.1,1.6,5.7,7.3,11.3,9.7,234.0,19.1850455,98.8,98.6,98.1,43.3,94.3,55.2,99.3,0.4,76.7,6.1,7.61,662.3,205.59,94.73,74.82,59.0,48.7,41.18,33.06,,"16,765",1517.954545,85.5056,"93,08","25,47",61.0,92.8,7804.909725,41.9,707.0,286.0,,,10311.0,,0.44784,,398451.0,28.2,,46080.0,229294.8
1637,2014-06-26,109.6476,17138.9,0.6,422.8,502.4,113.465,19.978,47.5,33.7166,45.8933,113.21,0.178364988,71016.7,0.012794871,6.22,6.18,1377.41,1473.18,128.66,247.19,16756486,-0.005400514,5.33,628163,0.463468219,12.2,12808.5734,0.08410365,51590.0,-0.079,61208.0,0.103141018,16295.0,4436.8984,365.089,102.4,7087.326,0.015,0.74,126874.0,1541.884366,0.646,0.354,0.977828439,57746.0,96.91260146,8.3,3.7,734697.6,100.1,1.6,5.7,7.3,11.3,9.7,234.0,19.1850455,98.8,98.6,98.1,43.3,94.3,55.2,99.3,0.4,76.7,6.1,7.61,662.3,205.59,94.73,74.82,59.0,48.7,41.18,33.06,,"16,765",1517.954545,85.5056,"93,08","25,47",61.0,92.8,7804.909725,41.9,707.0,286.0,,,10311.0,,0.44784,,398451.0,28.2,,46080.0,229294.8
1638,2014-06-27,109.6476,17138.9,0.6,422.8,502.4,113.465,19.978,47.5,33.7254,46.003,113.3,0.178364988,71016.7,0.012794871,6.22,6.18,1379.75,1477.32,128.78,247.63,16756486,-0.005400514,5.33,628163,0.463468219,12.2,12808.5734,0.08410365,51590.0,-0.079,61208.0,0.103141018,16295.0,4436.8984,365.089,102.4,7087.326,0.015,0.74,126874.0,1541.884366,0.646,0.354,0.977828439,57746.0,96.91260146,8.3,3.7,734697.6,100.1,1.6,5.7,7.3,11.3,9.7,234.0,19.1850455,98.8,98.6,98.1,43.3,94.3,55.2,99.3,0.4,76.7,6.1,7.61,662.3,205.59,94.73,74.82,59.0,48.7,41.18,33.06,,"16,765",1517.954545,85.5056,"93,08","25,47",61.0,92.8,7804.909725,41.9,707.0,286.0,,,10311.0,,0.44784,,398451.0,28.2,,46080.0,229294.8
1639,2014-06-28,109.6476,17138.9,0.6,422.8,502.4,113.465,19.978,47.5,33.7254,46.003,113.3,0.178364988,71016.7,0.012794871,6.22,6.18,1379.75,1477.32,128.78,247.63,16756486,-0.005400514,5.33,628163,0.463468219,12.2,12808.5734,0.08410365,51590.0,-0.079,61208.0,0.103141018,16295.0,4436.8984,365.089,102.4,7087.326,0.015,0.74,126874.0,1541.884366,0.646,0.354,0.977828439,57746.0,96.91260146,8.3,3.7,734697.6,100.1,1.6,5.7,7.3,11.3,9.7,234.0,19.1850455,98.8,98.6,98.1,43.3,94.3,55.2,99.3,0.4,76.7,6.1,7.61,662.3,205.59,94.73,74.82,59.0,48.7,41.18,33.06,,"16,765",1517.954545,85.5056,"93,08","25,47",61.0,92.8,7804.909725,41.9,707.0,286.0,,,10311.0,,0.44784,,398451.0,28.2,,46080.0,229294.8
1640,2014-06-29,109.6476,17138.9,0.6,422.8,502.4,113.465,19.978,47.5,33.7254,46.003,113.3,0.178364988,71016.7,0.012794871,6.22,6.18,1379.75,1477.32,128.78,247.63,16756486,-0.005400514,5.33,628163,0.463468219,12.2,12808.5734,0.08410365,51590.0,-0.079,61208.0,0.103141018,16295.0,4436.8984,365.089,102.4,7087.326,0.015,0.74,126874.0,1541.884366,0.646,0.354,0.977828439,57746.0,96.91260146,8.3,3.7,734697.6,100.1,1.6,5.7,7.3,11.3,9.7,234.0,19.1850455,98.8,98.6,98.1,43.3,94.3,55.2,99.3,0.4,76.7,6.1,7.61,662.3,205.59,94.73,74.82,59.0,48.7,41.18,33.06,,"16,765",1517.954545,85.5056,"93,08","25,47",61.0,92.8,7804.909725,41.9,707.0,286.0,,,10311.0,,0.44784,,398451.0,28.2,,46080.0,229294.8
1641,2014-06-30,109.6476,17138.9,0.6,422.8,502.4,113.465,19.978,47.5,33.9823,46.5212,112.36,0.178364988,71016.7,0.012794871,6.22,6.18,1366.08,1476.38,128.5,248.02,16756486,-0.005400514,5.33,628163,0.463468219,12.2,12808.5734,0.08410365,51590.0,-0.079,61208.0,0.103141018,16295.0,4436.8984,365.089,102.4,7087.326,0.015,0.74,126874.0,1541.884366,0.646,0.354,0.977828439,57746.0,96.91260146,8.3,3.7,734697.6,100.1,1.6,5.7,7.3,11.3,9.7,234.0,19.1850455,98.8,98.6,98.1,43.3,94.3,55.2,99.3,0.4,76.7,6.1,7.61,662.3,205.59,94.73,74.82,59.0,48.7,41.18,33.06,,"16,765",1517.954545,85.5056,"93,08","25,47",61.0,92.8,7804.909725,41.9,707.0,286.0,,,10311.0,,0.44784,,398451.0,28.2,,46080.0,229294.8
1642,2014-07-01,105.6383,18884.6,0.7,425.5,506.5,113.465,15.818,21.5,34.3284,46.9983,112.29,-0.017759563,71016.7,0.012794871,6.29,6.14,1362.1,1482.92,128.48,248.02,16883220,0.00756328,5.54,766009,0.431289566,12.23,12808.5734,0.08410365,55216.0,-0.079,61208.0,0.103141018,16251.41,4436.8984,365.089,102.4,7087.326,0.015,0.74,126874.0,1541.884366,0.646,0.354,0.977828439,57746.0,96.91260146,8.3,3.7,734697.6,100.1,1.6,5.7,7.3,11.3,9.7,234.0,19.1850455,98.8,98.6,98.1,43.3,94.3,55.2,99.3,0.4,76.7,6.1,7.61,662.3,185.69,100.27,77.87,60.43,50.93,41.97,33.67,,"16,765",1517.954545,85.5056,"93,08","25,47",61.0,92.8,7804.909725,41.9,707.0,286.0,,,10311.0,,0.44784,,398451.0,28.2,,46080.0,229294.8
1643,2014-07-02,105.6383,18884.6,0.7,425.5,506.5,113.465,15.818,21.5,34.3453,46.8873,111.24,-0.017759563,71016.7,0.012794871,6.29,6.14,1390.47,1514.33,128.44,245.16,16883220,0.00756328,5.54,766009,0.431289566,12.23,12808.5734,0.08410365,55216.0,-0.079,61208.0,0.103141018,16251.41,4436.8984,365.089,102.4,7087.326,0.015,0.74,126874.0,1541.884366,0.646,0.354,0.977828439,57746.0,96.91260146,8.3,3.7,734697.6,100.1,1.6,5.7,7.3,11.3,9.7,234.0,19.1850455,98.8,98.6,98.1,43.3,94.3,55.2,99.3,0.4,76.7,6.1,7.61,662.3,185.69,100.27,77.87,60.43,50.93,41.97,33.67,,"16,765",1517.954545,85.5056,"93,08","25,47",61.0,92.8,7804.909725,41.9,707.0,286.0,,,10311.0,,0.44784,,398451.0,28.2,,46080.0,229294.8
1644,2014-07-03,105.6383,18884.6,0.7,425.5,506.5,113.465,15.818,21.5,34.2682,46.6143,111.0,-0.017759563,71016.7,0.012794871,6.29,6.14,1390.72,1514.47,128.46,243.31,16883220,0.00756328,5.54,766009,0.431289566,12.23,12808.5734,0.08410365,55216.0,-0.079,61208.0,0.103141018,16251.41,4436.8984,365.089,102.4,7087.326,0.015,0.74,126874.0,1541.884366,0.646,0.354,0.977828439,57746.0,96.91260146,8.3,3.7,734697.6,100.1,1.6,5.7,7.3,11.3,9.7,234.0,19.1850455,98.8,98.6,98.1,43.3,94.3,55.2,99.3,0.4,76.7,6.1,7.61,662.3,185.69,100.27,77.87,60.43,50.93,41.97,33.67,,"16,765",1517.954545,85.5056,"93,08","25,47",61.0,92.8,7804.909725,41.9,707.0,286.0,,,10311.0,,0.44784,,398451.0,28.2,,46080.0,229294.8
1645,2014-07-04,105.6383,18884.6,0.7,425.5,506.5,113.465,15.818,21.5,34.4691,46.859,110.64,-0.017759563,71016.7,0.012794871,6.29,6.14,1360.48,1489.53,128.42,243.6,16883220,0.00756328,5.54,766009,0.431289566,12.23,12808.5734,0.08410365,55216.0,-0.079,61208.0,0.103141018,16251.41,4436.8984,365.089,102.4,7087.326,0.015,0.74,126874.0,1541.884366,0.646,0.354,0.977828439,57746.0,96.91260146,8.3,3.7,734697.6,100.1,1.6,5.7,7.3,11.3,9.7,234.0,19.1850455,98.8,98.6,98.1,43.3,94.3,55.2,99.3,0.4,76.7,6.1,7.61,662.3,185.69,100.27,77.87,60.43,50.93,41.97,33.67,,"16,765",1517.954545,85.5056,"93,08","25,47",61.0,92.8,7804.909725,41.9,707.0,286.0,,,10311.0,,0.44784,,398451.0,28.2,,46080.0,229294.8
1646,2014-07-05,105.6383,18884.6,0.7,425.5,506.5,113.465,15.818,21.5,34.4691,46.859,110.64,-0.017759563,71016.7,0.012794871,6.29,6.14,1360.48,1489.53,128.42,244.52,16883220,0.00756328,5.54,766009,0.431289566,12.23,12808.5734,0.08410365,55216.0,-0.079,61208.0,0.103141018,16251.41,4436.8984,365.089,102.4,7087.326,0.015,0.74,126874.0,1541.884366,0.646,0.354,0.977828439,57746.0,96.91260146,8.3,3.7,734697.6,100.1,1.6,5.7,7.3,11.3,9.7,234.0,19.1850455,98.8,98.6,98.1,43.3,94.3,55.2,99.3,0.4,76.7,6.1,7.61,662.3,185.69,100.27,77.87,60.43,50.93,41.97,33.67,,"16,765",1517.954545,85.5056,"93,08","25,47",61.0,92.8,7804.909725,41.9,707.0,286.0,,,10311.0,,0.44784,,398451.0,28.2,,46080.0,229294.8
1647,2014-07-06,105.6383,18884.6,0.7,425.5,506.5,113.465,15.818,21.5,34.4691,46.859,110.64,-0.017759563,71016.7,0.012794871,6.29,6.14,1360.48,1489.53,128.42,244.52,16883220,0.00756328,5.54,766009,0.431289566,12.23,12808.5734,0.08410365,55216.0,-0.079,61208.0,0.103141018,16251.41,4436.8984,365.089,102.4,7087.326,0.015,0.74,126874.0,1541.884366,0.646,0.354,0.977828439,57746.0,96.91260146,8.3,3.7,734697.6,100.1,1.6,5.7,7.3,11.3,9.7,234.0,19.1850455,98.8,98.6,98.1,43.3,94.3,55.2,99.3,0.4,76.7,6.1,7.61,662.3,185.69,100.27,77.87,60.43,50.93,41.97,33.67,,"16,765",1517.954545,85.5056,"93,08","25,47",61.0,92.8,7804.909725,41.9,707.0,286.0,,,10311.0,,0.44784,,398451.0,28.2,,46080.0,229294.8
1648,2014-07-07,105.6383,18884.6,0.7,425.5,506.5,113.465,15.818,21.5,34.4315,46.8451,110.24,-0.017759563,71016.7,0.012794871,6.29,6.14,1385.24,1513.72,128.22,247.74,16883220,0.00756328,5.54,766009,0.431289566,12.23,12808.5734,0.08410365,55216.0,-0.079,61208.0,0.103141018,16251.41,4436.8984,365.089,102.4,7087.326,0.015,0.74,126874.0,1541.884366,0.646,0.354,0.977828439,57746.0,96.91260146,8.3,3.7,734697.6,100.1,1.6,5.7,7.3,11.3,9.7,234.0,19.1850455,98.8,98.6,98.1,43.3,94.3,55.2,99.3,0.4,76.7,6.1,7.61,662.3,185.69,100.27,77.87,60.43,50.93,41.97,33.67,,"16,765",1517.954545,85.5056,"93,08","25,47",61.0,92.8,7804.909725,41.9,707.0,286.0,,,10311.0,,0.44784,,398451.0,28.2,,46080.0,229294.8
1649,2014-07-08,105.6383,18884.6,0.7,425.5,506.5,113.465,15.818,21.5,34.2625,46.62,108.94,-0.017759563,71016.7,0.012794871,6.29,6.14,1393.59,1516.75,128.34,246.89,16883220,0.00756328,5.54,766009,0.431289566,12.23,12808.5734,0.08410365,55216.0,-0.079,61208.0,0.103141018,16251.41,4436.8984,365.089,102.4,7087.326,0.015,0.74,126874.0,1541.884366,0.646,0.354,0.977828439,57746.0,96.91260146,8.3,3.7,734697.6,100.1,1.6,5.7,7.3,11.3,9.7,234.0,19.1850455,98.8,98.6,98.1,43.3,94.3,55.2,99.3,0.4,76.7,6.1,7.61,662.3,185.69,100.27,77.87,60.43,50.93,41.97,33.67,,"16,765",1517.954545,85.5056,"93,08","25,47",61.0,92.8,7804.909725,41.9,707.0,286.0,,,10311.0,,0.44784,,398451.0,28.2,,46080.0,229294.8
1650,2014-07-09,105.6383,18884.6,0.7,425.5,506.5,113.465,15.818,21.5,33.9864,46.3101,108.28,-0.017759563,71016.7,0.012794871,6.29,6.14,1403.72,1513.38,128.31,246.89,16883220,0.00756328,5.54,766009,0.431289566,12.23,12808.5734,0.08410365,55216.0,-0.079,61208.0,0.103141018,16251.41,4436.8984,365.089,102.4,7087.326,0.015,0.74,126874.0,1541.884366,0.646,0.354,0.977828439,57746.0,96.91260146,8.3,3.7,734697.6,100.1,1.6,5.7,7.3,11.3,9.7,234.0,19.1850455,98.8,98.6,98.1,43.3,94.3,55.2,99.3,0.4,76.7,6.1,7.61,662.3,185.69,100.27,77.87,60.43,50.93,41.97,33.67,,"16,765",1517.954545,85.5056,"93,08","25,47",61.0,92.8,7804.909725,41.9,707.0,286.0,,,10311.0,,0.44784,,398451.0,28.2,,46080.0,229294.8
1651,2014-07-10,105.6383,18884.6,0.7,425.5,506.5,113.465,15.818,21.5,33.9855,46.2146,108.67,-0.017759563,71016.7,0.012794871,6.29,6.14,1383.7,1494.92,128.02,248.87,16883220,0.00756328,5.54,766009,0.431289566,12.23,12808.5734,0.08410365,55216.0,-0.079,61208.0,0.103141018,16251.41,4436.8984,365.089,102.4,7087.326,0.015,0.74,126874.0,1541.884366,0.646,0.354,0.977828439,57746.0,96.91260146,8.3,3.7,734697.6,100.1,1.6,5.7,7.3,11.3,9.7,234.0,19.1850455,98.8,98.6,98.1,43.3,94.3,55.2,99.3,0.4,76.7,6.1,7.61,662.3,185.69,100.27,77.87,60.43,50.93,41.97,33.67,,"16,765",1517.954545,85.5056,"93,08","25,47",61.0,92.8,7804.909725,41.9,707.0,286.0,,,10311.0,,0.44784,,398451.0,28.2,,46080.0,229294.8
1652,2014-07-11,105.6383,18884.6,0.7,425.5,506.5,113.465,15.818,21.5,34.223,46.5546,106.66,-0.017759563,71016.7,0.012794871,6.29,6.14,1383.18,1499.82,127.75,245.77,16883220,0.00756328,5.54,766009,0.431289566,12.23,12808.5734,0.08410365,55216.0,-0.079,61208.0,0.103141018,16251.41,4436.8984,365.089,102.4,7087.326,0.015,0.74,126874.0,1541.884366,0.646,0.354,0.977828439,57746.0,96.91260146,8.3,3.7,734697.6,100.1,1.6,5.7,7.3,11.3,9.7,234.0,19.1850455,98.8,98.6,98.1,43.3,94.3,55.2,99.3,0.4,76.7,6.1,7.61,662.3,185.69,100.27,77.87,60.43,50.93,41.97,33.67,,"16,765",1517.954545,85.5056,"93,08","25,47",61.0,92.8,7804.909725,41.9,707.0,286.0,,,10311.0,,0.44784,,398451.0,28.2,,46080.0,229294.8
1653,2014-07-12,105.6383,18884.6,0.7,425.5,506.5,113.465,15.818,21.5,34.223,46.5546,106.66,-0.017759563,71016.7,0.012794871,6.29,6.14,1383.18,1499.82,127.75,245.77,16883220,0.00756328,5.54,766009,0.431289566,12.23,12808.5734,0.08410365,55216.0,-0.079,61208.0,0.103141018,16251.41,4436.8984,365.089,102.4,7087.326,0.015,0.74,126874.0,1541.884366,0.646,0.354,0.977828439,57746.0,96.91260146,8.3,3.7,734697.6,100.1,1.6,5.7,7.3,11.3,9.7,234.0,19.1850455,98.8,98.6,98.1,43.3,94.3,55.2,99.3,0.4,76.7,6.1,7.61,662.3,185.69,100.27,77.87,60.43,50.93,41.97,33.67,,"16,765",1517.954545,85.5056,"93,08","25,47",61.0,92.8,7804.909725,41.9,707.0,286.0,,,10311.0,,0.44784,,398451.0,28.2,,46080.0,229294.8
1654,2014-07-13,105.6383,18884.6,0.7,425.5,506.5,113.465,15.818,21.5,34.223,46.5546,106.66,-0.017759563,71016.7,0.012794871,6.29,6.14,1383.18,1499.82,127.75,245.77,16883220,0.00756328,5.54,766009,0.431289566,12.23,12808.5734,0.08410365,55216.0,-0.079,61208.0,0.103141018,16251.41,4436.8984,365.089,102.4,7087.326,0.015,0.74,126874.0,1541.884366,0.646,0.354,0.977828439,57746.0,96.91260146,8.3,3.7,734697.6,100.1,1.6,5.7,7.3,11.3,9.7,234.0,19.1850455,98.8,98.6,98.1,43.3,94.3,55.2,99.3,0.4,76.7,6.1,7.61,662.3,185.69,100.27,77.87,60.43,50.93,41.97,33.67,,"16,765",1517.954545,85.5056,"93,08","25,47",61.0,92.8,7804.909725,41.9,707.0,286.0,,,10311.0,,0.44784,,398451.0,28.2,,46080.0,229294.8
1655,2014-07-14,105.6383,18884.6,0.7,425.5,506.5,113.465,15.818,21.5,34.3302,46.7278,106.98,-0.017759563,71016.7,0.012794871,6.29,6.14,1361.89,1483.41,127.65,248.82,16883220,0.00756328,5.54,766009,0.431289566,12.23,12808.5734,0.08410365,55216.0,-0.079,61208.0,0.103141018,16251.41,4436.8984,365.089,102.4,7087.326,0.015,0.74,126874.0,1541.884366,0.646,0.354,0.977828439,57746.0,96.91260146,8.3,3.7,734697.6,100.1,1.6,5.7,7.3,11.3,9.7,234.0,19.1850455,98.8,98.6,98.1,43.3,94.3,55.2,99.3,0.4,76.7,6.1,7.61,662.3,185.69,100.27,77.87,60.43,50.93,41.97,33.67,,"16,765",1517.954545,85.5056,"93,08","25,47",61.0,92.8,7804.909725,41.9,707.0,286.0,,,10311.0,,0.44784,,398451.0,28.2,,46080.0,229294.8
1656,2014-07-15,105.6383,18884.6,0.7,425.5,506.5,113.465,15.818,21.5,34.3916,46.662,106.02,-0.017759563,71016.7,0.012794871,6.29,6.14,1352.15,1475.77,127.5,248.79,16883220,0.00756328,5.54,766009,0.431289566,12.23,12808.5734,0.08410365,55216.0,-0.079,61208.0,0.103141018,16251.41,4436.8984,365.089,102.4,7087.326,0.015,0.74,126874.0,1541.884366,0.646,0.354,0.977828439,57746.0,96.91260146,8.3,3.7,734697.6,100.1,1.6,5.7,7.3,11.3,9.7,234.0,19.1850455,98.8,98.6,98.1,43.3,94.3,55.2,99.3,0.4,76.7,6.1,7.61,662.3,185.69,100.27,77.87,60.43,50.93,41.97,33.67,,"16,765",1517.954545,85.5056,"93,08","25,47",61.0,92.8,7804.909725,41.9,707.0,286.0,,,10311.0,,0.44784,,398451.0,28.2,,46080.0,229294.8
1657,2014-07-16,105.6383,18884.6,0.7,425.5,506.5,113.465,15.818,21.5,34.4148,46.555,105.85,-0.017759563,71016.7,0.012794871,6.29,6.14,1350.52,1474.72,127.57,248.51,16883220,0.00756328,5.54,766009,0.431289566,12.23,12808.5734,0.08410365,55216.0,-0.079,61208.0,0.103141018,16251.41,4436.8984,365.089,102.4,7087.326,0.015,0.74,126874.0,1541.884366,0.646,0.354,0.977828439,57746.0,96.91260146,8.3,3.7,734697.6,100.1,1.6,5.7,7.3,11.3,9.7,234.0,19.1850455,98.8,98.6,98.1,43.3,94.3,55.2,99.3,0.4,76.7,6.1,7.61,662.3,185.69,100.27,77.87,60.43,50.93,41.97,33.67,,"16,765",1517.954545,85.5056,"93,08","25,47",61.0,92.8,7804.909725,41.9,707.0,286.0,,,10311.0,,0.44784,,398451.0,28.2,,46080.0,229294.8
1658,2014-07-17,105.6383,18884.6,0.7,425.5,506.5,113.465,15.818,21.5,35.1682,47.5607,107.89,-0.017759563,71016.7,0.012794871,6.29,6.14,1299.03,1440.63,126.28,248.38,16883220,0.00756328,5.54,766009,0.431289566,12.23,12808.5734,0.08410365,55216.0,-0.079,61208.0,0.103141018,16251.41,4436.8984,365.089,102.4,7087.326,0.015,0.74,126874.0,1541.884366,0.646,0.354,0.977828439,57746.0,96.91260146,8.3,3.7,734697.6,100.1,1.6,5.7,7.3,11.3,9.7,234.0,19.1850455,98.8,98.6,98.1,43.3,94.3,55.2,99.3,0.4,76.7,6.1,7.61,662.3,185.69,100.27,77.87,60.43,50.93,41.97,33.67,,"16,765",1517.954545,85.5056,"93,08","25,47",61.0,92.8,7804.909725,41.9,707.0,286.0,,,10311.0,,0.44784,,398451.0,28.2,,46080.0,229294.8
1659,2014-07-18,105.6383,18884.6,0.7,425.5,506.5,113.465,15.818,21.5,35.1343,47.4933,107.24,-0.017759563,71016.7,0.012794871,6.29,6.14,1276.28,1422.53,125.88,248.44,16883220,0.00756328,5.54,766009,0.431289566,12.23,12808.5734,0.08410365,55216.0,-0.079,61208.0,0.103141018,16251.41,4436.8984,365.089,102.4,7087.326,0.015,0.74,126874.0,1541.884366,0.646,0.354,0.977828439,57746.0,96.91260146,8.3,3.7,734697.6,100.1,1.6,5.7,7.3,11.3,9.7,234.0,19.1850455,98.8,98.6,98.1,43.3,94.3,55.2,99.3,0.4,76.7,6.1,7.61,662.3,185.69,100.27,77.87,60.43,50.93,41.97,33.67,,"16,765",1517.954545,85.5056,"93,08","25,47",61.0,92.8,7804.909725,41.9,707.0,286.0,,,10311.0,,0.44784,,398451.0,28.2,,46080.0,229294.8
1660,2014-07-19,105.6383,18884.6,0.7,425.5,506.5,113.465,15.818,21.5,35.1343,47.4933,107.24,-0.017759563,71016.7,0.012794871,6.29,6.14,1276.28,1422.53,125.88,248.44,16883220,0.00756328,5.54,766009,0.431289566,12.23,12808.5734,0.08410365,55216.0,-0.079,61208.0,0.103141018,16251.41,4436.8984,365.089,102.4,7087.326,0.015,0.74,126874.0,1541.884366,0.646,0.354,0.977828439,57746.0,96.91260146,8.3,3.7,734697.6,100.1,1.6,5.7,7.3,11.3,9.7,234.0,19.1850455,98.8,98.6,98.1,43.3,94.3,55.2,99.3,0.4,76.7,6.1,7.61,662.3,185.69,100.27,77.87,60.43,50.93,41.97,33.67,,"16,765",1517.954545,85.5056,"93,08","25,47",61.0,92.8,7804.909725,41.9,707.0,286.0,,,10311.0,,0.44784,,398451.0,28.2,,46080.0,229294.8
1661,2014-07-20,105.6383,18884.6,0.7,425.5,506.5,113.465,15.818,21.5,35.1343,47.4933,107.24,-0.017759563,71016.7,0.012794871,6.29,6.14,1276.28,1422.53,125.88,248.44,16883220,0.00756328,5.54,766009,0.431289566,12.23,12808.5734,0.08410365,55216.0,-0.079,61208.0,0.103141018,16251.41,4436.8984,365.089,102.4,7087.326,0.015,0.74,126874.0,1541.884366,0.646,0.354,0.977828439,57746.0,96.91260146,8.3,3.7,734697.6,100.1,1.6,5.7,7.3,11.3,9.7,234.0,19.1850455,98.8,98.6,98.1,43.3,94.3,55.2,99.3,0.4,76.7,6.1,7.61,662.3,185.69,100.27,77.87,60.43,50.93,41.97,33.67,,"16,765",1517.954545,85.5056,"93,08","25,47",61.0,92.8,7804.909725,41.9,707.0,286.0,,,10311.0,,0.44784,,398451.0,28.2,,46080.0,229294.8
1662,2014-07-21,105.6383,18884.6,0.7,425.5,506.5,113.465,15.818,21.5,35.2146,47.6115,107.68,-0.017759563,71016.7,0.012794871,6.29,6.14,1239.13,1384.5,125.52,248.4,16883220,0.00756328,5.54,766009,0.431289566,12.23,12808.5734,0.08410365,55216.0,-0.079,61208.0,0.103141018,16251.41,4436.8984,365.089,102.4,7087.326,0.015,0.74,126874.0,1541.884366,0.646,0.354,0.977828439,57746.0,96.91260146,8.3,3.7,734697.6,100.1,1.6,5.7,7.3,11.3,9.7,234.0,19.1850455,98.8,98.6,98.1,43.3,94.3,55.2,99.3,0.4,76.7,6.1,7.61,662.3,185.69,100.27,77.87,60.43,50.93,41.97,33.67,,"16,765",1517.954545,85.5056,"93,08","25,47",61.0,92.8,7804.909725,41.9,707.0,286.0,,,10311.0,,0.44784,,398451.0,28.2,,46080.0,229294.8
1663,2014-07-22,105.6383,18884.6,0.7,425.5,506.5,113.465,15.818,21.5,34.9643,47.0907,107.33,-0.017759563,71016.7,0.012794871,6.29,6.14,1266.88,1405.97,125.68,248.36,16883220,0.00756328,5.54,766009,0.431289566,12.23,12808.5734,0.08410365,55216.0,-0.079,61208.0,0.103141018,16251.41,4436.8984,365.089,102.4,7087.326,0.015,0.74,126874.0,1541.884366,0.646,0.354,0.977828439,57746.0,96.91260146,8.3,3.7,734697.6,100.1,1.6,5.7,7.3,11.3,9.7,234.0,19.1850455,98.8,98.6,98.1,43.3,94.3,55.2,99.3,0.4,76.7,6.1,7.61,662.3,185.69,100.27,77.87,60.43,50.93,41.97,33.67,,"16,765",1517.954545,85.5056,"93,08","25,47",61.0,92.8,7804.909725,41.9,707.0,286.0,,,10311.0,,0.44784,,398451.0,28.2,,46080.0,229294.8
1664,2014-07-23,105.6383,18884.6,0.7,425.5,506.5,113.465,15.818,21.5,34.8374,46.8993,108.03,-0.017759563,71016.7,0.012794871,6.29,6.14,1272.02,1406.58,126.02,248.43,16883220,0.00756328,5.54,766009,0.431289566,12.23,12808.5734,0.08410365,55216.0,-0.079,61208.0,0.103141018,16251.41,4436.8984,365.089,102.4,7087.326,0.015,0.74,126874.0,1541.884366,0.646,0.354,0.977828439,57746.0,96.91260146,8.3,3.7,734697.6,100.1,1.6,5.7,7.3,11.3,9.7,234.0,19.1850455,98.8,98.6,98.1,43.3,94.3,55.2,99.3,0.4,76.7,6.1,7.61,662.3,185.69,100.27,77.87,60.43,50.93,41.97,33.67,,"16,765",1517.954545,85.5056,"93,08","25,47",61.0,92.8,7804.909725,41.9,707.0,286.0,,,10311.0,,0.44784,,398451.0,28.2,,46080.0,229294.8
1665,2014-07-24,105.6383,18884.6,0.7,425.5,506.5,113.465,15.818,21.5,34.9708,47.1028,107.07,-0.017759563,71016.7,0.012794871,6.29,6.14,1266.72,1408.8,125.75,248.37,16883220,0.00756328,5.54,766009,0.431289566,12.23,12808.5734,0.08410365,55216.0,-0.079,61208.0,0.103141018,16251.41,4436.8984,365.089,102.4,7087.326,0.015,0.74,126874.0,1541.884366,0.646,0.354,0.977828439,57746.0,96.91260146,8.3,3.7,734697.6,100.1,1.6,5.7,7.3,11.3,9.7,234.0,19.1850455,98.8,98.6,98.1,43.3,94.3,55.2,99.3,0.4,76.7,6.1,7.61,662.3,185.69,100.27,77.87,60.43,50.93,41.97,33.67,,"16,765",1517.954545,85.5056,"93,08","25,47",61.0,92.8,7804.909725,41.9,707.0,286.0,,,10311.0,,0.44784,,398451.0,28.2,,46080.0,229294.8
1666,2014-07-25,105.6383,18884.6,0.7,425.5,506.5,113.465,15.818,21.5,35.1435,47.194,108.39,-0.017759563,71016.7,0.012794871,6.29,6.14,1246.25,1388.41,124.74,248.34,16883220,0.00756328,5.54,766009,0.431289566,12.23,12808.5734,0.08410365,55216.0,-0.079,61208.0,0.103141018,16251.41,4436.8984,365.089,102.4,7087.326,0.015,0.74,126874.0,1541.884366,0.646,0.354,0.977828439,57746.0,96.91260146,8.3,3.7,734697.6,100.1,1.6,5.7,7.3,11.3,9.7,234.0,19.1850455,98.8,98.6,98.1,43.3,94.3,55.2,99.3,0.4,76.7,6.1,7.61,662.3,185.69,100.27,77.87,60.43,50.93,41.97,33.67,,"16,765",1517.954545,85.5056,"93,08","25,47",61.0,92.8,7804.909725,41.9,707.0,286.0,,,10311.0,,0.44784,,398451.0,28.2,,46080.0,229294.8
1667,2014-07-26,105.6383,18884.6,0.7,425.5,506.5,113.465,15.818,21.5,35.1435,47.194,108.39,-0.017759563,71016.7,0.012794871,6.29,6.14,1246.25,1388.41,124.74,248.34,16883220,0.00756328,5.54,766009,0.431289566,12.23,12808.5734,0.08410365,55216.0,-0.079,61208.0,0.103141018,16251.41,4436.8984,365.089,102.4,7087.326,0.015,0.74,126874.0,1541.884366,0.646,0.354,0.977828439,57746.0,96.91260146,8.3,3.7,734697.6,100.1,1.6,5.7,7.3,11.3,9.7,234.0,19.1850455,98.8,98.6,98.1,43.3,94.3,55.2,99.3,0.4,76.7,6.1,7.61,662.3,185.69,100.27,77.87,60.43,50.93,41.97,33.67,,"16,765",1517.954545,85.5056,"93,08","25,47",61.0,92.8,7804.909725,41.9,707.0,286.0,,,10311.0,,0.44784,,398451.0,28.2,,46080.0,229294.8
1668,2014-07-27,105.6383,18884.6,0.7,425.5,506.5,113.465,15.818,21.5,35.1435,47.194,108.39,-0.017759563,71016.7,0.012794871,6.29,6.14,1246.25,1388.41,124.74,248.34,16883220,0.00756328,5.54,766009,0.431289566,12.23,12808.5734,0.08410365,55216.0,-0.079,61208.0,0.103141018,16251.41,4436.8984,365.089,102.4,7087.326,0.015,0.74,126874.0,1541.884366,0.646,0.354,0.977828439,57746.0,96.91260146,8.3,3.7,734697.6,100.1,1.6,5.7,7.3,11.3,9.7,234.0,19.1850455,98.8,98.6,98.1,43.3,94.3,55.2,99.3,0.4,76.7,6.1,7.61,662.3,185.69,100.27,77.87,60.43,50.93,41.97,33.67,,"16,765",1517.954545,85.5056,"93,08","25,47",61.0,92.8,7804.909725,41.9,707.0,286.0,,,10311.0,,0.44784,,398451.0,28.2,,46080.0,229294.8
1669,2014-07-28,105.6383,18884.6,0.7,425.5,506.5,113.465,15.818,21.5,35.5024,47.7195,107.57,-0.017759563,71016.7,0.012794871,6.29,6.14,1208.83,1361.94,124.17,248.33,16883220,0.00756328,5.54,766009,0.431289566,12.23,12808.5734,0.08410365,55216.0,-0.079,61208.0,0.103141018,16251.41,4436.8984,365.089,102.4,7087.326,0.015,0.74,126874.0,1541.884366,0.646,0.354,0.977828439,57746.0,96.91260146,8.3,3.7,734697.6,100.1,1.6,5.7,7.3,11.3,9.7,234.0,19.1850455,98.8,98.6,98.1,43.3,94.3,55.2,99.3,0.4,76.7,6.1,7.61,662.3,185.69,100.27,77.87,60.43,50.93,41.97,33.67,,"16,765",1517.954545,85.5056,"93,08","25,47",61.0,92.8,7804.909725,41.9,707.0,286.0,,,10311.0,,0.44784,,398451.0,28.2,,46080.0,229294.8
1670,2014-07-29,105.6383,18884.6,0.7,425.5,506.5,113.465,15.818,21.5,35.5547,47.6811,107.72,-0.017759563,71016.7,0.012794871,6.29,6.14,1207.29,1369.83,123.65,247.83,16883220,0.00756328,5.54,766009,0.431289566,12.23,12808.5734,0.08410365,55216.0,-0.079,61208.0,0.103141018,16251.41,4436.8984,365.089,102.4,7087.326,0.015,0.74,126874.0,1541.884366,0.646,0.354,0.977828439,57746.0,96.91260146,8.3,3.7,734697.6,100.1,1.6,5.7,7.3,11.3,9.7,234.0,19.1850455,98.8,98.6,98.1,43.3,94.3,55.2,99.3,0.4,76.7,6.1,7.61,662.3,185.69,100.27,77.87,60.43,50.93,41.97,33.67,,"16,765",1517.954545,85.5056,"93,08","25,47",61.0,92.8,7804.909725,41.9,707.0,286.0,,,10311.0,,0.44784,,398451.0,28.2,,46080.0,229294.8
1671,2014-07-30,105.6383,18884.6,0.7,425.5,506.5,113.465,15.818,21.5,35.6149,47.6511,106.51,-0.017759563,71016.7,0.012794871,6.29,6.14,1222.4,1382.14,123.64,247.89,16883220,0.00756328,5.54,766009,0.431289566,12.23,12808.5734,0.08410365,55216.0,-0.079,61208.0,0.103141018,16251.41,4436.8984,365.089,102.4,7087.326,0.015,0.74,126874.0,1541.884366,0.646,0.354,0.977828439,57746.0,96.91260146,8.3,3.7,734697.6,100.1,1.6,5.7,7.3,11.3,9.7,234.0,19.1850455,98.8,98.6,98.1,43.3,94.3,55.2,99.3,0.4,76.7,6.1,7.61,662.3,185.69,100.27,77.87,60.43,50.93,41.97,33.67,,"16,765",1517.954545,85.5056,"93,08","25,47",61.0,92.8,7804.909725,41.9,707.0,286.0,,,10311.0,,0.44784,,398451.0,28.2,,46080.0,229294.8
1672,2014-07-31,105.6383,18884.6,0.7,425.5,506.5,113.465,15.818,21.5,35.6867,47.7668,106.02,-0.017759563,71016.7,0.012794871,6.29,6.14,1219.36,1379.61,123.75,248.74,16883220,0.00756328,5.54,766009,0.431289566,12.23,12808.5734,0.08410365,55216.0,-0.079,61208.0,0.103141018,16251.41,4436.8984,365.089,102.4,7087.326,0.015,0.74,126874.0,1541.884366,0.646,0.354,0.977828439,57746.0,96.91260146,8.3,3.7,734697.6,100.1,1.6,5.7,7.3,11.3,9.7,234.0,19.1850455,98.8,98.6,98.1,43.3,94.3,55.2,99.3,0.4,76.7,6.1,7.61,662.3,185.69,100.27,77.87,60.43,50.93,41.97,33.67,,"16,765",1517.954545,85.5056,"93,08","25,47",61.0,92.8,7804.909725,41.9,707.0,286.0,,,10311.0,,0.44784,,398451.0,28.2,,46080.0,229294.8
1673,2014-08-01,101.4165,18884.6,0.7,427.5,514.8,113.465,18.632,21.5,35.7893,48.0687,104.84,0.183134366,71016.7,0.012794871,6.29,6.14,1212.74,1374.83,123.21,244.56,17111775,0.013537406,5.63,922855,0.40944461,12.22,12808.5734,0.08410365,53338.0,-0.079,61208.0,0.103141018,16134.39,4436.8984,365.089,102.4,7087.326,0.015,0.74,126874.0,1541.884366,0.646,0.354,0.977828439,57746.0,96.91260146,8.3,3.7,734697.6,100.1,1.6,5.7,7.3,11.3,9.7,234.0,19.1850455,98.8,98.6,98.1,43.3,94.3,55.2,99.3,0.4,76.7,6.1,7.61,662.3,174.76,108.0,96.0,72.02,52.81,43.11,34.83,,"16,765",1517.954545,85.5056,"93,08","25,47",61.0,92.8,7804.909725,41.9,707.0,286.0,,,10311.0,,0.44784,,398451.0,28.2,,46080.0,229294.8
1674,2014-08-02,101.4165,18884.6,0.7,427.5,514.8,113.465,18.632,21.5,35.7893,48.0687,104.84,0.183134366,71016.7,0.012794871,6.29,6.14,1212.74,1374.83,123.21,244.56,17297538,0.001526068,5.63,922855,0.40944461,12.22,12808.5734,0.08410365,53338.0,-0.079,61208.0,0.103141018,16134.39,4436.8984,365.089,102.4,7087.326,0.015,0.74,126874.0,1541.884366,0.646,0.354,0.977828439,57746.0,96.91260146,8.3,3.7,734697.6,100.1,1.6,5.7,7.3,11.3,9.7,234.0,19.1850455,98.8,98.6,98.1,43.3,94.3,55.2,99.3,0.4,76.7,6.1,7.61,662.3,174.76,108.0,96.0,72.02,52.81,43.11,34.83,,"16,765",1517.954545,85.5056,"93,08","25,47",61.0,92.8,7804.909725,41.9,707.0,286.0,,,10311.0,,0.44784,,398451.0,28.2,,46080.0,229294.8
1675,2014-08-03,101.4165,18884.6,0.7,427.5,514.8,113.465,18.632,21.5,35.7893,48.0687,104.84,0.183134366,71016.7,0.012794871,6.29,6.14,1212.74,1374.83,123.21,244.56,17297538,0.001526068,5.63,922855,0.40944461,12.22,12808.5734,0.08410365,53338.0,-0.079,61208.0,0.103141018,16134.39,4436.8984,365.089,102.4,7087.326,0.015,0.74,126874.0,1541.884366,0.646,0.354,0.977828439,57746.0,96.91260146,8.3,3.7,734697.6,100.1,1.6,5.7,7.3,11.3,9.7,234.0,19.1850455,98.8,98.6,98.1,43.3,94.3,55.2,99.3,0.4,76.7,6.1,7.61,662.3,174.76,108.0,96.0,72.02,52.81,43.11,34.83,,"16,765",1517.954545,85.5056,"93,08","25,47",61.0,92.8,7804.909725,41.9,707.0,286.0,,,10311.0,,0.44784,,398451.0,28.2,,46080.0,229294.8
1676,2014-08-04,101.4165,18884.6,0.7,427.5,514.8,113.465,18.632,21.5,35.8316,48.0797,105.41,0.183134366,71016.7,0.012794871,6.29,6.14,1212.21,1378.98,123.01,243.27,17297538,0.001526068,5.63,922855,0.40944461,12.22,12808.5734,0.08410365,53338.0,-0.079,61208.0,0.103141018,16134.39,4436.8984,365.089,102.4,7087.326,0.015,0.74,126874.0,1541.884366,0.646,0.354,0.977828439,57746.0,96.91260146,8.3,3.7,734697.6,100.1,1.6,5.7,7.3,11.3,9.7,234.0,19.1850455,98.8,98.6,98.1,43.3,94.3,55.2,99.3,0.4,76.7,6.1,7.61,662.3,174.76,108.0,96.0,72.02,52.81,43.11,34.83,,"16,765",1517.954545,85.5056,"93,08","25,47",61.0,92.8,7804.909725,41.9,707.0,286.0,,,10311.0,,0.44784,,398451.0,28.2,,46080.0,229294.8
1677,2014-08-05,101.4165,18884.6,0.7,427.5,514.8,113.465,18.632,21.5,36.0396,48.1824,104.61,0.183134366,71016.7,0.012794871,6.29,6.14,1191.37,1357.89,122.41,244.66,17297538,0.001526068,5.63,922855,0.40944461,12.22,12808.5734,0.08410365,53338.0,-0.079,61208.0,0.103141018,16134.39,4436.8984,365.089,102.4,7087.326,0.015,0.74,126874.0,1541.884366,0.646,0.354,0.977828439,57746.0,96.91260146,8.3,3.7,734697.6,100.1,1.6,5.7,7.3,11.3,9.7,234.0,19.1850455,98.8,98.6,98.1,43.3,94.3,55.2,99.3,0.4,76.7,6.1,7.61,662.3,174.76,108.0,96.0,72.02,52.81,43.11,34.83,,"16,765",1517.954545,85.5056,"93,08","25,47",61.0,92.8,7804.909725,41.9,707.0,286.0,,,10311.0,,0.44784,,398451.0,28.2,,46080.0,229294.8
1678,2014-08-06,101.4165,18884.6,0.7,427.5,514.8,113.465,18.632,21.5,36.1712,48.3572,104.59,0.183134366,71016.7,0.012794871,6.29,6.14,1160.86,1334.66,121.94,244.66,17297538,0.001526068,5.63,922855,0.40944461,12.22,12808.5734,0.08410365,53338.0,-0.079,61208.0,0.103141018,16134.39,4436.8984,365.089,102.4,7087.326,0.015,0.74,126874.0,1541.884366,0.646,0.354,0.977828439,57746.0,96.91260146,8.3,3.7,734697.6,100.1,1.6,5.7,7.3,11.3,9.7,234.0,19.1850455,98.8,98.6,98.1,43.3,94.3,55.2,99.3,0.4,76.7,6.1,7.61,662.3,174.76,108.0,96.0,72.02,52.81,43.11,34.83,,"16,765",1517.954545,85.5056,"93,08","25,47",61.0,92.8,7804.909725,41.9,707.0,286.0,,,10311.0,,0.44784,,398451.0,28.2,,46080.0,229294.8
1679,2014-08-07,101.4165,18884.6,0.7,427.5,514.8,113.465,18.632,21.5,36.3173,48.4847,105.44,0.183134366,71016.7,0.012794871,6.29,6.14,1157.97,1333.53,121.71,247.53,17297538,0.001526068,5.63,922855,0.40944461,12.22,12808.5734,0.08410365,53338.0,-0.079,61208.0,0.103141018,16134.39,4436.8984,365.089,102.4,7087.326,0.015,0.74,126874.0,1541.884366,0.646,0.354,0.977828439,57746.0,96.91260146,8.3,3.7,734697.6,100.1,1.6,5.7,7.3,11.3,9.7,234.0,19.1850455,98.8,98.6,98.1,43.3,94.3,55.2,99.3,0.4,76.7,6.1,7.61,662.3,174.76,108.0,96.0,72.02,52.81,43.11,34.83,,"16,765",1517.954545,85.5056,"93,08","25,47",61.0,92.8,7804.909725,41.9,707.0,286.0,,,10311.0,,0.44784,,398451.0,28.2,,46080.0,229294.8
1680,2014-08-08,101.4165,18884.6,0.7,427.5,514.8,113.465,18.632,21.5,36.1846,48.5408,105.02,0.183134366,71016.7,0.012794871,6.29,6.14,1170.6,1348.21,121.74,246.99,17297538,0.001526068,5.63,922855,0.40944461,12.22,12808.5734,0.08410365,53338.0,-0.079,61208.0,0.103141018,16134.39,4436.8984,365.089,102.4,7087.326,0.015,0.74,126874.0,1541.884366,0.646,0.354,0.977828439,57746.0,96.91260146,8.3,3.7,734697.6,100.1,1.6,5.7,7.3,11.3,9.7,234.0,19.1850455,98.8,98.6,98.1,43.3,94.3,55.2,99.3,0.4,76.7,6.1,7.61,662.3,174.76,108.0,96.0,72.02,52.81,43.11,34.83,,"16,765",1517.954545,85.5056,"93,08","25,47",61.0,92.8,7804.909725,41.9,707.0,286.0,,,10311.0,,0.44784,,398451.0,28.2,,46080.0,229294.8
1681,2014-08-09,101.4165,18884.6,0.7,427.5,514.8,113.465,18.632,21.5,36.1846,48.5408,105.02,0.183134366,71016.7,0.012794871,6.29,6.14,1170.6,1348.21,121.74,248.61,17297538,0.001526068,5.63,922855,0.40944461,12.22,12808.5734,0.08410365,53338.0,-0.079,61208.0,0.103141018,16134.39,4436.8984,365.089,102.4,7087.326,0.015,0.74,126874.0,1541.884366,0.646,0.354,0.977828439,57746.0,96.91260146,8.3,3.7,734697.6,100.1,1.6,5.7,7.3,11.3,9.7,234.0,19.1850455,98.8,98.6,98.1,43.3,94.3,55.2,99.3,0.4,76.7,6.1,7.61,662.3,174.76,108.0,96.0,72.02,52.81,43.11,34.83,,"16,765",1517.954545,85.5056,"93,08","25,47",61.0,92.8,7804.909725,41.9,707.0,286.0,,,10311.0,,0.44784,,398451.0,28.2,,46080.0,229294.8
1682,2014-08-10,101.4165,18884.6,0.7,427.5,514.8,113.465,18.632,21.5,36.1846,48.5408,105.02,0.183134366,71016.7,0.012794871,6.29,6.14,1170.6,1348.21,121.74,248.14,17297538,0.001526068,5.63,922855,0.40944461,12.22,12808.5734,0.08410365,53338.0,-0.079,61208.0,0.103141018,16134.39,4436.8984,365.089,102.4,7087.326,0.015,0.74,126874.0,1541.884366,0.646,0.354,0.977828439,57746.0,96.91260146,8.3,3.7,734697.6,100.1,1.6,5.7,7.3,11.3,9.7,234.0,19.1850455,98.8,98.6,98.1,43.3,94.3,55.2,99.3,0.4,76.7,6.1,7.61,662.3,174.76,108.0,96.0,72.02,52.81,43.11,34.83,,"16,765",1517.954545,85.5056,"93,08","25,47",61.0,92.8,7804.909725,41.9,707.0,286.0,,,10311.0,,0.44784,,398451.0,28.2,,46080.0,229294.8
1683,2014-08-11,101.4165,18884.6,0.7,427.5,514.8,113.465,18.632,21.5,35.9408,48.1087,104.68,0.183134366,71016.7,0.012794871,6.29,6.14,1203.67,1372.45,122.91,248.14,17297538,0.001526068,5.63,922855,0.40944461,12.22,12808.5734,0.08410365,53338.0,-0.079,61208.0,0.103141018,16134.39,4436.8984,365.089,102.4,7087.326,0.015,0.74,126874.0,1541.884366,0.646,0.354,0.977828439,57746.0,96.91260146,8.3,3.7,734697.6,100.1,1.6,5.7,7.3,11.3,9.7,234.0,19.1850455,98.8,98.6,98.1,43.3,94.3,55.2,99.3,0.4,76.7,6.1,7.61,662.3,174.76,108.0,96.0,72.02,52.81,43.11,34.83,,"16,765",1517.954545,85.5056,"93,08","25,47",61.0,92.8,7804.909725,41.9,707.0,286.0,,,10311.0,,0.44784,,398451.0,28.2,,46080.0,229294.8
1684,2014-08-12,101.4165,18884.6,0.7,427.5,514.8,113.465,18.632,21.5,36.1542,48.3042,103.02,0.183134366,71016.7,0.012794871,6.29,6.14,1198.72,1374.19,123.3,242.6,17297538,0.001526068,5.63,922855,0.40944461,12.22,12808.5734,0.08410365,53338.0,-0.079,61208.0,0.103141018,16134.39,4436.8984,365.089,102.4,7087.326,0.015,0.74,126874.0,1541.884366,0.646,0.354,0.977828439,57746.0,96.91260146,8.3,3.7,734697.6,100.1,1.6,5.7,7.3,11.3,9.7,234.0,19.1850455,98.8,98.6,98.1,43.3,94.3,55.2,99.3,0.4,76.7,6.1,7.61,662.3,174.76,108.0,96.0,72.02,52.81,43.11,34.83,,"16,765",1517.954545,85.5056,"93,08","25,47",61.0,92.8,7804.909725,41.9,707.0,286.0,,,10311.0,,0.44784,,398451.0,28.2,,46080.0,229294.8
1685,2014-08-13,101.4165,18884.6,0.7,427.5,514.8,113.465,18.632,21.5,35.9903,48.1203,104.28,0.183134366,71016.7,0.012794871,6.29,6.14,1220.8,1398.85,123.46,247.05,17297538,0.001526068,5.63,922855,0.40944461,12.22,12808.5734,0.08410365,53338.0,-0.079,61208.0,0.103141018,16134.39,4436.8984,365.089,102.4,7087.326,0.015,0.74,126874.0,1541.884366,0.646,0.354,0.977828439,57746.0,96.91260146,8.3,3.7,734697.6,100.1,1.6,5.7,7.3,11.3,9.7,234.0,19.1850455,98.8,98.6,98.1,43.3,94.3,55.2,99.3,0.4,76.7,6.1,7.61,662.3,174.76,108.0,96.0,72.02,52.81,43.11,34.83,,"16,765",1517.954545,85.5056,"93,08","25,47",61.0,92.8,7804.909725,41.9,707.0,286.0,,,10311.0,,0.44784,,398451.0,28.2,,46080.0,229294.8
1686,2014-08-14,101.4165,18884.6,0.7,427.5,514.8,113.465,18.632,21.5,35.9365,48.0433,102.01,0.183134366,71016.7,0.012794871,6.29,6.14,1231.94,1407.53,124.11,247.54,17297538,0.001526068,5.63,922855,0.40944461,12.22,12808.5734,0.08410365,53338.0,-0.079,61208.0,0.103141018,16134.39,4436.8984,365.089,102.4,7087.326,0.015,0.74,126874.0,1541.884366,0.646,0.354,0.977828439,57746.0,96.91260146,8.3,3.7,734697.6,100.1,1.6,5.7,7.3,11.3,9.7,234.0,19.1850455,98.8,98.6,98.1,43.3,94.3,55.2,99.3,0.4,76.7,6.1,7.61,662.3,174.76,108.0,96.0,72.02,52.81,43.11,34.83,,"16,765",1517.954545,85.5056,"93,08","25,47",61.0,92.8,7804.909725,41.9,707.0,286.0,,,10311.0,,0.44784,,398451.0,28.2,,46080.0,229294.8
1687,2014-08-15,101.4165,18884.6,0.7,427.5,514.8,113.465,18.632,21.5,36.1858,48.4415,103.53,0.183134366,71016.7,0.012794871,6.29,6.14,1232.34,1417.82,124.43,247.38,17297538,0.001526068,5.63,922855,0.40944461,12.22,12808.5734,0.08410365,53338.0,-0.079,61208.0,0.103141018,16134.39,4436.8984,365.089,102.4,7087.326,0.015,0.74,126874.0,1541.884366,0.646,0.354,0.977828439,57746.0,96.91260146,8.3,3.7,734697.6,100.1,1.6,5.7,7.3,11.3,9.7,234.0,19.1850455,98.8,98.6,98.1,43.3,94.3,55.2,99.3,0.4,76.7,6.1,7.61,662.3,174.76,108.0,96.0,72.02,52.81,43.11,34.83,,"16,765",1517.954545,85.5056,"93,08","25,47",61.0,92.8,7804.909725,41.9,707.0,286.0,,,10311.0,,0.44784,,398451.0,28.2,,46080.0,229294.8
1688,2014-08-16,101.4165,18884.6,0.7,427.5,514.8,113.465,18.632,21.5,36.1858,48.4415,103.53,0.183134366,71016.7,0.012794871,6.29,6.14,1232.34,1417.82,124.43,247.38,17297538,0.001526068,5.63,922855,0.40944461,12.22,12808.5734,0.08410365,53338.0,-0.079,61208.0,0.103141018,16134.39,4436.8984,365.089,102.4,7087.326,0.015,0.74,126874.0,1541.884366,0.646,0.354,0.977828439,57746.0,96.91260146,8.3,3.7,734697.6,100.1,1.6,5.7,7.3,11.3,9.7,234.0,19.1850455,98.8,98.6,98.1,43.3,94.3,55.2,99.3,0.4,76.7,6.1,7.61,662.3,174.76,108.0,96.0,72.02,52.81,43.11,34.83,,"16,765",1517.954545,85.5056,"93,08","25,47",61.0,92.8,7804.909725,41.9,707.0,286.0,,,10311.0,,0.44784,,398451.0,28.2,,46080.0,229294.8
1689,2014-08-17,101.4165,18884.6,0.7,427.5,514.8,113.465,18.632,21.5,36.1858,48.4415,103.53,0.183134366,71016.7,0.012794871,6.29,6.14,1232.34,1417.82,124.43,247.38,17297538,0.001526068,5.63,922855,0.40944461,12.22,12808.5734,0.08410365,53338.0,-0.079,61208.0,0.103141018,16134.39,4436.8984,365.089,102.4,7087.326,0.015,0.74,126874.0,1541.884366,0.646,0.354,0.977828439,57746.0,96.91260146,8.3,3.7,734697.6,100.1,1.6,5.7,7.3,11.3,9.7,234.0,19.1850455,98.8,98.6,98.1,43.3,94.3,55.2,99.3,0.4,76.7,6.1,7.61,662.3,174.76,108.0,96.0,72.02,52.81,43.11,34.83,,"16,765",1517.954545,85.5056,"93,08","25,47",61.0,92.8,7804.909725,41.9,707.0,286.0,,,10311.0,,0.44784,,398451.0,28.2,,46080.0,229294.8
1690,2014-08-18,101.4165,18884.6,0.7,427.5,514.8,113.465,18.632,21.5,36.0546,48.1712,101.6,0.183134366,71016.7,0.012794871,6.29,6.14,1243.56,1425.18,124.42,247.96,17297538,0.001526068,5.63,922855,0.40944461,12.22,12808.5734,0.08410365,53338.0,-0.079,61208.0,0.103141018,16134.39,4436.8984,365.089,102.4,7087.326,0.015,0.74,126874.0,1541.884366,0.646,0.354,0.977828439,57746.0,96.91260146,8.3,3.7,734697.6,100.1,1.6,5.7,7.3,11.3,9.7,234.0,19.1850455,98.8,98.6,98.1,43.3,94.3,55.2,99.3,0.4,76.7,6.1,7.61,662.3,174.76,108.0,96.0,72.02,52.81,43.11,34.83,,"16,765",1517.954545,85.5056,"93,08","25,47",61.0,92.8,7804.909725,41.9,707.0,286.0,,,10311.0,,0.44784,,398451.0,28.2,,46080.0,229294.8
1691,2014-08-19,101.4165,18884.6,0.7,427.5,514.8,113.465,18.632,21.5,36.1748,48.1747,101.56,0.183134366,71016.7,0.012794871,6.29,6.14,1251.69,1437.6,123.9,248.01,17297538,0.001526068,5.63,922855,0.40944461,12.22,12808.5734,0.08410365,53338.0,-0.079,61208.0,0.103141018,16134.39,4436.8984,365.089,102.4,7087.326,0.015,0.74,126874.0,1541.884366,0.646,0.354,0.977828439,57746.0,96.91260146,8.3,3.7,734697.6,100.1,1.6,5.7,7.3,11.3,9.7,234.0,19.1850455,98.8,98.6,98.1,43.3,94.3,55.2,99.3,0.4,76.7,6.1,7.61,662.3,174.76,108.0,96.0,72.02,52.81,43.11,34.83,,"16,765",1517.954545,85.5056,"93,08","25,47",61.0,92.8,7804.909725,41.9,707.0,286.0,,,10311.0,,0.44784,,398451.0,28.2,,46080.0,229294.8
1692,2014-08-20,101.4165,18884.6,0.7,427.5,514.8,113.465,18.632,21.5,36.2892,48.2273,102.28,0.183134366,71016.7,0.012794871,6.29,6.14,1257.41,1447.5,123.98,248.23,17297538,0.001526068,5.63,922855,0.40944461,12.22,12808.5734,0.08410365,53338.0,-0.079,61208.0,0.103141018,16134.39,4436.8984,365.089,102.4,7087.326,0.015,0.74,126874.0,1541.884366,0.646,0.354,0.977828439,57746.0,96.91260146,8.3,3.7,734697.6,100.1,1.6,5.7,7.3,11.3,9.7,234.0,19.1850455,98.8,98.6,98.1,43.3,94.3,55.2,99.3,0.4,76.7,6.1,7.61,662.3,174.76,108.0,96.0,72.02,52.81,43.11,34.83,,"16,765",1517.954545,85.5056,"93,08","25,47",61.0,92.8,7804.909725,41.9,707.0,286.0,,,10311.0,,0.44784,,398451.0,28.2,,46080.0,229294.8
1693,2014-08-21,101.4165,18884.6,0.7,427.5,514.8,113.465,18.632,21.5,36.0723,47.8958,102.63,0.183134366,71016.7,0.012794871,6.29,6.14,1275.6,1461.75,124.03,247.84,17297538,0.001526068,5.63,922855,0.40944461,12.22,12808.5734,0.08410365,53338.0,-0.079,61208.0,0.103141018,16134.39,4436.8984,365.089,102.4,7087.326,0.015,0.74,126874.0,1541.884366,0.646,0.354,0.977828439,57746.0,96.91260146,8.3,3.7,734697.6,100.1,1.6,5.7,7.3,11.3,9.7,234.0,19.1850455,98.8,98.6,98.1,43.3,94.3,55.2,99.3,0.4,76.7,6.1,7.61,662.3,174.76,108.0,96.0,72.02,52.81,43.11,34.83,,"16,765",1517.954545,85.5056,"93,08","25,47",61.0,92.8,7804.909725,41.9,707.0,286.0,,,10311.0,,0.44784,,398451.0,28.2,,46080.0,229294.8
1694,2014-08-22,101.4165,18884.6,0.7,427.5,514.8,113.465,18.632,21.5,36.1073,47.805,102.29,0.183134366,71016.7,0.012794871,6.29,6.14,1260.07,1446.6,124.18,248.14,17297538,0.001526068,5.63,922855,0.40944461,12.22,12808.5734,0.08410365,53338.0,-0.079,61208.0,0.103141018,16134.39,4436.8984,365.089,102.4,7087.326,0.015,0.74,126874.0,1541.884366,0.646,0.354,0.977828439,57746.0,96.91260146,8.3,3.7,734697.6,100.1,1.6,5.7,7.3,11.3,9.7,234.0,19.1850455,98.8,98.6,98.1,43.3,94.3,55.2,99.3,0.4,76.7,6.1,7.61,662.3,174.76,108.0,96.0,72.02,52.81,43.11,34.83,,"16,765",1517.954545,85.5056,"93,08","25,47",61.0,92.8,7804.909725,41.9,707.0,286.0,,,10311.0,,0.44784,,398451.0,28.2,,46080.0,229294.8
1695,2014-08-23,101.4165,18884.6,0.7,427.5,514.8,113.465,18.632,21.5,36.1073,47.805,102.29,0.183134366,71016.7,0.012794871,6.29,6.14,1260.07,1446.6,124.18,248.14,17297538,0.001526068,5.63,922855,0.40944461,12.22,12808.5734,0.08410365,53338.0,-0.079,61208.0,0.103141018,16134.39,4436.8984,365.089,102.4,7087.326,0.015,0.74,126874.0,1541.884366,0.646,0.354,0.977828439,57746.0,96.91260146,8.3,3.7,734697.6,100.1,1.6,5.7,7.3,11.3,9.7,234.0,19.1850455,98.8,98.6,98.1,43.3,94.3,55.2,99.3,0.4,76.7,6.1,7.61,662.3,174.76,108.0,96.0,72.02,52.81,43.11,34.83,,"16,765",1517.954545,85.5056,"93,08","25,47",61.0,92.8,7804.909725,41.9,707.0,286.0,,,10311.0,,0.44784,,398451.0,28.2,,46080.0,229294.8
1696,2014-08-24,101.4165,18884.6,0.7,427.5,514.8,113.465,18.632,21.5,36.1073,47.805,102.29,0.183134366,71016.7,0.012794871,6.29,6.14,1260.07,1446.6,124.18,248.14,17297538,0.001526068,5.63,922855,0.40944461,12.22,12808.5734,0.08410365,53338.0,-0.079,61208.0,0.103141018,16134.39,4436.8984,365.089,102.4,7087.326,0.015,0.74,126874.0,1541.884366,0.646,0.354,0.977828439,57746.0,96.91260146,8.3,3.7,734697.6,100.1,1.6,5.7,7.3,11.3,9.7,234.0,19.1850455,98.8,98.6,98.1,43.3,94.3,55.2,99.3,0.4,76.7,6.1,7.61,662.3,174.76,108.0,96.0,72.02,52.81,43.11,34.83,,"16,765",1517.954545,85.5056,"93,08","25,47",61.0,92.8,7804.909725,41.9,707.0,286.0,,,10311.0,,0.44784,,398451.0,28.2,,46080.0,229294.8
1697,2014-08-25,101.4165,18884.6,0.7,427.5,514.8,113.465,18.632,21.5,36.1646,47.7315,102.65,0.183134366,71016.7,0.012794871,6.29,6.14,1267.42,1454.67,124.07,248.19,17297538,0.001526068,5.63,922855,0.40944461,12.22,12808.5734,0.08410365,53338.0,-0.079,61208.0,0.103141018,16134.39,4436.8984,365.089,102.4,7087.326,0.015,0.74,126874.0,1541.884366,0.646,0.354,0.977828439,57746.0,96.91260146,8.3,3.7,734697.6,100.1,1.6,5.7,7.3,11.3,9.7,234.0,19.1850455,98.8,98.6,98.1,43.3,94.3,55.2,99.3,0.4,76.7,6.1,7.61,662.3,174.76,108.0,96.0,72.02,52.81,43.11,34.83,,"16,765",1517.954545,85.5056,"93,08","25,47",61.0,92.8,7804.909725,41.9,707.0,286.0,,,10311.0,,0.44784,,398451.0,28.2,,46080.0,229294.8
1698,2014-08-26,101.4165,18884.6,0.7,427.5,514.8,113.465,18.632,21.5,36.1803,47.7253,102.5,0.183134366,71016.7,0.012794871,6.29,6.14,1259.47,1443.32,124.28,248.35,17297538,0.001526068,5.63,922855,0.40944461,12.22,12808.5734,0.08410365,53338.0,-0.079,61208.0,0.103141018,16134.39,4436.8984,365.089,102.4,7087.326,0.015,0.74,126874.0,1541.884366,0.646,0.354,0.977828439,57746.0,96.91260146,8.3,3.7,734697.6,100.1,1.6,5.7,7.3,11.3,9.7,234.0,19.1850455,98.8,98.6,98.1,43.3,94.3,55.2,99.3,0.4,76.7,6.1,7.61,662.3,174.76,108.0,96.0,72.02,52.81,43.11,34.83,,"16,765",1517.954545,85.5056,"93,08","25,47",61.0,92.8,7804.909725,41.9,707.0,286.0,,,10311.0,,0.44784,,398451.0,28.2,,46080.0,229294.8
1699,2014-08-27,101.4165,18884.6,0.7,427.5,514.8,113.465,18.632,21.5,36.169,47.7181,102.72,0.183134366,71016.7,0.012794871,6.29,6.14,1260.72,1447.91,124.25,248.18,17297538,0.001526068,5.63,922855,0.40944461,12.22,12808.5734,0.08410365,53338.0,-0.079,61208.0,0.103141018,16134.39,4436.8984,365.089,102.4,7087.326,0.015,0.74,126874.0,1541.884366,0.646,0.354,0.977828439,57746.0,96.91260146,8.3,3.7,734697.6,100.1,1.6,5.7,7.3,11.3,9.7,234.0,19.1850455,98.8,98.6,98.1,43.3,94.3,55.2,99.3,0.4,76.7,6.1,7.61,662.3,174.76,108.0,96.0,72.02,52.81,43.11,34.83,,"16,765",1517.954545,85.5056,"93,08","25,47",61.0,92.8,7804.909725,41.9,707.0,286.0,,,10311.0,,0.44784,,398451.0,28.2,,46080.0,229294.8
1700,2014-08-28,101.4165,18884.6,0.7,427.5,514.8,113.465,18.632,21.5,36.7247,48.3827,102.46,0.183134366,71016.7,0.012794871,6.29,6.14,1219.49,1423.78,123.2,248.11,17297538,0.001526068,5.63,922855,0.40944461,12.22,12808.5734,0.08410365,53338.0,-0.079,61208.0,0.103141018,16134.39,4436.8984,365.089,102.4,7087.326,0.015,0.74,126874.0,1541.884366,0.646,0.354,0.977828439,57746.0,96.91260146,8.3,3.7,734697.6,100.1,1.6,5.7,7.3,11.3,9.7,234.0,19.1850455,98.8,98.6,98.1,43.3,94.3,55.2,99.3,0.4,76.7,6.1,7.61,662.3,174.76,108.0,96.0,72.02,52.81,43.11,34.83,,"16,765",1517.954545,85.5056,"93,08","25,47",61.0,92.8,7804.909725,41.9,707.0,286.0,,,10311.0,,0.44784,,398451.0,28.2,,46080.0,229294.8
1701,2014-08-29,101.4165,18884.6,0.7,427.5,514.8,113.465,18.632,21.5,37.1189,48.7888,103.19,0.183134366,71016.7,0.012794871,6.29,6.14,1190.23,1400.71,122.47,248.92,17297538,0.001526068,5.63,922855,0.40944461,12.22,12808.5734,0.08410365,53338.0,-0.079,61208.0,0.103141018,16134.39,4436.8984,365.089,102.4,7087.326,0.015,0.74,126874.0,1541.884366,0.646,0.354,0.977828439,57746.0,96.91260146,8.3,3.7,734697.6,100.1,1.6,5.7,7.3,11.3,9.7,234.0,19.1850455,98.8,98.6,98.1,43.3,94.3,55.2,99.3,0.4,76.7,6.1,7.61,662.3,174.76,108.0,96.0,72.02,52.81,43.11,34.83,,"16,765",1517.954545,85.5056,"93,08","25,47",61.0,92.8,7804.909725,41.9,707.0,286.0,,,10311.0,,0.44784,,398451.0,28.2,,46080.0,229294.8
1702,2014-08-30,101.4165,18884.6,0.7,427.5,514.8,113.465,18.632,21.5,37.1189,48.7888,103.19,0.183134366,71016.7,0.012794871,6.29,6.14,1190.23,1400.71,122.47,248.92,17297538,0.001526068,5.63,922855,0.40944461,12.22,12808.5734,0.08410365,53338.0,-0.079,61208.0,0.103141018,16134.39,4436.8984,365.089,102.4,7087.326,0.015,0.74,126874.0,1541.884366,0.646,0.354,0.977828439,57746.0,96.91260146,8.3,3.7,734697.6,100.1,1.6,5.7,7.3,11.3,9.7,234.0,19.1850455,98.8,98.6,98.1,43.3,94.3,55.2,99.3,0.4,76.7,6.1,7.61,662.3,174.76,108.0,96.0,72.02,52.81,43.11,34.83,,"16,765",1517.954545,85.5056,"93,08","25,47",61.0,92.8,7804.909725,41.9,707.0,286.0,,,10311.0,,0.44784,,398451.0,28.2,,46080.0,229294.8
1703,2014-08-31,101.4165,18884.6,0.7,427.5,514.8,113.465,18.632,21.5,37.1189,48.7888,103.19,0.183134366,71016.7,0.012794871,6.29,6.14,1190.23,1400.71,122.47,248.92,17297538,0.001526068,5.63,922855,0.40944461,12.22,12808.5734,0.08410365,53338.0,-0.079,61208.0,0.103141018,16134.39,4436.8984,365.089,102.4,7087.326,0.015,0.74,126874.0,1541.884366,0.646,0.354,0.977828439,57746.0,96.91260146,8.3,3.7,734697.6,100.1,1.6,5.7,7.3,11.3,9.7,234.0,19.1850455,98.8,98.6,98.1,43.3,94.3,55.2,99.3,0.4,76.7,6.1,7.61,662.3,174.76,108.0,96.0,72.02,52.81,43.11,34.83,,"16,765",1517.954545,85.5056,"93,08","25,47",61.0,92.8,7804.909725,41.9,707.0,286.0,,,10311.0,,0.44784,,398451.0,28.2,,46080.0,229294.8
1704,2014-09-01,95.6732,18884.6,0.7,428.6,514.7,113.465,18.076,21.5,37.2897,48.97,102.79,0.097244142,71016.7,0.012794871,6.29,6.14,1177.66,1392.4,121.67,244.27,17297538,0.001526068,5.71,1067947,0.378665004,12.29,12808.5734,0.08410365,50830.0,-0.079,61208.0,0.103141018,16165.3,4436.8984,365.089,102.4,7087.326,0.015,0.74,126874.0,1541.884366,0.646,0.354,0.977828439,57746.0,96.91260146,8.3,3.7,734697.6,100.1,1.6,5.7,7.3,11.3,9.7,234.0,19.1850455,98.8,98.6,98.1,43.3,94.3,55.2,99.3,0.4,76.7,6.1,7.61,662.3,173.3,113.58,85.38,65.13,51.41,43.26,34.52,,"16,765",1517.954545,85.5056,"93,08","25,47",61.0,92.8,7804.909725,41.9,707.0,286.0,,,10311.0,,0.44784,,398451.0,28.2,,46080.0,229294.8
1705,2014-09-02,95.6732,18884.6,0.7,428.6,514.7,113.465,18.076,21.5,37.4515,49.1563,100.34,0.097244142,71016.7,0.012794871,6.29,6.14,1177.93,1400.35,121.85,244.27,17297538,0.001526068,5.71,1067947,0.378665004,12.29,12808.5734,0.08410365,50830.0,-0.079,61208.0,0.103141018,16165.3,4436.8984,365.089,102.4,7087.326,0.015,0.74,126874.0,1541.884366,0.646,0.354,0.977828439,57746.0,96.91260146,8.3,3.7,734697.6,100.1,1.6,5.7,7.3,11.3,9.7,234.0,19.1850455,98.8,98.6,98.1,43.3,94.3,55.2,99.3,0.4,76.7,6.1,7.61,662.3,173.3,113.58,85.38,65.13,51.41,43.26,34.52,,"16,765",1517.954545,85.5056,"93,08","25,47",61.0,92.8,7804.909725,41.9,707.0,286.0,,,10311.0,,0.44784,,398451.0,28.2,,46080.0,229294.8
1706,2014-09-03,95.6732,18884.6,0.7,428.6,514.7,113.465,18.076,21.5,36.8475,48.4206,102.77,0.097244142,71016.7,0.012794871,6.29,6.14,1239.23,1449.29,122.82,244.27,17297538,0.001526068,5.71,1067947,0.378665004,12.29,12808.5734,0.08410365,50830.0,-0.079,61208.0,0.103141018,16165.3,4436.8984,365.089,102.4,7087.326,0.015,0.74,126874.0,1541.884366,0.646,0.354,0.977828439,57746.0,96.91260146,8.3,3.7,734697.6,100.1,1.6,5.7,7.3,11.3,9.7,234.0,19.1850455,98.8,98.6,98.1,43.3,94.3,55.2,99.3,0.4,76.7,6.1,7.61,662.3,173.3,113.58,85.38,65.13,51.41,43.26,34.52,,"16,765",1517.954545,85.5056,"93,08","25,47",61.0,92.8,7804.909725,41.9,707.0,286.0,,,10311.0,,0.44784,,398451.0,28.2,,46080.0,229294.8
1707,2014-09-04,95.6732,18884.6,0.7,428.6,514.7,113.465,18.076,21.5,36.9961,47.8945,101.83,0.097244142,71016.7,0.012794871,6.29,6.14,1241.51,1457.34,123.62,243.49,17297538,0.001526068,5.71,1067947,0.378665004,12.29,12808.5734,0.08410365,50830.0,-0.079,61208.0,0.103141018,16165.3,4436.8984,365.089,102.4,7087.326,0.015,0.74,126874.0,1541.884366,0.646,0.354,0.977828439,57746.0,96.91260146,8.3,3.7,734697.6,100.1,1.6,5.7,7.3,11.3,9.7,234.0,19.1850455,98.8,98.6,98.1,43.3,94.3,55.2,99.3,0.4,76.7,6.1,7.61,662.3,173.3,113.58,85.38,65.13,51.41,43.26,34.52,,"16,765",1517.954545,85.5056,"93,08","25,47",61.0,92.8,7804.909725,41.9,707.0,286.0,,,10311.0,,0.44784,,398451.0,28.2,,46080.0,229294.8
1708,2014-09-05,95.6732,18884.6,0.7,428.6,514.7,113.465,18.076,21.5,37.046,47.9774,100.82,0.097244142,71016.7,0.012794871,6.29,6.14,1257.26,1474.71,123.73,243.49,17297538,0.001526068,5.71,1067947,0.378665004,12.29,12808.5734,0.08410365,50830.0,-0.079,61208.0,0.103141018,16165.3,4436.8984,365.089,102.4,7087.326,0.015,0.74,126874.0,1541.884366,0.646,0.354,0.977828439,57746.0,96.91260146,8.3,3.7,734697.6,100.1,1.6,5.7,7.3,11.3,9.7,234.0,19.1850455,98.8,98.6,98.1,43.3,94.3,55.2,99.3,0.4,76.7,6.1,7.61,662.3,173.3,113.58,85.38,65.13,51.41,43.26,34.52,,"16,765",1517.954545,85.5056,"93,08","25,47",61.0,92.8,7804.909725,41.9,707.0,286.0,,,10311.0,,0.44784,,398451.0,28.2,,46080.0,229294.8
1709,2014-09-06,95.6732,18884.6,0.7,428.6,514.7,113.465,18.076,21.5,37.046,47.9774,100.82,0.097244142,71016.7,0.012794871,6.29,6.14,1257.26,1474.71,123.73,246.6,17297538,0.001526068,5.71,1067947,0.378665004,12.29,12808.5734,0.08410365,50830.0,-0.079,61208.0,0.103141018,16165.3,4436.8984,365.089,102.4,7087.326,0.015,0.74,126874.0,1541.884366,0.646,0.354,0.977828439,57746.0,96.91260146,8.3,3.7,734697.6,100.1,1.6,5.7,7.3,11.3,9.7,234.0,19.1850455,98.8,98.6,98.1,43.3,94.3,55.2,99.3,0.4,76.7,6.1,7.61,662.3,173.3,113.58,85.38,65.13,51.41,43.26,34.52,,"16,765",1517.954545,85.5056,"93,08","25,47",61.0,92.8,7804.909725,41.9,707.0,286.0,,,10311.0,,0.44784,,398451.0,28.2,,46080.0,229294.8
1710,2014-09-07,95.6732,18884.6,0.7,428.6,514.7,113.465,18.076,21.5,37.046,47.9774,100.82,0.097244142,71016.7,0.012794871,6.29,6.14,1257.26,1474.71,123.73,247.51,17297538,0.001526068,5.71,1067947,0.378665004,12.29,12808.5734,0.08410365,50830.0,-0.079,61208.0,0.103141018,16165.3,4436.8984,365.089,102.4,7087.326,0.015,0.74,126874.0,1541.884366,0.646,0.354,0.977828439,57746.0,96.91260146,8.3,3.7,734697.6,100.1,1.6,5.7,7.3,11.3,9.7,234.0,19.1850455,98.8,98.6,98.1,43.3,94.3,55.2,99.3,0.4,76.7,6.1,7.61,662.3,173.3,113.58,85.38,65.13,51.41,43.26,34.52,,"16,765",1517.954545,85.5056,"93,08","25,47",61.0,92.8,7804.909725,41.9,707.0,286.0,,,10311.0,,0.44784,,398451.0,28.2,,46080.0,229294.8
1711,2014-09-08,95.6732,18884.6,0.7,428.6,514.7,113.465,18.076,21.5,36.959,47.8,100.2,0.097244142,71016.7,0.012794871,6.29,6.14,1245.53,1464.76,123.29,247.51,17297538,0.001526068,5.71,1067947,0.378665004,12.29,12808.5734,0.08410365,50830.0,-0.079,61208.0,0.103141018,16165.3,4436.8984,365.089,102.4,7087.326,0.015,0.74,126874.0,1541.884366,0.646,0.354,0.977828439,57746.0,96.91260146,8.3,3.7,734697.6,100.1,1.6,5.7,7.3,11.3,9.7,234.0,19.1850455,98.8,98.6,98.1,43.3,94.3,55.2,99.3,0.4,76.7,6.1,7.61,662.3,173.3,113.58,85.38,65.13,51.41,43.26,34.52,,"16,765",1517.954545,85.5056,"93,08","25,47",61.0,92.8,7804.909725,41.9,707.0,286.0,,,10311.0,,0.44784,,398451.0,28.2,,46080.0,229294.8
1712,2014-09-09,95.6732,18884.6,0.7,428.6,514.7,113.465,18.076,21.5,37.0461,47.849,99.16,0.097244142,71016.7,0.012794871,6.29,6.14,1246.64,1468.17,123.55,248.21,17297538,0.001526068,5.71,1067947,0.378665004,12.29,12808.5734,0.08410365,50830.0,-0.079,61208.0,0.103141018,16165.3,4436.8984,365.089,102.4,7087.326,0.015,0.74,126874.0,1541.884366,0.646,0.354,0.977828439,57746.0,96.91260146,8.3,3.7,734697.6,100.1,1.6,5.7,7.3,11.3,9.7,234.0,19.1850455,98.8,98.6,98.1,43.3,94.3,55.2,99.3,0.4,76.7,6.1,7.61,662.3,173.3,113.58,85.38,65.13,51.41,43.26,34.52,,"16,765",1517.954545,85.5056,"93,08","25,47",61.0,92.8,7804.909725,41.9,707.0,286.0,,,10311.0,,0.44784,,398451.0,28.2,,46080.0,229294.8
1713,2014-09-10,95.6732,18884.6,0.7,428.6,514.7,113.465,18.076,21.5,37.3249,48.1583,98.04,0.097244142,71016.7,0.012794871,6.29,6.14,1239.09,1468.55,122.96,248.5,17297538,0.001526068,5.71,1067947,0.378665004,12.29,12808.5734,0.08410365,50830.0,-0.079,61208.0,0.103141018,16165.3,4436.8984,365.089,102.4,7087.326,0.015,0.74,126874.0,1541.884366,0.646,0.354,0.977828439,57746.0,96.91260146,8.3,3.7,734697.6,100.1,1.6,5.7,7.3,11.3,9.7,234.0,19.1850455,98.8,98.6,98.1,43.3,94.3,55.2,99.3,0.4,76.7,6.1,7.61,662.3,173.3,113.58,85.38,65.13,51.41,43.26,34.52,,"16,765",1517.954545,85.5056,"93,08","25,47",61.0,92.8,7804.909725,41.9,707.0,286.0,,,10311.0,,0.44784,,398451.0,28.2,,46080.0,229294.8
1714,2014-09-11,95.6732,18884.6,0.7,428.6,514.7,113.465,18.076,21.5,37.5279,48.56,98.08,0.097244142,71016.7,0.012794871,6.29,6.14,1217.88,1449.63,122.72,248.5,17297538,0.001526068,5.71,1067947,0.378665004,12.29,12808.5734,0.08410365,50830.0,-0.079,61208.0,0.103141018,16165.3,4436.8984,365.089,102.4,7087.326,0.015,0.74,126874.0,1541.884366,0.646,0.354,0.977828439,57746.0,96.91260146,8.3,3.7,734697.6,100.1,1.6,5.7,7.3,11.3,9.7,234.0,19.1850455,98.8,98.6,98.1,43.3,94.3,55.2,99.3,0.4,76.7,6.1,7.61,662.3,173.3,113.58,85.38,65.13,51.41,43.26,34.52,,"16,765",1517.954545,85.5056,"93,08","25,47",61.0,92.8,7804.909725,41.9,707.0,286.0,,,10311.0,,0.44784,,398451.0,28.2,,46080.0,229294.8
1715,2014-09-12,95.6732,18884.6,0.7,428.6,514.7,113.465,18.076,21.5,37.752,48.9787,97.11,0.097244142,71016.7,0.012794871,6.29,6.14,1213.27,1458.52,122.75,243.21,17297538,0.001526068,5.71,1067947,0.378665004,12.29,12808.5734,0.08410365,50830.0,-0.079,61208.0,0.103141018,16165.3,4436.8984,365.089,102.4,7087.326,0.015,0.74,126874.0,1541.884366,0.646,0.354,0.977828439,57746.0,96.91260146,8.3,3.7,734697.6,100.1,1.6,5.7,7.3,11.3,9.7,234.0,19.1850455,98.8,98.6,98.1,43.3,94.3,55.2,99.3,0.4,76.7,6.1,7.61,662.3,173.3,113.58,85.38,65.13,51.41,43.26,34.52,,"16,765",1517.954545,85.5056,"93,08","25,47",61.0,92.8,7804.909725,41.9,707.0,286.0,,,10311.0,,0.44784,,398451.0,28.2,,46080.0,229294.8
1716,2014-09-13,95.6732,18884.6,0.7,428.6,514.7,113.465,18.076,21.5,37.752,48.9787,97.11,0.097244142,71016.7,0.012794871,6.29,6.14,1213.27,1458.52,122.75,243.21,17297538,0.001526068,5.71,1067947,0.378665004,12.29,12808.5734,0.08410365,50830.0,-0.079,61208.0,0.103141018,16165.3,4436.8984,365.089,102.4,7087.326,0.015,0.74,126874.0,1541.884366,0.646,0.354,0.977828439,57746.0,96.91260146,8.3,3.7,734697.6,100.1,1.6,5.7,7.3,11.3,9.7,234.0,19.1850455,98.8,98.6,98.1,43.3,94.3,55.2,99.3,0.4,76.7,6.1,7.61,662.3,173.3,113.58,85.38,65.13,51.41,43.26,34.52,,"16,765",1517.954545,85.5056,"93,08","25,47",61.0,92.8,7804.909725,41.9,707.0,286.0,,,10311.0,,0.44784,,398451.0,28.2,,46080.0,229294.8
1717,2014-09-14,95.6732,18884.6,0.7,428.6,514.7,113.465,18.076,21.5,37.752,48.9787,97.11,0.097244142,71016.7,0.012794871,6.29,6.14,1213.27,1458.52,122.75,243.21,17297538,0.001526068,5.71,1067947,0.378665004,12.29,12808.5734,0.08410365,50830.0,-0.079,61208.0,0.103141018,16165.3,4436.8984,365.089,102.4,7087.326,0.015,0.74,126874.0,1541.884366,0.646,0.354,0.977828439,57746.0,96.91260146,8.3,3.7,734697.6,100.1,1.6,5.7,7.3,11.3,9.7,234.0,19.1850455,98.8,98.6,98.1,43.3,94.3,55.2,99.3,0.4,76.7,6.1,7.61,662.3,173.3,113.58,85.38,65.13,51.41,43.26,34.52,,"16,765",1517.954545,85.5056,"93,08","25,47",61.0,92.8,7804.909725,41.9,707.0,286.0,,,10311.0,,0.44784,,398451.0,28.2,,46080.0,229294.8
1718,2014-09-15,95.6732,18884.6,0.7,428.6,514.7,113.465,18.076,21.5,38.3315,49.573,96.65,0.097244142,71016.7,0.012794871,6.29,6.14,1194.73,1454.19,122.58,248.54,17297538,0.001526068,5.71,1067947,0.378665004,12.29,12808.5734,0.08410365,50830.0,-0.079,61208.0,0.103141018,16165.3,4436.8984,365.089,102.4,7087.326,0.015,0.74,126874.0,1541.884366,0.646,0.354,0.977828439,57746.0,96.91260146,8.3,3.7,734697.6,100.1,1.6,5.7,7.3,11.3,9.7,234.0,19.1850455,98.8,98.6,98.1,43.3,94.3,55.2,99.3,0.4,76.7,6.1,7.61,662.3,173.3,113.58,85.38,65.13,51.41,43.26,34.52,,"16,765",1517.954545,85.5056,"93,08","25,47",61.0,92.8,7804.909725,41.9,707.0,286.0,,,10311.0,,0.44784,,398451.0,28.2,,46080.0,229294.8
1719,2014-09-16,95.6732,18884.6,0.7,428.6,514.7,113.465,18.076,21.5,38.274,49.6208,99.05,0.097244142,71016.7,0.012794871,6.29,6.14,1202.0,1477.31,122.47,248.82,17297538,0.001526068,5.71,1067947,0.378665004,12.29,12808.5734,0.08410365,50830.0,-0.079,61208.0,0.103141018,16165.3,4436.8984,365.089,102.4,7087.326,0.015,0.74,126874.0,1541.884366,0.646,0.354,0.977828439,57746.0,96.91260146,8.3,3.7,734697.6,100.1,1.6,5.7,7.3,11.3,9.7,234.0,19.1850455,98.8,98.6,98.1,43.3,94.3,55.2,99.3,0.4,76.7,6.1,7.61,662.3,173.3,113.58,85.38,65.13,51.41,43.26,34.52,,"16,765",1517.954545,85.5056,"93,08","25,47",61.0,92.8,7804.909725,41.9,707.0,286.0,,,10311.0,,0.44784,,398451.0,28.2,,46080.0,229294.8
1720,2014-09-17,95.6732,18884.6,0.7,428.6,514.7,113.465,18.076,21.5,38.374,49.6939,98.97,0.097244142,71016.7,0.012794871,6.29,6.14,1190.1,1449.37,123.03,248.86,17297538,0.001526068,5.71,1067947,0.378665004,12.29,12808.5734,0.08410365,50830.0,-0.079,61208.0,0.103141018,16165.3,4436.8984,365.089,102.4,7087.326,0.015,0.74,126874.0,1541.884366,0.646,0.354,0.977828439,57746.0,96.91260146,8.3,3.7,734697.6,100.1,1.6,5.7,7.3,11.3,9.7,234.0,19.1850455,98.8,98.6,98.1,43.3,94.3,55.2,99.3,0.4,76.7,6.1,7.61,662.3,173.3,113.58,85.38,65.13,51.41,43.26,34.52,,"16,765",1517.954545,85.5056,"93,08","25,47",61.0,92.8,7804.909725,41.9,707.0,286.0,,,10311.0,,0.44784,,398451.0,28.2,,46080.0,229294.8
1721,2014-09-18,95.6732,18884.6,0.7,428.6,514.7,113.465,18.076,21.5,38.4719,49.7169,97.7,0.097244142,71016.7,0.012794871,6.29,6.14,1187.24,1448.63,123.37,248.28,17297538,0.001526068,5.71,1067947,0.378665004,12.29,12808.5734,0.08410365,50830.0,-0.079,61208.0,0.103141018,16165.3,4436.8984,365.089,102.4,7087.326,0.015,0.74,126874.0,1541.884366,0.646,0.354,0.977828439,57746.0,96.91260146,8.3,3.7,734697.6,100.1,1.6,5.7,7.3,11.3,9.7,234.0,19.1850455,98.8,98.6,98.1,43.3,94.3,55.2,99.3,0.4,76.7,6.1,7.61,662.3,173.3,113.58,85.38,65.13,51.41,43.26,34.52,,"16,765",1517.954545,85.5056,"93,08","25,47",61.0,92.8,7804.909725,41.9,707.0,286.0,,,10311.0,,0.44784,,398451.0,28.2,,46080.0,229294.8
1722,2014-09-19,95.6732,18884.6,0.7,428.6,514.7,113.465,18.076,21.5,38.4274,49.3145,98.39,0.097244142,71016.7,0.012794871,6.29,6.14,1170.25,1431.58,123.19,248.38,17297538,0.001526068,5.71,1067947,0.378665004,12.29,12808.5734,0.08410365,50830.0,-0.079,61208.0,0.103141018,16165.3,4436.8984,365.089,102.4,7087.326,0.015,0.74,126874.0,1541.884366,0.646,0.354,0.977828439,57746.0,96.91260146,8.3,3.7,734697.6,100.1,1.6,5.7,7.3,11.3,9.7,234.0,19.1850455,98.8,98.6,98.1,43.3,94.3,55.2,99.3,0.4,76.7,6.1,7.61,662.3,173.3,113.58,85.38,65.13,51.41,43.26,34.52,,"16,765",1517.954545,85.5056,"93,08","25,47",61.0,92.8,7804.909725,41.9,707.0,286.0,,,10311.0,,0.44784,,398451.0,28.2,,46080.0,229294.8
1723,2014-09-20,95.6732,18884.6,0.7,428.6,514.7,113.465,18.076,21.5,38.4274,49.3145,98.39,0.097244142,71016.7,0.012794871,6.29,6.14,1170.25,1431.58,123.19,248.38,17297538,0.001526068,5.71,1067947,0.378665004,12.29,12808.5734,0.08410365,50830.0,-0.079,61208.0,0.103141018,16165.3,4436.8984,365.089,102.4,7087.326,0.015,0.74,126874.0,1541.884366,0.646,0.354,0.977828439,57746.0,96.91260146,8.3,3.7,734697.6,100.1,1.6,5.7,7.3,11.3,9.7,234.0,19.1850455,98.8,98.6,98.1,43.3,94.3,55.2,99.3,0.4,76.7,6.1,7.61,662.3,173.3,113.58,85.38,65.13,51.41,43.26,34.52,,"16,765",1517.954545,85.5056,"93,08","25,47",61.0,92.8,7804.909725,41.9,707.0,286.0,,,10311.0,,0.44784,,398451.0,28.2,,46080.0,229294.8
1724,2014-09-21,95.6732,18884.6,0.7,428.6,514.7,113.465,18.076,21.5,38.4274,49.3145,98.39,0.097244142,71016.7,0.012794871,6.29,6.14,1170.25,1431.58,123.19,248.38,17297538,0.001526068,5.71,1067947,0.378665004,12.29,12808.5734,0.08410365,50830.0,-0.079,61208.0,0.103141018,16165.3,4436.8984,365.089,102.4,7087.326,0.015,0.74,126874.0,1541.884366,0.646,0.354,0.977828439,57746.0,96.91260146,8.3,3.7,734697.6,100.1,1.6,5.7,7.3,11.3,9.7,234.0,19.1850455,98.8,98.6,98.1,43.3,94.3,55.2,99.3,0.4,76.7,6.1,7.61,662.3,173.3,113.58,85.38,65.13,51.41,43.26,34.52,,"16,765",1517.954545,85.5056,"93,08","25,47",61.0,92.8,7804.909725,41.9,707.0,286.0,,,10311.0,,0.44784,,398451.0,28.2,,46080.0,229294.8
1725,2014-09-22,95.6732,18884.6,0.7,428.6,514.7,113.465,18.076,21.5,38.6925,49.6531,96.97,0.097244142,71016.7,0.012794871,6.29,6.14,1151.16,1412.83,123.42,248.6,17297538,0.001526068,5.71,1067947,0.378665004,12.29,12808.5734,0.08410365,50830.0,-0.079,61208.0,0.103141018,16165.3,4436.8984,365.089,102.4,7087.326,0.015,0.74,126874.0,1541.884366,0.646,0.354,0.977828439,57746.0,96.91260146,8.3,3.7,734697.6,100.1,1.6,5.7,7.3,11.3,9.7,234.0,19.1850455,98.8,98.6,98.1,43.3,94.3,55.2,99.3,0.4,76.7,6.1,7.61,662.3,173.3,113.58,85.38,65.13,51.41,43.26,34.52,,"16,765",1517.954545,85.5056,"93,08","25,47",61.0,92.8,7804.909725,41.9,707.0,286.0,,,10311.0,,0.44784,,398451.0,28.2,,46080.0,229294.8
1726,2014-09-23,95.6732,18884.6,0.7,428.6,514.7,113.465,18.076,21.5,38.5907,49.5814,96.85,0.097244142,71016.7,0.012794871,6.29,6.14,1167.25,1429.45,124.07,248.28,17297538,0.001526068,5.71,1067947,0.378665004,12.29,12808.5734,0.08410365,50830.0,-0.079,61208.0,0.103141018,16165.3,4436.8984,365.089,102.4,7087.326,0.015,0.74,126874.0,1541.884366,0.646,0.354,0.977828439,57746.0,96.91260146,8.3,3.7,734697.6,100.1,1.6,5.7,7.3,11.3,9.7,234.0,19.1850455,98.8,98.6,98.1,43.3,94.3,55.2,99.3,0.4,76.7,6.1,7.61,662.3,173.3,113.58,85.38,65.13,51.41,43.26,34.52,,"16,765",1517.954545,85.5056,"93,08","25,47",61.0,92.8,7804.909725,41.9,707.0,286.0,,,10311.0,,0.44784,,398451.0,28.2,,46080.0,229294.8
1727,2014-09-24,95.6732,18884.6,0.7,428.6,514.7,113.465,18.076,21.5,38.1862,48.8259,96.95,0.097244142,71016.7,0.012794871,6.29,6.14,1189.23,1441.83,124.44,248.01,17297538,0.001526068,5.71,1067947,0.378665004,12.29,12808.5734,0.08410365,50830.0,-0.079,61208.0,0.103141018,16165.3,4436.8984,365.089,102.4,7087.326,0.015,0.74,126874.0,1541.884366,0.646,0.354,0.977828439,57746.0,96.91260146,8.3,3.7,734697.6,100.1,1.6,5.7,7.3,11.3,9.7,234.0,19.1850455,98.8,98.6,98.1,43.3,94.3,55.2,99.3,0.4,76.7,6.1,7.61,662.3,173.3,113.58,85.38,65.13,51.41,43.26,34.52,,"16,765",1517.954545,85.5056,"93,08","25,47",61.0,92.8,7804.909725,41.9,707.0,286.0,,,10311.0,,0.44784,,398451.0,28.2,,46080.0,229294.8
1728,2014-09-25,95.6732,18884.6,0.7,428.6,514.7,113.465,18.076,21.5,38.4838,49.0317,97.0,0.097244142,71016.7,0.012794871,6.29,6.14,1175.59,1436.05,124.75,248.06,17297538,0.001526068,5.71,1067947,0.378665004,12.29,12808.5734,0.08410365,50830.0,-0.079,61208.0,0.103141018,16165.3,4436.8984,365.089,102.4,7087.326,0.015,0.74,126874.0,1541.884366,0.646,0.354,0.977828439,57746.0,96.91260146,8.3,3.7,734697.6,100.1,1.6,5.7,7.3,11.3,9.7,234.0,19.1850455,98.8,98.6,98.1,43.3,94.3,55.2,99.3,0.4,76.7,6.1,7.61,662.3,173.3,113.58,85.38,65.13,51.41,43.26,34.52,,"16,765",1517.954545,85.5056,"93,08","25,47",61.0,92.8,7804.909725,41.9,707.0,286.0,,,10311.0,,0.44784,,398451.0,28.2,,46080.0,229294.8
1729,2014-09-26,95.6732,18884.6,0.7,428.6,514.7,113.465,18.076,21.5,39.1696,49.7047,97.0,0.097244142,71016.7,0.012794871,6.29,6.14,1156.15,1434.2,124.32,248.16,17297538,0.001526068,5.71,1067947,0.378665004,12.29,12808.5734,0.08410365,50830.0,-0.079,61208.0,0.103141018,16165.3,4436.8984,365.089,102.4,7087.326,0.015,0.74,126874.0,1541.884366,0.646,0.354,0.977828439,57746.0,96.91260146,8.3,3.7,734697.6,100.1,1.6,5.7,7.3,11.3,9.7,234.0,19.1850455,98.8,98.6,98.1,43.3,94.3,55.2,99.3,0.4,76.7,6.1,7.61,662.3,173.3,113.58,85.38,65.13,51.41,43.26,34.52,,"16,765",1517.954545,85.5056,"93,08","25,47",61.0,92.8,7804.909725,41.9,707.0,286.0,,,10311.0,,0.44784,,398451.0,28.2,,46080.0,229294.8
1730,2014-09-27,95.6732,18884.6,0.7,428.6,514.7,113.465,18.076,21.5,39.1696,49.7047,97.0,0.097244142,71016.7,0.012794871,6.29,6.14,1156.15,1434.2,124.32,248.16,17297538,0.001526068,5.71,1067947,0.378665004,12.29,12808.5734,0.08410365,50830.0,-0.079,61208.0,0.103141018,16165.3,4436.8984,365.089,102.4,7087.326,0.015,0.74,126874.0,1541.884366,0.646,0.354,0.977828439,57746.0,96.91260146,8.3,3.7,734697.6,100.1,1.6,5.7,7.3,11.3,9.7,234.0,19.1850455,98.8,98.6,98.1,43.3,94.3,55.2,99.3,0.4,76.7,6.1,7.61,662.3,173.3,113.58,85.38,65.13,51.41,43.26,34.52,,"16,765",1517.954545,85.5056,"93,08","25,47",61.0,92.8,7804.909725,41.9,707.0,286.0,,,10311.0,,0.44784,,398451.0,28.2,,46080.0,229294.8
1731,2014-09-28,95.6732,18884.6,0.7,428.6,514.7,113.465,18.076,21.5,39.1696,49.7047,97.0,0.097244142,71016.7,0.012794871,6.29,6.14,1156.15,1434.2,124.32,248.16,17297538,0.001526068,5.71,1067947,0.378665004,12.29,12808.5734,0.08410365,50830.0,-0.079,61208.0,0.103141018,16165.3,4436.8984,365.089,102.4,7087.326,0.015,0.74,126874.0,1541.884366,0.646,0.354,0.977828439,57746.0,96.91260146,8.3,3.7,734697.6,100.1,1.6,5.7,7.3,11.3,9.7,234.0,19.1850455,98.8,98.6,98.1,43.3,94.3,55.2,99.3,0.4,76.7,6.1,7.61,662.3,173.3,113.58,85.38,65.13,51.41,43.26,34.52,,"16,765",1517.954545,85.5056,"93,08","25,47",61.0,92.8,7804.909725,41.9,707.0,286.0,,,10311.0,,0.44784,,398451.0,28.2,,46080.0,229294.8
1732,2014-09-29,95.6732,18884.6,0.7,428.6,514.7,113.465,18.076,21.5,39.4475,50.0908,97.2,0.097244142,71016.7,0.012794871,6.29,6.14,1126.21,1408.28,124.32,247.79,17297538,0.001526068,5.71,1067947,0.378665004,12.29,12808.5734,0.08410365,50830.0,-0.079,61208.0,0.103141018,16165.3,4436.8984,365.089,102.4,7087.326,0.015,0.74,126874.0,1541.884366,0.646,0.354,0.977828439,57746.0,96.91260146,8.3,3.7,734697.6,100.1,1.6,5.7,7.3,11.3,9.7,234.0,19.1850455,98.8,98.6,98.1,43.3,94.3,55.2,99.3,0.4,76.7,6.1,7.61,662.3,173.3,113.58,85.38,65.13,51.41,43.26,34.52,,"16,765",1517.954545,85.5056,"93,08","25,47",61.0,92.8,7804.909725,41.9,707.0,286.0,,,10311.0,,0.44784,,398451.0,28.2,,46080.0,229294.8
1733,2014-09-30,95.6732,18884.6,0.7,428.6,514.7,113.465,18.076,21.5,39.6003,50.0075,94.67,0.097244142,71016.7,0.012794871,6.29,6.14,1123.72,1411.07,124.42,248.97,17297538,0.001526068,5.71,1067947,0.378665004,12.29,12808.5734,0.08410365,50830.0,-0.079,61208.0,0.103141018,16165.3,4436.8984,365.089,102.4,7087.326,0.015,0.74,126874.0,1541.884366,0.646,0.354,0.977828439,57746.0,96.91260146,8.3,3.7,734697.6,100.1,1.6,5.7,7.3,11.3,9.7,234.0,19.1850455,98.8,98.6,98.1,43.3,94.3,55.2,99.3,0.4,76.7,6.1,7.61,662.3,173.3,113.58,85.38,65.13,51.41,43.26,34.52,,"16,765",1517.954545,85.5056,"93,08","25,47",61.0,92.8,7804.909725,41.9,707.0,286.0,,,10311.0,,0.44784,,398451.0,28.2,,46080.0,229294.8
1734,2014-10-01,86.6257,20406.9,0.9,431.4,510.8,113.465,14.256,7.2,39.6897,50.0392,94.16,-0.248418389,71016.7,0.012794871,6.46,6.68,1113.42,1399.99,124.12,244.39,17297538,0.001526068,5.95,1215518,0.358752224,12.44,12808.5734,0.08410365,60461.0,-0.079,61208.0,0.103141018,16269.79,4436.8984,365.089,102.4,7087.326,0.015,0.74,126874.0,1541.884366,0.646,0.354,0.977828439,57746.0,96.91260146,8.3,3.7,734697.6,100.1,1.6,5.7,7.3,11.3,9.7,234.0,19.1850455,98.8,98.6,98.1,43.3,94.3,55.2,99.3,0.4,76.7,6.1,7.61,662.3,177.29,105.03,84.43,68.9,52.82,43.85,35.37,,"16,765",1517.954545,85.5056,"93,08","25,47",61.0,92.8,7804.909725,41.9,707.0,286.0,,,10311.0,,0.44784,,398451.0,28.2,,46080.0,229294.8
1735,2014-10-02,86.6257,20406.9,0.9,431.4,510.8,113.465,14.256,7.2,39.6195,50.22,93.42,-0.248418389,71016.7,0.012794871,6.46,6.68,1095.11,1376.35,124.26,245.33,17297538,0.001526068,5.95,1215518,0.358752224,12.44,12808.5734,0.08410365,60461.0,-0.079,61208.0,0.103141018,16269.79,4436.8984,365.089,102.4,7087.326,0.015,0.74,126874.0,1541.884366,0.646,0.354,0.977828439,57746.0,96.91260146,8.3,3.7,734697.6,100.1,1.6,5.7,7.3,11.3,9.7,234.0,19.1850455,98.8,98.6,98.1,43.3,94.3,55.2,99.3,0.4,76.7,6.1,7.61,662.3,177.29,105.03,84.43,68.9,52.82,43.85,35.37,,"16,765",1517.954545,85.5056,"93,08","25,47",61.0,92.8,7804.909725,41.9,707.0,286.0,,,10311.0,,0.44784,,398451.0,28.2,,46080.0,229294.8
1736,2014-10-03,86.6257,20406.9,0.9,431.4,510.8,113.465,14.256,7.2,39.9381,49.974,92.31,-0.248418389,71016.7,0.012794871,6.46,6.68,1092.12,1384.66,123.76,245.33,17297538,0.001526068,5.95,1215518,0.358752224,12.44,12808.5734,0.08410365,60461.0,-0.079,61208.0,0.103141018,16269.79,4436.8984,365.089,102.4,7087.326,0.015,0.74,126874.0,1541.884366,0.646,0.354,0.977828439,57746.0,96.91260146,8.3,3.7,734697.6,100.1,1.6,5.7,7.3,11.3,9.7,234.0,19.1850455,98.8,98.6,98.1,43.3,94.3,55.2,99.3,0.4,76.7,6.1,7.61,662.3,177.29,105.03,84.43,68.9,52.82,43.85,35.37,,"16,765",1517.954545,85.5056,"93,08","25,47",61.0,92.8,7804.909725,41.9,707.0,286.0,,,10311.0,,0.44784,,398451.0,28.2,,46080.0,229294.8
1737,2014-10-04,86.6257,20406.9,0.9,431.4,510.8,113.465,14.256,7.2,39.9381,49.974,92.31,-0.248418389,71016.7,0.012794871,6.46,6.68,1092.12,1384.66,123.76,243.26,17297538,0.001526068,5.95,1215518,0.358752224,12.44,12808.5734,0.08410365,60461.0,-0.079,61208.0,0.103141018,16269.79,4436.8984,365.089,102.4,7087.326,0.015,0.74,126874.0,1541.884366,0.646,0.354,0.977828439,57746.0,96.91260146,8.3,3.7,734697.6,100.1,1.6,5.7,7.3,11.3,9.7,234.0,19.1850455,98.8,98.6,98.1,43.3,94.3,55.2,99.3,0.4,76.7,6.1,7.61,662.3,177.29,105.03,84.43,68.9,52.82,43.85,35.37,,"16,765",1517.954545,85.5056,"93,08","25,47",61.0,92.8,7804.909725,41.9,707.0,286.0,,,10311.0,,0.44784,,398451.0,28.2,,46080.0,229294.8
1738,2014-10-05,86.6257,20406.9,0.9,431.4,510.8,113.465,14.256,7.2,39.9381,49.974,92.31,-0.248418389,71016.7,0.012794871,6.46,6.68,1092.12,1384.66,123.76,243.26,17297538,0.001526068,5.95,1215518,0.358752224,12.44,12808.5734,0.08410365,60461.0,-0.079,61208.0,0.103141018,16269.79,4436.8984,365.089,102.4,7087.326,0.015,0.74,126874.0,1541.884366,0.646,0.354,0.977828439,57746.0,96.91260146,8.3,3.7,734697.6,100.1,1.6,5.7,7.3,11.3,9.7,234.0,19.1850455,98.8,98.6,98.1,43.3,94.3,55.2,99.3,0.4,76.7,6.1,7.61,662.3,177.29,105.03,84.43,68.9,52.82,43.85,35.37,,"16,765",1517.954545,85.5056,"93,08","25,47",61.0,92.8,7804.909725,41.9,707.0,286.0,,,10311.0,,0.44784,,398451.0,28.2,,46080.0,229294.8
1739,2014-10-06,86.6257,20406.9,0.9,431.4,510.8,113.465,14.256,7.2,39.827,50.1591,92.79,-0.248418389,71016.7,0.012794871,6.46,6.68,1120.2,1418.15,123.39,246.57,17297538,0.001526068,5.95,1215518,0.358752224,12.44,12808.5734,0.08410365,60461.0,-0.079,61208.0,0.103141018,16269.79,4436.8984,365.089,102.4,7087.326,0.015,0.74,126874.0,1541.884366,0.646,0.354,0.977828439,57746.0,96.91260146,8.3,3.7,734697.6,100.1,1.6,5.7,7.3,11.3,9.7,234.0,19.1850455,98.8,98.6,98.1,43.3,94.3,55.2,99.3,0.4,76.7,6.1,7.61,662.3,177.29,105.03,84.43,68.9,52.82,43.85,35.37,,"16,765",1517.954545,85.5056,"93,08","25,47",61.0,92.8,7804.909725,41.9,707.0,286.0,,,10311.0,,0.44784,,398451.0,28.2,,46080.0,229294.8
1740,2014-10-07,86.6257,20406.9,0.9,431.4,510.8,113.465,14.256,7.2,39.9462,50.5396,92.11,-0.248418389,71016.7,0.012794871,6.46,6.68,1106.8,1403.48,123.38,247.86,17297538,0.001526068,5.95,1215518,0.358752224,12.44,12808.5734,0.08410365,60461.0,-0.079,61208.0,0.103141018,16269.79,4436.8984,365.089,102.4,7087.326,0.015,0.74,126874.0,1541.884366,0.646,0.354,0.977828439,57746.0,96.91260146,8.3,3.7,734697.6,100.1,1.6,5.7,7.3,11.3,9.7,234.0,19.1850455,98.8,98.6,98.1,43.3,94.3,55.2,99.3,0.4,76.7,6.1,7.61,662.3,177.29,105.03,84.43,68.9,52.82,43.85,35.37,,"16,765",1517.954545,85.5056,"93,08","25,47",61.0,92.8,7804.909725,41.9,707.0,286.0,,,10311.0,,0.44784,,398451.0,28.2,,46080.0,229294.8
1741,2014-10-08,86.6257,20406.9,0.9,431.4,510.8,113.465,14.256,7.2,40.1472,50.8973,91.38,-0.248418389,71016.7,0.012794871,6.46,6.68,1082.59,1379.76,122.95,247.86,17297538,0.001526068,5.95,1215518,0.358752224,12.44,12808.5734,0.08410365,60461.0,-0.079,61208.0,0.103141018,16269.79,4436.8984,365.089,102.4,7087.326,0.015,0.74,126874.0,1541.884366,0.646,0.354,0.977828439,57746.0,96.91260146,8.3,3.7,734697.6,100.1,1.6,5.7,7.3,11.3,9.7,234.0,19.1850455,98.8,98.6,98.1,43.3,94.3,55.2,99.3,0.4,76.7,6.1,7.61,662.3,177.29,105.03,84.43,68.9,52.82,43.85,35.37,,"16,765",1517.954545,85.5056,"93,08","25,47",61.0,92.8,7804.909725,41.9,707.0,286.0,,,10311.0,,0.44784,,398451.0,28.2,,46080.0,229294.8
1742,2014-10-09,86.6257,20406.9,0.9,431.4,510.8,113.465,14.256,7.2,40.1093,50.8859,90.05,-0.248418389,71016.7,0.012794871,6.46,6.68,1088.8,1384.33,122.9,248.52,17297538,0.001526068,5.95,1215518,0.358752224,12.44,12808.5734,0.08410365,60461.0,-0.079,61208.0,0.103141018,16269.79,4436.8984,365.089,102.4,7087.326,0.015,0.74,126874.0,1541.884366,0.646,0.354,0.977828439,57746.0,96.91260146,8.3,3.7,734697.6,100.1,1.6,5.7,7.3,11.3,9.7,234.0,19.1850455,98.8,98.6,98.1,43.3,94.3,55.2,99.3,0.4,76.7,6.1,7.61,662.3,177.29,105.03,84.43,68.9,52.82,43.85,35.37,,"16,765",1517.954545,85.5056,"93,08","25,47",61.0,92.8,7804.909725,41.9,707.0,286.0,,,10311.0,,0.44784,,398451.0,28.2,,46080.0,229294.8
1743,2014-10-10,86.6257,20406.9,0.9,431.4,510.8,113.465,14.256,7.2,40.3652,51.0172,90.21,-0.248418389,71016.7,0.012794871,6.46,6.68,1064.29,1364.24,122.32,248.86,17297538,0.001526068,5.95,1215518,0.358752224,12.44,12808.5734,0.08410365,60461.0,-0.079,61208.0,0.103141018,16269.79,4436.8984,365.089,102.4,7087.326,0.015,0.74,126874.0,1541.884366,0.646,0.354,0.977828439,57746.0,96.91260146,8.3,3.7,734697.6,100.1,1.6,5.7,7.3,11.3,9.7,234.0,19.1850455,98.8,98.6,98.1,43.3,94.3,55.2,99.3,0.4,76.7,6.1,7.61,662.3,177.29,105.03,84.43,68.9,52.82,43.85,35.37,,"16,765",1517.954545,85.5056,"93,08","25,47",61.0,92.8,7804.909725,41.9,707.0,286.0,,,10311.0,,0.44784,,398451.0,28.2,,46080.0,229294.8
1744,2014-10-11,86.6257,20406.9,0.9,431.4,510.8,113.465,14.256,7.2,40.3652,51.0172,90.21,-0.248418389,71016.7,0.012794871,6.46,6.68,1064.29,1364.24,122.32,246.02,17297538,0.001526068,5.95,1215518,0.358752224,12.44,12808.5734,0.08410365,60461.0,-0.079,61208.0,0.103141018,16269.79,4436.8984,365.089,102.4,7087.326,0.015,0.74,126874.0,1541.884366,0.646,0.354,0.977828439,57746.0,96.91260146,8.3,3.7,734697.6,100.1,1.6,5.7,7.3,11.3,9.7,234.0,19.1850455,98.8,98.6,98.1,43.3,94.3,55.2,99.3,0.4,76.7,6.1,7.61,662.3,177.29,105.03,84.43,68.9,52.82,43.85,35.37,,"16,765",1517.954545,85.5056,"93,08","25,47",61.0,92.8,7804.909725,41.9,707.0,286.0,,,10311.0,,0.44784,,398451.0,28.2,,46080.0,229294.8
1745,2014-10-12,86.6257,20406.9,0.9,431.4,510.8,113.465,14.256,7.2,40.3652,51.0172,90.21,-0.248418389,71016.7,0.012794871,6.46,6.68,1064.29,1364.24,122.32,242.85,17297538,0.001526068,5.95,1215518,0.358752224,12.44,12808.5734,0.08410365,60461.0,-0.079,61208.0,0.103141018,16269.79,4436.8984,365.089,102.4,7087.326,0.015,0.74,126874.0,1541.884366,0.646,0.354,0.977828439,57746.0,96.91260146,8.3,3.7,734697.6,100.1,1.6,5.7,7.3,11.3,9.7,234.0,19.1850455,98.8,98.6,98.1,43.3,94.3,55.2,99.3,0.4,76.7,6.1,7.61,662.3,177.29,105.03,84.43,68.9,52.82,43.85,35.37,,"16,765",1517.954545,85.5056,"93,08","25,47",61.0,92.8,7804.909725,41.9,707.0,286.0,,,10311.0,,0.44784,,398451.0,28.2,,46080.0,229294.8
1746,2014-10-13,86.6257,20406.9,0.9,431.4,510.8,113.465,14.256,7.2,40.5049,51.3036,88.89,-0.248418389,71016.7,0.012794871,6.46,6.68,1076.58,1383.93,122.61,248.61,17297538,0.001526068,5.95,1215518,0.358752224,12.44,12808.5734,0.08410365,60461.0,-0.079,61208.0,0.103141018,16269.79,4436.8984,365.089,102.4,7087.326,0.015,0.74,126874.0,1541.884366,0.646,0.354,0.977828439,57746.0,96.91260146,8.3,3.7,734697.6,100.1,1.6,5.7,7.3,11.3,9.7,234.0,19.1850455,98.8,98.6,98.1,43.3,94.3,55.2,99.3,0.4,76.7,6.1,7.61,662.3,177.29,105.03,84.43,68.9,52.82,43.85,35.37,,"16,765",1517.954545,85.5056,"93,08","25,47",61.0,92.8,7804.909725,41.9,707.0,286.0,,,10311.0,,0.44784,,398451.0,28.2,,46080.0,229294.8
1747,2014-10-14,86.6257,20406.9,0.9,431.4,510.8,113.465,14.256,7.2,40.8662,51.7365,85.04,-0.248418389,71016.7,0.012794871,6.46,6.68,1075.45,1394.16,122.01,248.64,17297538,0.001526068,5.95,1215518,0.358752224,12.44,12808.5734,0.08410365,60461.0,-0.079,61208.0,0.103141018,16269.79,4436.8984,365.089,102.4,7087.326,0.015,0.74,126874.0,1541.884366,0.646,0.354,0.977828439,57746.0,96.91260146,8.3,3.7,734697.6,100.1,1.6,5.7,7.3,11.3,9.7,234.0,19.1850455,98.8,98.6,98.1,43.3,94.3,55.2,99.3,0.4,76.7,6.1,7.61,662.3,177.29,105.03,84.43,68.9,52.82,43.85,35.37,,"16,765",1517.954545,85.5056,"93,08","25,47",61.0,92.8,7804.909725,41.9,707.0,286.0,,,10311.0,,0.44784,,398451.0,28.2,,46080.0,229294.8
1748,2014-10-15,86.6257,20406.9,0.9,431.4,510.8,113.465,14.256,7.2,40.6923,52.046,83.78,-0.248418389,71016.7,0.012794871,6.46,6.68,1067.05,1377.09,122.03,248.45,17297538,0.001526068,5.95,1215518,0.358752224,12.44,12808.5734,0.08410365,60461.0,-0.079,61208.0,0.103141018,16269.79,4436.8984,365.089,102.4,7087.326,0.015,0.74,126874.0,1541.884366,0.646,0.354,0.977828439,57746.0,96.91260146,8.3,3.7,734697.6,100.1,1.6,5.7,7.3,11.3,9.7,234.0,19.1850455,98.8,98.6,98.1,43.3,94.3,55.2,99.3,0.4,76.7,6.1,7.61,662.3,177.29,105.03,84.43,68.9,52.82,43.85,35.37,,"16,765",1517.954545,85.5056,"93,08","25,47",61.0,92.8,7804.909725,41.9,707.0,286.0,,,10311.0,,0.44784,,398451.0,28.2,,46080.0,229294.8
1749,2014-10-16,86.6257,20406.9,0.9,431.4,510.8,113.465,14.256,7.2,40.8626,52.4054,84.47,-0.248418389,71016.7,0.012794871,6.46,6.68,1045.23,1360.33,122.0,248.34,17297538,0.001526068,5.95,1215518,0.358752224,12.44,12808.5734,0.08410365,60461.0,-0.079,61208.0,0.103141018,16269.79,4436.8984,365.089,102.4,7087.326,0.015,0.74,126874.0,1541.884366,0.646,0.354,0.977828439,57746.0,96.91260146,8.3,3.7,734697.6,100.1,1.6,5.7,7.3,11.3,9.7,234.0,19.1850455,98.8,98.6,98.1,43.3,94.3,55.2,99.3,0.4,76.7,6.1,7.61,662.3,177.29,105.03,84.43,68.9,52.82,43.85,35.37,,"16,765",1517.954545,85.5056,"93,08","25,47",61.0,92.8,7804.909725,41.9,707.0,286.0,,,10311.0,,0.44784,,398451.0,28.2,,46080.0,229294.8
1750,2014-10-17,86.6257,20406.9,0.9,431.4,510.8,113.465,14.256,7.2,40.6456,51.9117,86.16,-0.248418389,71016.7,0.012794871,6.46,6.68,1072.94,1384.72,122.01,248.39,17297538,0.001526068,5.95,1215518,0.358752224,12.44,12808.5734,0.08410365,60461.0,-0.079,61208.0,0.103141018,16269.79,4436.8984,365.089,102.4,7087.326,0.015,0.74,126874.0,1541.884366,0.646,0.354,0.977828439,57746.0,96.91260146,8.3,3.7,734697.6,100.1,1.6,5.7,7.3,11.3,9.7,234.0,19.1850455,98.8,98.6,98.1,43.3,94.3,55.2,99.3,0.4,76.7,6.1,7.61,662.3,177.29,105.03,84.43,68.9,52.82,43.85,35.37,,"16,765",1517.954545,85.5056,"93,08","25,47",61.0,92.8,7804.909725,41.9,707.0,286.0,,,10311.0,,0.44784,,398451.0,28.2,,46080.0,229294.8
1751,2014-10-18,86.6257,20406.9,0.9,431.4,510.8,113.465,14.256,7.2,40.6456,51.9117,86.16,-0.248418389,71016.7,0.012794871,6.46,6.68,1072.94,1384.72,122.01,248.39,17297538,0.001526068,5.95,1215518,0.358752224,12.44,12808.5734,0.08410365,60461.0,-0.079,61208.0,0.103141018,16269.79,4436.8984,365.089,102.4,7087.326,0.015,0.74,126874.0,1541.884366,0.646,0.354,0.977828439,57746.0,96.91260146,8.3,3.7,734697.6,100.1,1.6,5.7,7.3,11.3,9.7,234.0,19.1850455,98.8,98.6,98.1,43.3,94.3,55.2,99.3,0.4,76.7,6.1,7.61,662.3,177.29,105.03,84.43,68.9,52.82,43.85,35.37,,"16,765",1517.954545,85.5056,"93,08","25,47",61.0,92.8,7804.909725,41.9,707.0,286.0,,,10311.0,,0.44784,,398451.0,28.2,,46080.0,229294.8
1752,2014-10-19,86.6257,20406.9,0.9,431.4,510.8,113.465,14.256,7.2,40.6456,51.9117,86.16,-0.248418389,71016.7,0.012794871,6.46,6.68,1072.94,1384.72,122.01,248.39,17297538,0.001526068,5.95,1215518,0.358752224,12.44,12808.5734,0.08410365,60461.0,-0.079,61208.0,0.103141018,16269.79,4436.8984,365.089,102.4,7087.326,0.015,0.74,126874.0,1541.884366,0.646,0.354,0.977828439,57746.0,96.91260146,8.3,3.7,734697.6,100.1,1.6,5.7,7.3,11.3,9.7,234.0,19.1850455,98.8,98.6,98.1,43.3,94.3,55.2,99.3,0.4,76.7,6.1,7.61,662.3,177.29,105.03,84.43,68.9,52.82,43.85,35.37,,"16,765",1517.954545,85.5056,"93,08","25,47",61.0,92.8,7804.909725,41.9,707.0,286.0,,,10311.0,,0.44784,,398451.0,28.2,,46080.0,229294.8
1753,2014-10-20,86.6257,20406.9,0.9,431.4,510.8,113.465,14.256,7.2,40.9616,52.4117,85.4,-0.248418389,71016.7,0.012794871,6.46,6.68,1056.71,1376.36,122.26,248.58,17297538,0.001526068,5.95,1215518,0.358752224,12.44,12808.5734,0.08410365,60461.0,-0.079,61208.0,0.103141018,16269.79,4436.8984,365.089,102.4,7087.326,0.015,0.74,126874.0,1541.884366,0.646,0.354,0.977828439,57746.0,96.91260146,8.3,3.7,734697.6,100.1,1.6,5.7,7.3,11.3,9.7,234.0,19.1850455,98.8,98.6,98.1,43.3,94.3,55.2,99.3,0.4,76.7,6.1,7.61,662.3,177.29,105.03,84.43,68.9,52.82,43.85,35.37,,"16,765",1517.954545,85.5056,"93,08","25,47",61.0,92.8,7804.909725,41.9,707.0,286.0,,,10311.0,,0.44784,,398451.0,28.2,,46080.0,229294.8
1754,2014-10-21,86.6257,20406.9,0.9,431.4,510.8,113.465,14.256,7.2,40.9098,52.0922,86.22,-0.248418389,71016.7,0.012794871,6.46,6.68,1063.86,1383.35,122.15,247.59,17297538,0.001526068,5.95,1215518,0.358752224,12.44,12808.5734,0.08410365,60461.0,-0.079,61208.0,0.103141018,16269.79,4436.8984,365.089,102.4,7087.326,0.015,0.74,126874.0,1541.884366,0.646,0.354,0.977828439,57746.0,96.91260146,8.3,3.7,734697.6,100.1,1.6,5.7,7.3,11.3,9.7,234.0,19.1850455,98.8,98.6,98.1,43.3,94.3,55.2,99.3,0.4,76.7,6.1,7.61,662.3,177.29,105.03,84.43,68.9,52.82,43.85,35.37,,"16,765",1517.954545,85.5056,"93,08","25,47",61.0,92.8,7804.909725,41.9,707.0,286.0,,,10311.0,,0.44784,,398451.0,28.2,,46080.0,229294.8
1755,2014-10-22,86.6257,20406.9,0.9,431.4,510.8,113.465,14.256,7.2,41.3462,52.3598,84.71,-0.248418389,71016.7,0.012794871,6.46,6.68,1047.47,1374.19,122.35,247.85,17297538,0.001526068,5.95,1215518,0.358752224,12.44,12808.5734,0.08410365,60461.0,-0.079,61208.0,0.103141018,16269.79,4436.8984,365.089,102.4,7087.326,0.015,0.74,126874.0,1541.884366,0.646,0.354,0.977828439,57746.0,96.91260146,8.3,3.7,734697.6,100.1,1.6,5.7,7.3,11.3,9.7,234.0,19.1850455,98.8,98.6,98.1,43.3,94.3,55.2,99.3,0.4,76.7,6.1,7.61,662.3,177.29,105.03,84.43,68.9,52.82,43.85,35.37,,"16,765",1517.954545,85.5056,"93,08","25,47",61.0,92.8,7804.909725,41.9,707.0,286.0,,,10311.0,,0.44784,,398451.0,28.2,,46080.0,229294.8
1756,2014-10-23,86.6257,20406.9,0.9,431.4,510.8,113.465,14.256,7.2,41.7281,52.7561,86.83,-0.248418389,71016.7,0.012794871,6.46,6.68,1035.91,1372.92,122.02,247.36,17297538,0.001526068,5.95,1215518,0.358752224,12.44,12808.5734,0.08410365,60461.0,-0.079,61208.0,0.103141018,16269.79,4436.8984,365.089,102.4,7087.326,0.015,0.74,126874.0,1541.884366,0.646,0.354,0.977828439,57746.0,96.91260146,8.3,3.7,734697.6,100.1,1.6,5.7,7.3,11.3,9.7,234.0,19.1850455,98.8,98.6,98.1,43.3,94.3,55.2,99.3,0.4,76.7,6.1,7.61,662.3,177.29,105.03,84.43,68.9,52.82,43.85,35.37,,"16,765",1517.954545,85.5056,"93,08","25,47",61.0,92.8,7804.909725,41.9,707.0,286.0,,,10311.0,,0.44784,,398451.0,28.2,,46080.0,229294.8
1757,2014-10-24,86.6257,20406.9,0.9,431.4,510.8,113.465,14.256,7.2,41.8085,52.933,86.13,-0.248418389,71016.7,0.012794871,6.46,6.68,1036.68,1380.39,121.85,247.74,17297538,0.001526068,5.95,1215518,0.358752224,12.44,12808.5734,0.08410365,60461.0,-0.079,61208.0,0.103141018,16269.79,4436.8984,365.089,102.4,7087.326,0.015,0.74,126874.0,1541.884366,0.646,0.354,0.977828439,57746.0,96.91260146,8.3,3.7,734697.6,100.1,1.6,5.7,7.3,11.3,9.7,234.0,19.1850455,98.8,98.6,98.1,43.3,94.3,55.2,99.3,0.4,76.7,6.1,7.61,662.3,177.29,105.03,84.43,68.9,52.82,43.85,35.37,,"16,765",1517.954545,85.5056,"93,08","25,47",61.0,92.8,7804.909725,41.9,707.0,286.0,,,10311.0,,0.44784,,398451.0,28.2,,46080.0,229294.8
1758,2014-10-25,86.6257,20406.9,0.9,431.4,510.8,113.465,14.256,7.2,41.8085,52.933,86.13,-0.248418389,71016.7,0.012794871,6.46,6.68,1036.68,1380.39,121.85,247.74,17297538,0.001526068,5.95,1215518,0.358752224,12.44,12808.5734,0.08410365,60461.0,-0.079,61208.0,0.103141018,16269.79,4436.8984,365.089,102.4,7087.326,0.015,0.74,126874.0,1541.884366,0.646,0.354,0.977828439,57746.0,96.91260146,8.3,3.7,734697.6,100.1,1.6,5.7,7.3,11.3,9.7,234.0,19.1850455,98.8,98.6,98.1,43.3,94.3,55.2,99.3,0.4,76.7,6.1,7.61,662.3,177.29,105.03,84.43,68.9,52.82,43.85,35.37,,"16,765",1517.954545,85.5056,"93,08","25,47",61.0,92.8,7804.909725,41.9,707.0,286.0,,,10311.0,,0.44784,,398451.0,28.2,,46080.0,229294.8
1759,2014-10-26,86.6257,20406.9,0.9,431.4,510.8,113.465,14.256,7.2,41.8085,52.933,86.13,-0.248418389,71016.7,0.012794871,6.46,6.68,1036.68,1380.39,121.85,247.74,17297538,0.001526068,5.95,1215518,0.358752224,12.44,12808.5734,0.08410365,60461.0,-0.079,61208.0,0.103141018,16269.79,4436.8984,365.089,102.4,7087.326,0.015,0.74,126874.0,1541.884366,0.646,0.354,0.977828439,57746.0,96.91260146,8.3,3.7,734697.6,100.1,1.6,5.7,7.3,11.3,9.7,234.0,19.1850455,98.8,98.6,98.1,43.3,94.3,55.2,99.3,0.4,76.7,6.1,7.61,662.3,177.29,105.03,84.43,68.9,52.82,43.85,35.37,,"16,765",1517.954545,85.5056,"93,08","25,47",61.0,92.8,7804.909725,41.9,707.0,286.0,,,10311.0,,0.44784,,398451.0,28.2,,46080.0,229294.8
1760,2014-10-27,86.6257,20406.9,0.9,431.4,510.8,113.465,14.256,7.2,42.2718,53.7388,85.83,-0.248418389,71016.7,0.012794871,6.46,6.68,1039.5,1394.27,121.81,247.79,17297538,0.001526068,5.95,1215518,0.358752224,12.44,12808.5734,0.08410365,60461.0,-0.079,61208.0,0.103141018,16269.79,4436.8984,365.089,102.4,7087.326,0.015,0.74,126874.0,1541.884366,0.646,0.354,0.977828439,57746.0,96.91260146,8.3,3.7,734697.6,100.1,1.6,5.7,7.3,11.3,9.7,234.0,19.1850455,98.8,98.6,98.1,43.3,94.3,55.2,99.3,0.4,76.7,6.1,7.61,662.3,177.29,105.03,84.43,68.9,52.82,43.85,35.37,,"16,765",1517.954545,85.5056,"93,08","25,47",61.0,92.8,7804.909725,41.9,707.0,286.0,,,10311.0,,0.44784,,398451.0,28.2,,46080.0,229294.8
1761,2014-10-28,86.6257,20406.9,0.9,431.4,510.8,113.465,14.256,7.2,42.4595,54.1091,86.03,-0.248418389,71016.7,0.012794871,6.46,6.68,1049.58,1415.51,121.45,247.09,17297538,0.001526068,5.95,1215518,0.358752224,12.44,12808.5734,0.08410365,60461.0,-0.079,61208.0,0.103141018,16269.79,4436.8984,365.089,102.4,7087.326,0.015,0.74,126874.0,1541.884366,0.646,0.354,0.977828439,57746.0,96.91260146,8.3,3.7,734697.6,100.1,1.6,5.7,7.3,11.3,9.7,234.0,19.1850455,98.8,98.6,98.1,43.3,94.3,55.2,99.3,0.4,76.7,6.1,7.61,662.3,177.29,105.03,84.43,68.9,52.82,43.85,35.37,,"16,765",1517.954545,85.5056,"93,08","25,47",61.0,92.8,7804.909725,41.9,707.0,286.0,,,10311.0,,0.44784,,398451.0,28.2,,46080.0,229294.8
1762,2014-10-29,86.6257,20406.9,0.9,431.4,510.8,113.465,14.256,7.2,42.8496,54.6631,87.12,-0.248418389,71016.7,0.012794871,6.46,6.68,1059.62,1439.58,121.04,246.95,17297538,0.001526068,5.95,1215518,0.358752224,12.44,12808.5734,0.08410365,60461.0,-0.079,61208.0,0.103141018,16269.79,4436.8984,365.089,102.4,7087.326,0.015,0.74,126874.0,1541.884366,0.646,0.354,0.977828439,57746.0,96.91260146,8.3,3.7,734697.6,100.1,1.6,5.7,7.3,11.3,9.7,234.0,19.1850455,98.8,98.6,98.1,43.3,94.3,55.2,99.3,0.4,76.7,6.1,7.61,662.3,177.29,105.03,84.43,68.9,52.82,43.85,35.37,,"16,765",1517.954545,85.5056,"93,08","25,47",61.0,92.8,7804.909725,41.9,707.0,286.0,,,10311.0,,0.44784,,398451.0,28.2,,46080.0,229294.8
1763,2014-10-30,86.6257,20406.9,0.9,431.4,510.8,113.465,14.256,7.2,41.502,52.3545,86.24,-0.248418389,71016.7,0.012794871,6.46,6.68,1098.68,1452.89,120.9,246.29,17297538,0.001526068,5.95,1215518,0.358752224,12.44,12808.5734,0.08410365,60461.0,-0.079,61208.0,0.103141018,16269.79,4436.8984,365.089,102.4,7087.326,0.015,0.74,126874.0,1541.884366,0.646,0.354,0.977828439,57746.0,96.91260146,8.3,3.7,734697.6,100.1,1.6,5.7,7.3,11.3,9.7,234.0,19.1850455,98.8,98.6,98.1,43.3,94.3,55.2,99.3,0.4,76.7,6.1,7.61,662.3,177.29,105.03,84.43,68.9,52.82,43.85,35.37,,"16,765",1517.954545,85.5056,"93,08","25,47",61.0,92.8,7804.909725,41.9,707.0,286.0,,,10311.0,,0.44784,,398451.0,28.2,,46080.0,229294.8
1764,2014-10-31,86.6257,20406.9,0.9,431.4,510.8,113.465,14.256,7.2,43.0095,53.911,85.86,-0.248418389,71016.7,0.012794871,6.46,6.68,1091.44,1488.47,121.22,246.56,17297538,0.001526068,5.95,1215518,0.358752224,12.44,12808.5734,0.08410365,60461.0,-0.079,61208.0,0.103141018,16269.79,4436.8984,365.089,102.4,7087.326,0.015,0.74,126874.0,1541.884366,0.646,0.354,0.977828439,57746.0,96.91260146,8.3,3.7,734697.6,100.1,1.6,5.7,7.3,11.3,9.7,234.0,19.1850455,98.8,98.6,98.1,43.3,94.3,55.2,99.3,0.4,76.7,6.1,7.61,662.3,177.29,105.03,84.43,68.9,52.82,43.85,35.37,,"16,765",1517.954545,85.5056,"93,08","25,47",61.0,92.8,7804.909725,41.9,707.0,286.0,,,10311.0,,0.44784,,398451.0,28.2,,46080.0,229294.8
1765,2014-11-01,78.9665,20406.9,0.9,434.9,512.5,113.465,16.54,7.2,43.0095,53.911,85.86,0.048361539,71016.7,0.012794871,6.46,6.68,1091.44,1488.47,121.22,246.56,17685383,0.022421977,6.23,1379684,0.340639223,12.85,12808.5734,0.08410365,62173.0,-0.079,61208.0,0.103141018,16648.7,4436.8984,365.089,102.4,7087.326,0.015,0.74,126874.0,1541.884366,0.646,0.354,0.977828439,57746.0,96.91260146,8.3,3.7,734697.6,100.1,1.6,5.7,7.3,11.3,9.7,234.0,19.1850455,98.8,98.6,98.1,43.3,94.3,55.2,99.3,0.4,76.7,6.1,7.61,662.3,162.0,101.75,83.47,61.88,53.21,43.23,34.3,,"16,765",1517.954545,85.5056,"93,08","25,47",61.0,92.8,7804.909725,41.9,707.0,286.0,,,10311.0,,0.44784,,398451.0,28.2,,46080.0,229294.8
1766,2014-11-02,78.9665,20406.9,0.9,434.9,512.5,113.465,16.54,7.2,43.0095,53.911,85.86,0.048361539,71016.7,0.012794871,6.46,6.68,1091.44,1488.47,121.22,245.39,17685383,0.022421977,6.23,1379684,0.340639223,12.85,12808.5734,0.08410365,62173.0,-0.079,61208.0,0.103141018,16648.7,4436.8984,365.089,102.4,7087.326,0.015,0.74,126874.0,1541.884366,0.646,0.354,0.977828439,57746.0,96.91260146,8.3,3.7,734697.6,100.1,1.6,5.7,7.3,11.3,9.7,234.0,19.1850455,98.8,98.6,98.1,43.3,94.3,55.2,99.3,0.4,76.7,6.1,7.61,662.3,162.0,101.75,83.47,61.88,53.21,43.23,34.3,,"16,765",1517.954545,85.5056,"93,08","25,47",61.0,92.8,7804.909725,41.9,707.0,286.0,,,10311.0,,0.44784,,398451.0,28.2,,46080.0,229294.8
1767,2014-11-03,78.9665,20406.9,0.9,434.9,512.5,113.465,16.54,7.2,43.4921,54.31,84.78,0.048361539,71016.7,0.012794871,6.46,6.68,1078.33,1491.19,121.04,243.64,17685383,0.022421977,6.23,1379684,0.340639223,12.85,12808.5734,0.08410365,62173.0,-0.079,61208.0,0.103141018,16648.7,4436.8984,365.089,102.4,7087.326,0.015,0.74,126874.0,1541.884366,0.646,0.354,0.977828439,57746.0,96.91260146,8.3,3.7,734697.6,100.1,1.6,5.7,7.3,11.3,9.7,234.0,19.1850455,98.8,98.6,98.1,43.3,94.3,55.2,99.3,0.4,76.7,6.1,7.61,662.3,162.0,101.75,83.47,61.88,53.21,43.23,34.3,,"16,765",1517.954545,85.5056,"93,08","25,47",61.0,92.8,7804.909725,41.9,707.0,286.0,,,10311.0,,0.44784,,398451.0,28.2,,46080.0,229294.8
1768,2014-11-04,78.9665,20406.9,0.9,434.9,512.5,113.465,16.54,7.2,43.71,54.8547,82.82,0.048361539,71016.7,0.012794871,6.46,6.68,1078.33,1491.19,121.04,243.44,17685383,0.022421977,6.23,1379684,0.340639223,12.85,12808.5734,0.08410365,62173.0,-0.079,61208.0,0.103141018,16648.7,4436.8984,365.089,102.4,7087.326,0.015,0.74,126874.0,1541.884366,0.646,0.354,0.977828439,57746.0,96.91260146,8.3,3.7,734697.6,100.1,1.6,5.7,7.3,11.3,9.7,234.0,19.1850455,98.8,98.6,98.1,43.3,94.3,55.2,99.3,0.4,76.7,6.1,7.61,662.3,162.0,101.75,83.47,61.88,53.21,43.23,34.3,,"16,765",1517.954545,85.5056,"93,08","25,47",61.0,92.8,7804.909725,41.9,707.0,286.0,,,10311.0,,0.44784,,398451.0,28.2,,46080.0,229294.8
1769,2014-11-05,78.9665,20406.9,0.9,434.9,512.5,113.465,16.54,7.2,44.8748,56.0319,82.95,0.048361539,71016.7,0.012794871,6.46,6.68,1054.45,1495.26,121.07,243.44,17685383,0.022421977,6.23,1379684,0.340639223,12.85,12808.5734,0.08410365,62173.0,-0.079,61208.0,0.103141018,16648.7,4436.8984,365.089,102.4,7087.326,0.015,0.74,126874.0,1541.884366,0.646,0.354,0.977828439,57746.0,96.91260146,8.3,3.7,734697.6,100.1,1.6,5.7,7.3,11.3,9.7,234.0,19.1850455,98.8,98.6,98.1,43.3,94.3,55.2,99.3,0.4,76.7,6.1,7.61,662.3,162.0,101.75,83.47,61.88,53.21,43.23,34.3,,"16,765",1517.954545,85.5056,"93,08","25,47",61.0,92.8,7804.909725,41.9,707.0,286.0,,,10311.0,,0.44784,,398451.0,28.2,,46080.0,229294.8
1770,2014-11-06,78.9665,20406.9,0.9,434.9,512.5,113.465,16.54,7.2,46.6076,57.847,82.86,0.048361539,71016.7,0.012794871,6.46,6.68,1017.28,1497.46,121.03,246.58,17685383,0.022421977,6.23,1379684,0.340639223,12.85,12808.5734,0.08410365,62173.0,-0.079,61208.0,0.103141018,16648.7,4436.8984,365.089,102.4,7087.326,0.015,0.74,126874.0,1541.884366,0.646,0.354,0.977828439,57746.0,96.91260146,8.3,3.7,734697.6,100.1,1.6,5.7,7.3,11.3,9.7,234.0,19.1850455,98.8,98.6,98.1,43.3,94.3,55.2,99.3,0.4,76.7,6.1,7.61,662.3,162.0,101.75,83.47,61.88,53.21,43.23,34.3,,"16,765",1517.954545,85.5056,"93,08","25,47",61.0,92.8,7804.909725,41.9,707.0,286.0,,,10311.0,,0.44784,,398451.0,28.2,,46080.0,229294.8
1771,2014-11-07,78.9665,20406.9,0.9,434.9,512.5,113.465,16.54,7.2,46.7232,58.0279,83.39,0.048361539,71016.7,0.012794871,6.46,6.68,1007.68,1497.11,120.59,248.27,17685383,0.022421977,6.23,1379684,0.340639223,12.85,12808.5734,0.08410365,62173.0,-0.079,61208.0,0.103141018,16648.7,4436.8984,365.089,102.4,7087.326,0.015,0.74,126874.0,1541.884366,0.646,0.354,0.977828439,57746.0,96.91260146,8.3,3.7,734697.6,100.1,1.6,5.7,7.3,11.3,9.7,234.0,19.1850455,98.8,98.6,98.1,43.3,94.3,55.2,99.3,0.4,76.7,6.1,7.61,662.3,162.0,101.75,83.47,61.88,53.21,43.23,34.3,,"16,765",1517.954545,85.5056,"93,08","25,47",61.0,92.8,7804.909725,41.9,707.0,286.0,,,10311.0,,0.44784,,398451.0,28.2,,46080.0,229294.8
1772,2014-11-08,78.9665,20406.9,0.9,434.9,512.5,113.465,16.54,7.2,46.7232,58.0279,83.39,0.048361539,71016.7,0.012794871,6.46,6.68,1007.68,1497.11,120.59,246.7,17685383,0.022421977,6.23,1379684,0.340639223,12.85,12808.5734,0.08410365,62173.0,-0.079,61208.0,0.103141018,16648.7,4436.8984,365.089,102.4,7087.326,0.015,0.74,126874.0,1541.884366,0.646,0.354,0.977828439,57746.0,96.91260146,8.3,3.7,734697.6,100.1,1.6,5.7,7.3,11.3,9.7,234.0,19.1850455,98.8,98.6,98.1,43.3,94.3,55.2,99.3,0.4,76.7,6.1,7.61,662.3,162.0,101.75,83.47,61.88,53.21,43.23,34.3,,"16,765",1517.954545,85.5056,"93,08","25,47",61.0,92.8,7804.909725,41.9,707.0,286.0,,,10311.0,,0.44784,,398451.0,28.2,,46080.0,229294.8
1773,2014-11-09,78.9665,20406.9,0.9,434.9,512.5,113.465,16.54,7.2,46.7232,58.0279,83.39,0.048361539,71016.7,0.012794871,6.46,6.68,1007.68,1497.11,120.59,248.44,17685383,0.022421977,6.23,1379684,0.340639223,12.85,12808.5734,0.08410365,62173.0,-0.079,61208.0,0.103141018,16648.7,4436.8984,365.089,102.4,7087.326,0.015,0.74,126874.0,1541.884366,0.646,0.354,0.977828439,57746.0,96.91260146,8.3,3.7,734697.6,100.1,1.6,5.7,7.3,11.3,9.7,234.0,19.1850455,98.8,98.6,98.1,43.3,94.3,55.2,99.3,0.4,76.7,6.1,7.61,662.3,162.0,101.75,83.47,61.88,53.21,43.23,34.3,,"16,765",1517.954545,85.5056,"93,08","25,47",61.0,92.8,7804.909725,41.9,707.0,286.0,,,10311.0,,0.44784,,398451.0,28.2,,46080.0,229294.8
1774,2014-11-10,78.9665,20406.9,0.9,434.9,512.5,113.465,16.54,7.2,45.6141,56.6736,82.34,0.048361539,71016.7,0.012794871,6.46,6.68,1045.51,1515.36,121.25,248.44,17685383,0.022421977,6.23,1379684,0.340639223,12.85,12808.5734,0.08410365,62173.0,-0.079,61208.0,0.103141018,16648.7,4436.8984,365.089,102.4,7087.326,0.015,0.74,126874.0,1541.884366,0.646,0.354,0.977828439,57746.0,96.91260146,8.3,3.7,734697.6,100.1,1.6,5.7,7.3,11.3,9.7,234.0,19.1850455,98.8,98.6,98.1,43.3,94.3,55.2,99.3,0.4,76.7,6.1,7.61,662.3,162.0,101.75,83.47,61.88,53.21,43.23,34.3,,"16,765",1517.954545,85.5056,"93,08","25,47",61.0,92.8,7804.909725,41.9,707.0,286.0,,,10311.0,,0.44784,,398451.0,28.2,,46080.0,229294.8
1775,2014-11-11,78.9665,20406.9,0.9,434.9,512.5,113.465,16.54,7.2,46.6916,58.1385,81.67,0.048361539,71016.7,0.012794871,6.46,6.68,1028.95,1514.78,120.78,245.73,17685383,0.022421977,6.23,1379684,0.340639223,12.85,12808.5734,0.08410365,62173.0,-0.079,61208.0,0.103141018,16648.7,4436.8984,365.089,102.4,7087.326,0.015,0.74,126874.0,1541.884366,0.646,0.354,0.977828439,57746.0,96.91260146,8.3,3.7,734697.6,100.1,1.6,5.7,7.3,11.3,9.7,234.0,19.1850455,98.8,98.6,98.1,43.3,94.3,55.2,99.3,0.4,76.7,6.1,7.61,662.3,162.0,101.75,83.47,61.88,53.21,43.23,34.3,,"16,765",1517.954545,85.5056,"93,08","25,47",61.0,92.8,7804.909725,41.9,707.0,286.0,,,10311.0,,0.44784,,398451.0,28.2,,46080.0,229294.8
1776,2014-11-12,78.9665,20406.9,0.9,434.9,512.5,113.465,16.54,7.2,45.5898,56.782,80.38,0.048361539,71016.7,0.012794871,6.46,6.68,1045.09,1513.83,120.58,242.49,17685383,0.022421977,6.23,1379684,0.340639223,12.85,12808.5734,0.08410365,62173.0,-0.079,61208.0,0.103141018,16648.7,4436.8984,365.089,102.4,7087.326,0.015,0.74,126874.0,1541.884366,0.646,0.354,0.977828439,57746.0,96.91260146,8.3,3.7,734697.6,100.1,1.6,5.7,7.3,11.3,9.7,234.0,19.1850455,98.8,98.6,98.1,43.3,94.3,55.2,99.3,0.4,76.7,6.1,7.61,662.3,162.0,101.75,83.47,61.88,53.21,43.23,34.3,,"16,765",1517.954545,85.5056,"93,08","25,47",61.0,92.8,7804.909725,41.9,707.0,286.0,,,10311.0,,0.44784,,398451.0,28.2,,46080.0,229294.8
1777,2014-11-13,78.9665,20406.9,0.9,434.9,512.5,113.465,16.54,7.2,46.5411,58.0678,77.92,0.048361539,71016.7,0.012794871,6.46,6.68,1012.16,1492.27,120.52,245.95,17685383,0.022421977,6.23,1379684,0.340639223,12.85,12808.5734,0.08410365,62173.0,-0.079,61208.0,0.103141018,16648.7,4436.8984,365.089,102.4,7087.326,0.015,0.74,126874.0,1541.884366,0.646,0.354,0.977828439,57746.0,96.91260146,8.3,3.7,734697.6,100.1,1.6,5.7,7.3,11.3,9.7,234.0,19.1850455,98.8,98.6,98.1,43.3,94.3,55.2,99.3,0.4,76.7,6.1,7.61,662.3,162.0,101.75,83.47,61.88,53.21,43.23,34.3,,"16,765",1517.954545,85.5056,"93,08","25,47",61.0,92.8,7804.909725,41.9,707.0,286.0,,,10311.0,,0.44784,,398451.0,28.2,,46080.0,229294.8
1778,2014-11-14,78.9665,20406.9,0.9,434.9,512.5,113.465,16.54,7.2,47.311,59.103,79.41,0.048361539,71016.7,0.012794871,6.46,6.68,1000.42,1500.76,120.02,245.4,17685383,0.022421977,6.23,1379684,0.340639223,12.85,12808.5734,0.08410365,62173.0,-0.079,61208.0,0.103141018,16648.7,4436.8984,365.089,102.4,7087.326,0.015,0.74,126874.0,1541.884366,0.646,0.354,0.977828439,57746.0,96.91260146,8.3,3.7,734697.6,100.1,1.6,5.7,7.3,11.3,9.7,234.0,19.1850455,98.8,98.6,98.1,43.3,94.3,55.2,99.3,0.4,76.7,6.1,7.61,662.3,162.0,101.75,83.47,61.88,53.21,43.23,34.3,,"16,765",1517.954545,85.5056,"93,08","25,47",61.0,92.8,7804.909725,41.9,707.0,286.0,,,10311.0,,0.44784,,398451.0,28.2,,46080.0,229294.8
1779,2014-11-15,78.9665,20406.9,0.9,434.9,512.5,113.465,16.54,7.2,47.311,59.103,79.41,0.048361539,71016.7,0.012794871,6.46,6.68,1000.42,1500.76,120.02,245.4,17685383,0.022421977,6.23,1379684,0.340639223,12.85,12808.5734,0.08410365,62173.0,-0.079,61208.0,0.103141018,16648.7,4436.8984,365.089,102.4,7087.326,0.015,0.74,126874.0,1541.884366,0.646,0.354,0.977828439,57746.0,96.91260146,8.3,3.7,734697.6,100.1,1.6,5.7,7.3,11.3,9.7,234.0,19.1850455,98.8,98.6,98.1,43.3,94.3,55.2,99.3,0.4,76.7,6.1,7.61,662.3,162.0,101.75,83.47,61.88,53.21,43.23,34.3,,"16,765",1517.954545,85.5056,"93,08","25,47",61.0,92.8,7804.909725,41.9,707.0,286.0,,,10311.0,,0.44784,,398451.0,28.2,,46080.0,229294.8
1780,2014-11-16,78.9665,20406.9,0.9,434.9,512.5,113.465,16.54,7.2,47.311,59.103,79.41,0.048361539,71016.7,0.012794871,6.46,6.68,1000.42,1500.76,120.02,245.4,17685383,0.022421977,6.23,1379684,0.340639223,12.85,12808.5734,0.08410365,62173.0,-0.079,61208.0,0.103141018,16648.7,4436.8984,365.089,102.4,7087.326,0.015,0.74,126874.0,1541.884366,0.646,0.354,0.977828439,57746.0,96.91260146,8.3,3.7,734697.6,100.1,1.6,5.7,7.3,11.3,9.7,234.0,19.1850455,98.8,98.6,98.1,43.3,94.3,55.2,99.3,0.4,76.7,6.1,7.61,662.3,162.0,101.75,83.47,61.88,53.21,43.23,34.3,,"16,765",1517.954545,85.5056,"93,08","25,47",61.0,92.8,7804.909725,41.9,707.0,286.0,,,10311.0,,0.44784,,398451.0,28.2,,46080.0,229294.8
1781,2014-11-17,78.9665,20406.9,0.9,434.9,512.5,113.465,16.54,7.2,47.2,58.7411,79.31,0.048361539,71016.7,0.012794871,6.46,6.68,1004.13,1507.1,120.0,245.71,17685383,0.022421977,6.23,1379684,0.340639223,12.85,12808.5734,0.08410365,62173.0,-0.079,61208.0,0.103141018,16648.7,4436.8984,365.089,102.4,7087.326,0.015,0.74,126874.0,1541.884366,0.646,0.354,0.977828439,57746.0,96.91260146,8.3,3.7,734697.6,100.1,1.6,5.7,7.3,11.3,9.7,234.0,19.1850455,98.8,98.6,98.1,43.3,94.3,55.2,99.3,0.4,76.7,6.1,7.61,662.3,162.0,101.75,83.47,61.88,53.21,43.23,34.3,,"16,765",1517.954545,85.5056,"93,08","25,47",61.0,92.8,7804.909725,41.9,707.0,286.0,,,10311.0,,0.44784,,398451.0,28.2,,46080.0,229294.8
1782,2014-11-18,78.9665,20406.9,0.9,434.9,512.5,113.465,16.54,7.2,46.8545,58.7205,78.47,0.048361539,71016.7,0.012794871,6.46,6.68,1020.77,1519.61,119.78,245.13,17685383,0.022421977,6.23,1379684,0.340639223,12.85,12808.5734,0.08410365,62173.0,-0.079,61208.0,0.103141018,16648.7,4436.8984,365.089,102.4,7087.326,0.015,0.74,126874.0,1541.884366,0.646,0.354,0.977828439,57746.0,96.91260146,8.3,3.7,734697.6,100.1,1.6,5.7,7.3,11.3,9.7,234.0,19.1850455,98.8,98.6,98.1,43.3,94.3,55.2,99.3,0.4,76.7,6.1,7.61,662.3,162.0,101.75,83.47,61.88,53.21,43.23,34.3,,"16,765",1517.954545,85.5056,"93,08","25,47",61.0,92.8,7804.909725,41.9,707.0,286.0,,,10311.0,,0.44784,,398451.0,28.2,,46080.0,229294.8
1783,2014-11-19,78.9665,20406.9,0.9,434.9,512.5,113.465,16.54,7.2,46.7306,58.6433,78.1,0.048361539,71016.7,0.012794871,6.46,6.68,1021.17,1517.97,119.68,245.13,17685383,0.022421977,6.23,1379684,0.340639223,12.85,12808.5734,0.08410365,62173.0,-0.079,61208.0,0.103141018,16648.7,4436.8984,365.089,102.4,7087.326,0.015,0.74,126874.0,1541.884366,0.646,0.354,0.977828439,57746.0,96.91260146,8.3,3.7,734697.6,100.1,1.6,5.7,7.3,11.3,9.7,234.0,19.1850455,98.8,98.6,98.1,43.3,94.3,55.2,99.3,0.4,76.7,6.1,7.61,662.3,162.0,101.75,83.47,61.88,53.21,43.23,34.3,,"16,765",1517.954545,85.5056,"93,08","25,47",61.0,92.8,7804.909725,41.9,707.0,286.0,,,10311.0,,0.44784,,398451.0,28.2,,46080.0,229294.8
1784,2014-11-20,78.9665,20406.9,0.9,434.9,512.5,113.465,16.54,7.2,46.2862,57.9679,79.33,0.048361539,71016.7,0.012794871,6.46,6.68,1040.36,1530.4,119.75,245.08,17685383,0.022421977,6.23,1379684,0.340639223,12.85,12808.5734,0.08410365,62173.0,-0.079,61208.0,0.103141018,16648.7,4436.8984,365.089,102.4,7087.326,0.015,0.74,126874.0,1541.884366,0.646,0.354,0.977828439,57746.0,96.91260146,8.3,3.7,734697.6,100.1,1.6,5.7,7.3,11.3,9.7,234.0,19.1850455,98.8,98.6,98.1,43.3,94.3,55.2,99.3,0.4,76.7,6.1,7.61,662.3,162.0,101.75,83.47,61.88,53.21,43.23,34.3,,"16,765",1517.954545,85.5056,"93,08","25,47",61.0,92.8,7804.909725,41.9,707.0,286.0,,,10311.0,,0.44784,,398451.0,28.2,,46080.0,229294.8
1785,2014-11-21,78.9665,20406.9,0.9,434.9,512.5,113.465,16.54,7.2,45.8345,56.8037,80.36,0.048361539,71016.7,0.012794871,6.46,6.68,1058.8,1538.93,120.07,245.17,17685383,0.022421977,6.23,1379684,0.340639223,12.85,12808.5734,0.08410365,62173.0,-0.079,61208.0,0.103141018,16648.7,4436.8984,365.089,102.4,7087.326,0.015,0.74,126874.0,1541.884366,0.646,0.354,0.977828439,57746.0,96.91260146,8.3,3.7,734697.6,100.1,1.6,5.7,7.3,11.3,9.7,234.0,19.1850455,98.8,98.6,98.1,43.3,94.3,55.2,99.3,0.4,76.7,6.1,7.61,662.3,162.0,101.75,83.47,61.88,53.21,43.23,34.3,,"16,765",1517.954545,85.5056,"93,08","25,47",61.0,92.8,7804.909725,41.9,707.0,286.0,,,10311.0,,0.44784,,398451.0,28.2,,46080.0,229294.8
1786,2014-11-22,78.9665,20406.9,0.9,434.9,512.5,113.465,16.54,7.2,45.8345,56.8037,80.36,0.048361539,71016.7,0.012794871,6.46,6.68,1058.8,1538.93,120.07,245.17,17685383,0.022421977,6.23,1379684,0.340639223,12.85,12808.5734,0.08410365,62173.0,-0.079,61208.0,0.103141018,16648.7,4436.8984,365.089,102.4,7087.326,0.015,0.74,126874.0,1541.884366,0.646,0.354,0.977828439,57746.0,96.91260146,8.3,3.7,734697.6,100.1,1.6,5.7,7.3,11.3,9.7,234.0,19.1850455,98.8,98.6,98.1,43.3,94.3,55.2,99.3,0.4,76.7,6.1,7.61,662.3,162.0,101.75,83.47,61.88,53.21,43.23,34.3,,"16,765",1517.954545,85.5056,"93,08","25,47",61.0,92.8,7804.909725,41.9,707.0,286.0,,,10311.0,,0.44784,,398451.0,28.2,,46080.0,229294.8
1787,2014-11-23,78.9665,20406.9,0.9,434.9,512.5,113.465,16.54,7.2,45.8345,56.8037,80.36,0.048361539,71016.7,0.012794871,6.46,6.68,1058.8,1538.93,120.07,245.17,17685383,0.022421977,6.23,1379684,0.340639223,12.85,12808.5734,0.08410365,62173.0,-0.079,61208.0,0.103141018,16648.7,4436.8984,365.089,102.4,7087.326,0.015,0.74,126874.0,1541.884366,0.646,0.354,0.977828439,57746.0,96.91260146,8.3,3.7,734697.6,100.1,1.6,5.7,7.3,11.3,9.7,234.0,19.1850455,98.8,98.6,98.1,43.3,94.3,55.2,99.3,0.4,76.7,6.1,7.61,662.3,162.0,101.75,83.47,61.88,53.21,43.23,34.3,,"16,765",1517.954545,85.5056,"93,08","25,47",61.0,92.8,7804.909725,41.9,707.0,286.0,,,10311.0,,0.44784,,398451.0,28.2,,46080.0,229294.8
1788,2014-11-24,78.9665,20406.9,0.9,434.9,512.5,113.465,16.54,7.2,44.8364,55.718,79.68,0.048361539,71016.7,0.012794871,6.46,6.68,1076.16,1529.54,120.42,245.45,17685383,0.022421977,6.23,1379684,0.340639223,12.85,12808.5734,0.08410365,62173.0,-0.079,61208.0,0.103141018,16648.7,4436.8984,365.089,102.4,7087.326,0.015,0.74,126874.0,1541.884366,0.646,0.354,0.977828439,57746.0,96.91260146,8.3,3.7,734697.6,100.1,1.6,5.7,7.3,11.3,9.7,234.0,19.1850455,98.8,98.6,98.1,43.3,94.3,55.2,99.3,0.4,76.7,6.1,7.61,662.3,162.0,101.75,83.47,61.88,53.21,43.23,34.3,,"16,765",1517.954545,85.5056,"93,08","25,47",61.0,92.8,7804.909725,41.9,707.0,286.0,,,10311.0,,0.44784,,398451.0,28.2,,46080.0,229294.8
1789,2014-11-25,78.9665,20406.9,0.9,434.9,512.5,113.465,16.54,7.2,46.0441,57.417,78.33,0.048361539,71016.7,0.012794871,6.46,6.68,1054.38,1529.57,119.72,244.82,17685383,0.022421977,6.23,1379684,0.340639223,12.85,12808.5734,0.08410365,62173.0,-0.079,61208.0,0.103141018,16648.7,4436.8984,365.089,102.4,7087.326,0.015,0.74,126874.0,1541.884366,0.646,0.354,0.977828439,57746.0,96.91260146,8.3,3.7,734697.6,100.1,1.6,5.7,7.3,11.3,9.7,234.0,19.1850455,98.8,98.6,98.1,43.3,94.3,55.2,99.3,0.4,76.7,6.1,7.61,662.3,162.0,101.75,83.47,61.88,53.21,43.23,34.3,,"16,765",1517.954545,85.5056,"93,08","25,47",61.0,92.8,7804.909725,41.9,707.0,286.0,,,10311.0,,0.44784,,398451.0,28.2,,46080.0,229294.8
1790,2014-11-26,78.9665,20406.9,0.9,434.9,512.5,113.465,16.54,7.2,47.0581,58.8323,77.75,0.048361539,71016.7,0.012794871,6.46,6.68,1027.61,1537.43,119.4,244.98,17685383,0.022421977,6.23,1379684,0.340639223,12.85,12808.5734,0.08410365,62173.0,-0.079,61208.0,0.103141018,16648.7,4436.8984,365.089,102.4,7087.326,0.015,0.74,126874.0,1541.884366,0.646,0.354,0.977828439,57746.0,96.91260146,8.3,3.7,734697.6,100.1,1.6,5.7,7.3,11.3,9.7,234.0,19.1850455,98.8,98.6,98.1,43.3,94.3,55.2,99.3,0.4,76.7,6.1,7.61,662.3,162.0,101.75,83.47,61.88,53.21,43.23,34.3,,"16,765",1517.954545,85.5056,"93,08","25,47",61.0,92.8,7804.909725,41.9,707.0,286.0,,,10311.0,,0.44784,,398451.0,28.2,,46080.0,229294.8
1791,2014-11-27,78.9665,20406.9,0.9,434.9,512.5,113.465,16.54,7.2,48.5826,60.5983,72.58,0.048361539,71016.7,0.012794871,6.46,6.68,1006.43,1531.69,119.34,245.03,17685383,0.022421977,6.23,1379684,0.340639223,12.85,12808.5734,0.08410365,62173.0,-0.079,61208.0,0.103141018,16648.7,4436.8984,365.089,102.4,7087.326,0.015,0.74,126874.0,1541.884366,0.646,0.354,0.977828439,57746.0,96.91260146,8.3,3.7,734697.6,100.1,1.6,5.7,7.3,11.3,9.7,234.0,19.1850455,98.8,98.6,98.1,43.3,94.3,55.2,99.3,0.4,76.7,6.1,7.61,662.3,162.0,101.75,83.47,61.88,53.21,43.23,34.3,,"16,765",1517.954545,85.5056,"93,08","25,47",61.0,92.8,7804.909725,41.9,707.0,286.0,,,10311.0,,0.44784,,398451.0,28.2,,46080.0,229294.8
